rank,lemma,pos,cefr_level,frequency,n_official,n_fam,n_syn,n_ant,n_other,n_senses,has_dbnary,n_cand_morphology,n_cand_spelling,n_cand_phonetic,bucket,flags,in_core,suggested_action,gloss_zh
1,travers,NOM,B1,129.7233,0,0,0,0,0,7,1,2,2,2,P1_no_official,P1_no_official|P3_bridge|P4_confusable,1,先查 Démonette 直接词族与 DBnary 明示近/反义，再人工补第一条正式关系,
2,lors,ADV,B1,126.3132,0,0,0,0,0,2,1,0,2,3,P1_no_official,P1_no_official|P4_confusable,1,先查 Démonette 直接词族与 DBnary 明示近/反义，再人工补第一条正式关系,
3,politique,NOM,B1,103.73,0,0,0,0,0,8,1,0,3,2,P1_no_official,P1_no_official|P3_bridge|P4_confusable,1,先查 Démonette 直接词族与 DBnary 明示近/反义，再人工补第一条正式关系,国事；政事
4,poche,NOM,B1,89.2665,0,0,0,0,0,33,1,0,1,1,P1_no_official,P1_no_official|P3_bridge|P4_confusable,1,先查 Démonette 直接词族与 DBnary 明示近/反义，再人工补第一条正式关系,口袋；囊袋
5,phénomène,NOM,B1,87.0445,0,0,0,0,0,6,1,0,2,0,P1_no_official,P1_no_official|P3_bridge|P4_confusable,1,先查 Démonette 直接词族与 DBnary 明示近/反义，再人工补第一条正式关系,怪人；怪圈
6,que,ADV,B1,83.0147,0,0,0,0,0,3,1,0,3,1,P1_no_official,P1_no_official|P4_confusable,1,先查 Démonette 直接词族与 DBnary 明示近/反义，再人工补第一条正式关系,什么；哪一个
7,franc,NOM,B1,71.0135,0,0,0,0,0,4,1,2,3,3,P1_no_official,P1_no_official|P3_bridge|P4_confusable,1,先查 Démonette 直接词族与 DBnary 明示近/反义，再人工补第一条正式关系,坦率；坦白
8,oser,VER,B1,65.9304,0,0,0,0,0,4,1,0,2,0,P1_no_official,P1_no_official|P3_bridge|P4_confusable,1,先查 Démonette 直接词族与 DBnary 明示近/反义，再人工补第一条正式关系,勇于；敢于
9,debout,ADV,B1,51.5666,0,0,0,0,0,7,1,1,1,2,P1_no_official,P1_no_official|P3_bridge|P4_confusable,1,先查 Démonette 直接词族与 DBnary 明示近/反义，再人工补第一条正式关系,直立；站立
10,sein,NOM,B1,49.7018,0,0,0,0,0,0,0,0,2,3,P1_no_official,P1_no_official|P4_confusable,1,先查 Démonette 直接词族与 DBnary 明示近/反义，再人工补第一条正式关系,乳房；前胸
11,acteur,NOM,B1,48.306,0,0,0,0,0,3,1,1,2,3,P1_no_official,P1_no_official|P4_confusable,1,先查 Démonette 直接词族与 DBnary 明示近/反义，再人工补第一条正式关系,戏子；演员
12,minuit,NOM,B1,48.1812,0,0,0,0,0,1,1,0,1,1,P1_no_official,P1_no_official|P4_confusable,1,先查 Démonette 直接词族与 DBnary 明示近/反义，再人工补第一条正式关系,午夜；半夜
13,dizaine,NOM,B1,47.1525,0,0,0,0,0,3,1,1,1,1,P1_no_official,P1_no_official|P4_confusable,1,先查 Démonette 直接词族与 DBnary 明示近/反义，再人工补第一条正式关系,
14,millier,NOM,B1,45.74,0,0,0,0,0,3,1,0,3,3,P1_no_official,P1_no_official|P4_confusable,1,先查 Démonette 直接词族与 DBnary 明示近/反义，再人工补第一条正式关系,
15,avocat,NOM,B1,41.4813,0,0,0,0,0,4,1,0,0,0,P1_no_official,P1_no_official|P3_bridge,1,先查 Démonette 直接词族与 DBnary 明示近/反义，再人工补第一条正式关系,事务律师；律师
16,lèvre,NOM,B1,38.239,0,0,0,0,0,5,1,0,1,0,P1_no_official,P1_no_official|P3_bridge|P4_confusable,1,先查 Démonette 直接词族与 DBnary 明示近/反义，再人工补第一条正式关系,嘴唇
17,tiers,NOM,B1,37.6541,0,0,0,0,0,6,1,0,1,1,P1_no_official,P1_no_official|P3_bridge|P4_confusable,1,先查 Démonette 直接词族与 DBnary 明示近/反义，再人工补第一条正式关系,第三方；第三者
18,chemise,NOM,B1,35.0117,0,0,0,0,0,7,1,0,2,3,P1_no_official,P1_no_official|P3_bridge|P4_confusable,1,先查 Démonette 直接词族与 DBnary 明示近/反义，再人工补第一条正式关系,上身；外壳
19,milliard,NOM,B1,32.6271,0,0,0,0,0,4,1,0,1,0,P1_no_official,P1_no_official|P3_bridge|P4_confusable,1,先查 Démonette 直接词族与 DBnary 明示近/反义，再人工补第一条正式关系,十亿
20,répandre,VER,B1,32.0657,0,0,0,0,0,5,1,2,0,1,P1_no_official,P1_no_official|P3_bridge|P4_confusable,1,先查 Démonette 直接词族与 DBnary 明示近/反义，再人工补第一条正式关系,传播；倾注
21,bouton,NOM,B1,31.4631,0,0,0,0,0,14,1,1,1,2,P1_no_official,P1_no_official|P3_bridge|P4_confusable,1,先查 Démonette 直接词族与 DBnary 明示近/反义，再人工补第一条正式关系,扣子；按钮
22,courrier,NOM,B1,28.3274,0,0,0,0,0,8,1,1,0,3,P1_no_official,P1_no_official|P3_bridge|P4_confusable,1,先查 Démonette 直接词族与 DBnary 明示近/反义，再人工补第一条正式关系,专递；信件
23,bal,NOM,B2,27.2186,0,0,0,0,0,4,1,1,3,3,P1_no_official,P1_no_official|P3_bridge|P4_confusable|P5_b2c1_synset,1,先查 Démonette 直接词族与 DBnary 明示近/反义，再人工补第一条正式关系,舞会
24,assiette,NOM,B1,27.1998,0,0,0,0,0,14,1,3,0,0,P1_no_official,P1_no_official|P3_bridge,1,先查 Démonette 直接词族与 DBnary 明示近/反义，再人工补第一条正式关系,盘子
25,ressource,NOM,B1,23.5062,0,0,0,0,0,6,1,1,3,1,P1_no_official,P1_no_official|P3_bridge|P4_confusable,1,先查 Démonette 直接词族与 DBnary 明示近/反义，再人工补第一条正式关系,财源；资源
26,trentaine,NOM,B1,22.4011,0,0,0,0,0,3,1,1,3,3,P1_no_official,P1_no_official|P4_confusable,1,先查 Démonette 直接词族与 DBnary 明示近/反义，再人工补第一条正式关系,
27,guère,ADV,B2,22.0576,0,0,0,0,0,6,1,0,3,3,P1_no_official,P1_no_official|P3_bridge|P4_confusable|P5_b2c1_synset,1,先查 Démonette 直接词族与 DBnary 明示近/反义，再人工补第一条正式关系,很少
28,cellule,NOM,B2,21.8762,0,0,0,0,0,21,1,0,0,0,P1_no_official,P1_no_official|P3_bridge|P5_b2c1_synset,1,先查 Démonette 直接词族与 DBnary 明示近/反义，再人工补第一条正式关系,单元格；密室
29,doter,VER,B2,21.5596,0,0,0,0,0,5,1,0,1,1,P1_no_official,P1_no_official|P3_bridge|P4_confusable|P5_b2c1_synset,1,先查 Démonette 直接词族与 DBnary 明示近/反义，再人工补第一条正式关系,
30,trottoir,NOM,B1,20.7684,0,0,0,0,0,4,1,1,1,2,P1_no_official,P1_no_official|P3_bridge|P4_confusable,1,先查 Démonette 直接词族与 DBnary 明示近/反义，再人工补第一条正式关系,人行道
31,là-haut,ADV,B1,19.6661,0,0,0,0,0,3,1,2,2,1,P1_no_official,P1_no_official|P4_confusable,1,先查 Démonette 直接词族与 DBnary 明示近/反义，再人工补第一条正式关系,上面
32,égard,NOM,B2,19.3305,0,0,0,0,0,4,1,1,2,1,P1_no_official,P1_no_official|P3_bridge|P4_confusable|P5_b2c1_synset,1,先查 Démonette 直接词族与 DBnary 明示近/反义，再人工补第一条正式关系,方面
33,miroir,NOM,B1,18.9721,0,0,0,0,0,13,1,1,0,1,P1_no_official,P1_no_official|P3_bridge|P4_confusable,1,先查 Démonette 直接词族与 DBnary 明示近/反义，再人工补第一条正式关系,镜子
34,caméra,NOM,B1,18.9237,0,0,0,0,0,4,1,0,0,0,P1_no_official,P1_no_official|P3_bridge,1,先查 Démonette 直接词族与 DBnary 明示近/反义，再人工补第一条正式关系,摄像机；摄影机
35,supplémentaire,ADJ,B1,18.4294,0,0,0,0,0,3,1,1,3,3,P1_no_official,P1_no_official|P4_confusable,1,先查 Démonette 直接词族与 DBnary 明示近/反义，再人工补第一条正式关系,另外；新增
36,vingtaine,NOM,B1,18.3334,0,0,0,0,0,4,1,0,0,0,P1_no_official,P1_no_official|P3_bridge,1,先查 Démonette 直接词族与 DBnary 明示近/反义，再人工补第一条正式关系,
37,grippe,NOM,B1,18.3246,0,0,0,0,0,5,1,0,0,1,P1_no_official,P1_no_official|P3_bridge|P4_confusable,1,先查 Démonette 直接词族与 DBnary 明示近/反义，再人工补第一条正式关系,流感
38,décennie,NOM,B2,18.0037,0,0,0,0,0,1,1,1,1,0,P1_no_official,P1_no_official|P4_confusable|P5_b2c1_synset,1,先查 Démonette 直接词族与 DBnary 明示近/反义，再人工补第一条正式关系,年代
39,goutte,NOM,B1,17.8199,0,0,0,0,0,12,1,0,3,2,P1_no_official,P1_no_official|P3_bridge|P4_confusable,1,先查 Démonette 直接词族与 DBnary 明示近/反义，再人工补第一条正式关系,打兰；滴水
40,ours,NOM,B1,16.8837,0,0,0,0,0,10,1,0,2,1,P1_no_official,P1_no_official|P3_bridge|P4_confusable,1,先查 Démonette 直接词族与 DBnary 明示近/反义，再人工补第一条正式关系,熊；魋
41,ange,NOM,B1,16.7855,0,0,0,0,0,9,1,0,0,3,P1_no_official,P1_no_official|P3_bridge|P4_confusable,1,先查 Démonette 直接词族与 DBnary 明示近/反义，再人工补第一条正式关系,兴高采烈；天使
42,enterrer,VER,B1,15.8427,0,0,0,0,0,9,1,1,1,2,P1_no_official,P1_no_official|P3_bridge|P4_confusable,1,先查 Démonette 直接词族与 DBnary 明示近/反义，再人工补第一条正式关系,埋葬；埋藏
43,lion,NOM,B1,15.4952,0,0,0,0,0,2,1,1,0,2,P1_no_official,P1_no_official|P4_confusable,1,先查 Démonette 直接词族与 DBnary 明示近/反义，再人工补第一条正式关系,狮子；狮子座
44,col,NOM,B1,14.2285,0,0,0,0,0,9,1,0,2,3,P1_no_official,P1_no_official|P3_bridge|P4_confusable,1,先查 Démonette 直接词族与 DBnary 明示近/反义，再人工补第一条正式关系,衣领；领子
45,local,NOM,B2,14.1294,0,0,0,0,0,4,1,3,3,3,P1_no_official,P1_no_official|P3_bridge|P4_confusable|P5_b2c1_synset,1,先查 Démonette 直接词族与 DBnary 明示近/反义，再人工补第一条正式关系,乡土；原地
46,envoler,VER,B1,14.0615,0,0,0,0,0,1,1,8,1,0,P1_no_official,P1_no_official|P4_confusable,1,先查 Démonette 直接词族与 DBnary 明示近/反义，再人工补第一条正式关系,腾飞；逝去
47,adieu,NOM,B1,13.9556,0,0,0,0,0,1,1,1,0,1,P1_no_official,P1_no_official|P4_confusable,1,先查 Démonette 直接词族与 DBnary 明示近/反义，再人工补第一条正式关系,
48,hôte,NOM,B2,13.9139,0,0,0,0,0,12,1,1,2,2,P1_no_official,P1_no_official|P3_bridge|P4_confusable|P5_b2c1_synset,1,先查 Démonette 直接词族与 DBnary 明示近/反义，再人工补第一条正式关系,东道主；主人
49,vert,NOM,B1,13.8482,0,0,0,0,0,19,1,2,2,2,P1_no_official,P1_no_official|P3_bridge|P4_confusable,1,先查 Démonette 直接词族与 DBnary 明示近/反义，再人工补第一条正式关系,绿色
50,assumer,VER,B2,13.789,0,0,0,0,0,7,1,0,2,0,P1_no_official,P1_no_official|P3_bridge|P4_confusable|P5_b2c1_synset,1,先查 Démonette 直接词族与 DBnary 明示近/反义，再人工补第一条正式关系,当上；承当
51,berger,NOM,B1,13.6485,0,0,0,0,0,5,1,0,2,3,P1_no_official,P1_no_official|P3_bridge|P4_confusable,1,先查 Démonette 直接词族与 DBnary 明示近/反义，再人工补第一条正式关系,牧羊
52,duc,NOM,B1,13.5618,0,0,0,0,0,6,1,0,0,0,P1_no_official,P1_no_official|P3_bridge,1,先查 Démonette 直接词族与 DBnary 明示近/反义，再人工补第一条正式关系,公爵；列侯
53,armoire,NOM,B1,13.4307,0,0,0,0,0,3,1,1,0,2,P1_no_official,P1_no_official|P4_confusable,1,先查 Démonette 直接词族与 DBnary 明示近/反义，再人工补第一条正式关系,机壳；柜子
54,marketing,NOM,B2,13.2787,0,0,0,0,0,2,1,0,1,1,P1_no_official,P1_no_official|P4_confusable|P5_b2c1_synset,1,先查 Démonette 直接词族与 DBnary 明示近/反义，再人工补第一条正式关系,
55,précaution,NOM,B2,13.0958,0,0,0,0,0,2,1,1,2,1,P1_no_official,P1_no_official|P4_confusable|P5_b2c1_synset,1,先查 Démonette 直接词族与 DBnary 明示近/反义，再人工补第一条正式关系,警示；预防措施
56,horizon,NOM,B2,12.9063,0,0,0,0,0,8,1,1,1,2,P1_no_official,P1_no_official|P3_bridge|P4_confusable|P5_b2c1_synset,1,先查 Démonette 直接词族与 DBnary 明示近/反义，再人工补第一条正式关系,地平线；天涯
57,volaille,NOM,B2,12.8658,0,0,0,0,0,6,1,1,2,0,P1_no_official,P1_no_official|P3_bridge|P4_confusable|P5_b2c1_synset,1,先查 Démonette 直接词族与 DBnary 明示近/反义，再人工补第一条正式关系,家禽；禽类
58,médaille,NOM,B1,12.478,0,0,0,0,0,11,1,0,1,0,P1_no_official,P1_no_official|P3_bridge|P4_confusable,1,先查 Démonette 直接词族与 DBnary 明示近/反义，再人工补第一条正式关系,勋章；奖牌
59,ceinture,NOM,B1,12.3845,0,0,0,0,0,0,0,2,2,1,P1_no_official,P1_no_official|P4_confusable,1,先查 Démonette 直接词族与 DBnary 明示近/反义，再人工补第一条正式关系,腰带；腰部
60,roman,ADJ,B1,12.2431,0,0,0,0,0,2,1,1,3,3,P1_no_official,P1_no_official|P4_confusable,1,先查 Démonette 直接词族与 DBnary 明示近/反义，再人工补第一条正式关系,小说；长篇小说
61,statue,NOM,B1,12.1302,0,0,0,0,0,1,1,1,3,1,P1_no_official,P1_no_official|P4_confusable,1,先查 Démonette 直接词族与 DBnary 明示近/反义，再人工补第一条正式关系,塑像；雕像
62,fiancé,NOM,B1,12.1152,0,0,0,0,0,1,1,1,3,0,P1_no_official,P1_no_official|P4_confusable,1,先查 Démonette 直接词族与 DBnary 明示近/反义，再人工补第一条正式关系,对象；未婚夫
63,procès,NOM,B2,11.907,0,0,0,0,0,5,1,1,1,1,P1_no_official,P1_no_official|P3_bridge|P4_confusable|P5_b2c1_synset,1,先查 Démonette 直接词族与 DBnary 明示近/反义，再人工补第一条正式关系,官司；案子
64,bilan,NOM,B1,11.8349,0,0,0,0,0,2,1,0,2,0,P1_no_official,P1_no_official|P4_confusable,1,先查 Démonette 直接词族与 DBnary 明示近/反义，再人工补第一条正式关系,总结
65,moeurs,NOM,B2,11.8153,0,0,0,0,0,0,0,0,1,1,P1_no_official,P1_no_official|P4_confusable,1,先查 Démonette 直接词族与 DBnary 明示近/反义，再人工补第一条正式关系,风俗；风气
66,fauteuil,NOM,B1,11.7592,0,0,0,0,0,4,1,0,3,2,P1_no_official,P1_no_official|P3_bridge|P4_confusable,1,先查 Démonette 直接词族与 DBnary 明示近/反义，再人工补第一条正式关系,椅
67,cage,NOM,B2,11.7012,0,0,0,0,0,14,1,0,2,1,P1_no_official,P1_no_official|P3_bridge|P4_confusable|P5_b2c1_synset,1,先查 Démonette 直接词族与 DBnary 明示近/反义，再人工补第一条正式关系,外壳；笼子
68,basque,ADJ,B1,11.6598,0,0,0,0,0,2,1,0,0,3,P1_no_official,P1_no_official|P4_confusable,1,先查 Démonette 直接词族与 DBnary 明示近/反义，再人工补第一条正式关系,
69,centimètre,NOM,B1,11.3969,0,0,0,0,0,2,1,1,1,1,P1_no_official,P1_no_official|P4_confusable,1,先查 Démonette 直接词族与 DBnary 明示近/反义，再人工补第一条正式关系,公分；厘米
70,ventre,NOM,B1,11.173,0,0,0,0,0,9,1,0,2,2,P1_no_official,P1_no_official|P3_bridge|P4_confusable,1,先查 Démonette 直接词族与 DBnary 明示近/反义，再人工补第一条正式关系,肚子；肚皮
71,discrimination,NOM,B2,10.6852,0,0,0,0,0,5,1,1,3,3,P1_no_official,P1_no_official|P3_bridge|P4_confusable|P5_b2c1_synset,1,先查 Démonette 直接词族与 DBnary 明示近/反义，再人工补第一条正式关系,歧视
72,ère,NOM,B2,10.6526,0,0,0,0,0,3,1,0,3,3,P1_no_official,P1_no_official|P4_confusable|P5_b2c1_synset,1,先查 Démonette 直接词族与 DBnary 明示近/反义，再人工补第一条正式关系,年代；纪元
73,jouir,VER,B2,10.6305,0,0,0,0,0,6,1,1,2,1,P1_no_official,P1_no_official|P3_bridge|P4_confusable|P5_b2c1_synset,1,先查 Démonette 直接词族与 DBnary 明示近/反义，再人工补第一条正式关系,过过
74,bousculer,VER,B2,10.5804,0,0,0,0,0,5,1,1,2,0,P1_no_official,P1_no_official|P3_bridge|P4_confusable|P5_b2c1_synset,1,先查 Démonette 直接词族与 DBnary 明示近/反义，再人工补第一条正式关系,催促；挨挤
75,incarner,VER,B2,10.4904,0,0,0,0,0,6,1,1,2,0,P1_no_official,P1_no_official|P3_bridge|P4_confusable|P5_b2c1_synset,1,先查 Démonette 直接词族与 DBnary 明示近/反义，再人工补第一条正式关系,代表；体现
76,vaccin,NOM,B2,10.4649,0,0,0,0,0,2,1,1,1,1,P1_no_official,P1_no_official|P4_confusable|P5_b2c1_synset,1,先查 Démonette 直接词族与 DBnary 明示近/反义，再人工补第一条正式关系,疫苗
77,chantier,NOM,B2,10.4132,0,0,0,0,0,13,1,0,2,2,P1_no_official,P1_no_official|P3_bridge|P4_confusable|P5_b2c1_synset,1,先查 Démonette 直接词族与 DBnary 明示近/反义，再人工补第一条正式关系,工地
78,autobus,NOM,B1,10.3751,0,0,0,0,0,1,1,1,1,0,P1_no_official,P1_no_official|P4_confusable,1,先查 Démonette 直接词族与 DBnary 明示近/反义，再人工补第一条正式关系,公共汽车；大巴
79,approprier,VER,B2,10.3093,0,0,0,0,0,5,1,1,0,3,P1_no_official,P1_no_official|P3_bridge|P4_confusable|P5_b2c1_synset,1,先查 Démonette 直接词族与 DBnary 明示近/反义，再人工补第一条正式关系,侵占；偷取
80,rez-de-chaussée,NOM,B1,10.2873,0,0,0,0,0,3,1,0,1,2,P1_no_official,P1_no_official|P4_confusable,1,先查 Démonette 直接词族与 DBnary 明示近/反义，再人工补第一条正式关系,一楼；底层
81,mensuel,ADJ,B1,10.274,0,0,0,0,0,1,1,0,1,1,P1_no_official,P1_no_official|P4_confusable,1,先查 Démonette 直接词族与 DBnary 明示近/反义，再人工补第一条正式关系,单月；月度
82,hectare,NOM,B2,10.2046,0,0,0,0,0,1,1,0,1,1,P1_no_official,P1_no_official|P4_confusable|P5_b2c1_synset,1,先查 Démonette 直接词族与 DBnary 明示近/反义，再人工补第一条正式关系,公顷
83,méditerranéen,ADJ,B2,10.1152,0,0,0,0,0,0,0,1,0,0,P1_no_official,P1_no_official,1,先查 Démonette 直接词族与 DBnary 明示近/反义，再人工补第一条正式关系,
84,gaulois,ADJ,B1,9.9268,0,0,0,0,0,5,1,0,0,0,P1_no_official,P1_no_official|P3_bridge,1,先查 Démonette 直接词族与 DBnary 明示近/反义，再人工补第一条正式关系,
85,balcon,NOM,B2,9.8977,0,0,0,0,0,4,1,0,3,1,P1_no_official,P1_no_official|P3_bridge|P4_confusable|P5_b2c1_synset,1,先查 Démonette 直接词族与 DBnary 明示近/反义，再人工补第一条正式关系,阳台
86,brevet,NOM,B1,9.5451,0,0,0,0,0,8,1,2,3,0,P1_no_official,P1_no_official|P3_bridge|P4_confusable,1,先查 Démonette 直接词族与 DBnary 明示近/反义，再人工补第一条正式关系,专利；专利权
87,poil,NOM,B1,9.4844,0,0,0,0,0,12,1,0,0,1,P1_no_official,P1_no_official|P3_bridge|P4_confusable,1,先查 Démonette 直接词族与 DBnary 明示近/反义，再人工补第一条正式关系,毛；毫
88,villa,NOM,B1,9.3688,0,0,0,0,0,2,1,0,1,1,P1_no_official,P1_no_official|P4_confusable,1,先查 Démonette 直接词族与 DBnary 明示近/反义，再人工补第一条正式关系,别墅；别庄
89,puce,NOM,B2,9.2138,0,0,0,0,0,6,1,0,0,1,P1_no_official,P1_no_official|P3_bridge|P4_confusable|P5_b2c1_synset,1,先查 Démonette 直接词族与 DBnary 明示近/反义，再人工补第一条正式关系,矮子；芯片
90,inciter,VER,B2,9.1804,0,0,0,0,0,2,1,0,1,0,P1_no_official,P1_no_official|P4_confusable|P5_b2c1_synset,1,先查 Démonette 直接词族与 DBnary 明示近/反义，再人工补第一条正式关系,怂恿；招惹
91,tasse,NOM,B1,9.1449,0,0,0,0,0,5,1,0,2,0,P1_no_official,P1_no_official|P3_bridge|P4_confusable,1,先查 Démonette 直接词族与 DBnary 明示近/反义，再人工补第一条正式关系,罩杯
92,quinzaine,NOM,B1,8.947,0,0,0,0,0,4,1,0,1,1,P1_no_official,P1_no_official|P3_bridge|P4_confusable,1,先查 Démonette 直接词族与 DBnary 明示近/反义，再人工补第一条正式关系,
93,cocher,NOM,B1,8.8834,0,0,0,0,0,2,1,0,3,3,P1_no_official,P1_no_official|P4_confusable,1,先查 Démonette 直接词族与 DBnary 明示近/反义，再人工补第一条正式关系,打钩；车夫
94,natal,ADJ,B1,8.8608,0,0,0,0,0,1,1,1,1,3,P1_no_official,P1_no_official|P4_confusable,1,先查 Démonette 直接词族与 DBnary 明示近/反义，再人工补第一条正式关系,本地
95,maghrébin,ADJ,B1,8.7068,0,0,0,0,0,1,1,0,1,1,P1_no_official,P1_no_official|P4_confusable,1,先查 Démonette 直接词族与 DBnary 明示近/反义，再人工补第一条正式关系,
96,asiatique,ADJ,B2,8.7065,0,0,0,0,0,2,1,0,1,0,P1_no_official,P1_no_official|P4_confusable|P5_b2c1_synset,1,先查 Démonette 直接词族与 DBnary 明示近/反义，再人工补第一条正式关系,
97,cognitif,ADJ,B2,8.7056,0,0,0,0,0,1,1,0,2,3,P1_no_official,P1_no_official|P4_confusable|P5_b2c1_synset,1,先查 Démonette 直接词族与 DBnary 明示近/反义，再人工补第一条正式关系,
98,matelas,NOM,B2,8.5833,0,0,0,0,0,5,1,0,2,1,P1_no_official,P1_no_official|P3_bridge|P4_confusable|P5_b2c1_synset,1,先查 Démonette 直接词族与 DBnary 明示近/反义，再人工补第一条正式关系,卡垫；床垫
99,bruir,VER,B2,8.3709,0,0,0,0,0,1,1,0,2,2,P1_no_official,P1_no_official|P4_confusable|P5_b2c1_synset,1,先查 Démonette 直接词族与 DBnary 明示近/反义，再人工补第一条正式关系,
100,démographique,ADJ,B2,8.2496,0,0,0,0,0,1,1,1,3,3,P1_no_official,P1_no_official|P4_confusable|P5_b2c1_synset,1,先查 Démonette 直接词族与 DBnary 明示近/反义，再人工补第一条正式关系,
101,solo,NOM,B1,8.165,0,0,0,0,0,3,1,0,1,1,P1_no_official,P1_no_official|P4_confusable,1,先查 Démonette 直接词族与 DBnary 明示近/反义，再人工补第一条正式关系,独唱；独奏
102,imiter,VER,B1,8.0742,0,0,0,0,0,6,1,0,1,1,P1_no_official,P1_no_official|P3_bridge|P4_confusable,1,先查 Démonette 直接词族与 DBnary 明示近/反义，再人工补第一条正式关系,仿制；仿效
103,antenne,NOM,B2,8.0514,0,0,0,0,0,0,0,0,2,3,P1_no_official,P1_no_official|P4_confusable,1,先查 Démonette 直接词族与 DBnary 明示近/反义，再人工补第一条正式关系,分支
104,olympique,ADJ,B1,8.0505,0,0,0,0,0,3,1,0,1,0,P1_no_official,P1_no_official|P4_confusable,1,先查 Démonette 直接词族与 DBnary 明示近/反义，再人工补第一条正式关系,奥林匹克；奥运
105,intermédiaire,ADJ,B2,8.04,0,0,0,0,0,2,1,0,1,1,P1_no_official,P1_no_official|P4_confusable|P5_b2c1_synset,1,先查 Démonette 直接词族与 DBnary 明示近/反义，再人工补第一条正式关系,中人；中介
106,étouffer,VER,B1,8.009,0,0,0,0,0,9,1,0,3,1,P1_no_official,P1_no_official|P3_bridge|P4_confusable,1,先查 Démonette 直接词族与 DBnary 明示近/反义，再人工补第一条正式关系,压制；压抑
107,soja,NOM,B2,7.9773,0,0,0,0,0,3,1,0,2,3,P1_no_official,P1_no_official|P4_confusable|P5_b2c1_synset,1,先查 Démonette 直接词族与 DBnary 明示近/反义，再人工补第一条正式关系,大豆；黄豆
108,survenir,VER,B2,7.9709,0,0,0,0,0,2,1,1,3,3,P1_no_official,P1_no_official|P4_confusable|P5_b2c1_synset,1,先查 Démonette 直接词族与 DBnary 明示近/反义，再人工补第一条正式关系,遇到
109,sénéchal,NOM,B1,7.9643,0,0,0,0,0,2,1,0,1,0,P1_no_official,P1_no_official|P4_confusable,1,先查 Démonette 直接词族与 DBnary 明示近/反义，再人工补第一条正式关系,
110,biodiversité,NOM,B2,7.9633,0,0,0,0,0,1,1,0,1,2,P1_no_official,P1_no_official|P4_confusable|P5_b2c1_synset,1,先查 Démonette 直接词族与 DBnary 明示近/反义，再人工补第一条正式关系,
111,interpeller,VER,B1,7.9511,0,0,0,0,0,5,1,1,3,0,P1_no_official,P1_no_official|P3_bridge|P4_confusable,1,先查 Démonette 直接词族与 DBnary 明示近/反义，再人工补第一条正式关系,
112,préjugé,NOM,B2,7.8966,0,0,0,0,0,4,1,1,3,1,P1_no_official,P1_no_official|P3_bridge|P4_confusable|P5_b2c1_synset,1,先查 Démonette 直接词族与 DBnary 明示近/反义，再人工补第一条正式关系,偏见；成见
113,pension,NOM,B2,7.8867,0,0,0,0,0,6,1,0,1,3,P1_no_official,P1_no_official|P3_bridge|P4_confusable|P5_b2c1_synset,1,先查 Démonette 直接词族与 DBnary 明示近/反义，再人工补第一条正式关系,年金；民宿
114,trois,NOM,B2,7.6982,0,0,0,0,0,4,1,1,1,2,P1_no_official,P1_no_official|P3_bridge|P4_confusable|P5_b2c1_synset,1,先查 Démonette 直接词族与 DBnary 明示近/反义，再人工补第一条正式关系,三；仨
115,cerner,VER,B2,7.6913,0,0,0,0,0,7,1,1,3,1,P1_no_official,P1_no_official|P3_bridge|P4_confusable|P5_b2c1_synset,1,先查 Démonette 直接词族与 DBnary 明示近/反义，再人工补第一条正式关系,围住
116,insecte,NOM,B2,7.6644,0,0,0,0,0,0,0,1,3,2,P1_no_official,P1_no_official|P4_confusable,1,先查 Démonette 直接词族与 DBnary 明示近/反义，再人工补第一条正式关系,昆虫；虫儿
117,dentelle,NOM,B1,7.5048,0,0,0,0,0,8,1,1,3,1,P1_no_official,P1_no_official|P3_bridge|P4_confusable,1,先查 Démonette 直接词族与 DBnary 明示近/反义，再人工补第一条正式关系,花边；蕾丝
118,soie,NOM,B2,7.5024,0,0,0,0,0,9,1,0,3,2,P1_no_official,P1_no_official|P3_bridge|P4_confusable|P5_b2c1_synset,1,先查 Démonette 直接词族与 DBnary 明示近/反义，再人工补第一条正式关系,丝绸；真丝
119,diamètre,NOM,B1,7.4251,0,0,0,0,0,7,1,7,2,2,P1_no_official,P1_no_official|P3_bridge|P4_confusable,1,先查 Démonette 直接词族与 DBnary 明示近/反义，再人工补第一条正式关系,直径
120,protéine,NOM,B2,7.3509,0,0,0,0,0,1,1,0,0,0,P1_no_official,P1_no_official|P5_b2c1_synset,1,先查 Démonette 直接词族与 DBnary 明示近/反义，再人工补第一条正式关系,蛋白质
121,bûcheron,NOM,B1,7.2216,0,0,0,0,0,2,1,0,0,0,P1_no_official,P1_no_official,1,先查 Démonette 直接词族与 DBnary 明示近/反义，再人工补第一条正式关系,
122,molécule,NOM,B2,7.1766,0,0,0,0,0,4,1,0,0,0,P1_no_official,P1_no_official|P3_bridge|P5_b2c1_synset,1,先查 Démonette 直接词族与 DBnary 明示近/反义，再人工补第一条正式关系,分子
123,suédois,ADJ,B2,7.1164,0,0,0,0,0,0,0,0,2,1,P1_no_official,P1_no_official|P4_confusable,1,先查 Démonette 直接词族与 DBnary 明示近/反义，再人工补第一条正式关系,
124,manuscrit,NOM,B2,7.1108,0,0,0,0,0,3,1,0,3,0,P1_no_official,P1_no_official|P4_confusable|P5_b2c1_synset,1,先查 Démonette 直接词族与 DBnary 明示近/反义，再人工补第一条正式关系,原稿；手稿
125,sandwich,NOM,B1,6.9951,0,0,0,0,0,4,1,0,0,0,P1_no_official,P1_no_official|P3_bridge,1,先查 Démonette 直接词族与 DBnary 明示近/反义，再人工补第一条正式关系,
126,orange,NOM,B1,6.851,0,0,0,0,0,0,0,0,1,3,P1_no_official,P1_no_official|P4_confusable,1,先查 Démonette 直接词族与 DBnary 明示近/反义，再人工补第一条正式关系,橙子；橙色
127,pouce,NOM,B2,6.7257,0,0,0,0,0,6,1,0,2,1,P1_no_official,P1_no_official|P3_bridge|P4_confusable|P5_b2c1_synset,1,先查 Démonette 直接词族与 DBnary 明示近/反义，再人工补第一条正式关系,大拇哥；大拇指
128,appétit,NOM,B2,6.6988,0,0,0,0,0,3,1,1,0,0,P1_no_official,P1_no_official|P5_b2c1_synset,1,先查 Démonette 直接词族与 DBnary 明示近/反义，再人工补第一条正式关系,胃口；食欲
129,lire,NOM,B2,6.6213,0,0,0,0,0,2,1,7,0,0,P1_no_official,P1_no_official|P5_b2c1_synset,1,先查 Démonette 直接词族与 DBnary 明示近/反义，再人工补第一条正式关系,念书；播报
130,souche,NOM,B2,6.618,0,0,0,0,0,16,1,0,1,2,P1_no_official,P1_no_official|P3_bridge|P4_confusable|P5_b2c1_synset,1,先查 Démonette 直接词族与 DBnary 明示近/反义，再人工补第一条正式关系,杌；株
131,soixantaine,NOM,B2,6.5699,0,0,0,0,0,3,1,0,0,0,P1_no_official,P1_no_official|P5_b2c1_synset,1,先查 Démonette 直接词族与 DBnary 明示近/反义，再人工补第一条正式关系,
132,cravate,NOM,B1,6.5684,0,0,0,0,0,12,1,0,1,0,P1_no_official,P1_no_official|P3_bridge|P4_confusable,1,先查 Démonette 直接词族与 DBnary 明示近/反义，再人工补第一条正式关系,领带
133,panne,NOM,B1,6.5505,0,0,0,0,0,19,1,0,1,2,P1_no_official,P1_no_official|P3_bridge|P4_confusable,1,先查 Démonette 直接词族与 DBnary 明示近/反义，再人工补第一条正式关系,分列；故障
134,instar,NOM,B2,6.4212,0,0,0,0,0,1,1,0,1,1,P1_no_official,P1_no_official|P4_confusable|P5_b2c1_synset,1,先查 Démonette 直接词族与 DBnary 明示近/反义，再人工补第一条正式关系,
135,calendrier,NOM,B1,6.3742,0,0,0,0,0,2,1,0,1,2,P1_no_official,P1_no_official|P4_confusable,1,先查 Démonette 直接词族与 DBnary 明示近/反义，再人工补第一条正式关系,日历；行事历
136,satellite,NOM,B2,6.3357,0,0,0,0,0,0,0,0,2,1,P1_no_official,P1_no_official|P4_confusable,1,先查 Démonette 直接词族与 DBnary 明示近/反义，再人工补第一条正式关系,上星；卫星
137,acier,NOM,B1,6.3143,0,0,0,0,0,3,1,0,1,3,P1_no_official,P1_no_official|P4_confusable,1,先查 Démonette 直接词族与 DBnary 明示近/反义，再人工补第一条正式关系,钢铁
138,petits-enfants,NOM,B1,6.2843,0,0,0,0,0,0,0,0,0,2,P1_no_official,P1_no_official|P4_confusable,1,先查 Démonette 直接词族与 DBnary 明示近/反义，再人工补第一条正式关系,孙
139,talon,NOM,B1,6.2828,0,0,0,0,0,16,1,0,3,2,P1_no_official,P1_no_official|P3_bridge|P4_confusable,1,先查 Démonette 直接词族与 DBnary 明示近/反义，再人工补第一条正式关系,尺度；脚跟
140,évêque,NOM,B1,6.2764,0,0,0,0,0,1,1,0,1,1,P1_no_official,P1_no_official|P4_confusable,1,先查 Démonette 直接词族与 DBnary 明示近/反义，再人工补第一条正式关系,主教
141,douer,VER,B1,6.2579,0,0,0,0,0,2,1,0,1,1,P1_no_official,P1_no_official|P4_confusable,1,先查 Démonette 直接词族与 DBnary 明示近/反义，再人工补第一条正式关系,
142,top,NOM,B2,6.2353,0,0,0,0,0,6,1,0,1,2,P1_no_official,P1_no_official|P3_bridge|P4_confusable|P5_b2c1_synset,1,先查 Démonette 直接词族与 DBnary 明示近/反义，再人工补第一条正式关系,顶尖
143,vrai,NOM,B1,6.2352,0,0,0,0,0,2,1,6,1,1,P1_no_official,P1_no_official|P4_confusable,1,先查 Démonette 直接词族与 DBnary 明示近/反义，再人工补第一条正式关系,属实；真实
144,trafic,NOM,B1,6.2142,0,0,0,0,0,4,1,0,0,2,P1_no_official,P1_no_official|P3_bridge|P4_confusable,1,先查 Démonette 直接词族与 DBnary 明示近/反义，再人工补第一条正式关系,
145,cardiaque,ADJ,B2,6.1855,0,0,0,0,0,3,1,1,1,1,P1_no_official,P1_no_official|P4_confusable|P5_b2c1_synset,1,先查 Démonette 直接词族与 DBnary 明示近/反义，再人工补第一条正式关系,
146,synonyme,ADJ,B2,6.175,0,0,0,0,0,1,1,0,3,3,P1_no_official,P1_no_official|P4_confusable|P5_b2c1_synset,1,先查 Démonette 直接词族与 DBnary 明示近/反义，再人工补第一条正式关系,代名词
147,portefeuille,NOM,B2,6.1607,0,0,0,0,0,9,1,1,1,0,P1_no_official,P1_no_official|P3_bridge|P4_confusable|P5_b2c1_synset,1,先查 Démonette 直接词族与 DBnary 明示近/反义，再人工补第一条正式关系,夹子；投资组合
148,gant,NOM,B1,6.0428,0,0,0,0,0,3,1,0,0,2,P1_no_official,P1_no_official|P4_confusable,1,先查 Démonette 直接词族与 DBnary 明示近/反义，再人工补第一条正式关系,手套
149,sida,NOM,B2,5.9718,0,0,0,0,0,3,1,0,1,1,P1_no_official,P1_no_official|P4_confusable|P5_b2c1_synset,1,先查 Démonette 直接词族与 DBnary 明示近/反义，再人工补第一条正式关系,爱死病；爱滋
150,écho,NOM,B2,5.956,0,0,0,0,0,8,1,0,3,0,P1_no_official,P1_no_official|P3_bridge|P4_confusable|P5_b2c1_synset,1,先查 Démonette 直接词族与 DBnary 明示近/反义，再人工补第一条正式关系,共鸣；反响
151,cocktail,NOM,B2,5.9069,0,0,0,0,0,5,1,0,1,0,P1_no_official,P1_no_official|P3_bridge|P4_confusable|P5_b2c1_synset,1,先查 Démonette 直接词族与 DBnary 明示近/反义，再人工补第一条正式关系,酒会；鸡尾酒
152,sabot,NOM,B1,5.8979,0,0,0,0,0,24,1,0,3,1,P1_no_official,P1_no_official|P3_bridge|P4_confusable,1,先查 Démonette 直接词族与 DBnary 明示近/反义，再人工补第一条正式关系,蹄子；马脚蹄
153,tigre,NOM,B1,5.8539,0,0,0,0,0,5,1,0,1,0,P1_no_official,P1_no_official|P3_bridge|P4_confusable,1,先查 Démonette 直接词族与 DBnary 明示近/反义，再人工补第一条正式关系,老虎
154,algérien,ADJ,B1,5.8255,0,0,0,0,0,2,1,0,0,0,P1_no_official,P1_no_official,1,先查 Démonette 直接词族与 DBnary 明示近/反义，再人工补第一条正式关系,
155,pin,NOM,B2,5.7667,0,0,0,0,0,5,1,0,3,2,P1_no_official,P1_no_official|P3_bridge|P4_confusable|P5_b2c1_synset,1,先查 Démonette 直接词族与 DBnary 明示近/反义，再人工补第一条正式关系,松树；青松
156,phare,NOM,B2,5.7406,0,0,0,0,0,11,1,0,3,3,P1_no_official,P1_no_official|P3_bridge|P4_confusable|P5_b2c1_synset,1,先查 Démonette 直接词族与 DBnary 明示近/反义，再人工补第一条正式关系,前大灯；前照灯
157,veau,NOM,B1,5.7307,0,0,0,0,0,7,1,0,3,0,P1_no_official,P1_no_official|P3_bridge|P4_confusable,1,先查 Démonette 直接词族与 DBnary 明示近/反义，再人工补第一条正式关系,小牛；犊子
158,aviaire,ADJ,B2,5.7007,0,0,0,0,0,1,1,1,1,2,P1_no_official,P1_no_official|P4_confusable|P5_b2c1_synset,1,先查 Démonette 直接词族与 DBnary 明示近/反义，再人工补第一条正式关系,
159,carrefour,NOM,B1,5.7,0,0,0,0,0,3,1,0,0,0,P1_no_official,P1_no_official,1,先查 Démonette 直接词族与 DBnary 明示近/反义，再人工补第一条正式关系,十字路口；家乐福
160,brigadier,NOM,B1,5.6922,0,0,0,0,0,6,1,0,1,0,P1_no_official,P1_no_official|P3_bridge|P4_confusable,1,先查 Démonette 直接词族与 DBnary 明示近/反义，再人工补第一条正式关系,警官
161,métamorphoser,VER,B2,5.6188,0,0,0,0,0,4,1,0,0,0,P1_no_official,P1_no_official|P3_bridge|P5_b2c1_synset,1,先查 Démonette 直接词族与 DBnary 明示近/反义，再人工补第一条正式关系,
162,régaler,VER,B1,5.5629,0,0,0,0,0,6,1,0,0,1,P1_no_official,P1_no_official|P3_bridge|P4_confusable,1,先查 Démonette 直接词族与 DBnary 明示近/反义，再人工补第一条正式关系,宴；飨
163,précoce,ADJ,B2,5.5203,0,0,0,0,0,6,1,0,0,0,P1_no_official,P1_no_official|P3_bridge|P5_b2c1_synset,1,先查 Démonette 直接词族与 DBnary 明示近/反义，再人工补第一条正式关系,早熟
164,alentour,NOM,B1,5.4864,0,0,0,0,0,2,1,0,2,1,P1_no_official,P1_no_official|P4_confusable,1,先查 Démonette 直接词族与 DBnary 明示近/反义，再人工补第一条正式关系,四周
165,rhume,NOM,B1,5.444,0,0,0,0,0,2,1,0,1,2,P1_no_official,P1_no_official|P4_confusable,1,先查 Démonette 直接词族与 DBnary 明示近/反义，再人工补第一条正式关系,风寒
166,frôler,VER,B1,5.4161,0,0,0,0,0,3,1,0,1,3,P1_no_official,P1_no_official|P4_confusable,1,先查 Démonette 直接词族与 DBnary 明示近/反义，再人工补第一条正式关系,掠过；擦身而过
167,hebdomadaire,ADJ,B2,5.3987,0,0,0,0,0,1,1,0,1,1,P1_no_official,P1_no_official|P4_confusable|P5_b2c1_synset,1,先查 Démonette 直接词族与 DBnary 明示近/反义，再人工补第一条正式关系,周刊；周报
168,béton,NOM,B2,5.2635,0,0,0,0,0,5,1,0,2,1,P1_no_official,P1_no_official|P3_bridge|P4_confusable|P5_b2c1_synset,1,先查 Démonette 直接词族与 DBnary 明示近/反义，再人工补第一条正式关系,混凝土
169,suisse,ADJ,B2,5.233,0,0,0,0,0,1,1,0,0,1,P1_no_official,P1_no_official|P4_confusable|P5_b2c1_synset,1,先查 Démonette 直接词族与 DBnary 明示近/反义，再人工补第一条正式关系,瑞士
170,faune,NOM,B1,5.1555,0,0,0,0,0,7,1,0,3,2,P1_no_official,P1_no_official|P3_bridge|P4_confusable,1,先查 Démonette 直接词族与 DBnary 明示近/反义，再人工补第一条正式关系,牧神；禽兽
171,étrangler,VER,B2,5.0453,0,0,0,0,0,5,1,0,0,0,P1_no_official,P1_no_official|P3_bridge|P5_b2c1_synset,1,先查 Démonette 直接词族与 DBnary 明示近/反义，再人工补第一条正式关系,扼杀；掐死
172,ogre,NOM,B1,5.0364,0,0,0,0,0,4,1,0,1,0,P1_no_official,P1_no_official|P3_bridge|P4_confusable,1,先查 Démonette 直接词族与 DBnary 明示近/反义，再人工补第一条正式关系,
173,idéologie,NOM,B2,5.0283,0,0,0,0,0,0,0,0,3,3,P1_no_official,P1_no_official|P4_confusable,1,先查 Démonette 直接词族与 DBnary 明示近/反义，再人工补第一条正式关系,主义；思想
174,particule,NOM,B2,5.0153,0,0,0,0,0,6,1,1,3,3,P1_no_official,P1_no_official|P3_bridge|P4_confusable|P5_b2c1_synset,1,先查 Démonette 直接词族与 DBnary 明示近/反义，再人工补第一条正式关系,微粒；粉末
175,douzaine,NOM,B2,4.9943,0,0,0,0,0,2,1,2,2,2,P1_no_official,P1_no_official|P4_confusable|P5_b2c1_synset,1,先查 Démonette 直接词族与 DBnary 明示近/反义，再人工补第一条正式关系,一打
176,trentenaire,ADJ,B2,4.9802,0,0,0,0,0,1,1,1,3,3,P1_no_official,P1_no_official|P4_confusable|P5_b2c1_synset,1,先查 Démonette 直接词族与 DBnary 明示近/反义，再人工补第一条正式关系,
177,breton,ADJ,B1,4.9731,0,0,0,0,0,5,1,0,0,0,P1_no_official,P1_no_official|P3_bridge,1,先查 Démonette 直接词族与 DBnary 明示近/反义，再人工补第一条正式关系,
178,marathon,NOM,B1,4.9678,0,0,0,0,0,2,1,0,0,2,P1_no_official,P1_no_official|P4_confusable,1,先查 Démonette 直接词族与 DBnary 明示近/反义，再人工补第一条正式关系,马拉松
179,psychiatre,NOM,B2,4.9576,0,0,0,0,0,1,1,0,1,1,P1_no_official,P1_no_official|P4_confusable|P5_b2c1_synset,1,先查 Démonette 直接词族与 DBnary 明示近/反义，再人工补第一条正式关系,心理医生；精神科医生
180,jaune,NOM,B1,4.9082,0,0,0,0,0,10,1,1,3,1,P1_no_official,P1_no_official|P3_bridge|P4_confusable,1,先查 Démonette 直接词族与 DBnary 明示近/反义，再人工补第一条正式关系,黄色
181,singe,NOM,B2,4.9046,0,0,0,0,0,12,1,0,3,0,P1_no_official,P1_no_official|P3_bridge|P4_confusable|P5_b2c1_synset,1,先查 Démonette 直接词族与 DBnary 明示近/反义，再人工补第一条正式关系,猩猩；猴子
182,manier,VER,B2,4.8333,0,0,0,0,0,7,1,1,3,3,P1_no_official,P1_no_official|P3_bridge|P4_confusable|P5_b2c1_synset,1,先查 Démonette 直接词族与 DBnary 明示近/反义，再人工补第一条正式关系,摆弄；过来
183,gendre,NOM,B2,4.8087,0,0,0,0,0,1,1,0,1,0,P1_no_official,P1_no_official|P4_confusable|P5_b2c1_synset,1,先查 Démonette 直接词族与 DBnary 明示近/反义，再人工补第一条正式关系,女婿
184,occurrence,NOM,B2,4.8006,0,0,0,0,0,6,1,0,0,1,P1_no_official,P1_no_official|P3_bridge|P4_confusable|P5_b2c1_synset,1,先查 Démonette 直接词族与 DBnary 明示近/反义，再人工补第一条正式关系,
185,pente,NOM,B2,4.7952,0,0,0,0,0,8,1,1,3,3,P1_no_official,P1_no_official|P3_bridge|P4_confusable|P5_b2c1_synset,1,先查 Démonette 直接词族与 DBnary 明示近/反义，再人工补第一条正式关系,嗜好；坡度
186,crocodile,NOM,B2,4.784,0,0,0,0,0,10,1,0,0,0,P1_no_official,P1_no_official|P3_bridge|P5_b2c1_synset,1,先查 Démonette 直接词族与 DBnary 明示近/反义，再人工补第一条正式关系,鳄鱼
187,majoritairement,ADV,B2,4.753,0,0,0,0,0,1,1,1,3,2,P1_no_official,P1_no_official|P4_confusable|P5_b2c1_synset,1,先查 Démonette 直接词族与 DBnary 明示近/反义，再人工补第一条正式关系,多半；大部分
188,jungle,NOM,B1,4.7482,0,0,0,0,0,7,1,0,1,3,P1_no_official,P1_no_official|P3_bridge|P4_confusable,1,先查 Démonette 直接词族与 DBnary 明示近/反义，再人工补第一条正式关系,丛林；密林
189,notaire,NOM,B2,4.738,0,0,0,0,0,2,1,1,3,1,P1_no_official,P1_no_official|P4_confusable|P5_b2c1_synset,1,先查 Démonette 直接词族与 DBnary 明示近/反义，再人工补第一条正式关系,事务律师；公证
190,vaisselle,NOM,B1,4.726,0,0,0,0,0,3,1,1,2,0,P1_no_official,P1_no_official|P4_confusable,1,先查 Démonette 直接词族与 DBnary 明示近/反义，再人工补第一条正式关系,碗筷；食具
191,francophone,NOM,B2,4.7199,0,0,0,0,0,1,1,0,1,1,P1_no_official,P1_no_official|P4_confusable|P5_b2c1_synset,1,先查 Démonette 直接词族与 DBnary 明示近/反义，再人工补第一条正式关系,法语国家
192,baron,NOM,B2,4.6979,0,0,0,0,0,7,1,0,3,3,P1_no_official,P1_no_official|P3_bridge|P4_confusable|P5_b2c1_synset,1,先查 Démonette 直接词族与 DBnary 明示近/反义，再人工补第一条正式关系,男爵
193,blouse,NOM,B1,4.6068,0,0,0,0,0,5,1,0,2,1,P1_no_official,P1_no_official|P3_bridge|P4_confusable,1,先查 Démonette 直接词族与 DBnary 明示近/反义，再人工补第一条正式关系,
194,torrent,NOM,B2,4.6061,0,0,0,0,0,4,1,0,0,1,P1_no_official,P1_no_official|P3_bridge|P4_confusable|P5_b2c1_synset,1,先查 Démonette 直接词族与 DBnary 明示近/反义，再人工补第一条正式关系,山洪；激流
195,refrain,NOM,B2,4.5848,0,0,0,0,0,3,1,0,0,0,P1_no_official,P1_no_official|P5_b2c1_synset,1,先查 Démonette 直接词族与 DBnary 明示近/反义，再人工补第一条正式关系,
196,hache,NOM,B1,4.5416,0,0,0,0,0,11,1,0,1,1,P1_no_official,P1_no_official|P3_bridge|P4_confusable,1,先查 Démonette 直接词族与 DBnary 明示近/反义，再人工补第一条正式关系,斧头
197,pizza,NOM,B1,4.5078,0,0,0,0,0,1,1,0,1,1,P1_no_official,P1_no_official|P4_confusable,1,先查 Démonette 直接词族与 DBnary 明示近/反义，再人工补第一条正式关系,比萨
198,percer,VER,B2,4.4939,0,0,0,0,0,13,1,0,2,0,P1_no_official,P1_no_official|P3_bridge|P4_confusable|P5_b2c1_synset,1,先查 Démonette 直接词族与 DBnary 明示近/反义，再人工补第一条正式关系,冲破；凿岩
199,maïs,NOM,B2,4.4685,0,0,0,0,0,4,1,0,3,1,P1_no_official,P1_no_official|P3_bridge|P4_confusable|P5_b2c1_synset,1,先查 Démonette 直接词族与 DBnary 明示近/反义，再人工补第一条正式关系,棒子；玉米
200,convertir,VER,B1,4.4401,0,0,0,0,0,4,1,2,1,2,P1_no_official,P1_no_official|P3_bridge|P4_confusable,1,先查 Démonette 直接词族与 DBnary 明示近/反义，再人工补第一条正式关系,兑换；兑现
201,infliger,VER,B2,4.4381,0,0,0,0,0,2,1,0,3,1,P1_no_official,P1_no_official|P4_confusable|P5_b2c1_synset,1,先查 Démonette 直接词族与 DBnary 明示近/反义，再人工补第一条正式关系,相加
202,psychanalyste,NOM,B2,4.4081,0,0,0,0,0,1,1,1,1,0,P1_no_official,P1_no_official|P4_confusable|P5_b2c1_synset,1,先查 Démonette 直接词族与 DBnary 明示近/反义，再人工补第一条正式关系,
203,électromagnétique,ADJ,B2,4.3882,0,0,0,0,0,1,1,1,1,1,P1_no_official,P1_no_official|P4_confusable|P5_b2c1_synset,1,先查 Démonette 直接词族与 DBnary 明示近/反义，再人工补第一条正式关系,
204,écosystème,NOM,B2,4.3861,0,0,0,0,0,0,0,1,3,1,P1_no_official,P1_no_official|P4_confusable,1,先查 Démonette 直接词族与 DBnary 明示近/反义，再人工补第一条正式关系,生态系；生态系统
205,accessoire,NOM,B2,4.3442,0,0,0,0,0,0,0,1,3,2,P1_no_official,P1_no_official|P4_confusable,1,先查 Démonette 直接词族与 DBnary 明示近/反义，再人工补第一条正式关系,支流；道具
206,rentraire,VER,B1,4.2754,0,0,0,0,0,2,1,0,1,1,P1_no_official,P1_no_official|P4_confusable,1,先查 Démonette 直接词族与 DBnary 明示近/反义，再人工补第一条正式关系,
207,forum,NOM,B2,4.2465,0,0,0,0,0,4,1,0,0,0,P1_no_official,P1_no_official|P3_bridge|P5_b2c1_synset,1,先查 Démonette 直接词族与 DBnary 明示近/反义，再人工补第一条正式关系,讨论会；讨论区
208,sauce,NOM,B2,4.2465,0,0,0,0,0,10,1,1,1,1,P1_no_official,P1_no_official|P3_bridge|P4_confusable|P5_b2c1_synset,1,先查 Démonette 直接词族与 DBnary 明示近/反义，再人工补第一条正式关系,酱料
209,vitamine,NOM,B2,4.2342,0,0,0,0,0,2,1,1,1,2,P1_no_official,P1_no_official|P4_confusable|P5_b2c1_synset,1,先查 Démonette 直接词族与 DBnary 明示近/反义，再人工补第一条正式关系,维他命；维生素
210,maghrébin,NOM,B2,4.2196,0,0,0,0,0,1,1,0,1,1,P1_no_official,P1_no_official|P4_confusable|P5_b2c1_synset,1,先查 Démonette 直接词族与 DBnary 明示近/反义，再人工补第一条正式关系,
211,chêne,NOM,B2,4.196,0,0,0,0,0,5,1,0,2,0,P1_no_official,P1_no_official|P3_bridge|P4_confusable|P5_b2c1_synset,1,先查 Démonette 直接词族与 DBnary 明示近/反义，再人工补第一条正式关系,橡树
212,médiathèque,NOM,B1,4.1631,0,0,0,0,0,1,1,0,0,3,P1_no_official,P1_no_official|P4_confusable,1,先查 Démonette 直接词族与 DBnary 明示近/反义，再人工补第一条正式关系,
213,tunisien,ADJ,B2,4.1477,0,0,0,0,0,1,1,0,1,1,P1_no_official,P1_no_official|P4_confusable|P5_b2c1_synset,1,先查 Démonette 直接词族与 DBnary 明示近/反义，再人工补第一条正式关系,
214,sursauter,VER,B1,4.1159,0,0,0,0,0,1,1,1,1,0,P1_no_official,P1_no_official|P4_confusable,1,先查 Démonette 直接词族与 DBnary 明示近/反义，再人工补第一条正式关系,
215,égyptien,ADJ,B2,4.0738,0,0,0,0,0,4,1,0,0,0,P1_no_official,P1_no_official|P3_bridge|P5_b2c1_synset,1,先查 Démonette 直接词族与 DBnary 明示近/反义，再人工补第一条正式关系,
216,pétition,NOM,B2,4.0733,0,0,0,0,0,4,1,1,3,3,P1_no_official,P1_no_official|P3_bridge|P4_confusable|P5_b2c1_synset,1,先查 Démonette 直接词族与 DBnary 明示近/反义，再人工补第一条正式关系,禀
217,demoiselle,NOM,B1,4.066,0,0,0,0,0,20,1,1,1,1,P1_no_official,P1_no_official|P3_bridge|P4_confusable,1,先查 Démonette 直接词族与 DBnary 明示近/反义，再人工补第一条正式关系,女郎；姑娘
218,nappe,NOM,B1,3.9407,0,0,0,0,0,9,1,0,1,0,P1_no_official,P1_no_official|P3_bridge|P4_confusable,1,先查 Démonette 直接词族与 DBnary 明示近/反义，再人工补第一条正式关系,台布
219,sujet,ADJ,B1,3.9354,0,0,0,0,0,6,1,1,2,2,P1_no_official,P1_no_official|P3_bridge|P4_confusable,1,先查 Démonette 直接词族与 DBnary 明示近/反义，再人工补第一条正式关系,东西；主体
220,démissionner,VER,B2,3.9341,0,0,0,0,0,2,1,1,1,0,P1_no_official,P1_no_official|P4_confusable|P5_b2c1_synset,1,先查 Démonette 直接词族与 DBnary 明示近/反义，再人工补第一条正式关系,下台；引退
221,classique,NOM,B2,3.9326,0,0,0,0,0,7,1,2,3,3,P1_no_official,P1_no_official|P3_bridge|P4_confusable|P5_b2c1_synset,1,先查 Démonette 直接词族与 DBnary 明示近/反义，再人工补第一条正式关系,古典；经典
222,vicomte,NOM,B2,3.9307,0,0,0,0,0,2,1,1,2,0,P1_no_official,P1_no_official|P4_confusable|P5_b2c1_synset,1,先查 Démonette 直接词族与 DBnary 明示近/反义，再人工补第一条正式关系,
223,loto,NOM,B1,3.9206,0,0,0,0,0,3,1,0,1,2,P1_no_official,P1_no_official|P4_confusable,1,先查 Démonette 直接词族与 DBnary 明示近/反义，再人工补第一条正式关系,
224,garnir,VER,B2,3.9138,0,0,0,0,0,9,1,1,1,1,P1_no_official,P1_no_official|P3_bridge|P4_confusable|P5_b2c1_synset,1,先查 Démonette 直接词族与 DBnary 明示近/反义，再人工补第一条正式关系,摆设
225,scandinave,ADJ,B2,3.8943,0,0,0,0,0,1,1,0,0,1,P1_no_official,P1_no_official|P4_confusable|P5_b2c1_synset,1,先查 Démonette 直接词族与 DBnary 明示近/反义，再人工补第一条正式关系,
226,lustre,NOM,B2,3.8812,0,0,0,0,0,9,1,3,0,3,P1_no_official,P1_no_official|P3_bridge|P4_confusable|P5_b2c1_synset,1,先查 Démonette 直接词族与 DBnary 明示近/反义，再人工补第一条正式关系,光泽；吊灯
227,excursion,NOM,B1,3.8217,0,0,0,0,0,3,1,1,2,2,P1_no_official,P1_no_official|P4_confusable,1,先查 Démonette 直接词族与 DBnary 明示近/反义，再人工补第一条正式关系,
228,corne,NOM,B1,3.8216,0,0,0,0,0,32,1,1,2,3,P1_no_official,P1_no_official|P3_bridge|P4_confusable,1,先查 Démonette 直接词族与 DBnary 明示近/反义，再人工补第一条正式关系,犄角
229,sceau,NOM,B2,3.7809,0,0,0,0,0,3,1,0,3,3,P1_no_official,P1_no_official|P4_confusable|P5_b2c1_synset,1,先查 Démonette 直接词族与 DBnary 明示近/反义，再人工补第一条正式关系,公章；印章
230,gros,NOM,B2,3.7669,0,0,0,0,0,18,1,4,2,2,P1_no_official,P1_no_official|P3_bridge|P4_confusable|P5_b2c1_synset,1,先查 Démonette 直接词族与 DBnary 明示近/反义，再人工补第一条正式关系,肥大；肥胖
231,trimestre,NOM,B2,3.7624,0,0,0,0,0,3,1,0,1,2,P1_no_official,P1_no_official|P4_confusable|P5_b2c1_synset,1,先查 Démonette 直接词族与 DBnary 明示近/反义，再人工补第一条正式关系,三个月；季度
232,neuf,NOM,B1,3.7574,0,0,0,0,0,5,1,9,2,2,P1_no_official,P1_no_official|P3_bridge|P4_confusable,1,先查 Démonette 直接词族与 DBnary 明示近/反义，再人工补第一条正式关系,九；新
233,préhistorique,ADJ,B1,3.7507,0,0,0,0,0,2,1,1,1,0,P1_no_official,P1_no_official|P4_confusable,1,先查 Démonette 直接词族与 DBnary 明示近/反义，再人工补第一条正式关系,史前
234,revendre,VER,B2,3.7403,0,0,0,0,0,4,1,1,2,3,P1_no_official,P1_no_official|P3_bridge|P4_confusable|P5_b2c1_synset,1,先查 Démonette 直接词族与 DBnary 明示近/反义，再人工补第一条正式关系,出让；转手
235,chaire,NOM,B2,3.7342,0,0,0,0,0,6,1,0,2,3,P1_no_official,P1_no_official|P3_bridge|P4_confusable|P5_b2c1_synset,1,先查 Démonette 直接词族与 DBnary 明示近/反义，再人工补第一条正式关系,讲台；讲坛
236,prévaloir,VER,B2,3.7186,0,0,0,0,0,2,1,1,2,1,P1_no_official,P1_no_official|P4_confusable|P5_b2c1_synset,1,先查 Démonette 直接词族与 DBnary 明示近/反义，再人工补第一条正式关系,
237,diva,NOM,B2,3.7066,0,0,0,0,0,3,1,0,0,0,P1_no_official,P1_no_official|P5_b2c1_synset,1,先查 Démonette 直接词族与 DBnary 明示近/反义，再人工补第一条正式关系,
238,écureuil,NOM,B1,3.6966,0,0,0,0,0,10,1,0,2,0,P1_no_official,P1_no_official|P3_bridge|P4_confusable,1,先查 Démonette 直接词族与 DBnary 明示近/反义，再人工补第一条正式关系,松鼠
239,encre,NOM,B2,3.6839,0,0,0,0,0,3,1,0,2,3,P1_no_official,P1_no_official|P4_confusable|P5_b2c1_synset,1,先查 Démonette 直接词族与 DBnary 明示近/反义，再人工补第一条正式关系,墨水；水墨
240,fût,NOM,B1,3.6709,0,0,0,0,0,9,1,0,1,1,P1_no_official,P1_no_official|P3_bridge|P4_confusable,1,先查 Démonette 直接词族与 DBnary 明示近/反义，再人工补第一条正式关系,
241,porcelaine,NOM,B1,3.6579,0,0,0,0,0,7,1,0,2,1,P1_no_official,P1_no_official|P3_bridge|P4_confusable,1,先查 Démonette 直接词族与 DBnary 明示近/反义，再人工补第一条正式关系,瓷器
242,canapé,NOM,B2,3.6529,0,0,0,0,0,4,1,0,1,1,P1_no_official,P1_no_official|P3_bridge|P4_confusable|P5_b2c1_synset,1,先查 Démonette 直接词族与 DBnary 明示近/反义，再人工补第一条正式关系,榻床；沙发
243,plan,ADJ,B2,3.6529,0,0,0,0,0,2,1,1,3,3,P1_no_official,P1_no_official|P4_confusable|P5_b2c1_synset,1,先查 Démonette 直接词族与 DBnary 明示近/反义，再人工补第一条正式关系,主意；图谱
244,populariser,VER,B2,3.6461,0,0,0,0,0,1,1,1,2,2,P1_no_official,P1_no_official|P4_confusable|P5_b2c1_synset,1,先查 Démonette 直接词族与 DBnary 明示近/反义，再人工补第一条正式关系,大众化
245,potable,ADJ,B2,3.6324,0,0,0,0,0,2,1,0,3,3,P1_no_official,P1_no_official|P4_confusable|P5_b2c1_synset,1,先查 Démonette 直接词族与 DBnary 明示近/反义，再人工补第一条正式关系,
246,engouement,NOM,B2,3.6229,0,0,0,0,0,1,1,0,1,0,P1_no_official,P1_no_official|P4_confusable|P5_b2c1_synset,1,先查 Démonette 直接词族与 DBnary 明示近/反义，再人工补第一条正式关系,痴心
247,bercer,VER,B2,3.6096,0,0,0,0,0,6,1,0,2,1,P1_no_official,P1_no_official|P3_bridge|P4_confusable|P5_b2c1_synset,1,先查 Démonette 直接词族与 DBnary 明示近/反义，再人工补第一条正式关系,摇晃
248,mesdemoiselles,NOM,B1,3.6037,0,0,0,0,0,0,0,1,1,1,P1_no_official,P1_no_official|P4_confusable,1,先查 Démonette 直接词族与 DBnary 明示近/反义，再人工补第一条正式关系,
249,hormone,NOM,B2,3.6012,0,0,0,0,0,2,1,0,1,0,P1_no_official,P1_no_official|P4_confusable|P5_b2c1_synset,1,先查 Démonette 直接词族与 DBnary 明示近/反义，再人工补第一条正式关系,激素；荷尔蒙
250,plaider,VER,B2,3.5948,0,0,0,0,0,5,1,0,0,0,P1_no_official,P1_no_official|P3_bridge|P5_b2c1_synset,1,先查 Démonette 直接词族与 DBnary 明示近/反义，再人工补第一条正式关系,央告；辩护
251,volant,NOM,B2,3.5939,0,0,0,0,0,9,1,1,2,3,P1_no_official,P1_no_official|P3_bridge|P4_confusable|P5_b2c1_synset,1,先查 Démonette 直接词族与 DBnary 明示近/反义，再人工补第一条正式关系,转向盘
252,périple,NOM,B1,3.5909,0,0,0,0,0,3,1,0,3,3,P1_no_official,P1_no_official|P4_confusable,1,先查 Démonette 直接词族与 DBnary 明示近/反义，再人工补第一条正式关系,
253,communion,NOM,B1,3.5845,0,0,0,0,0,0,0,1,3,2,P1_no_official,P1_no_official|P4_confusable,1,先查 Démonette 直接词族与 DBnary 明示近/反义，再人工补第一条正式关系,
254,campus,NOM,B2,3.5741,0,0,0,0,0,1,1,1,0,1,P1_no_official,P1_no_official|P4_confusable|P5_b2c1_synset,1,先查 Démonette 直接词族与 DBnary 明示近/反义，再人工补第一条正式关系,校区；校园
255,lieue,NOM,B2,3.5466,0,0,0,0,0,2,1,0,3,3,P1_no_official,P1_no_official|P4_confusable|P5_b2c1_synset,1,先查 Démonette 直接词族与 DBnary 明示近/反义，再人工补第一条正式关系,
256,bonhomme,NOM,B1,3.5401,0,0,0,0,0,7,1,1,1,1,P1_no_official,P1_no_official|P3_bridge|P4_confusable,1,先查 Démonette 直接词族与 DBnary 明示近/反义，再人工补第一条正式关系,
257,tropical,ADJ,B2,3.4786,0,0,0,0,0,0,0,0,1,0,P1_no_official,P1_no_official|P4_confusable,1,先查 Démonette 直接词族与 DBnary 明示近/反义，再人工补第一条正式关系,
258,marbre,NOM,B2,3.4774,0,0,0,0,0,15,1,0,1,2,P1_no_official,P1_no_official|P3_bridge|P4_confusable|P5_b2c1_synset,1,先查 Démonette 直接词族与 DBnary 明示近/反义，再人工补第一条正式关系,大理石；玻璃球
259,muguet,NOM,B2,3.4765,0,0,0,0,0,4,1,0,2,1,P1_no_official,P1_no_official|P3_bridge|P4_confusable|P5_b2c1_synset,1,先查 Démonette 直接词族与 DBnary 明示近/反义，再人工补第一条正式关系,
260,in,ADJ,B2,3.4507,0,0,0,0,0,2,1,1,0,0,P1_no_official,P1_no_official|P5_b2c1_synset,1,先查 Démonette 直接词族与 DBnary 明示近/反义，再人工补第一条正式关系,
261,sauf,ADJ,B2,3.4136,0,0,0,0,0,1,1,4,0,1,P1_no_official,P1_no_official|P4_confusable|P5_b2c1_synset,1,先查 Démonette 直接词族与 DBnary 明示近/反义，再人工补第一条正式关系,以外；安全
262,moto,NOM,B1,3.3863,0,0,0,0,0,1,1,0,2,2,P1_no_official,P1_no_official|P4_confusable,1,先查 Démonette 直接词族与 DBnary 明示近/反义，再人工补第一条正式关系,摩托；摩托车
263,golf,NOM,B1,3.3678,0,0,0,0,0,3,1,0,1,1,P1_no_official,P1_no_official|P4_confusable,1,先查 Démonette 直接词族与 DBnary 明示近/反义，再人工补第一条正式关系,高尔夫；高尔夫球
264,pou,NOM,B2,3.3527,0,0,0,0,0,2,1,0,1,1,P1_no_official,P1_no_official|P4_confusable|P5_b2c1_synset,1,先查 Démonette 直接词族与 DBnary 明示近/反义，再人工补第一条正式关系,虱
265,persister,VER,B2,3.3284,0,0,0,0,0,3,1,0,2,2,P1_no_official,P1_no_official|P4_confusable|P5_b2c1_synset,1,先查 Démonette 直接词族与 DBnary 明示近/反义，再人工补第一条正式关系,坚持；持续
266,nègre,NOM,B2,3.3256,0,0,0,0,0,6,1,0,1,3,P1_no_official,P1_no_official|P3_bridge|P4_confusable|P5_b2c1_synset,1,先查 Démonette 直接词族与 DBnary 明示近/反义，再人工补第一条正式关系,
267,riverain,NOM,B2,3.311,0,0,0,0,0,9,1,1,0,1,P1_no_official,P1_no_official|P3_bridge|P4_confusable|P5_b2c1_synset,1,先查 Démonette 直接词族与 DBnary 明示近/反义，再人工补第一条正式关系,
268,jasmin,NOM,B2,3.3059,0,0,0,0,0,5,1,0,1,0,P1_no_official,P1_no_official|P3_bridge|P4_confusable|P5_b2c1_synset,1,先查 Démonette 直接词族与 DBnary 明示近/反义，再人工补第一条正式关系,佳丝明；茉莉
269,quota,NOM,B2,3.3058,0,0,0,0,0,1,1,0,3,1,P1_no_official,P1_no_official|P4_confusable|P5_b2c1_synset,1,先查 Démonette 直接词族与 DBnary 明示近/反义，再人工补第一条正式关系,定数；配额
270,parenthèse,NOM,B2,3.2864,0,0,0,0,0,5,1,0,2,2,P1_no_official,P1_no_official|P3_bridge|P4_confusable|P5_b2c1_synset,1,先查 Démonette 直接词族与 DBnary 明示近/反义，再人工补第一条正式关系,括号
271,imprégner,VER,B2,3.267,0,0,0,0,0,4,1,0,2,1,P1_no_official,P1_no_official|P3_bridge|P4_confusable|P5_b2c1_synset,1,先查 Démonette 直接词族与 DBnary 明示近/反义，再人工补第一条正式关系,渗透
272,individualisme,NOM,B2,3.2508,0,0,0,0,0,3,1,1,3,3,P1_no_official,P1_no_official|P4_confusable|P5_b2c1_synset,1,先查 Démonette 直接词族与 DBnary 明示近/反义，再人工补第一条正式关系,
273,protagoniste,NOM,B2,3.2457,0,0,0,0,0,3,1,0,2,1,P1_no_official,P1_no_official|P4_confusable|P5_b2c1_synset,1,先查 Démonette 直接词族与 DBnary 明示近/反义，再人工补第一条正式关系,主角；人物
274,déforestation,NOM,B2,3.2161,0,0,0,0,0,1,1,1,1,3,P1_no_official,P1_no_official|P4_confusable|P5_b2c1_synset,1,先查 Démonette 直接词族与 DBnary 明示近/反义，再人工补第一条正式关系,
275,vitrine,NOM,B2,3.2125,0,0,0,0,0,5,1,1,2,3,P1_no_official,P1_no_official|P3_bridge|P4_confusable|P5_b2c1_synset,1,先查 Démonette 直接词族与 DBnary 明示近/反义，再人工补第一条正式关系,店面；栏柜
276,schizophrénie,NOM,B2,3.2116,0,0,0,0,0,3,1,0,0,0,P1_no_official,P1_no_official|P5_b2c1_synset,1,先查 Démonette 直接词族与 DBnary 明示近/反义，再人工补第一条正式关系,精分
277,modique,ADJ,B2,3.1891,0,0,0,0,0,1,1,1,2,3,P1_no_official,P1_no_official|P4_confusable|P5_b2c1_synset,1,先查 Démonette 直接词族与 DBnary 明示近/反义，再人工补第一条正式关系,
278,migration,NOM,B2,3.1876,0,0,0,0,0,4,1,1,3,3,P1_no_official,P1_no_official|P3_bridge|P4_confusable|P5_b2c1_synset,1,先查 Démonette 直接词族与 DBnary 明示近/反义，再人工补第一条正式关系,偏移；割接
279,censé,ADJ,B2,3.1849,0,0,0,0,0,1,1,1,2,1,P1_no_official,P1_no_official|P4_confusable|P5_b2c1_synset,1,先查 Démonette 直接词族与 DBnary 明示近/反义，再人工补第一条正式关系,
280,magnétique,ADJ,B2,3.1835,0,0,0,0,0,2,1,1,1,2,P1_no_official,P1_no_official|P4_confusable|P5_b2c1_synset,1,先查 Démonette 直接词族与 DBnary 明示近/反义，再人工补第一条正式关系,
281,stand,NOM,B1,3.181,0,0,0,0,0,5,1,0,2,2,P1_no_official,P1_no_official|P3_bridge|P4_confusable,1,先查 Démonette 直接词族与 DBnary 明示近/反义，再人工补第一条正式关系,展台；排档
282,égarer,VER,B2,3.1567,0,0,0,0,0,4,1,1,2,2,P1_no_official,P1_no_official|P3_bridge|P4_confusable|P5_b2c1_synset,1,先查 Démonette 直接词族与 DBnary 明示近/反义，再人工补第一条正式关系,找不到；误导
283,ut,NOM,B2,3.1536,0,0,0,0,0,3,1,0,0,0,P1_no_official,P1_no_official|P5_b2c1_synset,1,先查 Démonette 直接词族与 DBnary 明示近/反义，再人工补第一条正式关系,
284,grammaire,NOM,B2,3.1329,0,0,0,0,0,3,1,0,1,1,P1_no_official,P1_no_official|P4_confusable|P5_b2c1_synset,1,先查 Démonette 直接词族与 DBnary 明示近/反义，再人工补第一条正式关系,文法；语法
285,pourcentage,NOM,B2,3.1212,0,0,0,0,0,1,1,1,0,0,P1_no_official,P1_no_official|P5_b2c1_synset,1,先查 Démonette 直接词族与 DBnary 明示近/反义，再人工补第一条正式关系,百分；百分比
286,cinquième,ADJ,B2,3.1197,0,0,0,0,0,1,1,1,3,2,P1_no_official,P1_no_official|P4_confusable|P5_b2c1_synset,1,先查 Démonette 直接词族与 DBnary 明示近/反义，再人工补第一条正式关系,第五
287,citadin,NOM,B1,3.1082,0,0,0,0,0,1,1,0,1,3,P1_no_official,P1_no_official|P4_confusable,1,先查 Démonette 直接词族与 DBnary 明示近/反义，再人工补第一条正式关系,城市居民；市民
288,inexorablement,ADV,B2,3.0864,0,0,0,0,0,1,1,0,0,0,P1_no_official,P1_no_official|P5_b2c1_synset,1,先查 Démonette 直接词族与 DBnary 明示近/反义，再人工补第一条正式关系,
289,tapis,NOM,B2,3.0835,0,0,0,0,0,8,1,0,1,2,P1_no_official,P1_no_official|P3_bridge|P4_confusable|P5_b2c1_synset,1,先查 Démonette 直接词族与 DBnary 明示近/反义，再人工补第一条正式关系,卡垫；地毯
290,lessive,NOM,B1,3.0768,0,0,0,0,0,9,1,0,1,0,P1_no_official,P1_no_official|P3_bridge|P4_confusable,1,先查 Démonette 直接词族与 DBnary 明示近/反义，再人工补第一条正式关系,冲洗；洗衣粉
291,déformation,NOM,B2,3.0737,0,0,0,0,0,4,1,1,2,3,P1_no_official,P1_no_official|P3_bridge|P4_confusable|P5_b2c1_synset,1,先查 Démonette 直接词族与 DBnary 明示近/反义，再人工补第一条正式关系,
292,paquebot,NOM,B1,3.0625,0,0,0,0,0,2,1,0,3,0,P1_no_official,P1_no_official|P4_confusable,1,先查 Démonette 直接词族与 DBnary 明示近/反义，再人工补第一条正式关系,班轮；轮船
293,tenace,ADJ,B2,3.0456,0,0,0,0,0,7,1,1,3,1,P1_no_official,P1_no_official|P3_bridge|P4_confusable|P5_b2c1_synset,1,先查 Démonette 直接词族与 DBnary 明示近/反义，再人工补第一条正式关系,任性；坚毅
294,renard,NOM,B1,3.0352,0,0,0,0,0,12,1,0,2,0,P1_no_official,P1_no_official|P3_bridge|P4_confusable,1,先查 Démonette 直接词族与 DBnary 明示近/反义，再人工补第一条正式关系,狐狸
295,froncer,VER,B2,3.0243,0,0,0,0,0,2,1,0,3,2,P1_no_official,P1_no_official|P4_confusable|P5_b2c1_synset,1,先查 Démonette 直接词族与 DBnary 明示近/反义，再人工补第一条正式关系,
296,dévolu,ADJ,B2,3.0101,0,0,0,0,0,2,1,0,0,0,P1_no_official,P1_no_official|P5_b2c1_synset,1,先查 Démonette 直接词族与 DBnary 明示近/反义，再人工补第一条正式关系,
297,carnaval,NOM,B2,2.9835,0,0,0,0,0,4,1,0,1,1,P1_no_official,P1_no_official|P3_bridge|P4_confusable|P5_b2c1_synset,1,先查 Démonette 直接词族与 DBnary 明示近/反义，再人工补第一条正式关系,游园会；狂欢
298,tulipe,NOM,B2,2.9683,0,0,0,0,0,6,1,0,0,1,P1_no_official,P1_no_official|P3_bridge|P4_confusable|P5_b2c1_synset,1,先查 Démonette 直接词族与 DBnary 明示近/反义，再人工补第一条正式关系,郁金香
299,ambre,NOM,B2,2.9674,0,0,0,0,0,5,1,0,2,3,P1_no_official,P1_no_official|P3_bridge|P4_confusable|P5_b2c1_synset,1,先查 Démonette 直接词族与 DBnary 明示近/反义，再人工补第一条正式关系,琥珀
300,coude,NOM,B1,2.9438,0,0,0,0,0,5,1,0,1,1,P1_no_official,P1_no_official|P3_bridge|P4_confusable,1,先查 Démonette 直接词族与 DBnary 明示近/反义，再人工补第一条正式关系,手肘
301,transversal,ADJ,B2,2.8972,0,0,0,0,0,4,1,1,0,0,P1_no_official,P1_no_official|P3_bridge|P5_b2c1_synset,1,先查 Démonette 直接词族与 DBnary 明示近/反义，再人工补第一条正式关系,横
302,ferment,NOM,B1,2.8829,0,0,0,0,0,3,1,1,3,3,P1_no_official,P1_no_official|P4_confusable,1,先查 Démonette 直接词族与 DBnary 明示近/反义，再人工补第一条正式关系,酵
303,miel,NOM,B2,2.8769,0,0,0,0,0,5,1,0,1,0,P1_no_official,P1_no_official|P3_bridge|P4_confusable|P5_b2c1_synset,1,先查 Démonette 直接词族与 DBnary 明示近/反义，再人工补第一条正式关系,蜂蜜；蜜糖
304,guillotine,NOM,B1,2.8494,0,0,0,0,0,0,0,0,0,0,P1_no_official,P1_no_official,1,先查 Démonette 直接词族与 DBnary 明示近/反义，再人工补第一条正式关系,
305,flûte,NOM,B2,2.8174,0,0,0,0,0,16,1,0,1,3,P1_no_official,P1_no_official|P3_bridge|P4_confusable|P5_b2c1_synset,1,先查 Démonette 直接词族与 DBnary 明示近/反义，再人工补第一条正式关系,
306,discothèque,NOM,B2,2.8131,0,0,0,0,0,4,1,0,1,0,P1_no_official,P1_no_official|P3_bridge|P4_confusable|P5_b2c1_synset,1,先查 Démonette 直接词族与 DBnary 明示近/反义，再人工补第一条正式关系,迪厅
307,normand,ADJ,B2,2.8123,0,0,0,0,0,4,1,0,0,1,P1_no_official,P1_no_official|P3_bridge|P4_confusable|P5_b2c1_synset,1,先查 Démonette 直接词族与 DBnary 明示近/反义，再人工补第一条正式关系,
308,dénuer,VER,B2,2.805,0,0,0,0,0,1,1,1,1,1,P1_no_official,P1_no_official|P4_confusable|P5_b2c1_synset,1,先查 Démonette 直接词族与 DBnary 明示近/反义，再人工补第一条正式关系,
309,avortement,NOM,B2,2.7886,0,0,0,0,0,3,1,0,0,1,P1_no_official,P1_no_official|P4_confusable|P5_b2c1_synset,1,先查 Démonette 直接词族与 DBnary 明示近/反义，再人工补第一条正式关系,人流；堕胎
310,seau,NOM,B1,2.7809,0,0,0,0,0,2,1,0,3,3,P1_no_official,P1_no_official|P4_confusable,1,先查 Démonette 直接词族与 DBnary 明示近/反义，再人工补第一条正式关系,水桶
311,belle-fille,NOM,B1,2.7787,0,0,0,0,0,2,1,2,0,0,P1_no_official,P1_no_official,1,先查 Démonette 直接词族与 DBnary 明示近/反义，再人工补第一条正式关系,媳妇；新妇
312,magistrat,NOM,B2,2.7756,0,0,0,0,0,6,1,1,2,2,P1_no_official,P1_no_official|P3_bridge|P4_confusable|P5_b2c1_synset,1,先查 Démonette 直接词族与 DBnary 明示近/反义，再人工补第一条正式关系,审判官；府尹
313,bouillir,VER,B1,2.7703,0,0,0,0,0,7,1,0,1,0,P1_no_official,P1_no_official|P3_bridge|P4_confusable,1,先查 Démonette 直接词族与 DBnary 明示近/反义，再人工补第一条正式关系,涌起；滚沸
314,mi-temps,NOM,B1,2.7233,0,0,0,0,0,4,1,0,2,2,P1_no_official,P1_no_official|P3_bridge|P4_confusable,1,先查 Démonette 直接词族与 DBnary 明示近/反义，再人工补第一条正式关系,半场
315,foudre,NOM,B1,2.6905,0,0,0,0,0,14,1,0,1,1,P1_no_official,P1_no_official|P3_bridge|P4_confusable,1,先查 Démonette 直接词族与 DBnary 明示近/反义，再人工补第一条正式关系,闪电；雷电
316,high-tech,ADJ,B1,2.6822,0,0,0,0,0,1,1,0,0,0,P1_no_official,P1_no_official,1,先查 Démonette 直接词族与 DBnary 明示近/反义，再人工补第一条正式关系,高新技术
317,lis,NOM,B2,2.6709,0,0,0,0,0,7,1,1,3,2,P1_no_official,P1_no_official|P3_bridge|P4_confusable|P5_b2c1_synset,1,先查 Démonette 直接词族与 DBnary 明示近/反义，再人工补第一条正式关系,百合
318,embrasse,NOM,B1,2.6676,0,0,0,0,0,1,1,1,3,1,P1_no_official,P1_no_official|P4_confusable,1,先查 Démonette 直接词族与 DBnary 明示近/反义，再人工补第一条正式关系,
319,tuberculose,NOM,B2,2.6486,0,0,0,0,0,1,1,1,2,1,P1_no_official,P1_no_official|P4_confusable|P5_b2c1_synset,1,先查 Démonette 直接词族与 DBnary 明示近/反义，再人工补第一条正式关系,结核；结核病
320,portugais,NOM,B2,2.6467,0,0,0,0,0,3,1,0,0,1,P1_no_official,P1_no_official|P4_confusable|P5_b2c1_synset,1,先查 Démonette 直接词族与 DBnary 明示近/反义，再人工补第一条正式关系,葡萄语
321,short,NOM,B1,2.6426,0,0,0,0,0,2,1,0,2,1,P1_no_official,P1_no_official|P4_confusable,1,先查 Démonette 直接词族与 DBnary 明示近/反义，再人工补第一条正式关系,短裤
322,fossile,ADJ,B2,2.6407,0,0,0,0,0,3,1,1,3,3,P1_no_official,P1_no_official|P4_confusable|P5_b2c1_synset,1,先查 Démonette 直接词族与 DBnary 明示近/反义，再人工补第一条正式关系,化石
323,nièce,NOM,B2,2.6365,0,0,0,0,0,3,1,0,1,1,P1_no_official,P1_no_official|P4_confusable|P5_b2c1_synset,1,先查 Démonette 直接词族与 DBnary 明示近/反义，再人工补第一条正式关系,侄女；犹女
324,marée,NOM,B2,2.6146,0,0,0,0,0,4,1,1,2,2,P1_no_official,P1_no_official|P3_bridge|P4_confusable|P5_b2c1_synset,1,先查 Démonette 直接词族与 DBnary 明示近/反义，再人工补第一条正式关系,浪潮；海潮
325,lanterne,NOM,B2,2.6057,0,0,0,0,0,11,1,0,3,1,P1_no_official,P1_no_official|P3_bridge|P4_confusable|P5_b2c1_synset,1,先查 Démonette 直接词族与 DBnary 明示近/反义，再人工补第一条正式关系,灯笼
326,haie,NOM,B2,2.6016,0,0,0,0,0,7,1,0,3,0,P1_no_official,P1_no_official|P3_bridge|P4_confusable|P5_b2c1_synset,1,先查 Démonette 直接词族与 DBnary 明示近/反义，再人工补第一条正式关系,不置可否；篱笆
327,navette,NOM,B1,2.5938,0,0,0,0,0,15,1,0,1,1,P1_no_official,P1_no_official|P3_bridge|P4_confusable,1,先查 Démonette 直接词族与 DBnary 明示近/反义，再人工补第一条正式关系,接送；摆渡车
328,égout,NOM,B2,2.577,0,0,0,0,0,4,1,0,2,0,P1_no_official,P1_no_official|P3_bridge|P4_confusable|P5_b2c1_synset,1,先查 Démonette 直接词族与 DBnary 明示近/反义，再人工补第一条正式关系,下水道；排污管
329,ruisseau,NOM,B1,2.5687,0,0,0,0,0,6,1,0,0,0,P1_no_official,P1_no_official|P3_bridge,1,先查 Démonette 直接词族与 DBnary 明示近/反义，再人工补第一条正式关系,小溪；溪流
330,vierge,NOM,B2,2.5531,0,0,0,0,0,6,1,0,2,2,P1_no_official,P1_no_official|P3_bridge|P4_confusable|P5_b2c1_synset,1,先查 Démonette 直接词族与 DBnary 明示近/反义，再人工补第一条正式关系,圣女；处女
331,baleine,NOM,B2,2.5372,0,0,0,0,0,12,1,0,2,3,P1_no_official,P1_no_official|P3_bridge|P4_confusable|P5_b2c1_synset,1,先查 Démonette 直接词族与 DBnary 明示近/反义，再人工补第一条正式关系,鲸鱼
332,lilas,NOM,B1,2.5354,0,0,0,0,0,4,1,0,2,0,P1_no_official,P1_no_official|P3_bridge|P4_confusable,1,先查 Démonette 直接词族与 DBnary 明示近/反义，再人工补第一条正式关系,紫丁香；芋头色
333,satirique,ADJ,B2,2.5216,0,0,0,0,0,2,1,0,0,0,P1_no_official,P1_no_official|P5_b2c1_synset,1,先查 Démonette 直接词族与 DBnary 明示近/反义，再人工补第一条正式关系,
334,environnant,ADJ,B2,2.5196,0,0,0,0,0,1,1,1,2,0,P1_no_official,P1_no_official|P4_confusable|P5_b2c1_synset,1,先查 Démonette 直接词族与 DBnary 明示近/反义，再人工补第一条正式关系,周遭
335,bruyère,NOM,B2,2.5193,0,0,0,0,0,3,1,0,3,3,P1_no_official,P1_no_official|P4_confusable|P5_b2c1_synset,1,先查 Démonette 直接词族与 DBnary 明示近/反义，再人工补第一条正式关系,
336,corruption,NOM,B2,2.5189,0,0,0,0,0,3,1,1,3,2,P1_no_official,P1_no_official|P4_confusable|P5_b2c1_synset,1,先查 Démonette 直接词族与 DBnary 明示近/反义，再人工补第一条正式关系,腐烂；腐败
337,pseudonyme,NOM,B2,2.5189,0,0,0,0,0,1,1,0,0,1,P1_no_official,P1_no_official|P4_confusable|P5_b2c1_synset,1,先查 Démonette 直接词族与 DBnary 明示近/反义，再人工补第一条正式关系,化名；用户名
338,culotte,NOM,B2,2.5132,0,0,0,0,0,6,1,1,3,1,P1_no_official,P1_no_official|P3_bridge|P4_confusable|P5_b2c1_synset,1,先查 Démonette 直接词族与 DBnary 明示近/反义，再人工补第一条正式关系,内内；胖次
339,superposer,VER,B2,2.5072,0,0,0,0,0,2,1,1,0,0,P1_no_official,P1_no_official|P5_b2c1_synset,1,先查 Démonette 直接词族与 DBnary 明示近/反义，再人工补第一条正式关系,旋转面；覆叠
340,amande,NOM,B1,2.5051,0,0,0,0,0,6,1,0,1,2,P1_no_official,P1_no_official|P3_bridge|P4_confusable,1,先查 Démonette 直接词族与 DBnary 明示近/反义，再人工补第一条正式关系,巴旦木；巴达木
341,aigle,NOM,B2,2.4797,0,0,0,0,0,10,1,0,1,1,P1_no_official,P1_no_official|P3_bridge|P4_confusable|P5_b2c1_synset,1,先查 Démonette 直接词族与 DBnary 明示近/反义，再人工补第一条正式关系,鹰
342,agneau,NOM,B2,2.4727,0,0,0,0,0,8,1,0,0,0,P1_no_official,P1_no_official|P3_bridge|P5_b2c1_synset,1,先查 Démonette 直接词族与 DBnary 明示近/反义，再人工补第一条正式关系,小羊；羔羊
343,pyrénéen,ADJ,B2,2.4674,0,0,0,0,0,1,1,0,0,0,P1_no_official,P1_no_official|P5_b2c1_synset,1,先查 Démonette 直接词族与 DBnary 明示近/反义，再人工补第一条正式关系,
344,friche,NOM,B2,2.4602,0,0,0,0,0,3,1,0,2,1,P1_no_official,P1_no_official|P4_confusable|P5_b2c1_synset,1,先查 Démonette 直接词族与 DBnary 明示近/反义，再人工补第一条正式关系,
345,péripétie,NOM,B2,2.4532,0,0,0,0,0,2,1,0,1,1,P1_no_official,P1_no_official|P4_confusable|P5_b2c1_synset,1,先查 Démonette 直接词族与 DBnary 明示近/反义，再人工补第一条正式关系,波折
346,proliférer,VER,B2,2.4512,0,0,0,0,0,2,1,0,0,0,P1_no_official,P1_no_official|P5_b2c1_synset,1,先查 Démonette 直接词族与 DBnary 明示近/反义，再人工补第一条正式关系,扩散
347,carafe,NOM,B1,2.4493,0,0,0,0,0,5,1,0,0,1,P1_no_official,P1_no_official|P3_bridge|P4_confusable,1,先查 Démonette 直接词族与 DBnary 明示近/反义，再人工补第一条正式关系,
348,soufre,NOM,B2,2.4454,0,0,0,0,0,7,1,0,3,3,P1_no_official,P1_no_official|P3_bridge|P4_confusable|P5_b2c1_synset,1,先查 Démonette 直接词族与 DBnary 明示近/反义，再人工补第一条正式关系,硫磺
349,cohérent,ADJ,B2,2.4373,0,0,0,0,0,1,1,1,2,1,P1_no_official,P1_no_official|P4_confusable|P5_b2c1_synset,1,先查 Démonette 直接词族与 DBnary 明示近/反义，再人工补第一条正式关系,相干；连贯
350,grec,ADJ,B2,2.4009,0,0,0,0,0,2,1,0,1,0,P1_no_official,P1_no_official|P4_confusable|P5_b2c1_synset,1,先查 Démonette 直接词族与 DBnary 明示近/反义，再人工补第一条正式关系,
351,ongle,NOM,B2,2.3995,0,0,0,0,0,4,1,0,3,1,P1_no_official,P1_no_official|P3_bridge|P4_confusable|P5_b2c1_synset,1,先查 Démonette 直接词族与 DBnary 明示近/反义，再人工补第一条正式关系,指甲
352,chauve,ADJ,B2,2.3989,0,0,0,0,0,1,1,1,3,1,P1_no_official,P1_no_official|P4_confusable|P5_b2c1_synset,1,先查 Démonette 直接词族与 DBnary 明示近/反义，再人工补第一条正式关系,光光；童山濯濯
353,huitième,ADJ,B2,2.3932,0,0,0,0,0,2,1,1,2,1,P1_no_official,P1_no_official|P4_confusable|P5_b2c1_synset,1,先查 Démonette 直接词族与 DBnary 明示近/反义，再人工补第一条正式关系,第八
354,vanillé,ADJ,B2,2.3695,0,0,0,0,0,1,1,0,3,2,P1_no_official,P1_no_official|P4_confusable|P5_b2c1_synset,1,先查 Démonette 直接词族与 DBnary 明示近/反义，再人工补第一条正式关系,
355,gratter,VER,B1,2.3668,0,0,0,0,0,8,1,2,2,3,P1_no_official,P1_no_official|P3_bridge|P4_confusable,1,先查 Démonette 直接词族与 DBnary 明示近/反义，再人工补第一条正式关系,刮；抓
356,bienvenu,NOM,B1,2.3594,0,0,0,0,0,1,1,2,3,1,P1_no_official,P1_no_official|P4_confusable,1,先查 Démonette 直接词族与 DBnary 明示近/反义，再人工补第一条正式关系,
357,torero,NOM,B2,2.3572,0,0,0,0,0,1,1,0,3,1,P1_no_official,P1_no_official|P4_confusable|P5_b2c1_synset,1,先查 Démonette 直接词族与 DBnary 明示近/反义，再人工补第一条正式关系,
358,carrosse,NOM,B1,2.3514,0,0,0,0,0,6,1,0,2,2,P1_no_official,P1_no_official|P3_bridge|P4_confusable,1,先查 Démonette 直接词族与 DBnary 明示近/反义，再人工补第一条正式关系,马车
359,laisse,NOM,B2,2.3418,0,0,0,0,0,7,1,1,3,0,P1_no_official,P1_no_official|P3_bridge|P4_confusable|P5_b2c1_synset,1,先查 Démonette 直接词族与 DBnary 明示近/反义，再人工补第一条正式关系,絏
360,cambriolage,NOM,B2,2.3366,0,0,0,0,0,1,1,0,1,1,P1_no_official,P1_no_official|P4_confusable|P5_b2c1_synset,1,先查 Démonette 直接词族与 DBnary 明示近/反义，再人工补第一条正式关系,
361,tramway,NOM,B2,2.3215,0,0,0,0,0,2,1,0,2,0,P1_no_official,P1_no_official|P4_confusable|P5_b2c1_synset,1,先查 Démonette 直接词族与 DBnary 明示近/反义，再人工补第一条正式关系,
362,enseigne,NOM,B2,2.3182,0,0,0,0,0,0,0,0,3,3,P1_no_official,P1_no_official|P4_confusable,1,先查 Démonette 直接词族与 DBnary 明示近/反义，再人工补第一条正式关系,幌子；招牌
363,fanfare,NOM,B2,2.3182,0,0,0,0,0,5,1,0,2,0,P1_no_official,P1_no_official|P3_bridge|P4_confusable|P5_b2c1_synset,1,先查 Démonette 直接词族与 DBnary 明示近/反义，再人工补第一条正式关系,大张旗鼓
364,buisson,NOM,B2,2.2796,0,0,0,0,0,4,1,1,1,2,P1_no_official,P1_no_official|P3_bridge|P4_confusable|P5_b2c1_synset,1,先查 Démonette 直接词族与 DBnary 明示近/反义，再人工补第一条正式关系,
365,obésité,NOM,B2,2.259,0,0,0,0,0,1,1,0,0,0,P1_no_official,P1_no_official|P5_b2c1_synset,1,先查 Démonette 直接词族与 DBnary 明示近/反义，再人工补第一条正式关系,
366,ignorance,NOM,B2,2.2576,0,0,0,0,0,2,1,0,0,0,P1_no_official,P1_no_official|P5_b2c1_synset,1,先查 Démonette 直接词族与 DBnary 明示近/反义，再人工补第一条正式关系,
367,gallo-romain,ADJ,B1,2.2412,0,0,0,0,0,1,1,1,0,0,P1_no_official,P1_no_official,1,先查 Démonette 直接词族与 DBnary 明示近/反义，再人工补第一条正式关系,
368,scander,VER,B2,2.2142,0,0,0,0,0,5,1,0,3,3,P1_no_official,P1_no_official|P3_bridge|P4_confusable|P5_b2c1_synset,1,先查 Démonette 直接词族与 DBnary 明示近/反义，再人工补第一条正式关系,
369,provençal,ADJ,B2,2.2139,0,0,0,0,0,1,1,0,2,0,P1_no_official,P1_no_official|P4_confusable|P5_b2c1_synset,1,先查 Démonette 直接词族与 DBnary 明示近/反义，再人工补第一条正式关系,
370,clin,NOM,B2,2.1894,0,0,0,0,0,5,1,4,3,3,P1_no_official,P1_no_official|P3_bridge|P4_confusable|P5_b2c1_synset,1,先查 Démonette 直接词族与 DBnary 明示近/反义，再人工补第一条正式关系,
371,pirogue,NOM,B1,2.1893,0,0,0,0,0,2,1,0,3,1,P1_no_official,P1_no_official|P4_confusable,1,先查 Démonette 直接词族与 DBnary 明示近/反义，再人工补第一条正式关系,
372,germanique,ADJ,B2,2.1859,0,0,0,0,0,2,1,0,0,2,P1_no_official,P1_no_official|P4_confusable|P5_b2c1_synset,1,先查 Démonette 直接词族与 DBnary 明示近/反义，再人工补第一条正式关系,
373,potager,NOM,B2,2.1586,0,0,0,0,0,2,1,1,2,3,P1_no_official,P1_no_official|P4_confusable|P5_b2c1_synset,1,先查 Démonette 直接词族与 DBnary 明示近/反义，再人工补第一条正式关系,园圃；菜园
374,vaccination,NOM,B2,2.155,0,0,0,0,0,1,1,1,1,1,P1_no_official,P1_no_official|P4_confusable|P5_b2c1_synset,1,先查 Démonette 直接词族与 DBnary 明示近/反义，再人工补第一条正式关系,
375,allégorie,NOM,B2,2.1296,0,0,0,0,0,3,1,0,1,1,P1_no_official,P1_no_official|P4_confusable|P5_b2c1_synset,1,先查 Démonette 直接词族与 DBnary 明示近/反义，再人工补第一条正式关系,讽喻；风喻
376,azote,NOM,B2,2.1089,0,0,0,0,0,4,1,0,0,0,P1_no_official,P1_no_official|P3_bridge|P5_b2c1_synset,1,先查 Démonette 直接词族与 DBnary 明示近/反义，再人工补第一条正式关系,氮
377,pelote,NOM,B1,2.0902,0,0,0,0,0,8,1,1,3,0,P1_no_official,P1_no_official|P3_bridge|P4_confusable,1,先查 Démonette 直接词族与 DBnary 明示近/反义，再人工补第一条正式关系,
378,cocarde,NOM,B2,2.0852,0,0,0,0,0,6,1,1,1,1,P1_no_official,P1_no_official|P3_bridge|P4_confusable|P5_b2c1_synset,1,先查 Démonette 直接词族与 DBnary 明示近/反义，再人工补第一条正式关系,
379,thermique,ADJ,B2,2.07,0,0,0,0,0,0,0,0,0,3,P1_no_official,P1_no_official|P4_confusable,1,先查 Démonette 直接词族与 DBnary 明示近/反义，再人工补第一条正式关系,热敏
380,xénophobe,ADJ,B2,2.061,0,0,0,0,0,1,1,0,0,0,P1_no_official,P1_no_official|P5_b2c1_synset,1,先查 Démonette 直接词族与 DBnary 明示近/反义，再人工补第一条正式关系,
381,relique,NOM,B1,2.06,0,0,0,0,0,6,1,0,3,2,P1_no_official,P1_no_official|P3_bridge|P4_confusable,1,先查 Démonette 直接词族与 DBnary 明示近/反义，再人工补第一条正式关系,文物；遗物
382,chamois,NOM,B2,2.0504,0,0,0,0,0,4,1,0,0,0,P1_no_official,P1_no_official|P3_bridge|P5_b2c1_synset,1,先查 Démonette 直接词族与 DBnary 明示近/反义，再人工补第一条正式关系,羚羊
383,repentir,VER,B2,2.0473,0,0,0,0,0,1,1,0,0,1,P1_no_official,P1_no_official|P4_confusable|P5_b2c1_synset,1,先查 Démonette 直接词族与 DBnary 明示近/反义，再人工补第一条正式关系,回头；懊悔
384,menton,NOM,B1,2.0463,0,0,0,0,0,3,1,0,3,2,P1_no_official,P1_no_official|P4_confusable,1,先查 Démonette 直接词族与 DBnary 明示近/反义，再人工补第一条正式关系,下巴
385,laguiole,NOM,B2,2.0346,0,0,0,0,0,3,1,0,0,0,P1_no_official,P1_no_official|P5_b2c1_synset,1,先查 Démonette 直接词族与 DBnary 明示近/反义，再人工补第一条正式关系,
386,multimédia,ADJ,B2,2.0175,0,0,0,0,0,1,1,0,1,1,P1_no_official,P1_no_official|P4_confusable|P5_b2c1_synset,1,先查 Démonette 直接词族与 DBnary 明示近/反义，再人工补第一条正式关系,多媒体
387,tilleul,NOM,B1,2.0162,0,0,0,0,0,5,1,0,1,1,P1_no_official,P1_no_official|P3_bridge|P4_confusable,1,先查 Démonette 直接词族与 DBnary 明示近/反义，再人工补第一条正式关系,椴
388,parvis,NOM,B2,2.0156,0,0,0,0,0,5,1,0,0,0,P1_no_official,P1_no_official|P3_bridge|P5_b2c1_synset,1,先查 Démonette 直接词族与 DBnary 明示近/反义，再人工补第一条正式关系,天井
389,toast,NOM,B2,2.0103,0,0,0,0,0,3,1,0,0,0,P1_no_official,P1_no_official|P5_b2c1_synset,1,先查 Démonette 直接词族与 DBnary 明示近/反义，再人工补第一条正式关系,
390,libéralisation,NOM,B2,2.0059,0,0,0,0,0,1,1,1,3,3,P1_no_official,P1_no_official|P4_confusable|P5_b2c1_synset,1,先查 Démonette 直接词族与 DBnary 明示近/反义，再人工补第一条正式关系,自由化
391,autel,NOM,B2,2.0035,0,0,0,0,0,4,1,0,1,2,P1_no_official,P1_no_official|P3_bridge|P4_confusable|P5_b2c1_synset,1,先查 Démonette 直接词族与 DBnary 明示近/反义，再人工补第一条正式关系,祭坛
392,cigale,NOM,B2,1.9991,0,0,0,0,0,3,1,0,2,3,P1_no_official,P1_no_official|P4_confusable|P5_b2c1_synset,1,先查 Démonette 直接词族与 DBnary 明示近/反义，再人工补第一条正式关系,寒蝉；知了
393,maréchal,NOM,B2,1.9876,0,0,0,0,0,5,1,0,1,0,P1_no_official,P1_no_official|P3_bridge|P4_confusable|P5_b2c1_synset,1,先查 Démonette 直接词族与 DBnary 明示近/反义，再人工补第一条正式关系,元帅
394,cerise,NOM,B2,1.9758,0,0,0,0,0,8,1,0,0,1,P1_no_official,P1_no_official|P3_bridge|P4_confusable|P5_b2c1_synset,1,先查 Démonette 直接词族与 DBnary 明示近/反义，再人工补第一条正式关系,樱桃
395,court,NOM,B1,1.9624,0,0,0,0,0,2,1,2,3,3,P1_no_official,P1_no_official|P4_confusable,1,先查 Démonette 直接词族与 DBnary 明示近/反义，再人工补第一条正式关系,短暂
396,vouvoyer,VER,B2,1.9568,0,0,0,0,0,1,1,0,0,0,P1_no_official,P1_no_official|P5_b2c1_synset,1,先查 Démonette 直接词族与 DBnary 明示近/反义，再人工补第一条正式关系,
397,consulat,NOM,B2,1.9518,0,0,0,0,0,5,1,0,1,0,P1_no_official,P1_no_official|P3_bridge|P4_confusable|P5_b2c1_synset,1,先查 Démonette 直接词族与 DBnary 明示近/反义，再人工补第一条正式关系,领事馆；领馆
398,filiation,NOM,B2,1.9463,0,0,0,0,0,4,1,1,2,3,P1_no_official,P1_no_official|P3_bridge|P4_confusable|P5_b2c1_synset,1,先查 Démonette 直接词族与 DBnary 明示近/反义，再人工补第一条正式关系,
399,laine,NOM,B1,1.9418,0,0,0,0,0,5,1,0,3,2,P1_no_official,P1_no_official|P3_bridge|P4_confusable,1,先查 Démonette 直接词族与 DBnary 明示近/反义，再人工补第一条正式关系,羊毛；莱恩
400,moustache,NOM,B1,1.941,0,0,0,0,0,3,1,0,1,1,P1_no_official,P1_no_official|P4_confusable,1,先查 Démonette 直接词族与 DBnary 明示近/反义，再人工补第一条正式关系,须；髭
401,gratitude,NOM,B1,1.9387,0,0,0,0,0,1,1,1,3,3,P1_no_official,P1_no_official|P4_confusable,1,先查 Démonette 直接词族与 DBnary 明示近/反义，再人工补第一条正式关系,感恩；感谢
402,absoudre,VER,B2,1.9376,0,0,0,0,0,5,1,1,0,1,P1_no_official,P1_no_official|P3_bridge|P4_confusable|P5_b2c1_synset,1,先查 Démonette 直接词族与 DBnary 明示近/反义，再人工补第一条正式关系,宽恕
403,gelée,NOM,B1,1.9143,0,0,0,0,0,6,1,1,3,3,P1_no_official,P1_no_official|P3_bridge|P4_confusable,1,先查 Démonette 直接词族与 DBnary 明示近/反义，再人工补第一条正式关系,冻
404,colonel,NOM,B1,1.8929,0,0,0,0,0,6,1,0,1,3,P1_no_official,P1_no_official|P3_bridge|P4_confusable,1,先查 Démonette 直接词族与 DBnary 明示近/反义，再人工补第一条正式关系,
405,vitro,NOM,B2,1.8876,0,0,0,0,0,0,0,0,0,3,P1_no_official,P1_no_official|P4_confusable,1,先查 Démonette 直接词族与 DBnary 明示近/反义，再人工补第一条正式关系,
406,dénomination,NOM,B2,1.8464,0,0,0,0,0,3,1,1,1,1,P1_no_official,P1_no_official|P4_confusable|P5_b2c1_synset,1,先查 Démonette 直接词族与 DBnary 明示近/反义，再人工补第一条正式关系,
407,manuel,ADJ,B1,1.8459,0,0,0,0,0,2,1,0,1,3,P1_no_official,P1_no_official|P4_confusable,1,先查 Démonette 直接词族与 DBnary 明示近/反义，再人工补第一条正式关系,手册；手动
408,reggae,NOM,B1,1.8456,0,0,0,0,0,1,1,0,1,0,P1_no_official,P1_no_official|P4_confusable,1,先查 Démonette 直接词族与 DBnary 明示近/反义，再人工补第一条正式关系,
409,ozone,NOM,B2,1.8331,0,0,0,0,0,1,1,0,2,0,P1_no_official,P1_no_official|P4_confusable|P5_b2c1_synset,1,先查 Démonette 直接词族与 DBnary 明示近/反义，再人工补第一条正式关系,臭氧
410,sabbatique,ADJ,B2,1.8328,0,0,0,0,0,3,1,0,1,0,P1_no_official,P1_no_official|P4_confusable|P5_b2c1_synset,1,先查 Démonette 直接词族与 DBnary 明示近/反义，再人工补第一条正式关系,
411,miauler,VER,B2,1.7988,0,0,0,0,0,3,1,0,0,0,P1_no_official,P1_no_official|P5_b2c1_synset,1,先查 Démonette 直接词族与 DBnary 明示近/反义，再人工补第一条正式关系,叫春；咪咪
412,tactique,NOM,B2,1.7984,0,0,0,0,0,3,1,0,0,1,P1_no_official,P1_no_official|P4_confusable|P5_b2c1_synset,1,先查 Démonette 直接词族与 DBnary 明示近/反义，再人工补第一条正式关系,战术；策略
413,émeraude,NOM,B2,1.7926,0,0,0,0,0,3,1,0,1,0,P1_no_official,P1_no_official|P4_confusable|P5_b2c1_synset,1,先查 Démonette 直接词族与 DBnary 明示近/反义，再人工补第一条正式关系,碧玉
414,estomac,NOM,B2,1.7873,0,0,0,0,0,4,1,0,1,0,P1_no_official,P1_no_official|P3_bridge|P4_confusable|P5_b2c1_synset,1,先查 Démonette 直接词族与 DBnary 明示近/反义，再人工补第一条正式关系,胃
415,longer,VER,B2,1.7724,0,0,0,0,0,6,1,0,3,3,P1_no_official,P1_no_official|P3_bridge|P4_confusable|P5_b2c1_synset,1,先查 Démonette 直接词族与 DBnary 明示近/反义，再人工补第一条正式关系,沿
416,câble,NOM,B2,1.755,0,0,0,0,0,8,1,0,3,3,P1_no_official,P1_no_official|P3_bridge|P4_confusable|P5_b2c1_synset,1,先查 Démonette 直接词族与 DBnary 明示近/反义，再人工补第一条正式关系,有线；电缆
417,clonage,NOM,B2,1.7528,0,0,0,0,0,5,1,1,1,1,P1_no_official,P1_no_official|P3_bridge|P4_confusable|P5_b2c1_synset,1,先查 Démonette 直接词族与 DBnary 明示近/反义，再人工补第一条正式关系,克隆
418,mousquetaire,NOM,B2,1.7243,0,0,0,0,0,4,1,0,0,0,P1_no_official,P1_no_official|P3_bridge|P5_b2c1_synset,1,先查 Démonette 直接词族与 DBnary 明示近/反义，再人工补第一条正式关系,
419,caviar,NOM,B2,1.7081,0,0,0,0,0,5,1,0,0,1,P1_no_official,P1_no_official|P3_bridge|P4_confusable|P5_b2c1_synset,1,先查 Démonette 直接词族与 DBnary 明示近/反义，再人工补第一条正式关系,
420,jouteur,NOM,B2,1.7068,0,0,0,0,0,1,1,1,2,1,P1_no_official,P1_no_official|P4_confusable|P5_b2c1_synset,1,先查 Démonette 直接词族与 DBnary 明示近/反义，再人工补第一条正式关系,
421,sédentarité,NOM,B2,1.7033,0,0,0,0,0,3,1,0,0,0,P1_no_official,P1_no_official|P5_b2c1_synset,1,先查 Démonette 直接词族与 DBnary 明示近/反义，再人工补第一条正式关系,
422,sacrement,NOM,B2,1.6708,0,0,0,0,0,5,1,0,3,2,P1_no_official,P1_no_official|P3_bridge|P4_confusable|P5_b2c1_synset,1,先查 Démonette 直接词族与 DBnary 明示近/反义，再人工补第一条正式关系,
423,pop,ADJ,B1,1.666,0,0,0,0,0,1,1,0,1,0,P1_no_official,P1_no_official|P4_confusable,1,先查 Démonette 直接词族与 DBnary 明示近/反义，再人工补第一条正式关系,流行歌曲；流行音乐
424,lifting,NOM,B2,1.6052,0,0,0,0,0,2,1,0,3,2,P1_no_official,P1_no_official|P4_confusable|P5_b2c1_synset,1,先查 Démonette 直接词族与 DBnary 明示近/反义，再人工补第一条正式关系,整容
425,ration,NOM,B2,1.6052,0,0,0,0,0,3,1,3,3,3,P1_no_official,P1_no_official|P4_confusable|P5_b2c1_synset,1,先查 Démonette 直接词族与 DBnary 明示近/反义，再人工补第一条正式关系,配额
426,grange,NOM,B2,1.5931,0,0,0,0,0,2,1,0,1,2,P1_no_official,P1_no_official|P4_confusable|P5_b2c1_synset,1,先查 Démonette 直接词族与 DBnary 明示近/反义，再人工补第一条正式关系,仓；囤
427,figer,VER,B2,1.5891,0,0,0,0,0,3,1,0,0,2,P1_no_official,P1_no_official|P4_confusable|P5_b2c1_synset,1,先查 Démonette 直接词族与 DBnary 明示近/反义，再人工补第一条正式关系,不动
428,diabète,NOM,B2,1.5825,0,0,0,0,0,2,1,0,0,0,P1_no_official,P1_no_official|P5_b2c1_synset,1,先查 Démonette 直接词族与 DBnary 明示近/反义，再人工补第一条正式关系,
429,paramètre,NOM,B2,1.5825,0,0,0,0,0,5,1,1,1,1,P1_no_official,P1_no_official|P3_bridge|P4_confusable|P5_b2c1_synset,1,先查 Démonette 直接词族与 DBnary 明示近/反义，再人工补第一条正式关系,五面体；参数
430,cortex,NOM,B2,1.581,0,0,0,0,0,3,1,1,2,1,P1_no_official,P1_no_official|P4_confusable|P5_b2c1_synset,1,先查 Démonette 直接词族与 DBnary 明示近/反义，再人工补第一条正式关系,
431,incontestable,ADJ,B2,1.581,0,0,0,0,0,1,1,1,1,1,P1_no_official,P1_no_official|P4_confusable|P5_b2c1_synset,1,先查 Démonette 直接词族与 DBnary 明示近/反义，再人工补第一条正式关系,不争；不容置疑
432,centenaire,ADJ,B2,1.575,0,0,0,0,0,0,0,1,2,3,P1_no_official,P1_no_official|P4_confusable,1,先查 Démonette 直接词族与 DBnary 明示近/反义，再人工补第一条正式关系,
433,brasserie,NOM,B2,1.5715,0,0,0,0,0,4,1,1,3,1,P1_no_official,P1_no_official|P3_bridge|P4_confusable|P5_b2c1_synset,1,先查 Démonette 直接词族与 DBnary 明示近/反义，再人工补第一条正式关系,酒厂
434,coca,NOM,B2,1.5677,0,0,0,0,0,8,1,0,2,1,P1_no_official,P1_no_official|P3_bridge|P4_confusable|P5_b2c1_synset,1,先查 Démonette 直接词族与 DBnary 明示近/反义，再人工补第一条正式关系,可加
435,calorie,NOM,B2,1.5672,0,0,0,0,0,3,1,2,2,2,P1_no_official,P1_no_official|P4_confusable|P5_b2c1_synset,1,先查 Démonette 直接词族与 DBnary 明示近/反义，再人工补第一条正式关系,卡路里
436,tronc,NOM,B2,1.5627,0,0,0,0,0,7,1,1,1,3,P1_no_official,P1_no_official|P3_bridge|P4_confusable|P5_b2c1_synset,1,先查 Démonette 直接词族与 DBnary 明示近/反义，再人工补第一条正式关系,主干；树干
437,tricolore,ADJ,B2,1.5611,0,0,0,0,0,3,1,0,3,1,P1_no_official,P1_no_official|P4_confusable|P5_b2c1_synset,1,先查 Démonette 直接词族与 DBnary 明示近/反义，再人工补第一条正式关系,
438,éolien,ADJ,B2,1.5608,0,0,0,0,0,7,1,0,1,1,P1_no_official,P1_no_official|P3_bridge|P4_confusable|P5_b2c1_synset,1,先查 Démonette 直接词族与 DBnary 明示近/反义，再人工补第一条正式关系,
439,soviétique,ADJ,B2,1.558,0,0,0,0,0,2,1,0,0,0,P1_no_official,P1_no_official|P5_b2c1_synset,1,先查 Démonette 直接词族与 DBnary 明示近/反义，再人工补第一条正式关系,苏
440,prêt-à-porter,NOM,B2,1.5577,0,0,0,0,0,1,1,1,0,0,P1_no_official,P1_no_official|P5_b2c1_synset,1,先查 Démonette 直接词族与 DBnary 明示近/反义，再人工补第一条正式关系,成衣
441,cybernétique,NOM,B2,1.5563,0,0,0,0,0,2,1,0,0,0,P1_no_official,P1_no_official|P5_b2c1_synset,1,先查 Démonette 直接词族与 DBnary 明示近/反义，再人工补第一条正式关系,
442,nausée,NOM,B2,1.5548,0,0,0,0,0,2,1,0,0,0,P1_no_official,P1_no_official|P5_b2c1_synset,1,先查 Démonette 直接词族与 DBnary 明示近/反义，再人工补第一条正式关系,恶心
443,digestion,NOM,B2,1.5545,0,0,0,0,0,2,1,0,0,2,P1_no_official,P1_no_official|P4_confusable|P5_b2c1_synset,1,先查 Démonette 直接词族与 DBnary 明示近/反义，再人工补第一条正式关系,
444,rapide,NOM,B2,1.5537,0,0,0,0,0,4,1,1,2,1,P1_no_official,P1_no_official|P3_bridge|P4_confusable|P5_b2c1_synset,1,先查 Démonette 直接词族与 DBnary 明示近/反义，再人工补第一条正式关系,快速；急促
445,emprise,NOM,B2,1.5523,0,0,0,0,0,7,1,1,3,3,P1_no_official,P1_no_official|P3_bridge|P4_confusable|P5_b2c1_synset,1,先查 Démonette 直接词族与 DBnary 明示近/反义，再人工补第一条正式关系,
446,phoque,NOM,B2,1.5511,0,0,0,0,0,1,1,0,2,1,P1_no_official,P1_no_official|P4_confusable|P5_b2c1_synset,1,先查 Démonette 直接词族与 DBnary 明示近/反义，再人工补第一条正式关系,
447,ver,NOM,B2,1.5509,0,0,0,0,0,4,1,0,3,2,P1_no_official,P1_no_official|P3_bridge|P4_confusable|P5_b2c1_synset,1,先查 Démonette 直接词族与 DBnary 明示近/反义，再人工补第一条正式关系,虫儿；虫子
448,wagon,NOM,B2,1.5477,0,0,0,0,0,5,1,0,3,3,P1_no_official,P1_no_official|P3_bridge|P4_confusable|P5_b2c1_synset,1,先查 Démonette 直接词族与 DBnary 明示近/反义，再人工补第一条正式关系,车厢
449,rein,NOM,B2,1.5464,0,0,0,0,0,4,1,0,3,2,P1_no_official,P1_no_official|P3_bridge|P4_confusable|P5_b2c1_synset,1,先查 Démonette 直接词族与 DBnary 明示近/反义，再人工补第一条正式关系,肾脏；腰部
450,ferroviaire,ADJ,B2,1.5448,0,0,0,0,0,2,1,0,0,0,P1_no_official,P1_no_official|P5_b2c1_synset,1,先查 Démonette 直接词族与 DBnary 明示近/反义，再人工补第一条正式关系,
451,deçà,ADV,B2,1.5432,0,0,0,0,0,1,1,1,1,0,P1_no_official,P1_no_official|P4_confusable|P5_b2c1_synset,1,先查 Démonette 直接词族与 DBnary 明示近/反义，再人工补第一条正式关系,
452,confection,NOM,B2,1.542,0,0,0,0,0,3,1,1,2,2,P1_no_official,P1_no_official|P4_confusable|P5_b2c1_synset,1,先查 Démonette 直接词族与 DBnary 明示近/反义，再人工补第一条正式关系,
453,folklore,NOM,B2,1.5417,0,0,0,0,0,1,1,0,2,1,P1_no_official,P1_no_official|P4_confusable|P5_b2c1_synset,1,先查 Démonette 直接词族与 DBnary 明示近/反义，再人工补第一条正式关系,传说；民俗
454,dam,NOM,B2,1.5381,0,0,0,0,0,3,1,1,1,3,P1_no_official,P1_no_official|P4_confusable|P5_b2c1_synset,1,先查 Démonette 直接词族与 DBnary 明示近/反义，再人工补第一条正式关系,
455,narrateur,NOM,B2,1.5376,0,0,0,0,0,2,1,0,0,0,P1_no_official,P1_no_official|P5_b2c1_synset,1,先查 Démonette 直接词族与 DBnary 明示近/反义，再人工补第一条正式关系,
456,brebis,NOM,B2,1.5373,0,0,0,0,0,4,1,0,0,0,P1_no_official,P1_no_official|P3_bridge|P5_b2c1_synset,1,先查 Démonette 直接词族与 DBnary 明示近/反义，再人工补第一条正式关系,牂
457,hospitalité,NOM,B2,1.5373,0,0,0,0,0,5,1,1,2,2,P1_no_official,P1_no_official|P3_bridge|P4_confusable|P5_b2c1_synset,1,先查 Démonette 直接词族与 DBnary 明示近/反义，再人工补第一条正式关系,款待
458,au-devant,ADV,B2,1.5363,0,0,0,0,0,1,1,0,0,3,P1_no_official,P1_no_official|P4_confusable|P5_b2c1_synset,1,先查 Démonette 直接词族与 DBnary 明示近/反义，再人工补第一条正式关系,
459,poêle,NOM,B2,1.5363,0,0,0,0,0,9,1,0,3,1,P1_no_official,P1_no_official|P3_bridge|P4_confusable|P5_b2c1_synset,1,先查 Démonette 直接词族与 DBnary 明示近/反义，再人工补第一条正式关系,火炉；灶具
460,melon,NOM,B2,1.5342,0,0,0,0,0,7,1,0,3,1,P1_no_official,P1_no_official|P3_bridge|P4_confusable|P5_b2c1_synset,1,先查 Démonette 直接词族与 DBnary 明示近/反义，再人工补第一条正式关系,瓜
461,demi-douzaine,NOM,B2,1.5328,0,0,0,0,0,1,1,1,1,1,P1_no_official,P1_no_official|P4_confusable|P5_b2c1_synset,1,先查 Démonette 直接词族与 DBnary 明示近/反义，再人工补第一条正式关系,
462,monseigneur,NOM,B2,1.5325,0,0,0,0,0,0,0,0,1,1,P1_no_official,P1_no_official|P4_confusable,1,先查 Démonette 直接词族与 DBnary 明示近/反义，再人工补第一条正式关系,老爷
463,loft,NOM,B2,1.532,0,0,0,0,0,0,0,0,1,3,P1_no_official,P1_no_official|P4_confusable,1,先查 Démonette 直接词族与 DBnary 明示近/反义，再人工补第一条正式关系,
464,antan,NOM,B2,1.5263,0,0,0,0,0,0,0,1,1,3,P1_no_official,P1_no_official|P4_confusable,1,先查 Démonette 直接词族与 DBnary 明示近/反义，再人工补第一条正式关系,
465,invariablement,ADV,B2,1.5257,0,0,0,0,0,1,1,1,0,1,P1_no_official,P1_no_official|P4_confusable|P5_b2c1_synset,1,先查 Démonette 直接词族与 DBnary 明示近/反义，再人工补第一条正式关系,
466,criminologue,NOM,B2,1.5225,0,0,0,0,0,1,1,1,0,0,P1_no_official,P1_no_official|P5_b2c1_synset,1,先查 Démonette 直接词族与 DBnary 明示近/反义，再人工补第一条正式关系,
467,effervescent,ADJ,B2,1.5205,0,0,0,0,0,2,1,0,0,0,P1_no_official,P1_no_official|P5_b2c1_synset,1,先查 Démonette 直接词族与 DBnary 明示近/反义，再人工补第一条正式关系,
468,syllabe,NOM,B2,1.5202,0,0,0,0,0,2,1,0,3,0,P1_no_official,P1_no_official|P4_confusable|P5_b2c1_synset,1,先查 Démonette 直接词族与 DBnary 明示近/反义，再人工补第一条正式关系,音节
469,papillon,NOM,B2,1.5196,0,0,0,0,0,13,1,0,1,1,P1_no_official,P1_no_official|P3_bridge|P4_confusable|P5_b2c1_synset,1,先查 Démonette 直接词族与 DBnary 明示近/反义，再人工补第一条正式关系,蝴蝶
470,deuxièmement,ADV,B2,1.5191,0,0,0,0,0,1,1,1,0,1,P1_no_official,P1_no_official|P4_confusable|P5_b2c1_synset,1,先查 Démonette 直接词族与 DBnary 明示近/反义，再人工补第一条正式关系,其次；第二
471,paver,VER,B2,1.5162,0,0,0,0,0,2,1,0,0,1,P1_no_official,P1_no_official|P4_confusable|P5_b2c1_synset,1,先查 Démonette 直接词族与 DBnary 明示近/反义，再人工补第一条正式关系,墁
472,propulser,VER,B2,1.5162,0,0,0,0,0,2,1,1,1,1,P1_no_official,P1_no_official|P4_confusable|P5_b2c1_synset,1,先查 Démonette 直接词族与 DBnary 明示近/反义，再人工补第一条正式关系,推进；驱动
473,capuchon,NOM,B2,1.5158,0,0,0,0,0,7,1,1,0,0,P1_no_official,P1_no_official|P3_bridge|P5_b2c1_synset,1,先查 Démonette 直接词族与 DBnary 明示近/反义，再人工补第一条正式关系,披风
474,iris,NOM,B2,1.5155,0,0,0,0,0,8,1,0,0,3,P1_no_official,P1_no_official|P3_bridge|P4_confusable|P5_b2c1_synset,1,先查 Démonette 直接词族与 DBnary 明示近/反义，再人工补第一条正式关系,
475,transaction,NOM,B2,1.5117,0,0,0,0,0,4,1,1,0,0,P1_no_official,P1_no_official|P3_bridge|P5_b2c1_synset,1,先查 Démonette 直接词族与 DBnary 明示近/反义，再人工补第一条正式关系,交易；报告书
476,sublimer,VER,B2,1.5094,0,0,0,0,0,5,1,1,2,2,P1_no_official,P1_no_official|P3_bridge|P4_confusable|P5_b2c1_synset,1,先查 Démonette 直接词族与 DBnary 明示近/反义，再人工补第一条正式关系,
477,répercussion,NOM,B2,1.5088,0,0,0,0,0,2,1,0,0,0,P1_no_official,P1_no_official|P5_b2c1_synset,1,先查 Démonette 直接词族与 DBnary 明示近/反义，再人工补第一条正式关系,反响
478,roumain,ADJ,B2,1.5045,0,0,0,0,0,1,1,0,1,0,P1_no_official,P1_no_official|P4_confusable|P5_b2c1_synset,1,先查 Démonette 直接词族与 DBnary 明示近/反义，再人工补第一条正式关系,
479,boudoir,NOM,B2,1.5031,0,0,0,0,0,2,1,1,2,1,P1_no_official,P1_no_official|P4_confusable|P5_b2c1_synset,1,先查 Démonette 直接词族与 DBnary 明示近/反义，再人工补第一条正式关系,闺
480,moyenner,VER,B2,1.5019,0,0,0,0,0,5,1,0,2,0,P1_no_official,P1_no_official|P3_bridge|P4_confusable|P5_b2c1_synset,1,先查 Démonette 直接词族与 DBnary 明示近/反义，再人工补第一条正式关系,
481,russe,NOM,B2,1.501,0,0,0,0,0,5,1,0,3,2,P1_no_official,P1_no_official|P3_bridge|P4_confusable|P5_b2c1_synset,1,先查 Démonette 直接词族与 DBnary 明示近/反义，再人工补第一条正式关系,俄语
482,trotter,VER,B2,1.498,0,0,0,0,0,6,1,1,3,3,P1_no_official,P1_no_official|P3_bridge|P4_confusable|P5_b2c1_synset,1,先查 Démonette 直接词族与 DBnary 明示近/反义，再人工补第一条正式关系,
483,galère,NOM,B2,1.4975,0,0,0,0,0,9,1,0,3,3,P1_no_official,P1_no_official|P3_bridge|P4_confusable|P5_b2c1_synset,1,先查 Démonette 直接词族与 DBnary 明示近/反义，再人工补第一条正式关系,
484,induire,VER,B2,1.4975,0,0,0,0,0,3,1,1,2,2,P1_no_official,P1_no_official|P4_confusable|P5_b2c1_synset,1,先查 Démonette 直接词族与 DBnary 明示近/反义，再人工补第一条正式关系,勾起；导出
485,fresque,NOM,B2,1.4943,0,0,0,0,0,4,1,0,2,1,P1_no_official,P1_no_official|P3_bridge|P4_confusable|P5_b2c1_synset,1,先查 Démonette 直接词族与 DBnary 明示近/反义，再人工补第一条正式关系,壁画
486,relais,NOM,B2,1.4872,0,0,0,0,0,14,1,1,1,2,P1_no_official,P1_no_official|P3_bridge|P4_confusable|P5_b2c1_synset,1,先查 Démonette 直接词族与 DBnary 明示近/反义，再人工补第一条正式关系,接力
487,orme,NOM,B2,1.4853,0,0,0,0,0,1,1,0,0,0,P1_no_official,P1_no_official|P5_b2c1_synset,1,先查 Démonette 直接词族与 DBnary 明示近/反义，再人工补第一条正式关系,榆；樠
488,incurable,ADJ,B2,1.4845,0,0,0,0,0,2,1,1,1,0,P1_no_official,P1_no_official|P4_confusable|P5_b2c1_synset,1,先查 Démonette 直接词族与 DBnary 明示近/反义，再人工补第一条正式关系,无可救药
489,lézard,NOM,B2,1.4843,0,0,0,0,0,4,1,0,1,2,P1_no_official,P1_no_official|P3_bridge|P4_confusable|P5_b2c1_synset,1,先查 Démonette 直接词族与 DBnary 明示近/反义，再人工补第一条正式关系,蜥蜴
490,biais,NOM,B2,1.4839,0,0,0,0,0,8,1,0,2,0,P1_no_official,P1_no_official|P3_bridge|P4_confusable|P5_b2c1_synset,1,先查 Démonette 直接词族与 DBnary 明示近/反义，再人工补第一条正式关系,
491,bulle,NOM,B2,1.4829,0,0,0,0,0,18,1,0,2,2,P1_no_official,P1_no_official|P3_bridge|P4_confusable|P5_b2c1_synset,1,先查 Démonette 直接词族与 DBnary 明示近/反义，再人工补第一条正式关系,水泡；疱疹
492,fiançailles,NOM,B2,1.4823,0,0,0,0,0,3,1,1,1,0,P1_no_official,P1_no_official|P4_confusable|P5_b2c1_synset,1,先查 Démonette 直接词族与 DBnary 明示近/反义，再人工补第一条正式关系,定亲；订婚
493,querelle,NOM,B2,1.4815,0,0,0,0,0,1,1,0,1,2,P1_no_official,P1_no_official|P4_confusable|P5_b2c1_synset,1,先查 Démonette 直接词族与 DBnary 明示近/反义，再人工补第一条正式关系,口角；吵架
494,sors,NOM,B2,1.4812,0,0,0,0,0,1,1,0,2,1,P1_no_official,P1_no_official|P4_confusable|P5_b2c1_synset,1,先查 Démonette 直接词族与 DBnary 明示近/反义，再人工补第一条正式关系,
495,pavaner,VER,B2,1.4794,0,0,0,0,0,3,1,0,0,0,P1_no_official,P1_no_official|P5_b2c1_synset,1,先查 Démonette 直接词族与 DBnary 明示近/反义，再人工补第一条正式关系,
496,soi-disant,ADJ,B2,1.4791,0,0,0,0,0,2,1,0,0,0,P1_no_official,P1_no_official|P5_b2c1_synset,1,先查 Démonette 直接词族与 DBnary 明示近/反义，再人工补第一条正式关系,所谓
497,lentille,NOM,B2,1.4777,0,0,0,0,0,0,0,0,3,1,P1_no_official,P1_no_official|P4_confusable,1,先查 Démonette 直接词族与 DBnary 明示近/反义，再人工补第一条正式关系,
498,lieutenant,NOM,B2,1.4762,0,0,0,0,0,7,1,1,0,2,P1_no_official,P1_no_official|P3_bridge|P4_confusable|P5_b2c1_synset,1,先查 Démonette 直接词族与 DBnary 明示近/反义，再人工补第一条正式关系,中尉
499,socioculturel,ADJ,B2,1.4745,0,0,0,0,0,2,1,1,1,0,P1_no_official,P1_no_official|P4_confusable|P5_b2c1_synset,1,先查 Démonette 直接词族与 DBnary 明示近/反义，再人工补第一条正式关系,
500,entrouvrir,VER,B2,1.473,0,0,0,0,0,2,1,1,1,2,P1_no_official,P1_no_official|P4_confusable|P5_b2c1_synset,1,先查 Démonette 直接词族与 DBnary 明示近/反义，再人工补第一条正式关系,
501,billard,NOM,B2,1.4716,0,0,0,0,0,6,1,1,1,2,P1_no_official,P1_no_official|P3_bridge|P4_confusable|P5_b2c1_synset,1,先查 Démonette 直接词族与 DBnary 明示近/反义，再人工补第一条正式关系,台球
502,aune,NOM,B2,1.4708,0,0,0,0,0,5,1,0,2,0,P1_no_official,P1_no_official|P3_bridge|P4_confusable|P5_b2c1_synset,1,先查 Démonette 直接词族与 DBnary 明示近/反义，再人工补第一条正式关系,
503,autruche,NOM,B2,1.4702,0,0,0,0,0,5,1,0,2,2,P1_no_official,P1_no_official|P3_bridge|P4_confusable|P5_b2c1_synset,1,先查 Démonette 直接词族与 DBnary 明示近/反义，再人工补第一条正式关系,鸵鸟
504,récurrent,ADJ,B2,1.4674,0,0,0,0,0,3,1,1,0,0,P1_no_official,P1_no_official|P5_b2c1_synset,1,先查 Démonette 直接词族与 DBnary 明示近/反义，再人工补第一条正式关系,
505,cascade,NOM,B2,1.4638,0,0,0,0,0,6,1,0,2,1,P1_no_official,P1_no_official|P3_bridge|P4_confusable|P5_b2c1_synset,1,先查 Démonette 直接词族与 DBnary 明示近/反义，再人工补第一条正式关系,悬河；特技
506,vit,NOM,B2,1.4585,0,0,0,0,0,1,1,0,1,0,P1_no_official,P1_no_official|P4_confusable|P5_b2c1_synset,1,先查 Démonette 直接词族与 DBnary 明示近/反义，再人工补第一条正式关系,
507,méthane,NOM,B2,1.4564,0,0,0,0,0,1,1,0,2,3,P1_no_official,P1_no_official|P4_confusable|P5_b2c1_synset,1,先查 Démonette 直接词族与 DBnary 明示近/反义，再人工补第一条正式关系,沼气；甲烷
508,savon,NOM,B2,1.4545,0,0,0,0,0,2,1,0,3,3,P1_no_official,P1_no_official|P4_confusable|P5_b2c1_synset,1,先查 Démonette 直接词族与 DBnary 明示近/反义，再人工补第一条正式关系,斥责；肥皂
509,menuisier,NOM,B2,1.4489,0,0,0,0,0,1,1,1,0,0,P1_no_official,P1_no_official|P5_b2c1_synset,1,先查 Démonette 直接词族与 DBnary 明示近/反义，再人工补第一条正式关系,木匠；木工
510,défaillir,VER,B2,1.4462,0,0,0,0,0,3,1,1,3,3,P1_no_official,P1_no_official|P4_confusable|P5_b2c1_synset,1,先查 Démonette 直接词族与 DBnary 明示近/反义，再人工补第一条正式关系,
511,coloniser,VER,B2,1.4449,0,0,0,0,0,2,1,1,3,3,P1_no_official,P1_no_official|P4_confusable|P5_b2c1_synset,1,先查 Démonette 直接词族与 DBnary 明示近/反义，再人工补第一条正式关系,殖民
512,essuie-glace,NOM,B2,1.4445,0,0,0,0,0,1,1,1,0,0,P1_no_official,P1_no_official|P5_b2c1_synset,1,先查 Démonette 直接词族与 DBnary 明示近/反义，再人工补第一条正式关系,
513,aromatique,ADJ,B2,1.4437,0,0,0,0,0,3,1,0,0,1,P1_no_official,P1_no_official|P4_confusable|P5_b2c1_synset,1,先查 Démonette 直接词族与 DBnary 明示近/反义，再人工补第一条正式关系,芳香；香的
514,contre-culture,NOM,B2,1.4426,0,0,0,0,0,2,1,1,1,3,P1_no_official,P1_no_official|P4_confusable|P5_b2c1_synset,1,先查 Démonette 直接词族与 DBnary 明示近/反义，再人工补第一条正式关系,
515,major,NOM,B2,1.4405,0,0,0,0,0,0,0,1,3,0,P1_no_official,P1_no_official|P4_confusable,1,先查 Démonette 直接词族与 DBnary 明示近/反义，再人工补第一条正式关系,少校
516,adonner,VER,B2,1.4403,0,0,0,0,0,7,1,1,2,3,P1_no_official,P1_no_official|P3_bridge|P4_confusable|P5_b2c1_synset,1,先查 Démonette 直接词族与 DBnary 明示近/反义，再人工补第一条正式关系,
517,icône,NOM,B2,1.4393,0,0,0,0,0,4,1,0,2,2,P1_no_official,P1_no_official|P3_bridge|P4_confusable|P5_b2c1_synset,1,先查 Démonette 直接词族与 DBnary 明示近/反义，再人工补第一条正式关系,图标；图示
518,gala,NOM,B2,1.4323,0,0,0,0,0,4,1,0,2,1,P1_no_official,P1_no_official|P3_bridge|P4_confusable|P5_b2c1_synset,1,先查 Démonette 直接词族与 DBnary 明示近/反义，再人工补第一条正式关系,
519,mutiler,VER,B2,1.4303,0,0,0,0,0,3,1,0,2,1,P1_no_official,P1_no_official|P4_confusable|P5_b2c1_synset,1,先查 Démonette 直接词族与 DBnary 明示近/反义，再人工补第一条正式关系,
520,individualisé,ADJ,B2,1.4296,0,0,0,0,0,0,0,1,3,3,P1_no_official,P1_no_official|P4_confusable,1,先查 Démonette 直接词族与 DBnary 明示近/反义，再人工补第一条正式关系,
521,guêpe,NOM,B2,1.4286,0,0,0,0,0,2,1,0,0,3,P1_no_official,P1_no_official|P4_confusable|P5_b2c1_synset,1,先查 Démonette 直接词族与 DBnary 明示近/反义，再人工补第一条正式关系,胡蜂；马蜂
522,porte-parole,NOM,B2,1.4252,0,0,0,0,0,2,1,0,1,1,P1_no_official,P1_no_official|P4_confusable|P5_b2c1_synset,1,先查 Démonette 直接词族与 DBnary 明示近/反义，再人工补第一条正式关系,代言人；发言人
523,parasol,NOM,B2,1.4239,0,0,0,0,0,0,0,3,3,0,P1_no_official,P1_no_official|P4_confusable,1,先查 Démonette 直接词族与 DBnary 明示近/反义，再人工补第一条正式关系,旱伞
524,hydroélectrique,ADJ,B2,1.4153,0,0,0,0,0,1,1,0,2,1,P1_no_official,P1_no_official|P4_confusable|P5_b2c1_synset,1,先查 Démonette 直接词族与 DBnary 明示近/反义，再人工补第一条正式关系,
525,paume,NOM,B2,1.4144,0,0,0,0,0,3,1,1,1,1,P1_no_official,P1_no_official|P4_confusable|P5_b2c1_synset,1,先查 Démonette 直接词族与 DBnary 明示近/反义，再人工补第一条正式关系,巴掌；手心
526,concertation,NOM,B2,1.4033,0,0,0,0,0,1,1,0,2,1,P1_no_official,P1_no_official|P4_confusable|P5_b2c1_synset,1,先查 Démonette 直接词族与 DBnary 明示近/反义，再人工补第一条正式关系,商议
527,par,NOM,B2,1.3982,0,0,0,0,0,2,1,3,0,3,P1_no_official,P1_no_official|P4_confusable|P5_b2c1_synset,1,先查 Démonette 直接词族与 DBnary 明示近/反义，再人工补第一条正式关系,出于；在旁
528,rallye,NOM,B2,1.3969,0,0,0,0,0,6,1,0,0,1,P1_no_official,P1_no_official|P3_bridge|P4_confusable|P5_b2c1_synset,1,先查 Démonette 直接词族与 DBnary 明示近/反义，再人工补第一条正式关系,拉力赛
529,duel,NOM,B2,1.3957,0,0,0,0,0,4,1,0,0,1,P1_no_official,P1_no_official|P3_bridge|P4_confusable|P5_b2c1_synset,1,先查 Démonette 直接词族与 DBnary 明示近/反义，再人工补第一条正式关系,决斗；对抗赛
530,aubaine,NOM,B2,1.3886,0,0,0,0,0,4,1,0,0,3,P1_no_official,P1_no_official|P3_bridge|P4_confusable|P5_b2c1_synset,1,先查 Démonette 直接词族与 DBnary 明示近/反义，再人工补第一条正式关系,机会
531,enclave,NOM,B2,1.387,0,0,0,0,0,5,1,1,1,1,P1_no_official,P1_no_official|P3_bridge|P4_confusable|P5_b2c1_synset,1,先查 Démonette 直接词族与 DBnary 明示近/反义，再人工补第一条正式关系,飞地
532,raisin,NOM,B2,1.3864,0,0,0,0,0,5,1,0,0,0,P1_no_official,P1_no_official|P3_bridge|P5_b2c1_synset,1,先查 Démonette 直接词族与 DBnary 明示近/反义，再人工补第一条正式关系,葡萄
533,orphelin,ADJ,B2,1.3814,0,0,0,0,0,3,1,1,2,2,P1_no_official,P1_no_official|P4_confusable|P5_b2c1_synset,1,先查 Démonette 直接词族与 DBnary 明示近/反义，再人工补第一条正式关系,孤儿；孤哀子
534,participe,NOM,B2,1.3762,0,0,0,0,0,2,1,1,1,3,P1_no_official,P1_no_official|P4_confusable|P5_b2c1_synset,1,先查 Démonette 直接词族与 DBnary 明示近/反义，再人工补第一条正式关系,
535,placer,NOM,B2,1.3762,0,0,0,0,0,1,1,0,3,1,P1_no_official,P1_no_official|P4_confusable|P5_b2c1_synset,1,先查 Démonette 直接词族与 DBnary 明示近/反义，再人工补第一条正式关系,安置；安装
536,vogue,NOM,B2,1.3733,0,0,0,0,0,6,1,0,3,1,P1_no_official,P1_no_official|P3_bridge|P4_confusable|P5_b2c1_synset,1,先查 Démonette 直接词族与 DBnary 明示近/反义，再人工补第一条正式关系,红
537,nager,VER,B2,1.3675,0,0,0,0,0,8,1,0,0,0,P1_no_official,P1_no_official|P3_bridge|P5_b2c1_synset,1,先查 Démonette 直接词族与 DBnary 明示近/反义，再人工补第一条正式关系,凫水；泅水
538,reptile,NOM,B2,1.3672,0,0,0,0,0,4,1,0,0,1,P1_no_official,P1_no_official|P3_bridge|P4_confusable|P5_b2c1_synset,1,先查 Démonette 直接词族与 DBnary 明示近/反义，再人工补第一条正式关系,爬虫；爬虫动物
539,entre-temps,ADV,B2,1.365,0,0,0,0,0,1,1,1,2,2,P1_no_official,P1_no_official|P4_confusable|P5_b2c1_synset,1,先查 Démonette 直接词族与 DBnary 明示近/反义，再人工补第一条正式关系,与此；此事
540,gourmet,NOM,B2,1.3554,0,0,0,0,0,2,1,0,2,2,P1_no_official,P1_no_official|P4_confusable|P5_b2c1_synset,1,先查 Démonette 直接词族与 DBnary 明示近/反义，再人工补第一条正式关系,
541,porte-bonheur,NOM,B2,1.3501,0,0,0,0,0,1,1,1,1,0,P1_no_official,P1_no_official|P4_confusable|P5_b2c1_synset,1,先查 Démonette 直接词族与 DBnary 明示近/反义，再人工补第一条正式关系,
542,micro-ordinateur,NOM,B2,1.3464,0,0,0,0,0,1,1,0,3,3,P1_no_official,P1_no_official|P4_confusable|P5_b2c1_synset,1,先查 Démonette 直接词族与 DBnary 明示近/反义，再人工补第一条正式关系,微机；微电脑
543,génome,NOM,B2,1.3453,0,0,0,0,0,1,1,1,2,0,P1_no_official,P1_no_official|P4_confusable|P5_b2c1_synset,1,先查 Démonette 直接词族与 DBnary 明示近/反义，再人工补第一条正式关系,基因组
544,caoutchouc,NOM,B2,1.3442,0,0,0,0,0,8,1,0,0,1,P1_no_official,P1_no_official|P3_bridge|P4_confusable|P5_b2c1_synset,1,先查 Démonette 直接词族与 DBnary 明示近/反义，再人工补第一条正式关系,橡皮；橡胶
545,pétrir,VER,B2,1.3441,0,0,0,0,0,7,1,0,1,3,P1_no_official,P1_no_official|P3_bridge|P4_confusable|P5_b2c1_synset,1,先查 Démonette 直接词族与 DBnary 明示近/反义，再人工补第一条正式关系,揉制；揉合
546,poussin,NOM,B2,1.3387,0,0,0,0,0,7,1,0,0,1,P1_no_official,P1_no_official|P3_bridge|P4_confusable|P5_b2c1_synset,1,先查 Démonette 直接词族与 DBnary 明示近/反义，再人工补第一条正式关系,小鸡；普桑
547,exhorter,VER,B2,1.338,0,0,0,0,0,2,1,0,0,2,P1_no_official,P1_no_official|P4_confusable|P5_b2c1_synset,1,先查 Démonette 直接词族与 DBnary 明示近/反义，再人工补第一条正式关系,劝告；劝说
548,scoop,NOM,B2,1.3352,0,0,0,0,0,1,1,0,2,0,P1_no_official,P1_no_official|P4_confusable|P5_b2c1_synset,1,先查 Démonette 直接词族与 DBnary 明示近/反义，再人工补第一条正式关系,
549,aura,NOM,B2,1.333,0,0,0,0,0,6,1,0,1,2,P1_no_official,P1_no_official|P3_bridge|P4_confusable|P5_b2c1_synset,1,先查 Démonette 直接词族与 DBnary 明示近/反义，再人工补第一条正式关系,佛光；气场
550,madeleine,NOM,B2,1.3298,0,0,0,0,0,7,1,0,0,0,P1_no_official,P1_no_official|P3_bridge|P5_b2c1_synset,1,先查 Démonette 直接词族与 DBnary 明示近/反义，再人工补第一条正式关系,
551,gourmand,NOM,B2,1.3292,0,0,0,0,0,2,1,0,2,3,P1_no_official,P1_no_official|P4_confusable|P5_b2c1_synset,1,先查 Démonette 直接词族与 DBnary 明示近/反义，再人工补第一条正式关系,贪吃；贪馋
552,assouvir,VER,B2,1.3286,0,0,0,0,0,3,1,0,1,0,P1_no_official,P1_no_official|P4_confusable|P5_b2c1_synset,1,先查 Démonette 直接词族与 DBnary 明示近/反义，再人工补第一条正式关系,
553,patinage,NOM,B2,1.3249,0,0,0,0,0,2,1,1,3,1,P1_no_official,P1_no_official|P4_confusable|P5_b2c1_synset,1,先查 Démonette 直接词族与 DBnary 明示近/反义，再人工补第一条正式关系,滑冰
554,bouillabaisse,NOM,B2,1.3237,0,0,0,0,0,2,1,0,1,0,P1_no_official,P1_no_official|P4_confusable|P5_b2c1_synset,1,先查 Démonette 直接词族与 DBnary 明示近/反义，再人工补第一条正式关系,
555,tertiaire,ADJ,B2,1.3225,0,0,0,0,0,6,1,0,1,0,P1_no_official,P1_no_official|P3_bridge|P4_confusable|P5_b2c1_synset,1,先查 Démonette 直接词族与 DBnary 明示近/反义，再人工补第一条正式关系,
556,ridicule,NOM,B2,1.3204,0,0,0,0,0,4,1,0,2,2,P1_no_official,P1_no_official|P3_bridge|P4_confusable|P5_b2c1_synset,1,先查 Démonette 直接词族与 DBnary 明示近/反义，再人工补第一条正式关系,可笑；可笑的
557,agro-alimentaire,ADJ,B2,1.3195,0,0,0,0,0,1,1,1,0,0,P1_no_official,P1_no_official|P5_b2c1_synset,1,先查 Démonette 直接词族与 DBnary 明示近/反义，再人工补第一条正式关系,
558,fourrure,NOM,B2,1.2991,0,0,0,0,0,11,1,1,2,3,P1_no_official,P1_no_official|P3_bridge|P4_confusable|P5_b2c1_synset,1,先查 Démonette 直接词族与 DBnary 明示近/反义，再人工补第一条正式关系,毛皮；皮毛
559,truite,NOM,B2,1.2918,0,0,0,0,0,3,1,0,1,0,P1_no_official,P1_no_official|P4_confusable|P5_b2c1_synset,1,先查 Démonette 直接词族与 DBnary 明示近/反义，再人工补第一条正式关系,鳟
560,alibi,NOM,B2,1.2754,0,0,0,0,0,2,1,0,0,0,P1_no_official,P1_no_official|P5_b2c1_synset,1,先查 Démonette 直接词族与 DBnary 明示近/反义，再人工补第一条正式关系,
561,téter,VER,B2,1.2739,0,0,0,0,0,8,1,0,3,2,P1_no_official,P1_no_official|P3_bridge|P4_confusable|P5_b2c1_synset,1,先查 Démonette 直接词族与 DBnary 明示近/反义，再人工补第一条正式关系,吃奶
562,détroit,NOM,B2,1.2473,0,0,0,0,0,2,1,0,3,2,P1_no_official,P1_no_official|P4_confusable|P5_b2c1_synset,1,先查 Démonette 直接词族与 DBnary 明示近/反义，再人工补第一条正式关系,底特律；海峡
563,antillais,ADJ,B2,1.2432,0,0,0,0,0,1,1,0,2,1,P1_no_official,P1_no_official|P4_confusable|P5_b2c1_synset,1,先查 Démonette 直接词族与 DBnary 明示近/反义，再人工补第一条正式关系,
564,salsa,NOM,B2,1.2425,0,0,0,0,0,2,1,0,1,0,P1_no_official,P1_no_official|P4_confusable|P5_b2c1_synset,1,先查 Démonette 直接词族与 DBnary 明示近/反义，再人工补第一条正式关系,
565,petit-déjeuner,NOM,B2,1.236,0,0,0,0,0,1,1,1,2,2,P1_no_official,P1_no_official|P4_confusable|P5_b2c1_synset,1,先查 Démonette 直接词族与 DBnary 明示近/反义，再人工补第一条正式关系,
566,bol,NOM,B2,1.231,0,0,0,0,0,12,1,0,1,2,P1_no_official,P1_no_official|P3_bridge|P4_confusable|P5_b2c1_synset,1,先查 Démonette 直接词族与 DBnary 明示近/反义，再人工补第一条正式关系,饭碗
567,irlandais,ADJ,B2,1.2309,0,0,0,0,0,1,1,0,1,1,P1_no_official,P1_no_official|P4_confusable|P5_b2c1_synset,1,先查 Démonette 直接词族与 DBnary 明示近/反义，再人工补第一条正式关系,
568,clignotant,NOM,B2,1.2252,0,0,0,0,0,2,1,1,2,0,P1_no_official,P1_no_official|P4_confusable|P5_b2c1_synset,1,先查 Démonette 直接词族与 DBnary 明示近/反义，再人工补第一条正式关系,
569,irrigation,NOM,B2,1.2238,0,0,0,0,0,2,1,0,2,2,P1_no_official,P1_no_official|P4_confusable|P5_b2c1_synset,1,先查 Démonette 直接词族与 DBnary 明示近/反义，再人工补第一条正式关系,灌溉
570,hydratation,NOM,B2,1.2228,0,0,0,0,0,1,1,0,3,0,P1_no_official,P1_no_official|P4_confusable|P5_b2c1_synset,1,先查 Démonette 直接词族与 DBnary 明示近/反义，再人工补第一条正式关系,
571,décomposition,NOM,B2,1.2133,0,0,0,0,0,3,1,1,3,2,P1_no_official,P1_no_official|P4_confusable|P5_b2c1_synset,1,先查 Démonette 直接词族与 DBnary 明示近/反义，再人工补第一条正式关系,腐烂
572,objection,NOM,B2,1.2133,0,0,0,0,0,1,1,1,2,2,P1_no_official,P1_no_official|P4_confusable|P5_b2c1_synset,1,先查 Démonette 直接词族与 DBnary 明示近/反义，再人工补第一条正式关系,二话；别论
573,baril,NOM,B2,1.2004,0,0,0,0,0,7,1,0,0,0,P1_no_official,P1_no_official|P3_bridge|P5_b2c1_synset,1,先查 Démonette 直接词族与 DBnary 明示近/反义，再人工补第一条正式关系,木桶
574,tonka,NOM,B2,1.2004,0,0,0,0,0,2,1,0,3,0,P1_no_official,P1_no_official|P4_confusable|P5_b2c1_synset,1,先查 Démonette 直接词族与 DBnary 明示近/反义，再人工补第一条正式关系,
575,flamand,ADJ,B2,1.1943,0,0,0,0,0,1,1,0,0,3,P1_no_official,P1_no_official|P4_confusable|P5_b2c1_synset,1,先查 Démonette 直接词族与 DBnary 明示近/反义，再人工补第一条正式关系,
576,diagnostic,NOM,B2,1.1907,0,0,0,0,0,4,1,0,1,0,P1_no_official,P1_no_official|P3_bridge|P4_confusable|P5_b2c1_synset,1,先查 Démonette 直接词族与 DBnary 明示近/反义，再人工补第一条正式关系,诊断
577,colza,NOM,B2,1.1807,0,0,0,0,0,1,1,0,1,1,P1_no_official,P1_no_official|P4_confusable|P5_b2c1_synset,1,先查 Démonette 直接词族与 DBnary 明示近/反义，再人工补第一条正式关系,油菜
578,fossile,NOM,B2,1.173,0,0,0,0,0,3,1,1,3,3,P1_no_official,P1_no_official|P4_confusable|P5_b2c1_synset,1,先查 Démonette 直接词族与 DBnary 明示近/反义，再人工补第一条正式关系,化石
579,lut,NOM,B2,1.1658,0,0,0,0,0,2,1,0,3,0,P1_no_official,P1_no_official|P4_confusable|P5_b2c1_synset,1,先查 Démonette 直接词族与 DBnary 明示近/反义，再人工补第一条正式关系,
580,par-ci,ADV,B2,1.1531,0,0,0,0,0,0,0,1,1,0,P1_no_official,P1_no_official|P4_confusable,1,先查 Démonette 直接词族与 DBnary 明示近/反义，再人工补第一条正式关系,
581,bateau-mouche,NOM,B2,1.1401,0,0,0,0,0,1,1,0,0,1,P1_no_official,P1_no_official|P4_confusable|P5_b2c1_synset,1,先查 Démonette 直接词族与 DBnary 明示近/反义，再人工补第一条正式关系,游船
582,brocante,NOM,B2,1.1363,0,0,0,0,0,6,1,0,1,0,P1_no_official,P1_no_official|P3_bridge|P4_confusable|P5_b2c1_synset,1,先查 Démonette 直接词族与 DBnary 明示近/反义，再人工补第一条正式关系,
583,maturité,NOM,B2,1.134,0,0,0,0,0,6,1,0,1,0,P1_no_official,P1_no_official|P3_bridge|P4_confusable|P5_b2c1_synset,1,先查 Démonette 直接词族与 DBnary 明示近/反义，再人工补第一条正式关系,火候
584,cosigner,VER,B2,1.1151,0,0,0,0,0,1,1,1,0,3,P1_no_official,P1_no_official|P4_confusable|P5_b2c1_synset,1,先查 Démonette 直接词族与 DBnary 明示近/反义，再人工补第一条正式关系,
585,inopérant,ADJ,B2,1.1145,0,0,0,0,0,1,1,1,1,0,P1_no_official,P1_no_official|P4_confusable|P5_b2c1_synset,1,先查 Démonette 直接词族与 DBnary 明示近/反义，再人工补第一条正式关系,
586,tonnerre,NOM,B2,1.11,0,0,0,0,0,5,1,0,1,3,P1_no_official,P1_no_official|P3_bridge|P4_confusable|P5_b2c1_synset,1,先查 Démonette 直接词族与 DBnary 明示近/反义，再人工补第一条正式关系,迅雷；雷击
587,calcaire,ADJ,B2,1.1061,0,0,0,0,0,3,1,1,1,0,P1_no_official,P1_no_official|P4_confusable|P5_b2c1_synset,1,先查 Démonette 直接词族与 DBnary 明示近/反义，再人工补第一条正式关系,
588,catalan,ADJ,B2,1.1002,0,0,0,0,0,3,1,0,0,2,P1_no_official,P1_no_official|P4_confusable|P5_b2c1_synset,1,先查 Démonette 直接词族与 DBnary 明示近/反义，再人工补第一条正式关系,
589,particularisme,NOM,B2,1.0966,0,0,0,0,0,4,1,1,1,1,P1_no_official,P1_no_official|P3_bridge|P4_confusable|P5_b2c1_synset,1,先查 Démonette 直接词族与 DBnary 明示近/反义，再人工补第一条正式关系,
590,garou,NOM,B2,1.0894,0,0,0,0,0,8,1,0,0,0,P1_no_official,P1_no_official|P3_bridge|P5_b2c1_synset,1,先查 Démonette 直接词族与 DBnary 明示近/反义，再人工补第一条正式关系,
591,moutarde,NOM,B2,1.0856,0,0,0,0,0,2,1,0,0,0,P1_no_official,P1_no_official|P5_b2c1_synset,1,先查 Démonette 直接词族与 DBnary 明示近/反义，再人工补第一条正式关系,芥；葑
592,persan,NOM,B2,1.0798,0,0,0,0,0,4,1,0,0,0,P1_no_official,P1_no_official|P3_bridge|P5_b2c1_synset,1,先查 Démonette 直接词族与 DBnary 明示近/反义，再人工补第一条正式关系,
593,culminer,VER,B2,1.0764,0,0,0,0,0,3,1,0,0,1,P1_no_official,P1_no_official|P4_confusable|P5_b2c1_synset,1,先查 Démonette 直接词族与 DBnary 明示近/反义，再人工补第一条正式关系,
594,lys,NOM,B2,1.07,0,0,0,0,0,6,1,1,0,3,P1_no_official,P1_no_official|P3_bridge|P4_confusable|P5_b2c1_synset,1,先查 Démonette 直接词族与 DBnary 明示近/反义，再人工补第一条正式关系,莉丝
595,tempe,NOM,B2,1.0607,0,0,0,0,0,1,1,0,3,2,P1_no_official,P1_no_official|P4_confusable|P5_b2c1_synset,1,先查 Démonette 直接词族与 DBnary 明示近/反义，再人工补第一条正式关系,太阳穴
596,fast-food,NOM,B2,1.0573,0,0,0,0,0,2,1,0,1,0,P1_no_official,P1_no_official|P4_confusable|P5_b2c1_synset,1,先查 Démonette 直接词族与 DBnary 明示近/反义，再人工补第一条正式关系,
597,best-seller,NOM,B2,1.0475,0,0,0,0,0,2,1,0,0,1,P1_no_official,P1_no_official|P4_confusable|P5_b2c1_synset,1,先查 Démonette 直接词族与 DBnary 明示近/反义，再人工补第一条正式关系,热卖；畅销书
598,cognac,NOM,B2,1.0464,0,0,0,0,0,1,1,0,2,1,P1_no_official,P1_no_official|P4_confusable|P5_b2c1_synset,1,先查 Démonette 直接词族与 DBnary 明示近/反义，再人工补第一条正式关系,
599,tire-bouchon,NOM,B2,1.0404,0,0,0,0,0,2,1,1,0,1,P1_no_official,P1_no_official|P4_confusable|P5_b2c1_synset,1,先查 Démonette 直接词族与 DBnary 明示近/反义，再人工补第一条正式关系,
600,flirter,VER,B2,1.0388,0,0,0,0,0,2,1,0,1,2,P1_no_official,P1_no_official|P4_confusable|P5_b2c1_synset,1,先查 Démonette 直接词族与 DBnary 明示近/反义，再人工补第一条正式关系,招蜂引蝶；搭讪
601,clip,NOM,B2,1.0376,0,0,0,0,0,6,1,0,1,1,P1_no_official,P1_no_official|P3_bridge|P4_confusable|P5_b2c1_synset,1,先查 Démonette 直接词族与 DBnary 明示近/反义，再人工补第一条正式关系,卡
602,cathodique,ADJ,B2,1.035,0,0,0,0,0,2,1,0,2,1,P1_no_official,P1_no_official|P4_confusable|P5_b2c1_synset,1,先查 Démonette 直接词族与 DBnary 明示近/反义，再人工补第一条正式关系,
603,consumériste,ADJ,B2,1.035,0,0,0,0,0,1,1,0,0,0,P1_no_official,P1_no_official|P5_b2c1_synset,1,先查 Démonette 直接词族与 DBnary 明示近/反义，再人工补第一条正式关系,
604,épidémiologique,ADJ,B2,1.035,0,0,0,0,0,1,1,1,1,1,P1_no_official,P1_no_official|P4_confusable|P5_b2c1_synset,1,先查 Démonette 直接词族与 DBnary 明示近/反义，再人工补第一条正式关系,
605,équatorial,ADJ,B2,1.035,0,0,0,0,0,0,0,0,2,1,P1_no_official,P1_no_official|P4_confusable,1,先查 Démonette 直接词族与 DBnary 明示近/反义，再人工补第一条正式关系,
606,là-dessus,ADV,B2,1.0345,0,0,0,0,0,3,1,1,0,0,P1_no_official,P1_no_official|P5_b2c1_synset,1,先查 Démonette 直接词族与 DBnary 明示近/反义，再人工补第一条正式关系,
607,baromètre,NOM,B2,1.0338,0,0,0,0,0,4,1,0,3,2,P1_no_official,P1_no_official|P3_bridge|P4_confusable|P5_b2c1_synset,1,先查 Démonette 直接词族与 DBnary 明示近/反义，再人工补第一条正式关系,领头羊
608,flash-back,NOM,B2,1.0334,0,0,0,0,0,1,1,0,2,1,P1_no_official,P1_no_official|P4_confusable|P5_b2c1_synset,1,先查 Démonette 直接词族与 DBnary 明示近/反义，再人工补第一条正式关系,
609,attester,VER,B2,1.0311,0,0,0,0,0,3,1,1,0,2,P1_no_official,P1_no_official|P4_confusable|P5_b2c1_synset,1,先查 Démonette 直接词族与 DBnary 明示近/反义，再人工补第一条正式关系,证
610,simulation,NOM,B2,1.0296,0,0,0,0,0,2,1,1,3,3,P1_no_official,P1_no_official|P4_confusable|P5_b2c1_synset,1,先查 Démonette 直接词族与 DBnary 明示近/反义，再人工补第一条正式关系,
611,peul,NOM,B2,1.0242,0,0,0,0,0,2,1,0,2,3,P1_no_official,P1_no_official|P4_confusable|P5_b2c1_synset,1,先查 Démonette 直接词族与 DBnary 明示近/反义，再人工补第一条正式关系,
612,trinquer,VER,B2,1.0191,0,0,0,0,0,2,1,0,0,0,P1_no_official,P1_no_official|P5_b2c1_synset,1,先查 Démonette 直接词族与 DBnary 明示近/反义，再人工补第一条正式关系,喝酒；敬酒
613,oasis,NOM,B2,1.0176,0,0,0,0,0,3,1,0,0,0,P1_no_official,P1_no_official|P5_b2c1_synset,1,先查 Démonette 直接词族与 DBnary 明示近/反义，再人工补第一条正式关系,绿洲
614,lièvre,NOM,B2,1.0142,0,0,0,0,0,6,1,0,1,2,P1_no_official,P1_no_official|P3_bridge|P4_confusable|P5_b2c1_synset,1,先查 Démonette 直接词族与 DBnary 明示近/反义，再人工补第一条正式关系,野兔
615,alpiniste,NOM,B2,1.0141,0,0,0,0,0,1,1,1,2,0,P1_no_official,P1_no_official|P4_confusable|P5_b2c1_synset,1,先查 Démonette 直接词族与 DBnary 明示近/反义，再人工补第一条正式关系,攀山家
616,fraction,NOM,B2,1.0141,0,0,0,0,0,6,1,2,3,2,P1_no_official,P1_no_official|P3_bridge|P4_confusable|P5_b2c1_synset,1,先查 Démonette 直接词族与 DBnary 明示近/反义，再人工补第一条正式关系,分数；分毫
617,cramponner,VER,B2,1.0134,0,0,0,0,0,8,1,0,1,0,P1_no_official,P1_no_official|P3_bridge|P4_confusable|P5_b2c1_synset,1,先查 Démonette 直接词族与 DBnary 明示近/反义，再人工补第一条正式关系,绑住
618,éboueur,NOM,B2,1.0134,0,0,0,0,0,3,1,1,2,1,P1_no_official,P1_no_official|P4_confusable|P5_b2c1_synset,1,先查 Démonette 直接词族与 DBnary 明示近/反义，再人工补第一条正式关系,清洁工
619,grotesque,ADJ,B2,1.0111,0,0,0,0,0,4,1,0,0,0,P1_no_official,P1_no_official|P3_bridge|P5_b2c1_synset,1,先查 Démonette 直接词族与 DBnary 明示近/反义，再人工补第一条正式关系,
620,biotechnologie,NOM,B2,1.0089,0,0,0,0,0,2,1,2,2,2,P1_no_official,P1_no_official|P4_confusable|P5_b2c1_synset,1,先查 Démonette 直接词族与 DBnary 明示近/反义，再人工补第一条正式关系,基因技术；生物技术
621,mantille,NOM,B2,1.0042,0,0,0,0,0,3,1,0,2,3,P1_no_official,P1_no_official|P4_confusable|P5_b2c1_synset,1,先查 Démonette 直接词族与 DBnary 明示近/反义，再人工补第一条正式关系,
622,calembour,NOM,B2,1.0034,0,0,0,0,0,1,1,0,2,1,P1_no_official,P1_no_official|P4_confusable|P5_b2c1_synset,1,先查 Démonette 直接词族与 DBnary 明示近/反义，再人工补第一条正式关系,
623,solvant,NOM,B2,1.0016,0,0,0,0,0,1,1,0,0,1,P1_no_official,P1_no_official|P4_confusable|P5_b2c1_synset,1,先查 Démonette 直接词族与 DBnary 明示近/反义，再人工补第一条正式关系,溶剂
624,biscotte,NOM,B2,1.0012,0,0,0,0,0,1,1,1,1,2,P1_no_official,P1_no_official|P4_confusable|P5_b2c1_synset,1,先查 Démonette 直接词族与 DBnary 明示近/反义，再人工补第一条正式关系,
625,forfaitaire,ADJ,B2,1.0005,0,0,0,0,0,1,1,1,2,0,P1_no_official,P1_no_official|P4_confusable|P5_b2c1_synset,1,先查 Démonette 直接词族与 DBnary 明示近/反义，再人工补第一条正式关系,
626,liseré,NOM,B2,0.9985,0,0,0,0,0,4,1,0,2,0,P1_no_official,P1_no_official|P3_bridge|P4_confusable|P5_b2c1_synset,1,先查 Démonette 直接词族与 DBnary 明示近/反义，再人工补第一条正式关系,滚边；花边
627,basculer,VER,B2,0.9983,0,0,0,0,0,5,1,1,1,2,P1_no_official,P1_no_official|P3_bridge|P4_confusable|P5_b2c1_synset,1,先查 Démonette 直接词族与 DBnary 明示近/反义，再人工补第一条正式关系,切换；割接
628,écumer,VER,B2,0.9963,0,0,0,0,0,7,1,0,1,0,P1_no_official,P1_no_official|P3_bridge|P4_confusable|P5_b2c1_synset,1,先查 Démonette 直接词族与 DBnary 明示近/反义，再人工补第一条正式关系,撇掉；点水
629,césar,NOM,B2,0.9956,0,0,0,0,0,10,1,0,1,1,P1_no_official,P1_no_official|P3_bridge|P4_confusable|P5_b2c1_synset,1,先查 Démonette 直接词族与 DBnary 明示近/反义，再人工补第一条正式关系,凯撒
630,juif,ADJ,B2,0.9943,0,0,0,0,0,3,1,0,1,1,P1_no_official,P1_no_official|P4_confusable|P5_b2c1_synset,1,先查 Démonette 直接词族与 DBnary 明示近/反义，再人工补第一条正式关系,犹太；犹太人
631,hémisphère,NOM,B2,0.9932,0,0,0,0,0,3,1,0,1,1,P1_no_official,P1_no_official|P4_confusable|P5_b2c1_synset,1,先查 Démonette 直接词族与 DBnary 明示近/反义，再人工补第一条正式关系,半球
632,épopée,NOM,B2,0.99,0,0,0,0,0,3,1,0,0,0,P1_no_official,P1_no_official|P5_b2c1_synset,1,先查 Démonette 直接词族与 DBnary 明示近/反义，再人工补第一条正式关系,史诗
633,narine,NOM,B2,0.9885,0,0,0,0,0,2,1,0,0,1,P1_no_official,P1_no_official|P4_confusable|P5_b2c1_synset,1,先查 Démonette 直接词族与 DBnary 明示近/反义，再人工补第一条正式关系,鼻孔
634,tsar,NOM,B2,0.9846,0,0,0,0,0,1,1,0,1,0,P1_no_official,P1_no_official|P4_confusable|P5_b2c1_synset,1,先查 Démonette 直接词族与 DBnary 明示近/反义，再人工补第一条正式关系,
635,éprendre,VER,B2,0.9819,0,0,0,0,0,1,1,1,2,3,P1_no_official,P1_no_official|P4_confusable|P5_b2c1_synset,1,先查 Démonette 直接词族与 DBnary 明示近/反义，再人工补第一条正式关系,爱上；迷恋
636,girofle,NOM,B2,0.9811,0,0,0,0,0,1,1,1,2,1,P1_no_official,P1_no_official|P4_confusable|P5_b2c1_synset,1,先查 Démonette 直接词族与 DBnary 明示近/反义，再人工补第一条正式关系,丁香
637,steak,NOM,B2,0.9764,0,0,0,0,0,2,1,0,1,0,P1_no_official,P1_no_official|P4_confusable|P5_b2c1_synset,1,先查 Démonette 直接词族与 DBnary 明示近/反义，再人工补第一条正式关系,牛排
638,foin,NOM,B2,0.9683,0,0,0,0,0,5,1,0,2,1,P1_no_official,P1_no_official|P3_bridge|P4_confusable|P5_b2c1_synset,1,先查 Démonette 直接词族与 DBnary 明示近/反义，再人工补第一条正式关系,刍；茭
639,peigne,NOM,B2,0.9681,0,0,0,0,0,9,1,0,1,1,P1_no_official,P1_no_official|P3_bridge|P4_confusable|P5_b2c1_synset,1,先查 Démonette 直接词族与 DBnary 明示近/反义，再人工补第一条正式关系,梳子
640,pourpoint,NOM,B2,0.9636,0,0,0,0,0,4,1,1,0,1,P1_no_official,P1_no_official|P3_bridge|P4_confusable|P5_b2c1_synset,1,先查 Démonette 直接词族与 DBnary 明示近/反义，再人工补第一条正式关系,马甲
641,hanche,NOM,B2,0.9621,0,0,0,0,0,4,1,0,3,3,P1_no_official,P1_no_official|P3_bridge|P4_confusable|P5_b2c1_synset,1,先查 Démonette 直接词族与 DBnary 明示近/反义，再人工补第一条正式关系,胯
642,allusion,NOM,B2,0.9619,0,0,0,0,0,1,1,1,2,3,P1_no_official,P1_no_official|P4_confusable|P5_b2c1_synset,1,先查 Démonette 直接词族与 DBnary 明示近/反义，再人工补第一条正式关系,寓意
643,cape,NOM,B2,0.9581,0,0,0,0,0,9,1,3,1,1,P1_no_official,P1_no_official|P3_bridge|P4_confusable|P5_b2c1_synset,1,先查 Démonette 直接词族与 DBnary 明示近/反义，再人工补第一条正式关系,披肩；披风
644,sénateur,NOM,B2,0.9426,0,0,0,0,0,1,1,0,2,0,P1_no_official,P1_no_official|P4_confusable|P5_b2c1_synset,1,先查 Démonette 直接词族与 DBnary 明示近/反义，再人工补第一条正式关系,参议员
645,reconversion,NOM,B2,0.9244,0,0,0,0,0,1,1,1,1,0,P1_no_official,P1_no_official|P4_confusable|P5_b2c1_synset,1,先查 Démonette 直接词族与 DBnary 明示近/反义，再人工补第一条正式关系,转型
646,pâture,NOM,B2,0.9238,0,0,0,0,0,0,0,1,3,3,P1_no_official,P1_no_official|P4_confusable,1,先查 Démonette 直接词族与 DBnary 明示近/反义，再人工补第一条正式关系,
647,confluent,NOM,B2,0.9209,0,0,0,0,0,1,1,1,3,3,P1_no_official,P1_no_official|P4_confusable|P5_b2c1_synset,1,先查 Démonette 直接词族与 DBnary 明示近/反义，再人工补第一条正式关系,交汇
648,enchère,NOM,B2,0.916,0,0,0,0,0,4,1,1,2,1,P1_no_official,P1_no_official|P3_bridge|P4_confusable|P5_b2c1_synset,1,先查 Démonette 直接词族与 DBnary 明示近/反义，再人工补第一条正式关系,出价；拍卖
649,galette,NOM,B2,0.9159,0,0,0,0,0,15,1,0,1,1,P1_no_official,P1_no_official|P3_bridge|P4_confusable|P5_b2c1_synset,1,先查 Démonette 直接词族与 DBnary 明示近/反义，再人工补第一条正式关系,烧饼
650,accaparer,VER,B2,0.9132,0,0,0,0,0,3,1,0,0,0,P1_no_official,P1_no_official|P5_b2c1_synset,1,先查 Démonette 直接词族与 DBnary 明示近/反义，再人工补第一条正式关系,包办；独吞
651,main-d'oeuvre,NOM,B2,0.9132,0,0,0,0,0,0,0,1,1,1,P1_no_official,P1_no_official|P4_confusable,1,先查 Démonette 直接词族与 DBnary 明示近/反义，再人工补第一条正式关系,人力；人手
652,scrupule,NOM,B2,0.9108,0,0,0,0,0,9,1,0,0,1,P1_no_official,P1_no_official|P3_bridge|P4_confusable|P5_b2c1_synset,1,先查 Démonette 直接词族与 DBnary 明示近/反义，再人工补第一条正式关系,顾忌
653,prospection,NOM,B2,0.8858,0,0,0,0,0,2,1,0,3,3,P1_no_official,P1_no_official|P4_confusable|P5_b2c1_synset,1,先查 Démonette 直接词族与 DBnary 明示近/反义，再人工补第一条正式关系,勘察；勘查
654,jade,NOM,B2,0.8838,0,0,0,0,0,2,1,0,1,1,P1_no_official,P1_no_official|P4_confusable|P5_b2c1_synset,1,先查 Démonette 直接词族与 DBnary 明示近/反义，再人工补第一条正式关系,翠玉
655,rauque,ADJ,B2,0.8791,0,0,0,0,0,1,1,0,1,0,P1_no_official,P1_no_official|P4_confusable|P5_b2c1_synset,1,先查 Démonette 直接词族与 DBnary 明示近/反义，再人工补第一条正式关系,嘶哑；干涩
656,bourrer,VER,B2,0.8776,0,0,0,0,0,20,1,1,1,1,P1_no_official,P1_no_official|P3_bridge|P4_confusable|P5_b2c1_synset,1,先查 Démonette 直接词族与 DBnary 明示近/反义，再人工补第一条正式关系,塞
657,poinçon,NOM,B2,0.8742,0,0,0,0,0,11,1,0,0,0,P1_no_official,P1_no_official|P3_bridge|P5_b2c1_synset,1,先查 Démonette 直接词族与 DBnary 明示近/反义，再人工补第一条正式关系,划；鑯
658,testostérone,NOM,B2,0.8742,0,0,0,0,0,2,1,0,1,1,P1_no_official,P1_no_official|P4_confusable|P5_b2c1_synset,1,先查 Démonette 直接词族与 DBnary 明示近/反义，再人工补第一条正式关系,睾丸甾酮
659,persil,NOM,B2,0.8671,0,0,0,0,0,1,1,0,1,1,P1_no_official,P1_no_official|P4_confusable|P5_b2c1_synset,1,先查 Démonette 直接词族与 DBnary 明示近/反义，再人工补第一条正式关系,欧芹；洋芫荽
660,protocole,NOM,B2,0.8605,0,0,0,0,0,13,1,0,0,2,P1_no_official,P1_no_official|P3_bridge|P4_confusable|P5_b2c1_synset,1,先查 Démonette 直接词族与 DBnary 明示近/反义，再人工补第一条正式关系,协议；礼仪
661,polymère,NOM,B2,0.8585,0,0,0,0,0,1,1,0,3,1,P1_no_official,P1_no_official|P4_confusable|P5_b2c1_synset,1,先查 Démonette 直接词族与 DBnary 明示近/反义，再人工补第一条正式关系,聚合物
662,navet,NOM,B2,0.8522,0,0,0,0,0,4,1,0,1,1,P1_no_official,P1_no_official|P3_bridge|P4_confusable|P5_b2c1_synset,1,先查 Démonette 直接词族与 DBnary 明示近/反义，再人工补第一条正式关系,菜头
663,équitation,NOM,B2,0.8509,0,0,0,0,0,2,1,0,2,2,P1_no_official,P1_no_official|P4_confusable|P5_b2c1_synset,1,先查 Démonette 直接词族与 DBnary 明示近/反义，再人工补第一条正式关系,骑马
664,vecteur,NOM,B2,0.8475,0,0,0,0,0,7,1,0,0,1,P1_no_official,P1_no_official|P3_bridge|P4_confusable|P5_b2c1_synset,1,先查 Démonette 直接词族与 DBnary 明示近/反义，再人工补第一条正式关系,向量；媒介
665,islam,NOM,B2,0.8337,0,0,0,0,0,1,1,0,1,1,P1_no_official,P1_no_official|P4_confusable|P5_b2c1_synset,1,先查 Démonette 直接词族与 DBnary 明示近/反义，再人工补第一条正式关系,伊斯兰；伊斯兰教
666,berline,NOM,B2,0.8206,0,0,0,0,0,3,1,0,0,0,P1_no_official,P1_no_official|P5_b2c1_synset,1,先查 Démonette 直接词族与 DBnary 明示近/反义，再人工补第一条正式关系,三厢
667,sketch,NOM,B2,0.812,0,0,0,0,0,3,1,0,2,1,P1_no_official,P1_no_official|P4_confusable|P5_b2c1_synset,1,先查 Démonette 直接词族与 DBnary 明示近/反义，再人工补第一条正式关系,相声
668,chalet,NOM,B2,0.805,0,0,0,0,0,4,1,0,3,0,P1_no_official,P1_no_official|P3_bridge|P4_confusable|P5_b2c1_synset,1,先查 Démonette 直接词族与 DBnary 明示近/反义，再人工补第一条正式关系,小木屋；山庄
669,bibliographique,ADJ,B2,0.7913,0,0,0,0,0,1,1,0,0,0,P1_no_official,P1_no_official|P5_b2c1_synset,1,先查 Démonette 直接词族与 DBnary 明示近/反义，再人工补第一条正式关系,
670,continent,ADJ,B2,0.7913,0,0,0,0,0,0,0,2,2,3,P1_no_official,P1_no_official|P4_confusable,1,先查 Démonette 直接词族与 DBnary 明示近/反义，再人工补第一条正式关系,大陆
671,désagrégation,NOM,B2,0.7913,0,0,0,0,0,1,1,2,3,3,P1_no_official,P1_no_official|P4_confusable|P5_b2c1_synset,1,先查 Démonette 直接词族与 DBnary 明示近/反义，再人工补第一条正式关系,分列；剥蚀
672,pervertir,VER,B2,0.7913,0,0,0,0,0,3,1,1,2,3,P1_no_official,P1_no_official|P4_confusable|P5_b2c1_synset,1,先查 Démonette 直接词族与 DBnary 明示近/反义，再人工补第一条正式关系,毒害
673,tremplin,NOM,B2,0.7913,0,0,0,0,0,2,1,0,3,1,P1_no_official,P1_no_official|P4_confusable|P5_b2c1_synset,1,先查 Démonette 直接词族与 DBnary 明示近/反义，再人工补第一条正式关系,跳板
674,saphir,NOM,B2,0.7754,0,0,0,0,0,4,1,0,1,2,P1_no_official,P1_no_official|P3_bridge|P4_confusable|P5_b2c1_synset,1,先查 Démonette 直接词族与 DBnary 明示近/反义，再人工补第一条正式关系,蓝宝石
675,quille,NOM,B2,0.7749,0,0,0,0,0,17,1,0,3,1,P1_no_official,P1_no_official|P3_bridge|P4_confusable|P5_b2c1_synset,1,先查 Démonette 直接词族与 DBnary 明示近/反义，再人工补第一条正式关系,龙骨
676,semestre,NOM,B2,0.7557,0,0,0,0,0,4,1,1,2,3,P1_no_official,P1_no_official|P3_bridge|P4_confusable|P5_b2c1_synset,1,先查 Démonette 直接词族与 DBnary 明示近/反义，再人工补第一条正式关系,半年
677,buter,VER,B2,0.7262,0,0,0,0,0,9,1,1,3,3,P1_no_official,P1_no_official|P3_bridge|P4_confusable|P5_b2c1_synset,1,先查 Démonette 直接词族与 DBnary 明示近/反义，再人工补第一条正式关系,绊；踤
678,collatéral,ADJ,B2,0.7262,0,0,0,0,0,5,1,2,0,2,P1_no_official,P1_no_official|P3_bridge|P4_confusable|P5_b2c1_synset,1,先查 Démonette 直接词族与 DBnary 明示近/反义，再人工补第一条正式关系,抵押物
679,irréductible,ADJ,B2,0.7262,0,0,0,0,0,7,1,1,2,0,P1_no_official,P1_no_official|P3_bridge|P4_confusable|P5_b2c1_synset,1,先查 Démonette 直接词族与 DBnary 明示近/反义，再人工补第一条正式关系,死心塌地
680,millésime,NOM,B2,0.7262,0,0,0,0,0,6,1,1,1,0,P1_no_official,P1_no_official|P3_bridge|P4_confusable|P5_b2c1_synset,1,先查 Démonette 直接词族与 DBnary 明示近/反义，再人工补第一条正式关系,年份；葡萄年份
681,pervers,ADJ,B2,0.7262,0,0,0,0,0,4,1,1,1,1,P1_no_official,P1_no_official|P3_bridge|P4_confusable|P5_b2c1_synset,1,先查 Démonette 直接词族与 DBnary 明示近/反义，再人工补第一条正式关系,死变态；淫魔
682,adéquat,ADJ,B2,0.725,0,0,0,0,0,2,1,0,2,1,P1_no_official,P1_no_official|P4_confusable|P5_b2c1_synset,1,先查 Démonette 直接词族与 DBnary 明示近/反义，再人工补第一条正式关系,充分；够用
683,décibel,NOM,B2,0.725,0,0,0,0,0,2,1,0,0,0,P1_no_official,P1_no_official|P5_b2c1_synset,1,先查 Démonette 直接词族与 DBnary 明示近/反义，再人工补第一条正式关系,分贝
684,démocratisation,NOM,B2,0.725,0,0,0,0,0,2,1,1,2,2,P1_no_official,P1_no_official|P4_confusable|P5_b2c1_synset,1,先查 Démonette 直接词族与 DBnary 明示近/反义，再人工补第一条正式关系,民主化
685,appauvrissement,NOM,B2,0.7219,0,0,0,0,0,1,1,1,2,0,P1_no_official,P1_no_official|P4_confusable|P5_b2c1_synset,1,先查 Démonette 直接词族与 DBnary 明示近/反义，再人工补第一条正式关系,贫乏
686,causalité,NOM,B2,0.7219,0,0,0,0,0,1,1,1,1,0,P1_no_official,P1_no_official|P4_confusable|P5_b2c1_synset,1,先查 Démonette 直接词族与 DBnary 明示近/反义，再人工补第一条正式关系,因果；因果关系
687,déviance,NOM,B2,0.7219,0,0,0,0,0,4,1,0,0,0,P1_no_official,P1_no_official|P3_bridge|P5_b2c1_synset,1,先查 Démonette 直接词族与 DBnary 明示近/反义，再人工补第一条正式关系,不正常
688,foetus,NOM,B2,0.7219,0,0,0,0,0,0,0,0,0,0,P1_no_official,P1_no_official,1,先查 Démonette 直接词族与 DBnary 明示近/反义，再人工补第一条正式关系,胎儿
689,momentanément,ADV,B2,0.7219,0,0,0,0,0,1,1,0,2,2,P1_no_official,P1_no_official|P4_confusable|P5_b2c1_synset,1,先查 Démonette 直接词族与 DBnary 明示近/反义，再人工补第一条正式关系,一时间
690,stipuler,VER,B2,0.7219,0,0,0,0,0,2,1,0,1,1,P1_no_official,P1_no_official|P4_confusable|P5_b2c1_synset,1,先查 Démonette 直接词族与 DBnary 明示近/反义，再人工补第一条正式关系,规定；订定
691,sécrétion,NOM,B2,0.7219,0,0,0,0,0,2,1,0,2,0,P1_no_official,P1_no_official|P4_confusable|P5_b2c1_synset,1,先查 Démonette 直接词族与 DBnary 明示近/反义，再人工补第一条正式关系,分泌物
692,beau,NOM,B2,0.7202,0,0,0,0,0,4,1,3,3,2,P1_no_official,P1_no_official|P3_bridge|P4_confusable|P5_b2c1_synset,1,先查 Démonette 直接词族与 DBnary 明示近/反义，再人工补第一条正式关系,优美；俊美
693,décompresser,VER,B2,0.7202,0,0,0,0,0,3,1,0,0,2,P1_no_official,P1_no_official|P4_confusable|P5_b2c1_synset,1,先查 Démonette 直接词族与 DBnary 明示近/反义，再人工补第一条正式关系,解包；解压缩
694,rebut,NOM,B2,0.7202,0,0,0,0,0,3,1,1,2,0,P1_no_official,P1_no_official|P4_confusable|P5_b2c1_synset,1,先查 Démonette 直接词族与 DBnary 明示近/反义，再人工补第一条正式关系,废料；货色
695,zébrer,VER,B2,0.7202,0,0,0,0,0,1,1,0,1,0,P1_no_official,P1_no_official|P4_confusable|P5_b2c1_synset,1,先查 Démonette 直接词族与 DBnary 明示近/反义，再人工补第一条正式关系,条纹
696,écarquiller,VER,B2,0.7202,0,0,0,0,0,4,1,1,1,2,P1_no_official,P1_no_official|P3_bridge|P4_confusable|P5_b2c1_synset,1,先查 Démonette 直接词族与 DBnary 明示近/反义，再人工补第一条正式关系,盱
697,censure,NOM,B2,0.7167,0,0,0,0,0,10,1,3,0,1,P1_no_official,P1_no_official|P3_bridge|P4_confusable|P5_b2c1_synset,1,先查 Démonette 直接词族与 DBnary 明示近/反义，再人工补第一条正式关系,督察
698,euphémisme,NOM,B2,0.7167,0,0,0,0,0,1,1,0,1,0,P1_no_official,P1_no_official|P4_confusable|P5_b2c1_synset,1,先查 Démonette 直接词族与 DBnary 明示近/反义，再人工补第一条正式关系,曲笔
699,pan,NOM,B2,0.7161,0,0,0,0,0,2,1,2,0,3,P1_no_official,P1_no_official|P4_confusable|P5_b2c1_synset,1,先查 Démonette 直接词族与 DBnary 明示近/反义，再人工补第一条正式关系,牧神
700,hippocampe,NOM,B2,0.7155,0,0,0,0,0,3,1,0,0,2,P1_no_official,P1_no_official|P4_confusable|P5_b2c1_synset,1,先查 Démonette 直接词族与 DBnary 明示近/反义，再人工补第一条正式关系,海马；海龙
701,annexer,VER,B2,0.7154,0,0,0,0,0,1,1,0,0,1,P1_no_official,P1_no_official|P4_confusable|P5_b2c1_synset,1,先查 Démonette 直接词族与 DBnary 明示近/反义，再人工补第一条正式关系,兼并；合并
702,cardio-vasculaire,ADJ,B2,0.7154,0,0,0,0,0,1,1,0,0,0,P1_no_official,P1_no_official|P5_b2c1_synset,1,先查 Démonette 直接词族与 DBnary 明示近/反义，再人工补第一条正式关系,心血管
703,incompréhensible,ADJ,B2,0.7154,0,0,0,0,0,3,1,1,1,1,P1_no_official,P1_no_official|P4_confusable|P5_b2c1_synset,1,先查 Démonette 直接词族与 DBnary 明示近/反义，再人工补第一条正式关系,不可思议；不知所谓
704,magnésium,NOM,B2,0.7154,0,0,0,0,0,4,1,0,1,0,P1_no_official,P1_no_official|P3_bridge|P4_confusable|P5_b2c1_synset,1,先查 Démonette 直接词族与 DBnary 明示近/反义，再人工补第一条正式关系,镁
705,apogée,NOM,B2,0.7118,0,0,0,0,0,2,1,0,0,1,P1_no_official,P1_no_official|P4_confusable|P5_b2c1_synset,1,先查 Démonette 直接词族与 DBnary 明示近/反义，再人工补第一条正式关系,巅峰；顶峰
706,loufoque,ADJ,B2,0.7118,0,0,0,0,0,2,1,0,1,1,P1_no_official,P1_no_official|P4_confusable|P5_b2c1_synset,1,先查 Démonette 直接词族与 DBnary 明示近/反义，再人工补第一条正式关系,搞怪
707,viticulteur,NOM,B2,0.7118,0,0,0,0,0,2,1,0,2,2,P1_no_official,P1_no_official|P4_confusable|P5_b2c1_synset,1,先查 Démonette 直接词族与 DBnary 明示近/反义，再人工补第一条正式关系,葡萄农
708,esquisser,VER,B2,0.7115,0,0,0,0,0,2,1,0,3,0,P1_no_official,P1_no_official|P4_confusable|P5_b2c1_synset,1,先查 Démonette 直接词族与 DBnary 明示近/反义，再人工补第一条正式关系,勾勒
709,faisabilité,NOM,B2,0.7115,0,0,0,0,0,1,1,1,0,0,P1_no_official,P1_no_official|P5_b2c1_synset,1,先查 Démonette 直接词族与 DBnary 明示近/反义，再人工补第一条正式关系,可做；可行性
710,pêle-mêle,ADV,B2,0.7115,0,0,0,0,0,1,1,1,2,1,P1_no_official,P1_no_official|P4_confusable|P5_b2c1_synset,1,先查 Démonette 直接词族与 DBnary 明示近/反义，再人工补第一条正式关系,杂乱；纷乱
711,socialisation,NOM,B2,0.7115,0,0,0,0,0,3,1,1,3,2,P1_no_official,P1_no_official|P4_confusable|P5_b2c1_synset,1,先查 Démonette 直接词族与 DBnary 明示近/反义，再人工补第一条正式关系,社会化
712,kinésithérapeute,NOM,B2,0.7094,0,0,0,0,0,1,1,0,1,1,P1_no_official,P1_no_official|P4_confusable|P5_b2c1_synset,1,先查 Démonette 直接词族与 DBnary 明示近/反义，再人工补第一条正式关系,物理治疗师
713,aiguiser,VER,B2,0.7091,0,0,0,0,0,3,1,1,3,1,P1_no_official,P1_no_official|P4_confusable|P5_b2c1_synset,1,先查 Démonette 直接词族与 DBnary 明示近/反义，再人工补第一条正式关系,削尖；加剧
714,polémique,ADJ,B2,0.7085,0,0,0,0,0,1,1,0,2,1,P1_no_official,P1_no_official|P4_confusable|P5_b2c1_synset,1,先查 Démonette 直接词族与 DBnary 明示近/反义，再人工补第一条正式关系,争议
715,juxtaposer,VER,B2,0.7068,0,0,0,0,0,2,1,1,0,1,P1_no_official,P1_no_official|P4_confusable|P5_b2c1_synset,1,先查 Démonette 直接词族与 DBnary 明示近/反义，再人工补第一条正式关系,并列
716,cuisse,NOM,B2,0.7027,0,0,0,0,0,5,1,0,3,3,P1_no_official,P1_no_official|P3_bridge|P4_confusable|P5_b2c1_synset,1,先查 Démonette 直接词族与 DBnary 明示近/反义，再人工补第一条正式关系,大腿
717,héroïque,ADJ,B2,0.7027,0,0,0,0,0,8,1,0,2,1,P1_no_official,P1_no_official|P3_bridge|P4_confusable|P5_b2c1_synset,1,先查 Démonette 直接词族与 DBnary 明示近/反义，再人工补第一条正式关系,壮烈；悲壮
718,curseur,NOM,B2,0.7013,0,0,0,0,0,6,1,1,1,1,P1_no_official,P1_no_official|P3_bridge|P4_confusable|P5_b2c1_synset,1,先查 Démonette 直接词族与 DBnary 明示近/反义，再人工补第一条正式关系,光标；游标
719,gratin,NOM,B2,0.7013,0,0,0,0,0,4,1,1,2,2,P1_no_official,P1_no_official|P3_bridge|P4_confusable|P5_b2c1_synset,1,先查 Démonette 直接词族与 DBnary 明示近/反义，再人工补第一条正式关系,奶汁烤
720,greffer,VER,B2,0.7013,0,0,0,0,0,3,1,0,0,1,P1_no_official,P1_no_official|P4_confusable|P5_b2c1_synset,1,先查 Démonette 直接词族与 DBnary 明示近/反义，再人工补第一条正式关系,嫁接
721,instinct,NOM,B2,0.7013,0,0,0,0,0,3,1,0,1,1,P1_no_official,P1_no_official|P4_confusable|P5_b2c1_synset,1,先查 Démonette 直接词族与 DBnary 明示近/反义，再人工补第一条正式关系,本能
722,sévir,VER,B2,0.7013,0,0,0,0,0,2,1,0,2,1,P1_no_official,P1_no_official|P4_confusable|P5_b2c1_synset,1,先查 Démonette 直接词族与 DBnary 明示近/反义，再人工补第一条正式关系,横行；猖獗
723,baby,NOM,B2,0.6976,0,0,0,0,0,7,1,0,2,0,P1_no_official,P1_no_official|P3_bridge|P4_confusable|P5_b2c1_synset,1,先查 Démonette 直接词族与 DBnary 明示近/反义，再人工补第一条正式关系,巴比；贝贝
724,bit,NOM,B2,0.6976,0,0,0,0,0,0,0,0,2,1,P1_no_official,P1_no_official|P4_confusable,1,先查 Démonette 直接词族与 DBnary 明示近/反义，再人工补第一条正式关系,位元；比特
725,canalisation,NOM,B2,0.6976,0,0,0,0,0,5,1,1,2,1,P1_no_official,P1_no_official|P3_bridge|P4_confusable|P5_b2c1_synset,1,先查 Démonette 直接词族与 DBnary 明示近/反义，再人工补第一条正式关系,排污管
726,casserole,NOM,B2,0.6951,0,0,0,0,0,13,1,0,1,0,P1_no_official,P1_no_official|P3_bridge|P4_confusable|P5_b2c1_synset,1,先查 Démonette 直接词族与 DBnary 明示近/反义，再人工补第一条正式关系,煲；铫
727,depuis,ADV,B2,0.6944,0,0,0,0,0,1,1,0,3,1,P1_no_official,P1_no_official|P4_confusable|P5_b2c1_synset,1,先查 Démonette 直接词族与 DBnary 明示近/反义，再人工补第一条正式关系,以来；打从
728,graphique,ADJ,B2,0.6892,0,0,0,0,0,4,1,0,3,3,P1_no_official,P1_no_official|P3_bridge|P4_confusable|P5_b2c1_synset,1,先查 Démonette 直接词族与 DBnary 明示近/反义，再人工补第一条正式关系,图表；图解
729,marais,NOM,B2,0.688,0,0,0,0,0,2,1,1,2,3,P1_no_official,P1_no_official|P4_confusable|P5_b2c1_synset,1,先查 Démonette 直接词族与 DBnary 明示近/反义，再人工补第一条正式关系,沼泽
730,nébuleuse,NOM,B2,0.688,0,0,0,0,0,3,1,0,0,0,P1_no_official,P1_no_official|P5_b2c1_synset,1,先查 Démonette 直接词族与 DBnary 明示近/反义，再人工补第一条正式关系,星云
731,dauphin,NOM,B2,0.6878,0,0,0,0,0,12,1,0,0,1,P1_no_official,P1_no_official|P3_bridge|P4_confusable|P5_b2c1_synset,1,先查 Démonette 直接词族与 DBnary 明示近/反义，再人工补第一条正式关系,海豚；皇太子
732,vinaigre,NOM,B2,0.6854,0,0,0,0,0,3,1,0,0,2,P1_no_official,P1_no_official|P4_confusable|P5_b2c1_synset,1,先查 Démonette 直接词族与 DBnary 明示近/反义，再人工补第一条正式关系,醋
733,barbecue,NOM,B2,0.6853,0,0,0,0,0,3,1,0,2,3,P1_no_official,P1_no_official|P4_confusable|P5_b2c1_synset,1,先查 Démonette 直接词族与 DBnary 明示近/反义，再人工补第一条正式关系,巴比Q；烤肉
734,pois,NOM,B2,0.6853,0,0,0,0,0,4,1,0,1,3,P1_no_official,P1_no_official|P3_bridge|P4_confusable|P5_b2c1_synset,1,先查 Démonette 直接词族与 DBnary 明示近/反义，再人工补第一条正式关系,豌豆
735,fougère,NOM,B2,0.684,0,0,0,0,0,1,1,0,1,1,P1_no_official,P1_no_official|P4_confusable|P5_b2c1_synset,1,先查 Démonette 直接词族与 DBnary 明示近/反义，再人工补第一条正式关系,蕨
736,affluent,NOM,B2,0.6838,0,0,0,0,0,1,1,1,0,3,P1_no_official,P1_no_official|P4_confusable|P5_b2c1_synset,1,先查 Démonette 直接词族与 DBnary 明示近/反义，再人工补第一条正式关系,支流
737,ping-pong,NOM,B2,0.6838,0,0,0,0,0,2,1,0,2,0,P1_no_official,P1_no_official|P4_confusable|P5_b2c1_synset,1,先查 Démonette 直接词族与 DBnary 明示近/反义，再人工补第一条正式关系,乒乓；乒乓球
738,ruée,NOM,B2,0.6825,0,0,0,0,0,2,1,0,3,1,P1_no_official,P1_no_official|P4_confusable|P5_b2c1_synset,1,先查 Démonette 直接词族与 DBnary 明示近/反义，再人工补第一条正式关系,奔
739,milady,NOM,B2,0.6817,0,0,0,0,0,1,1,0,0,1,P1_no_official,P1_no_official|P4_confusable|P5_b2c1_synset,1,先查 Démonette 直接词族与 DBnary 明示近/反义，再人工补第一条正式关系,宫主
740,pare-brise,NOM,B2,0.6805,0,0,0,0,0,1,1,1,1,3,P1_no_official,P1_no_official|P4_confusable|P5_b2c1_synset,1,先查 Démonette 直接词族与 DBnary 明示近/反义，再人工补第一条正式关系,风挡
741,hypothéquer,VER,B2,0.6796,0,0,0,0,0,4,1,0,2,1,P1_no_official,P1_no_official|P3_bridge|P4_confusable|P5_b2c1_synset,1,先查 Démonette 直接词族与 DBnary 明示近/反义，再人工补第一条正式关系,典当
742,parasite,NOM,B2,0.6793,0,0,0,0,0,5,1,0,2,0,P1_no_official,P1_no_official|P3_bridge|P4_confusable|P5_b2c1_synset,1,先查 Démonette 直接词族与 DBnary 明示近/反义，再人工补第一条正式关系,寄生虫；寄生虫类
743,paupière,NOM,B2,0.6793,0,0,0,0,0,4,1,0,0,1,P1_no_official,P1_no_official|P3_bridge|P4_confusable|P5_b2c1_synset,1,先查 Démonette 直接词族与 DBnary 明示近/反义，再人工补第一条正式关系,眼皮；眼睑
744,soda,NOM,B2,0.6777,0,0,0,0,0,3,1,0,1,0,P1_no_official,P1_no_official|P4_confusable|P5_b2c1_synset,1,先查 Démonette 直接词族与 DBnary 明示近/反义，再人工补第一条正式关系,汽水
745,container,NOM,B2,0.6771,0,0,0,0,0,1,1,0,3,0,P1_no_official,P1_no_official|P4_confusable|P5_b2c1_synset,1,先查 Démonette 直接词族与 DBnary 明示近/反义，再人工补第一条正式关系,盦
746,télégraphe,NOM,B2,0.6771,0,0,0,0,0,6,1,0,1,0,P1_no_official,P1_no_official|P3_bridge|P4_confusable|P5_b2c1_synset,1,先查 Démonette 直接词族与 DBnary 明示近/反义，再人工补第一条正式关系,电报
747,faction,NOM,B2,0.675,0,0,0,0,0,5,1,1,3,2,P1_no_official,P1_no_official|P3_bridge|P4_confusable|P5_b2c1_synset,1,先查 Démonette 直接词族与 DBnary 明示近/反义，再人工补第一条正式关系,帮派；派别
748,technocrate,NOM,B2,0.675,0,0,0,0,0,2,1,2,2,0,P1_no_official,P1_no_official|P4_confusable|P5_b2c1_synset,1,先查 Démonette 直接词族与 DBnary 明示近/反义，再人工补第一条正式关系,技术官僚
749,invoquer,VER,B2,0.6742,0,0,0,0,0,3,1,1,3,2,P1_no_official,P1_no_official|P4_confusable|P5_b2c1_synset,1,先查 Démonette 直接词族与 DBnary 明示近/反义，再人工补第一条正式关系,援引
750,commode,NOM,B2,0.6721,0,0,0,0,0,2,1,2,2,2,P1_no_official,P1_no_official|P4_confusable|P5_b2c1_synset,1,先查 Démonette 直接词族与 DBnary 明示近/反义，再人工补第一条正式关系,五斗柜；便捷
751,sillon,NOM,B2,0.6721,0,0,0,0,0,10,1,0,0,0,P1_no_official,P1_no_official|P3_bridge|P5_b2c1_synset,1,先查 Démonette 直接词族与 DBnary 明示近/反义，再人工补第一条正式关系,条纹
752,éclectique,ADJ,B2,0.6721,0,0,0,0,0,3,1,0,0,2,P1_no_official,P1_no_official|P4_confusable|P5_b2c1_synset,1,先查 Démonette 直接词族与 DBnary 明示近/反义，再人工补第一条正式关系,折衷
753,amidon,NOM,B2,0.6717,0,0,0,0,0,1,1,0,0,0,P1_no_official,P1_no_official|P5_b2c1_synset,1,先查 Démonette 直接词族与 DBnary 明示近/反义，再人工补第一条正式关系,淀粉
754,rejaillir,VER,B2,0.6717,0,0,0,0,0,4,1,0,1,3,P1_no_official,P1_no_official|P3_bridge|P4_confusable|P5_b2c1_synset,1,先查 Démonette 直接词族与 DBnary 明示近/反义，再人工补第一条正式关系,湍
755,nuque,NOM,B2,0.6699,0,0,0,0,0,3,1,0,3,0,P1_no_official,P1_no_official|P4_confusable|P5_b2c1_synset,1,先查 Démonette 直接词族与 DBnary 明示近/反义，再人工补第一条正式关系,项颈
756,suave,ADJ,B2,0.6699,0,0,0,0,0,1,1,0,1,0,P1_no_official,P1_no_official|P4_confusable|P5_b2c1_synset,1,先查 Démonette 直接词族与 DBnary 明示近/反义，再人工补第一条正式关系,圆润；委婉
757,trame,NOM,B2,0.6699,0,0,0,0,0,5,1,0,3,3,P1_no_official,P1_no_official|P3_bridge|P4_confusable|P5_b2c1_synset,1,先查 Démonette 直接词族与 DBnary 明示近/反义，再人工补第一条正式关系,线索；网点
758,capituler,VER,B2,0.6697,0,0,0,0,0,2,1,2,0,1,P1_no_official,P1_no_official|P4_confusable|P5_b2c1_synset,1,先查 Démonette 直接词族与 DBnary 明示近/反义，再人工补第一条正式关系,投诚
759,subjuguer,VER,B2,0.6697,0,0,0,0,0,3,1,2,1,1,P1_no_official,P1_no_official|P4_confusable|P5_b2c1_synset,1,先查 Démonette 直接词族与 DBnary 明示近/反义，再人工补第一条正式关系,制伏
760,laser,NOM,B2,0.6695,0,0,0,0,0,5,1,0,2,0,P1_no_official,P1_no_official|P3_bridge|P4_confusable|P5_b2c1_synset,1,先查 Démonette 直接词族与 DBnary 明示近/反义，再人工补第一条正式关系,激光；镭射
761,rail,NOM,B2,0.6695,0,0,0,0,0,6,1,0,3,3,P1_no_official,P1_no_official|P3_bridge|P4_confusable|P5_b2c1_synset,1,先查 Démonette 直接词族与 DBnary 明示近/反义，再人工补第一条正式关系,路轨
762,saillant,ADJ,B2,0.6695,0,0,0,0,0,4,1,1,2,0,P1_no_official,P1_no_official|P3_bridge|P4_confusable|P5_b2c1_synset,1,先查 Démonette 直接词族与 DBnary 明示近/反义，再人工补第一条正式关系,突出；突出地
763,tressaillir,VER,B2,0.6695,0,0,0,0,0,1,1,1,2,0,P1_no_official,P1_no_official|P4_confusable|P5_b2c1_synset,1,先查 Démonette 直接词族与 DBnary 明示近/反义，再人工补第一条正式关系,战栗；望而却步
764,whisky,NOM,B2,0.6689,0,0,0,0,0,2,1,0,2,0,P1_no_official,P1_no_official|P4_confusable|P5_b2c1_synset,1,先查 Démonette 直接词族与 DBnary 明示近/反义，再人工补第一条正式关系,威士忌
765,sinistre,ADJ,B2,0.6674,0,0,0,0,0,4,1,0,2,3,P1_no_official,P1_no_official|P3_bridge|P4_confusable|P5_b2c1_synset,1,先查 Démonette 直接词族与 DBnary 明示近/反义，再人工补第一条正式关系,不祥；毒辣
766,fantastique,NOM,B2,0.6671,0,0,0,0,0,1,1,0,1,2,P1_no_official,P1_no_official|P4_confusable|P5_b2c1_synset,1,先查 Démonette 直接词族与 DBnary 明示近/反义，再人工补第一条正式关系,奇幻；奇异
767,bouffée,NOM,B2,0.667,0,0,0,0,0,4,1,0,2,1,P1_no_official,P1_no_official|P3_bridge|P4_confusable|P5_b2c1_synset,1,先查 Démonette 直接词族与 DBnary 明示近/反义，再人工补第一条正式关系,一阵；突发
768,débraillé,ADJ,B2,0.666,0,0,0,0,0,2,1,0,1,2,P1_no_official,P1_no_official|P4_confusable|P5_b2c1_synset,1,先查 Démonette 直接词族与 DBnary 明示近/反义，再人工补第一条正式关系,邋遢；邋里邋遢
769,polo,NOM,B2,0.6658,0,0,0,0,0,3,1,0,1,2,P1_no_official,P1_no_official|P4_confusable|P5_b2c1_synset,1,先查 Démonette 直接词族与 DBnary 明示近/反义，再人工补第一条正式关系,波罗
770,grêle,ADJ,B2,0.665,0,0,0,0,0,4,1,0,2,1,P1_no_official,P1_no_official|P3_bridge|P4_confusable|P5_b2c1_synset,1,先查 Démonette 直接词族与 DBnary 明示近/反义，再人工补第一条正式关系,冰雹
771,rime,NOM,B2,0.6647,0,0,0,0,0,3,1,0,0,3,P1_no_official,P1_no_official|P4_confusable|P5_b2c1_synset,1,先查 Démonette 直接词族与 DBnary 明示近/反义，再人工补第一条正式关系,压韵
772,chou,NOM,B2,0.664,0,0,0,0,0,9,1,0,0,1,P1_no_official,P1_no_official|P3_bridge|P4_confusable|P5_b2c1_synset,1,先查 Démonette 直接词族与 DBnary 明示近/反义，再人工补第一条正式关系,包菜；莲花白
773,ingéniosité,NOM,B2,0.6632,0,0,0,0,0,1,1,1,1,1,P1_no_official,P1_no_official|P4_confusable|P5_b2c1_synset,1,先查 Démonette 直接词族与 DBnary 明示近/反义，再人工补第一条正式关系,心计；独创性
774,mandrin,NOM,B2,0.6632,0,0,0,0,0,10,1,0,0,0,P1_no_official,P1_no_official|P3_bridge|P5_b2c1_synset,1,先查 Démonette 直接词族与 DBnary 明示近/反义，再人工补第一条正式关系,夹盘
775,radioactivité,NOM,B2,0.6632,0,0,0,0,0,1,1,0,0,0,P1_no_official,P1_no_official|P5_b2c1_synset,1,先查 Démonette 直接词族与 DBnary 明示近/反义，再人工补第一条正式关系,放射性
776,semelle,NOM,B2,0.6609,0,0,0,0,0,10,1,0,3,3,P1_no_official,P1_no_official|P3_bridge|P4_confusable|P5_b2c1_synset,1,先查 Démonette 直接词族与 DBnary 明示近/反义，再人工补第一条正式关系,鞋底
777,inconditionnel,NOM,B2,0.6605,0,0,0,0,0,1,1,5,2,3,P1_no_official,P1_no_official|P4_confusable|P5_b2c1_synset,1,先查 Démonette 直接词族与 DBnary 明示近/反义，再人工补第一条正式关系,无条件
778,malencontreux,ADJ,B2,0.6595,0,0,0,0,0,2,1,2,0,0,P1_no_official,P1_no_official|P5_b2c1_synset,1,先查 Démonette 直接词族与 DBnary 明示近/反义，再人工补第一条正式关系,尴尬
779,ponctuer,VER,B2,0.6595,0,0,0,0,0,5,1,2,1,1,P1_no_official,P1_no_official|P3_bridge|P4_confusable|P5_b2c1_synset,1,先查 Démonette 直接词族与 DBnary 明示近/反义，再人工补第一条正式关系,标点
780,bibelot,NOM,B2,0.6593,0,0,0,0,0,1,1,0,1,0,P1_no_official,P1_no_official|P4_confusable|P5_b2c1_synset,1,先查 Démonette 直接词族与 DBnary 明示近/反义，再人工补第一条正式关系,古玩；古董
781,anniversaire,ADJ,B2,0.6567,0,0,0,0,0,1,1,1,1,2,P1_no_official,P1_no_official|P4_confusable|P5_b2c1_synset,1,先查 Démonette 直接词族与 DBnary 明示近/反义，再人工补第一条正式关系,周年；生日
782,golfe,NOM,B2,0.6561,0,0,0,0,0,1,1,0,1,1,P1_no_official,P1_no_official|P4_confusable|P5_b2c1_synset,1,先查 Démonette 直接词族与 DBnary 明示近/反义，再人工补第一条正式关系,湾
783,résurrection,NOM,B2,0.6544,0,0,0,0,0,5,1,1,2,1,P1_no_official,P1_no_official|P3_bridge|P4_confusable|P5_b2c1_synset,1,先查 Démonette 直接词族与 DBnary 明示近/反义，再人工补第一条正式关系,复活；复生
784,cerf,NOM,B2,0.6543,0,0,0,0,0,3,1,0,1,3,P1_no_official,P1_no_official|P4_confusable|P5_b2c1_synset,1,先查 Démonette 直接词族与 DBnary 明示近/反义，再人工补第一条正式关系,鹿
785,rancoeur,NOM,B2,0.6543,0,0,0,0,0,0,0,0,0,1,P1_no_official,P1_no_official|P4_confusable,1,先查 Démonette 直接词族与 DBnary 明示近/反义，再人工补第一条正式关系,怨尤；怨恨
786,fanatique,NOM,B2,0.6537,0,0,0,0,0,2,1,0,3,2,P1_no_official,P1_no_official|P4_confusable|P5_b2c1_synset,1,先查 Démonette 直接词族与 DBnary 明示近/反义，再人工补第一条正式关系,狂热
787,chiot,NOM,B2,0.6533,0,0,0,0,0,2,1,1,3,3,P1_no_official,P1_no_official|P4_confusable|P5_b2c1_synset,1,先查 Démonette 直接词族与 DBnary 明示近/反义，再人工补第一条正式关系,小狗
788,rayure,NOM,B2,0.6531,0,0,0,0,0,4,1,1,0,0,P1_no_official,P1_no_official|P3_bridge|P5_b2c1_synset,1,先查 Démonette 直接词族与 DBnary 明示近/反义，再人工补第一条正式关系,条纹
789,vampire,NOM,B2,0.6531,0,0,0,0,0,4,1,0,2,1,P1_no_official,P1_no_official|P3_bridge|P4_confusable|P5_b2c1_synset,1,先查 Démonette 直接词族与 DBnary 明示近/反义，再人工补第一条正式关系,吸血蝙蝠；吸血鬼
790,petit-fils,NOM,B2,0.6479,0,0,0,0,0,1,1,2,2,2,P1_no_official,P1_no_official|P4_confusable|P5_b2c1_synset,1,先查 Démonette 直接词族与 DBnary 明示近/反义，再人工补第一条正式关系,孙子
791,tiède,ADJ,B2,0.6465,0,0,0,0,0,2,1,0,2,2,P1_no_official,P1_no_official|P4_confusable|P5_b2c1_synset,1,先查 Démonette 直接词族与 DBnary 明示近/反义，再人工补第一条正式关系,乌涂；暖和
792,escarpin,NOM,B2,0.6448,0,0,0,0,0,2,1,1,1,1,P1_no_official,P1_no_official|P4_confusable|P5_b2c1_synset,1,先查 Démonette 直接词族与 DBnary 明示近/反义，再人工补第一条正式关系,高跟鞋
793,domino,NOM,B2,0.6402,0,0,0,0,0,11,1,0,3,3,P1_no_official,P1_no_official|P3_bridge|P4_confusable|P5_b2c1_synset,1,先查 Démonette 直接词族与 DBnary 明示近/反义，再人工补第一条正式关系,牌
794,brin,NOM,B2,0.636,0,0,0,0,0,14,1,0,0,3,P1_no_official,P1_no_official|P3_bridge|P4_confusable|P5_b2c1_synset,1,先查 Démonette 直接词族与 DBnary 明示近/反义，再人工补第一条正式关系,微量
795,vestiaire,NOM,B2,0.636,0,0,0,0,0,8,1,1,3,0,P1_no_official,P1_no_official|P3_bridge|P4_confusable|P5_b2c1_synset,1,先查 Démonette 直接词族与 DBnary 明示近/反义，再人工补第一条正式关系,更衣室
796,épinard,NOM,B2,0.6355,0,0,0,0,0,1,1,0,2,2,P1_no_official,P1_no_official|P4_confusable|P5_b2c1_synset,1,先查 Démonette 直接词族与 DBnary 明示近/反义，再人工补第一条正式关系,菠菜
797,dandy,NOM,B2,0.6353,0,0,0,0,0,2,1,0,1,0,P1_no_official,P1_no_official|P4_confusable|P5_b2c1_synset,1,先查 Démonette 直接词族与 DBnary 明示近/反义，再人工补第一条正式关系,花花公子
798,artichaut,NOM,B2,0.6334,0,0,0,0,0,5,1,0,1,0,P1_no_official,P1_no_official|P3_bridge|P4_confusable|P5_b2c1_synset,1,先查 Démonette 直接词族与 DBnary 明示近/反义，再人工补第一条正式关系,法国百合
799,dentifrice,NOM,B2,0.6293,0,0,0,0,0,1,1,1,0,0,P1_no_official,P1_no_official|P5_b2c1_synset,1,先查 Démonette 直接词族与 DBnary 明示近/反义，再人工补第一条正式关系,牙膏
800,igname,NOM,B2,0.623,0,0,0,0,0,2,1,0,0,0,P1_no_official,P1_no_official|P5_b2c1_synset,1,先查 Démonette 直接词族与 DBnary 明示近/反义，再人工补第一条正式关系,地瓜
801,coulisse,NOM,B2,0.6227,0,0,0,0,0,13,1,1,1,1,P1_no_official,P1_no_official|P3_bridge|P4_confusable|P5_b2c1_synset,1,先查 Démonette 直接词族与 DBnary 明示近/反义，再人工补第一条正式关系,内情；后台
802,surtout,NOM,B2,0.619,0,0,0,0,0,2,1,1,3,0,P1_no_official,P1_no_official|P4_confusable|P5_b2c1_synset,1,先查 Démonette 直接词族与 DBnary 明示近/反义，再人工补第一条正式关系,切切；千万
803,cylindre,NOM,B2,0.6187,0,0,0,0,0,14,1,0,0,1,P1_no_official,P1_no_official|P3_bridge|P4_confusable|P5_b2c1_synset,1,先查 Démonette 直接词族与 DBnary 明示近/反义，再人工补第一条正式关系,圆柱；气缸
804,corail,ADJ,B2,0.6182,0,0,0,0,0,1,1,0,2,3,P1_no_official,P1_no_official|P4_confusable|P5_b2c1_synset,1,先查 Démonette 直接词族与 DBnary 明示近/反义，再人工补第一条正式关系,珊瑚；珊瑚虫
805,mosaïque,NOM,B2,0.617,0,0,0,0,0,8,1,0,0,0,P1_no_official,P1_no_official|P3_bridge|P5_b2c1_synset,1,先查 Démonette 直接词族与 DBnary 明示近/反义，再人工补第一条正式关系,马赛克
806,courgette,NOM,B2,0.6114,0,0,0,0,0,2,1,0,0,0,P1_no_official,P1_no_official|P5_b2c1_synset,1,先查 Démonette 直接词族与 DBnary 明示近/反义，再人工补第一条正式关系,夏南瓜
807,ambulance,NOM,B2,0.6035,0,0,0,0,0,4,1,1,1,2,P1_no_official,P1_no_official|P3_bridge|P4_confusable|P5_b2c1_synset,1,先查 Démonette 直接词族与 DBnary 明示近/反义，再人工补第一条正式关系,救护车
808,vautour,NOM,B2,0.6032,0,0,0,0,0,5,1,0,0,1,P1_no_official,P1_no_official|P3_bridge|P4_confusable|P5_b2c1_synset,1,先查 Démonette 直接词族与 DBnary 明示近/反义，再人工补第一条正式关系,雕；鹫
809,inaltéré,ADJ,B2,0.6006,0,0,0,0,0,2,1,1,2,3,P1_no_official,P1_no_official|P4_confusable|P5_b2c1_synset,1,先查 Démonette 直接词族与 DBnary 明示近/反义，再人工补第一条正式关系,
810,fronde,NOM,B2,0.5978,0,0,0,0,0,7,1,0,3,2,P1_no_official,P1_no_official|P3_bridge|P4_confusable|P5_b2c1_synset,1,先查 Démonette 直接词族与 DBnary 明示近/反义，再人工补第一条正式关系,吊带；暴动
811,improviser,VER,B2,0.5978,0,0,0,0,0,2,1,1,0,1,P1_no_official,P1_no_official|P4_confusable|P5_b2c1_synset,1,先查 Démonette 直接词族与 DBnary 明示近/反义，再人工补第一条正式关系,搭盖
812,prématurément,ADV,B2,0.5978,0,0,0,0,0,1,1,0,3,0,P1_no_official,P1_no_official|P4_confusable|P5_b2c1_synset,1,先查 Démonette 直接词族与 DBnary 明示近/反义，再人工补第一条正式关系,
813,roulotte,NOM,B2,0.5978,0,0,0,0,0,3,1,0,3,0,P1_no_official,P1_no_official|P4_confusable|P5_b2c1_synset,1,先查 Démonette 直接词族与 DBnary 明示近/反义，再人工补第一条正式关系,房车
814,choléra,NOM,B2,0.5955,0,0,0,0,0,2,1,0,0,1,P1_no_official,P1_no_official|P4_confusable|P5_b2c1_synset,1,先查 Démonette 直接词族与 DBnary 明示近/反义，再人工补第一条正式关系,虎列拉；虎烈拉
815,bracelet,NOM,B2,0.5941,0,0,0,0,0,9,1,1,1,1,P1_no_official,P1_no_official|P3_bridge|P4_confusable|P5_b2c1_synset,1,先查 Démonette 直接词族与 DBnary 明示近/反义，再人工补第一条正式关系,手环；手链
816,cuivre,NOM,B2,0.5901,0,0,0,0,0,8,1,0,1,0,P1_no_official,P1_no_official|P3_bridge|P4_confusable|P5_b2c1_synset,1,先查 Démonette 直接词族与 DBnary 明示近/反义，再人工补第一条正式关系,铜
817,satin,NOM,B2,0.5901,0,0,0,0,0,4,1,0,3,1,P1_no_official,P1_no_official|P3_bridge|P4_confusable|P5_b2c1_synset,1,先查 Démonette 直接词族与 DBnary 明示近/反义，再人工补第一条正式关系,色丁
818,vaciller,VER,B2,0.5901,0,0,0,0,0,2,1,0,2,0,P1_no_official,P1_no_official|P4_confusable|P5_b2c1_synset,1,先查 Démonette 直接词族与 DBnary 明示近/反义，再人工补第一条正式关系,动摇；摇动
819,sieste,NOM,B2,0.5884,0,0,0,0,0,1,1,0,0,0,P1_no_official,P1_no_official|P5_b2c1_synset,1,先查 Démonette 直接词族与 DBnary 明示近/反义，再人工补第一条正式关系,午休；午睡
820,coucou,NOM,B2,0.5874,0,0,0,0,0,11,1,0,1,3,P1_no_official,P1_no_official|P3_bridge|P4_confusable|P5_b2c1_synset,1,先查 Démonette 直接词族与 DBnary 明示近/反义，再人工补第一条正式关系,杜鹃
821,as,NOM,B2,0.5805,0,0,0,0,0,13,1,0,0,1,P1_no_official,P1_no_official|P3_bridge|P4_confusable|P5_b2c1_synset,1,先查 Démonette 直接词族与 DBnary 明示近/反义，再人工补第一条正式关系,幺
822,grignoter,VER,B2,0.5777,0,0,0,0,0,6,1,0,1,0,P1_no_official,P1_no_official|P3_bridge|P4_confusable|P5_b2c1_synset,1,先查 Démonette 直接词族与 DBnary 明示近/反义，再人工补第一条正式关系,蚕食
823,mexicain,ADJ,B2,0.5751,0,0,0,0,0,1,1,0,2,0,P1_no_official,P1_no_official|P4_confusable|P5_b2c1_synset,1,先查 Démonette 直接词族与 DBnary 明示近/反义，再人工补第一条正式关系,老墨
824,fluide,ADJ,B2,0.5724,0,0,0,0,0,0,0,1,1,1,P1_no_official,P1_no_official|P4_confusable,1,先查 Démonette 直接词族与 DBnary 明示近/反义，再人工补第一条正式关系,流体；流利
825,gilet,NOM,B2,0.5682,0,0,0,0,0,2,1,0,1,0,P1_no_official,P1_no_official|P4_confusable|P5_b2c1_synset,1,先查 Démonette 直接词族与 DBnary 明示近/反义，再人工补第一条正式关系,背心
826,scarabée,NOM,B2,0.5678,0,0,0,0,0,3,1,0,2,1,P1_no_official,P1_no_official|P4_confusable|P5_b2c1_synset,1,先查 Démonette 直接词族与 DBnary 明示近/反义，再人工补第一条正式关系,金龟；金龟子
827,crevette,NOM,B2,0.5652,0,0,0,0,0,4,1,0,1,3,P1_no_official,P1_no_official|P3_bridge|P4_confusable|P5_b2c1_synset,1,先查 Démonette 直接词族与 DBnary 明示近/反义，再人工补第一条正式关系,小虾；明虾
828,enceinte,ADJ,B2,0.5634,0,0,0,0,0,0,0,1,2,1,P1_no_official,P1_no_official|P4_confusable,1,先查 Démonette 直接词族与 DBnary 明示近/反义，再人工补第一条正式关系,大院；身孕
829,lamentation,NOM,B2,0.5535,0,0,0,0,0,2,1,0,1,2,P1_no_official,P1_no_official|P4_confusable|P5_b2c1_synset,1,先查 Démonette 直接词族与 DBnary 明示近/反义，再人工补第一条正式关系,哀号；哀叹
830,acide,NOM,B2,0.5455,0,0,0,0,0,5,1,0,1,2,P1_no_official,P1_no_official|P3_bridge|P4_confusable|P5_b2c1_synset,1,先查 Démonette 直接词族与 DBnary 明示近/反义，再人工补第一条正式关系,痠；酸
831,télécopie,NOM,B2,0.5432,0,0,0,0,0,1,1,0,1,2,P1_no_official,P1_no_official|P4_confusable|P5_b2c1_synset,1,先查 Démonette 直接词族与 DBnary 明示近/反义，再人工补第一条正式关系,传真
832,magnétoscope,NOM,B2,0.5397,0,0,0,0,0,1,1,0,1,1,P1_no_official,P1_no_official|P4_confusable|P5_b2c1_synset,1,先查 Démonette 直接词族与 DBnary 明示近/反义，再人工补第一条正式关系,录像机
833,véranda,NOM,B2,0.5282,0,0,0,0,0,1,1,0,0,1,P1_no_official,P1_no_official|P4_confusable|P5_b2c1_synset,1,先查 Démonette 直接词族与 DBnary 明示近/反义，再人工补第一条正式关系,天井；阳光房
834,pyjama,NOM,B2,0.5268,0,0,0,0,0,2,1,0,0,1,P1_no_official,P1_no_official|P4_confusable|P5_b2c1_synset,1,先查 Démonette 直接词族与 DBnary 明示近/反义，再人工补第一条正式关系,睡衣
835,écaille,NOM,B2,0.5199,0,0,0,0,0,13,1,0,2,0,P1_no_official,P1_no_official|P3_bridge|P4_confusable|P5_b2c1_synset,1,先查 Démonette 直接词族与 DBnary 明示近/反义，再人工补第一条正式关系,鳞片
836,nickel,NOM,B2,0.5197,0,0,0,0,0,5,1,0,2,0,P1_no_official,P1_no_official|P3_bridge|P4_confusable|P5_b2c1_synset,1,先查 Démonette 直接词族与 DBnary 明示近/反义，再人工补第一条正式关系,镍
837,marécageux,ADJ,B2,0.516,0,0,0,0,0,2,1,1,1,0,P1_no_official,P1_no_official|P4_confusable|P5_b2c1_synset,1,先查 Démonette 直接词族与 DBnary 明示近/反义，再人工补第一条正式关系,洳
838,lapis-lazuli,NOM,B2,0.5039,0,0,0,0,0,1,1,0,0,0,P1_no_official,P1_no_official|P5_b2c1_synset,1,先查 Démonette 直接词族与 DBnary 明示近/反义，再人工补第一条正式关系,天青石
839,divergent,ADJ,B2,0.4907,0,0,0,0,0,2,1,0,1,3,P1_no_official,P1_no_official|P4_confusable|P5_b2c1_synset,1,先查 Démonette 直接词族与 DBnary 明示近/反义，再人工补第一条正式关系,岐
840,mâchoire,NOM,B2,0.4907,0,0,0,0,0,6,1,0,1,1,P1_no_official,P1_no_official|P3_bridge|P4_confusable|P5_b2c1_synset,1,先查 Démonette 直接词族与 DBnary 明示近/反义，再人工补第一条正式关系,下颌；暴牙
841,plâtre,NOM,B2,0.4897,0,0,0,0,0,7,1,0,2,1,P1_no_official,P1_no_official|P3_bridge|P4_confusable|P5_b2c1_synset,1,先查 Démonette 直接词族与 DBnary 明示近/反义，再人工补第一条正式关系,止血贴；石膏
842,ronronner,VER,B2,0.4897,0,0,0,0,0,4,1,0,0,3,P1_no_official,P1_no_official|P3_bridge|P4_confusable|P5_b2c1_synset,1,先查 Démonette 直接词族与 DBnary 明示近/反义，再人工补第一条正式关系,咕噜
843,pèlerinage,NOM,B2,0.4844,0,0,0,0,0,5,1,0,1,0,P1_no_official,P1_no_official|P3_bridge|P4_confusable|P5_b2c1_synset,1,先查 Démonette 直接词族与 DBnary 明示近/反义，再人工补第一条正式关系,瞻仰
844,donjon,NOM,B2,0.4816,0,0,0,0,0,4,1,0,1,1,P1_no_official,P1_no_official|P3_bridge|P4_confusable|P5_b2c1_synset,1,先查 Démonette 直接词族与 DBnary 明示近/反义，再人工补第一条正式关系,地牢
845,casino,NOM,B2,0.4743,0,0,0,0,0,3,1,0,0,1,P1_no_official,P1_no_official|P4_confusable|P5_b2c1_synset,1,先查 Démonette 直接词族与 DBnary 明示近/反义，再人工补第一条正式关系,赌场
846,chiffon,NOM,B2,0.4743,0,0,0,0,0,7,1,0,2,1,P1_no_official,P1_no_official|P3_bridge|P4_confusable|P5_b2c1_synset,1,先查 Démonette 直接词族与 DBnary 明示近/反义，再人工补第一条正式关系,雪纺
847,rafale,NOM,B2,0.4692,0,0,0,0,0,2,1,0,0,0,P1_no_official,P1_no_official|P5_b2c1_synset,1,先查 Démonette 直接词族与 DBnary 明示近/反义，再人工补第一条正式关系,爆裂；突发
848,péninsule,NOM,B2,0.4478,0,0,0,0,0,1,1,0,0,0,P1_no_official,P1_no_official|P5_b2c1_synset,1,先查 Démonette 直接词族与 DBnary 明示近/反义，再人工补第一条正式关系,半岛
849,samba,NOM,B2,0.4455,0,0,0,0,0,3,1,0,0,0,P1_no_official,P1_no_official|P5_b2c1_synset,1,先查 Démonette 直接词族与 DBnary 明示近/反义，再人工补第一条正式关系,森巴舞
850,irréparable,ADJ,C1,0.4293,0,0,0,0,0,1,1,1,1,1,P1_no_official,P1_no_official|P4_confusable|P5_b2c1_synset,1,先查 Démonette 直接词族与 DBnary 明示近/反义，再人工补第一条正式关系,不可收拾
851,muqueuse,NOM,C1,0.4293,0,0,0,0,0,1,1,0,0,0,P1_no_official,P1_no_official|P5_b2c1_synset,1,先查 Démonette 直接词族与 DBnary 明示近/反义，再人工补第一条正式关系,粘膜
852,pigment,NOM,C1,0.4293,0,0,0,0,0,3,1,0,2,0,P1_no_official,P1_no_official|P4_confusable|P5_b2c1_synset,1,先查 Démonette 直接词族与 DBnary 明示近/反义，再人工补第一条正式关系,色素；颜料
853,pulpe,NOM,C1,0.4293,0,0,0,0,0,5,1,0,0,0,P1_no_official,P1_no_official|P3_bridge|P5_b2c1_synset,1,先查 Démonette 直接词族与 DBnary 明示近/反义，再人工补第一条正式关系,瓤；肉
854,résine,NOM,C1,0.4293,0,0,0,0,0,0,0,0,0,1,P1_no_official,P1_no_official|P4_confusable,1,先查 Démonette 直接词族与 DBnary 明示近/反义，再人工补第一条正式关系,树脂
855,tournesol,NOM,C1,0.4293,0,0,0,0,0,0,0,1,0,0,P1_no_official,P1_no_official,1,先查 Démonette 直接词族与 DBnary 明示近/反义，再人工补第一条正式关系,向日葵；葵花
856,météorite,NOM,C1,0.404,0,0,0,0,0,0,0,2,3,3,P1_no_official,P1_no_official|P4_confusable,1,先查 Démonette 直接词族与 DBnary 明示近/反义，再人工补第一条正式关系,陨石
857,volley-ball,NOM,C1,0.3998,0,0,0,0,0,1,1,0,1,2,P1_no_official,P1_no_official|P4_confusable|P5_b2c1_synset,1,先查 Démonette 直接词族与 DBnary 明示近/反义，再人工补第一条正式关系,排球
858,pénicilline,NOM,C1,0.3902,0,0,0,0,0,1,1,0,0,0,P1_no_official,P1_no_official|P5_b2c1_synset,1,先查 Démonette 直接词族与 DBnary 明示近/反义，再人工补第一条正式关系,霉素；青霉素
859,rhinocéros,NOM,C1,0.39,0,0,0,0,0,2,1,0,1,1,P1_no_official,P1_no_official|P4_confusable|P5_b2c1_synset,1,先查 Démonette 直接词族与 DBnary 明示近/反义，再人工补第一条正式关系,犀牛
860,cadran,NOM,C1,0.3899,0,0,0,0,0,7,1,1,0,3,P1_no_official,P1_no_official|P3_bridge|P4_confusable|P5_b2c1_synset,1,先查 Démonette 直接词族与 DBnary 明示近/反义，再人工补第一条正式关系,闹钟
861,chrysanthème,NOM,C1,0.3808,0,0,0,0,0,1,1,0,1,1,P1_no_official,P1_no_official|P4_confusable|P5_b2c1_synset,1,先查 Démonette 直接词族与 DBnary 明示近/反义，再人工补第一条正式关系,菊花
862,téléphérique,NOM,C1,0.3684,0,0,0,0,0,1,1,0,3,2,P1_no_official,P1_no_official|P4_confusable|P5_b2c1_synset,1,先查 Démonette 直接词族与 DBnary 明示近/反义，再人工补第一条正式关系,索道；缆车
863,orbite,NOM,C1,0.3523,0,0,0,0,0,4,1,1,3,1,P1_no_official,P1_no_official|P3_bridge|P4_confusable|P5_b2c1_synset,1,先查 Démonette 直接词族与 DBnary 明示近/反义，再人工补第一条正式关系,眼眶；轨道
864,douzième,ADJ,C1,0.3391,0,0,0,0,0,2,1,1,2,3,P1_no_official,P1_no_official|P4_confusable|P5_b2c1_synset,1,先查 Démonette 直接词族与 DBnary 明示近/反义，再人工补第一条正式关系,第十二
865,cornichon,NOM,C1,0.3192,0,0,0,0,0,8,1,1,1,1,P1_no_official,P1_no_official|P3_bridge|P4_confusable|P5_b2c1_synset,1,先查 Démonette 直接词族与 DBnary 明示近/反义，再人工补第一条正式关系,傻瓜
866,aliénation,NOM,C1,0.2926,0,0,0,0,0,6,1,1,0,3,P1_no_official,P1_no_official|P3_bridge|P4_confusable|P5_b2c1_synset,1,先查 Démonette 直接词族与 DBnary 明示近/反义，再人工补第一条正式关系,异化；疏离
867,angine,NOM,C1,0.2926,0,0,0,0,0,1,1,0,2,0,P1_no_official,P1_no_official|P4_confusable|P5_b2c1_synset,1,先查 Démonette 直接词族与 DBnary 明示近/反义，再人工补第一条正式关系,扁桃体炎
868,ghetto,NOM,C1,0.2926,0,0,0,0,0,4,1,0,0,2,P1_no_official,P1_no_official|P3_bridge|P4_confusable|P5_b2c1_synset,1,先查 Démonette 直接词族与 DBnary 明示近/反义，再人工补第一条正式关系,居民区
869,annulaire,NOM,C1,0.2862,0,0,0,0,0,2,1,0,3,1,P1_no_official,P1_no_official|P4_confusable|P5_b2c1_synset,1,先查 Démonette 直接词族与 DBnary 明示近/反义，再人工补第一条正式关系,无名指；环状
870,bitume,NOM,C1,0.2862,0,0,0,0,0,3,1,0,3,1,P1_no_official,P1_no_official|P4_confusable|P5_b2c1_synset,1,先查 Démonette 直接词族与 DBnary 明示近/反义，再人工补第一条正式关系,沥青
871,contrefaçon,NOM,C1,0.2862,0,0,0,0,0,2,1,1,1,2,P1_no_official,P1_no_official|P4_confusable|P5_b2c1_synset,1,先查 Démonette 直接词族与 DBnary 明示近/反义，再人工补第一条正式关系,假币；山寨
872,copyright,NOM,C1,0.2862,0,0,0,0,0,2,1,0,0,1,P1_no_official,P1_no_official|P4_confusable|P5_b2c1_synset,1,先查 Démonette 直接词族与 DBnary 明示近/反义，再人工补第一条正式关系,版权
873,culbute,NOM,C1,0.2862,0,0,0,0,0,5,1,1,0,0,P1_no_official,P1_no_official|P3_bridge|P5_b2c1_synset,1,先查 Démonette 直接词族与 DBnary 明示近/反义，再人工补第一条正式关系,空翻；跟头
874,faisceau,NOM,C1,0.2862,0,0,0,0,0,10,1,0,1,1,P1_no_official,P1_no_official|P3_bridge|P4_confusable|P5_b2c1_synset,1,先查 Démonette 直接词族与 DBnary 明示近/反义，再人工补第一条正式关系,簇
875,hypnotique,ADJ,C1,0.2862,0,0,0,0,0,2,1,0,0,1,P1_no_official,P1_no_official|P4_confusable|P5_b2c1_synset,1,先查 Démonette 直接词族与 DBnary 明示近/反义，再人工补第一条正式关系,安眠药
876,laquer,VER,C1,0.2862,0,0,0,0,0,1,1,0,3,3,P1_no_official,P1_no_official|P4_confusable|P5_b2c1_synset,1,先查 Démonette 直接词族与 DBnary 明示近/反义，再人工补第一条正式关系,髹
877,méthanol,NOM,C1,0.2862,0,0,0,0,0,1,1,0,2,2,P1_no_official,P1_no_official|P4_confusable|P5_b2c1_synset,1,先查 Démonette 直接词族与 DBnary 明示近/反义，再人工补第一条正式关系,甲醇
878,numériser,VER,C1,0.2862,0,0,0,0,0,2,1,1,2,2,P1_no_official,P1_no_official|P4_confusable|P5_b2c1_synset,1,先查 Démonette 直接词族与 DBnary 明示近/反义，再人工补第一条正式关系,数位化；数字化
879,paon,NOM,C1,0.2862,0,0,0,0,0,4,1,0,1,3,P1_no_official,P1_no_official|P3_bridge|P4_confusable|P5_b2c1_synset,1,先查 Démonette 直接词族与 DBnary 明示近/反义，再人工补第一条正式关系,孔雀
880,parabole,NOM,C1,0.2862,0,0,0,0,0,5,1,0,1,1,P1_no_official,P1_no_official|P3_bridge|P4_confusable|P5_b2c1_synset,1,先查 Démonette 直接词族与 DBnary 明示近/反义，再人工补第一条正式关系,比喻；讽喻
881,pétale,NOM,C1,0.2862,0,0,0,0,0,1,1,0,1,2,P1_no_official,P1_no_official|P4_confusable|P5_b2c1_synset,1,先查 Démonette 直接词族与 DBnary 明示近/反义，再人工补第一条正式关系,花瓣
882,scanner,NOM,C1,0.2862,0,0,0,0,0,2,1,0,1,0,P1_no_official,P1_no_official|P4_confusable|P5_b2c1_synset,1,先查 Démonette 直接词族与 DBnary 明示近/反义，再人工补第一条正式关系,扫描；扫描仪
883,ébauche,NOM,C1,0.2862,0,0,0,0,0,8,1,1,2,1,P1_no_official,P1_no_official|P3_bridge|P4_confusable|P5_b2c1_synset,1,先查 Démonette 直接词族与 DBnary 明示近/反义，再人工补第一条正式关系,草案；草稿
884,adjudant,NOM,C1,0.2791,0,0,0,0,0,3,1,0,1,1,P1_no_official,P1_no_official|P4_confusable|P5_b2c1_synset,1,先查 Démonette 直接词族与 DBnary 明示近/反义，再人工补第一条正式关系,军士
885,luth,NOM,C1,0.2786,0,0,0,0,0,4,1,0,3,3,P1_no_official,P1_no_official|P3_bridge|P4_confusable|P5_b2c1_synset,1,先查 Démonette 直接词族与 DBnary 明示近/反义，再人工补第一条正式关系,琉特琴
886,orang-outan,NOM,C1,0.2614,0,0,0,0,0,1,1,0,0,1,P1_no_official,P1_no_official|P4_confusable|P5_b2c1_synset,1,先查 Démonette 直接词族与 DBnary 明示近/反义，再人工补第一条正式关系,猩猩
887,purée,NOM,C1,0.2552,0,0,0,0,0,6,1,1,3,3,P1_no_official,P1_no_official|P3_bridge|P4_confusable|P5_b2c1_synset,1,先查 Démonette 直接词族与 DBnary 明示近/反义，再人工补第一条正式关系,泥；酱
888,joute,NOM,C1,0.2176,0,0,0,0,0,8,1,3,3,1,P1_no_official,P1_no_official|P3_bridge|P4_confusable|P5_b2c1_synset,1,先查 Démonette 直接词族与 DBnary 明示近/反义，再人工补第一条正式关系,比赛
889,cric,NOM,C1,0.206,0,0,0,0,0,3,1,0,0,0,P1_no_official,P1_no_official|P5_b2c1_synset,1,先查 Démonette 直接词族与 DBnary 明示近/反义，再人工补第一条正式关系,插孔；起重
890,infirmerie,NOM,C1,0.206,0,0,0,0,0,1,1,3,1,1,P1_no_official,P1_no_official|P4_confusable|P5_b2c1_synset,1,先查 Démonette 直接词族与 DBnary 明示近/反义，再人工补第一条正式关系,病室
891,transistor,NOM,C1,0.1972,0,0,0,0,0,2,1,0,0,1,P1_no_official,P1_no_official|P4_confusable|P5_b2c1_synset,1,先查 Démonette 直接词族与 DBnary 明示近/反义，再人工补第一条正式关系,晶体管
892,aérosol,NOM,C1,0.1951,0,0,0,0,0,2,1,1,3,1,P1_no_official,P1_no_official|P4_confusable|P5_b2c1_synset,1,先查 Démonette 直接词族与 DBnary 明示近/反义，再人工补第一条正式关系,气胶
893,cobaye,NOM,C1,0.1951,0,0,0,0,0,3,1,0,1,0,P1_no_official,P1_no_official|P4_confusable|P5_b2c1_synset,1,先查 Démonette 直接词族与 DBnary 明示近/反义，再人工补第一条正式关系,天竺鼠；葵鼠
894,express,NOM,C1,0.1951,0,0,0,0,0,3,1,0,3,3,P1_no_official,P1_no_official|P4_confusable|P5_b2c1_synset,1,先查 Démonette 直接词族与 DBnary 明示近/反义，再人工补第一条正式关系,快车
895,subliminal,ADJ,C1,0.1951,0,0,0,0,0,3,1,1,2,2,P1_no_official,P1_no_official|P4_confusable|P5_b2c1_synset,1,先查 Démonette 直接词族与 DBnary 明示近/反义，再人工补第一条正式关系,
896,gemme,NOM,C1,0.1861,0,0,0,0,0,6,1,0,2,0,P1_no_official,P1_no_official|P3_bridge|P4_confusable|P5_b2c1_synset,1,先查 Démonette 直接词族与 DBnary 明示近/反义，再人工补第一条正式关系,宝石
897,soit,ADV,C1,0.1842,0,0,0,0,0,1,1,1,2,2,P1_no_official,P1_no_official|P4_confusable|P5_b2c1_synset,1,先查 Démonette 直接词族与 DBnary 明示近/反义，再人工补第一条正式关系,算了
898,farcir,VER,C1,0.1824,0,0,0,0,0,4,1,0,1,3,P1_no_official,P1_no_official|P3_bridge|P4_confusable|P5_b2c1_synset,1,先查 Démonette 直接词族与 DBnary 明示近/反义，再人工补第一条正式关系,填满
899,citrouille,NOM,C1,0.1473,0,0,0,0,0,4,1,1,2,1,P1_no_official,P1_no_official|P3_bridge|P4_confusable|P5_b2c1_synset,1,先查 Démonette 直接词族与 DBnary 明示近/反义，再人工补第一条正式关系,南瓜；金瓜
900,acoustique,NOM,C1,0.1431,0,0,0,0,0,2,1,0,0,1,P1_no_official,P1_no_official|P4_confusable|P5_b2c1_synset,1,先查 Démonette 直接词族与 DBnary 明示近/反义，再人工补第一条正式关系,传音；音响
901,airbus,NOM,C1,0.1431,0,0,0,0,0,2,1,1,1,1,P1_no_official,P1_no_official|P4_confusable|P5_b2c1_synset,1,先查 Démonette 直接词族与 DBnary 明示近/反义，再人工补第一条正式关系,空中客车
902,aldéhyde,NOM,C1,0.1431,0,0,0,0,0,1,1,1,0,0,P1_no_official,P1_no_official|P5_b2c1_synset,1,先查 Démonette 直接词族与 DBnary 明示近/反义，再人工补第一条正式关系,醛
903,argile,NOM,C1,0.1431,0,0,0,0,0,6,1,0,1,0,P1_no_official,P1_no_official|P3_bridge|P4_confusable|P5_b2c1_synset,1,先查 Démonette 直接词族与 DBnary 明示近/反义，再人工补第一条正式关系,泥土；粘土
904,attaquant,ADJ,C1,0.1431,0,0,0,0,0,2,1,1,2,2,P1_no_official,P1_no_official|P4_confusable|P5_b2c1_synset,1,先查 Démonette 直接词族与 DBnary 明示近/反义，再人工补第一条正式关系,攻击者
905,autobiographie,NOM,C1,0.1431,0,0,0,0,0,1,1,0,1,2,P1_no_official,P1_no_official|P4_confusable|P5_b2c1_synset,1,先查 Démonette 直接词族与 DBnary 明示近/反义，再人工补第一条正式关系,自传；自述
906,belvédère,NOM,C1,0.1431,0,0,0,0,0,2,1,0,1,0,P1_no_official,P1_no_official|P4_confusable|P5_b2c1_synset,1,先查 Démonette 直接词族与 DBnary 明示近/反义，再人工补第一条正式关系,榭
907,benzène,NOM,C1,0.1431,0,0,0,0,0,1,1,0,1,2,P1_no_official,P1_no_official|P4_confusable|P5_b2c1_synset,1,先查 Démonette 直接词族与 DBnary 明示近/反义，再人工补第一条正式关系,苯
908,bouder,VER,C1,0.1431,0,0,0,0,0,8,1,1,3,3,P1_no_official,P1_no_official|P3_bridge|P4_confusable|P5_b2c1_synset,1,先查 Démonette 直接词族与 DBnary 明示近/反义，再人工补第一条正式关系,撅嘴；生气
909,bouleau,NOM,C1,0.1431,0,0,0,0,0,2,1,0,2,2,P1_no_official,P1_no_official|P4_confusable|P5_b2c1_synset,1,先查 Démonette 直接词族与 DBnary 明示近/反义，再人工补第一条正式关系,桦
910,bourdonnement,NOM,C1,0.1431,0,0,0,0,0,6,1,0,0,0,P1_no_official,P1_no_official|P3_bridge|P5_b2c1_synset,1,先查 Démonette 直接词族与 DBnary 明示近/反义，再人工补第一条正式关系,嗡嗡
911,brailler,VER,C1,0.1431,0,0,0,0,0,7,1,0,2,3,P1_no_official,P1_no_official|P3_bridge|P4_confusable|P5_b2c1_synset,1,先查 Démonette 直接词族与 DBnary 明示近/反义，再人工补第一条正式关系,鬼叫
912,braqueur,NOM,C1,0.1431,0,0,0,0,0,1,1,0,0,1,P1_no_official,P1_no_official|P4_confusable|P5_b2c1_synset,1,先查 Démonette 直接词族与 DBnary 明示近/反义，再人工补第一条正式关系,强盗
913,calciner,VER,C1,0.1431,0,0,0,0,0,4,1,2,3,1,P1_no_official,P1_no_official|P3_bridge|P4_confusable|P5_b2c1_synset,1,先查 Démonette 直接词族与 DBnary 明示近/反义，再人工补第一条正式关系,煅成末；煅烧
914,chauve-souris,NOM,C1,0.1431,0,0,0,0,0,2,1,1,2,2,P1_no_official,P1_no_official|P4_confusable|P5_b2c1_synset,1,先查 Démonette 直接词族与 DBnary 明示近/反义，再人工补第一条正式关系,翼手目；蝙蝠
915,chi,NOM,C1,0.1431,0,0,0,0,0,5,1,0,0,0,P1_no_official,P1_no_official|P3_bridge|P5_b2c1_synset,1,先查 Démonette 直接词族与 DBnary 明示近/反义，再人工补第一条正式关系,气
916,classiquement,ADV,C1,0.1431,0,0,0,0,0,2,1,1,2,1,P1_no_official,P1_no_official|P4_confusable|P5_b2c1_synset,1,先查 Démonette 直接词族与 DBnary 明示近/反义，再人工补第一条正式关系,照例
917,cloisonner,VER,C1,0.1431,0,0,0,0,0,2,1,0,1,1,P1_no_official,P1_no_official|P4_confusable|P5_b2c1_synset,1,先查 Démonette 直接词族与 DBnary 明示近/反义，再人工补第一条正式关系,隔开
918,clone,NOM,C1,0.1431,0,0,0,0,0,8,1,1,2,2,P1_no_official,P1_no_official|P3_bridge|P4_confusable|P5_b2c1_synset,1,先查 Démonette 直接词族与 DBnary 明示近/反义，再人工补第一条正式关系,克隆
919,coaguler,VER,C1,0.1431,0,0,0,0,0,1,1,0,0,0,P1_no_official,P1_no_official|P5_b2c1_synset,1,先查 Démonette 直接词族与 DBnary 明示近/反义，再人工补第一条正式关系,凝结
920,concavité,NOM,C1,0.1431,0,0,0,0,0,1,1,0,0,0,P1_no_official,P1_no_official|P5_b2c1_synset,1,先查 Démonette 直接词族与 DBnary 明示近/反义，再人工补第一条正式关系,凹凸性
921,concurrent,ADJ,C1,0.1431,0,0,0,0,0,0,0,1,3,3,P1_no_official,P1_no_official|P4_confusable,1,先查 Démonette 直接词族与 DBnary 明示近/反义，再人工补第一条正式关系,参赛者；对手
922,conditionnel,ADJ,C1,0.1431,0,0,0,0,0,2,1,1,2,1,P1_no_official,P1_no_official|P4_confusable|P5_b2c1_synset,1,先查 Démonette 直接词族与 DBnary 明示近/反义，再人工补第一条正式关系,有条件
923,conscient,NOM,C1,0.1431,0,0,0,0,0,0,0,3,3,3,P1_no_official,P1_no_official|P4_confusable,1,先查 Démonette 直接词族与 DBnary 明示近/反义，再人工补第一条正式关系,有意识；睡醒
924,coquetterie,NOM,C1,0.1431,0,0,0,0,0,5,1,1,2,0,P1_no_official,P1_no_official|P3_bridge|P4_confusable|P5_b2c1_synset,1,先查 Démonette 直接词族与 DBnary 明示近/反义，再人工补第一条正式关系,风情
925,cosmétique,ADJ,C1,0.1431,0,0,0,0,0,2,1,0,1,1,P1_no_official,P1_no_official|P4_confusable|P5_b2c1_synset,1,先查 Démonette 直接词族与 DBnary 明示近/反义，再人工补第一条正式关系,化妆品；美容
926,cossu,ADJ,C1,0.1431,0,0,0,0,0,3,1,0,2,1,P1_no_official,P1_no_official|P4_confusable|P5_b2c1_synset,1,先查 Démonette 直接词族与 DBnary 明示近/反义，再人工补第一条正式关系,富足
927,cygne,NOM,C1,0.1431,0,0,0,0,0,6,1,0,1,2,P1_no_official,P1_no_official|P3_bridge|P4_confusable|P5_b2c1_synset,1,先查 Démonette 直接词族与 DBnary 明示近/反义，再人工补第一条正式关系,天鹅
928,diurne,ADJ,C1,0.1431,0,0,0,0,0,5,1,0,0,0,P1_no_official,P1_no_official|P3_bridge|P5_b2c1_synset,1,先查 Démonette 直接词族与 DBnary 明示近/反义，再人工补第一条正式关系,周日；白日
929,dysenterie,NOM,C1,0.1431,0,0,0,0,0,1,1,0,0,1,P1_no_official,P1_no_official|P4_confusable|P5_b2c1_synset,1,先查 Démonette 直接词族与 DBnary 明示近/反义，再人工补第一条正式关系,泻；疶
930,décodeur,NOM,C1,0.1431,0,0,0,0,0,5,1,0,2,1,P1_no_official,P1_no_official|P3_bridge|P4_confusable|P5_b2c1_synset,1,先查 Démonette 直接词族与 DBnary 明示近/反义，再人工补第一条正式关系,解码器
931,dépister,VER,C1,0.1431,0,0,0,0,0,3,1,0,1,2,P1_no_official,P1_no_official|P4_confusable|P5_b2c1_synset,1,先查 Démonette 直接词族与 DBnary 明示近/反义，再人工补第一条正式关系,查获；清查
932,empêtrer,VER,C1,0.1431,0,0,0,0,0,1,1,0,3,0,P1_no_official,P1_no_official|P4_confusable|P5_b2c1_synset,1,先查 Démonette 直接词族与 DBnary 明示近/反义，再人工补第一条正式关系,
933,enneigement,NOM,C1,0.1431,0,0,0,0,0,2,1,1,2,0,P1_no_official,P1_no_official|P4_confusable|P5_b2c1_synset,1,先查 Démonette 直接词族与 DBnary 明示近/反义，再人工补第一条正式关系,积雪
934,entrailles,NOM,C1,0.1431,0,0,0,0,0,5,1,0,0,3,P1_no_official,P1_no_official|P3_bridge|P4_confusable|P5_b2c1_synset,1,先查 Démonette 直接词族与 DBnary 明示近/反义，再人工补第一条正式关系,脏；腑
935,entrecroiser,VER,C1,0.1431,0,0,0,0,0,1,1,1,0,1,P1_no_official,P1_no_official|P4_confusable|P5_b2c1_synset,1,先查 Démonette 直接词族与 DBnary 明示近/反义，再人工补第一条正式关系,交错
936,envergure,NOM,C1,0.1431,0,0,0,0,0,7,1,0,0,1,P1_no_official,P1_no_official|P3_bridge|P4_confusable|P5_b2c1_synset,1,先查 Démonette 直接词族与 DBnary 明示近/反义，再人工补第一条正式关系,声势；展翅
937,environ,NOM,C1,0.1431,0,0,0,0,0,0,0,0,3,3,P1_no_official,P1_no_official|P4_confusable,1,先查 Démonette 直接词族与 DBnary 明示近/反义，再人工补第一条正式关系,上下；内外
938,escompter,VER,C1,0.1431,0,0,0,0,0,5,1,1,0,2,P1_no_official,P1_no_official|P3_bridge|P4_confusable|P5_b2c1_synset,1,先查 Démonette 直接词族与 DBnary 明示近/反义，再人工补第一条正式关系,指望；预期
939,fermentation,NOM,C1,0.1431,0,0,0,0,0,2,1,1,0,1,P1_no_official,P1_no_official|P4_confusable|P5_b2c1_synset,1,先查 Démonette 直接词族与 DBnary 明示近/反义，再人工补第一条正式关系,发酵
940,filigrane,NOM,C1,0.1431,0,0,0,0,0,4,1,0,0,0,P1_no_official,P1_no_official|P3_bridge|P5_b2c1_synset,1,先查 Démonette 直接词族与 DBnary 明示近/反义，再人工补第一条正式关系,水印
941,fioul,NOM,C1,0.1431,0,0,0,0,0,2,1,0,1,1,P1_no_official,P1_no_official|P4_confusable|P5_b2c1_synset,1,先查 Démonette 直接词族与 DBnary 明示近/反义，再人工补第一条正式关系,燃料油
942,firmament,NOM,C1,0.1431,0,0,0,0,0,3,1,0,2,2,P1_no_official,P1_no_official|P4_confusable|P5_b2c1_synset,1,先查 Démonette 直接词族与 DBnary 明示近/反义，再人工补第一条正式关系,苍天；苍穹
943,flemmarder,VER,C1,0.1431,0,0,0,0,0,1,1,0,0,0,P1_no_official,P1_no_official|P5_b2c1_synset,1,先查 Démonette 直接词族与 DBnary 明示近/反义，再人工补第一条正式关系,
944,fluide,NOM,C1,0.1431,0,0,0,0,0,0,0,1,1,1,P1_no_official,P1_no_official|P4_confusable,1,先查 Démonette 直接词族与 DBnary 明示近/反义，再人工补第一条正式关系,流体；流利
945,galant,NOM,C1,0.1431,0,0,0,0,0,4,1,0,3,3,P1_no_official,P1_no_official|P3_bridge|P4_confusable|P5_b2c1_synset,1,先查 Démonette 直接词族与 DBnary 明示近/反义，再人工补第一条正式关系,温存
946,gazole,NOM,C1,0.1431,0,0,0,0,0,1,1,0,3,1,P1_no_official,P1_no_official|P4_confusable|P5_b2c1_synset,1,先查 Démonette 直接词族与 DBnary 明示近/反义，再人工补第一条正式关系,柴油
947,geindre,VER,C1,0.1431,0,0,0,0,0,1,1,0,3,0,P1_no_official,P1_no_official|P4_confusable|P5_b2c1_synset,1,先查 Démonette 直接词族与 DBnary 明示近/反义，再人工补第一条正式关系,哀怨
948,gratification,NOM,C1,0.1431,0,0,0,0,0,1,1,1,1,1,P1_no_official,P1_no_official|P4_confusable|P5_b2c1_synset,1,先查 Démonette 直接词族与 DBnary 明示近/反义，再人工补第一条正式关系,奖金；赏金
949,gravats,NOM,C1,0.1431,0,0,0,0,0,2,1,1,1,0,P1_no_official,P1_no_official|P4_confusable|P5_b2c1_synset,1,先查 Démonette 直接词族与 DBnary 明示近/反义，再人工补第一条正式关系,乱石
950,hic,NOM,C1,0.1431,0,0,0,0,0,1,1,0,0,1,P1_no_official,P1_no_official|P4_confusable|P5_b2c1_synset,1,先查 Démonette 直接词族与 DBnary 明示近/反义，再人工补第一条正式关系,难处
951,homo,NOM,C1,0.1431,0,0,0,0,0,5,1,0,3,2,P1_no_official,P1_no_official|P3_bridge|P4_confusable|P5_b2c1_synset,1,先查 Démonette 直接词族与 DBnary 明示近/反义，再人工补第一条正式关系,G友
952,huileux,ADJ,C1,0.1431,0,0,0,0,0,2,1,0,0,0,P1_no_official,P1_no_official|P5_b2c1_synset,1,先查 Démonette 直接词族与 DBnary 明示近/反义，再人工补第一条正式关系,油乎乎；油光
953,hybride,ADJ,C1,0.1431,0,0,0,0,0,4,1,1,2,1,P1_no_official,P1_no_official|P3_bridge|P4_confusable|P5_b2c1_synset,1,先查 Démonette 直接词族与 DBnary 明示近/反义，再人工补第一条正式关系,杂种；混血
954,hydrogène,NOM,C1,0.1431,0,0,0,0,0,3,1,0,3,3,P1_no_official,P1_no_official|P4_confusable|P5_b2c1_synset,1,先查 Démonette 直接词族与 DBnary 明示近/反义，再人工补第一条正式关系,氢
955,hydrogénation,NOM,C1,0.1431,0,0,0,0,0,1,1,0,3,0,P1_no_official,P1_no_official|P4_confusable|P5_b2c1_synset,1,先查 Démonette 直接词族与 DBnary 明示近/反义，再人工补第一条正式关系,氢化
956,illustré,ADJ,C1,0.1431,0,0,0,0,0,1,1,1,3,3,P1_no_official,P1_no_official|P4_confusable|P5_b2c1_synset,1,先查 Démonette 直接词族与 DBnary 明示近/反义，再人工补第一条正式关系,图文并茂
957,imbattable,ADJ,C1,0.1431,0,0,0,0,0,1,1,1,1,0,P1_no_official,P1_no_official|P4_confusable|P5_b2c1_synset,1,先查 Démonette 直接词族与 DBnary 明示近/反义，再人工补第一条正式关系,不敌
958,immatriculer,VER,C1,0.1431,0,0,0,0,0,1,1,0,1,1,P1_no_official,P1_no_official|P4_confusable|P5_b2c1_synset,1,先查 Démonette 直接词族与 DBnary 明示近/反义，再人工补第一条正式关系,注册
959,imprévisible,ADJ,C1,0.1431,0,0,0,0,0,1,1,1,0,2,P1_no_official,P1_no_official|P4_confusable|P5_b2c1_synset,1,先查 Démonette 直接词族与 DBnary 明示近/反义，再人工补第一条正式关系,谁知
960,inoffensif,ADJ,C1,0.1431,0,0,0,0,0,1,1,1,2,0,P1_no_official,P1_no_official|P4_confusable|P5_b2c1_synset,1,先查 Démonette 直接词族与 DBnary 明示近/反义，再人工补第一条正式关系,无毒
961,introverti,ADJ,C1,0.1431,0,0,0,0,0,1,1,1,1,1,P1_no_official,P1_no_official|P4_confusable|P5_b2c1_synset,1,先查 Démonette 直接词族与 DBnary 明示近/反义，再人工补第一条正式关系,内向；内敛
962,intégralement,ADV,C1,0.1431,0,0,0,0,0,1,1,1,1,1,P1_no_official,P1_no_official|P4_confusable|P5_b2c1_synset,1,先查 Démonette 直接词族与 DBnary 明示近/反义，再人工补第一条正式关系,不折不扣
963,journalier,ADJ,C1,0.1431,0,0,0,0,0,2,1,1,3,3,P1_no_official,P1_no_official|P4_confusable|P5_b2c1_synset,1,先查 Démonette 直接词族与 DBnary 明示近/反义，再人工补第一条正式关系,散工；每一天
964,juif,NOM,C1,0.1431,0,0,0,0,0,4,1,0,1,1,P1_no_official,P1_no_official|P3_bridge|P4_confusable|P5_b2c1_synset,1,先查 Démonette 直接词族与 DBnary 明示近/反义，再人工补第一条正式关系,犹太；犹太人
965,latex,NOM,C1,0.1431,0,0,0,0,0,2,1,0,1,2,P1_no_official,P1_no_official|P4_confusable|P5_b2c1_synset,1,先查 Démonette 直接词族与 DBnary 明示近/反义，再人工补第一条正式关系,乳胶
966,lotion,NOM,C1,0.1431,0,0,0,0,0,3,1,0,3,0,P1_no_official,P1_no_official|P4_confusable|P5_b2c1_synset,1,先查 Démonette 直接词族与 DBnary 明示近/反义，再人工补第一条正式关系,乳液；化妆水
967,lubrifiant,NOM,C1,0.1431,0,0,0,0,0,2,1,0,0,0,P1_no_official,P1_no_official|P5_b2c1_synset,1,先查 Démonette 直接词族与 DBnary 明示近/反义，再人工补第一条正式关系,机油；润滑剂
968,lycra,NOM,C1,0.1431,0,0,0,0,0,1,1,0,2,0,P1_no_official,P1_no_official|P4_confusable|P5_b2c1_synset,1,先查 Démonette 直接词族与 DBnary 明示近/反义，再人工补第一条正式关系,莱卡
969,malgache,NOM,C1,0.1431,0,0,0,0,0,2,1,0,1,0,P1_no_official,P1_no_official|P4_confusable|P5_b2c1_synset,1,先查 Démonette 直接词族与 DBnary 明示近/反义，再人工补第一条正式关系,马达加斯加语
970,miniature,NOM,C1,0.1431,0,0,0,0,0,0,0,0,0,1,P1_no_official,P1_no_official|P4_confusable,1,先查 Démonette 直接词族与 DBnary 明示近/反义，再人工补第一条正式关系,微型；缩影
971,moelle,NOM,C1,0.1431,0,0,0,0,0,9,1,0,1,2,P1_no_official,P1_no_official|P3_bridge|P4_confusable|P5_b2c1_synset,1,先查 Démonette 直接词族与 DBnary 明示近/反义，再人工补第一条正式关系,精髓
972,moteur,ADJ,C1,0.1431,0,0,0,0,0,1,1,1,2,3,P1_no_official,P1_no_official|P4_confusable|P5_b2c1_synset,1,先查 Démonette 直接词族与 DBnary 明示近/反义，再人工补第一条正式关系,发动机；引擎
973,mousson,NOM,C1,0.1431,0,0,0,0,0,0,0,0,2,1,P1_no_official,P1_no_official|P4_confusable,1,先查 Démonette 直接词族与 DBnary 明示近/反义，再人工补第一条正式关系,梅雨；霉雨
974,nectar,NOM,C1,0.1431,0,0,0,0,0,4,1,0,2,1,P1_no_official,P1_no_official|P3_bridge|P4_confusable|P5_b2c1_synset,1,先查 Démonette 直接词族与 DBnary 明示近/反义，再人工补第一条正式关系,琼浆玉液
975,notifier,VER,C1,0.1431,0,0,0,0,0,4,1,1,2,2,P1_no_official,P1_no_official|P3_bridge|P4_confusable|P5_b2c1_synset,1,先查 Démonette 直接词族与 DBnary 明示近/反义，再人工补第一条正式关系,告知；知会
976,néophyte,NOM,C1,0.1431,0,0,0,0,0,5,1,0,0,1,P1_no_official,P1_no_official|P3_bridge|P4_confusable|P5_b2c1_synset,1,先查 Démonette 直接词族与 DBnary 明示近/反义，再人工补第一条正式关系,外教
977,ode,NOM,C1,0.1431,0,0,0,0,0,2,1,0,2,3,P1_no_official,P1_no_official|P4_confusable|P5_b2c1_synset,1,先查 Démonette 直接词族与 DBnary 明示近/反义，再人工补第一条正式关系,颂
978,oestrogène,NOM,C1,0.1431,0,0,0,0,0,1,1,0,1,3,P1_no_official,P1_no_official|P4_confusable|P5_b2c1_synset,1,先查 Démonette 直接词族与 DBnary 明示近/反义，再人工补第一条正式关系,雌激素
979,oisiveté,NOM,C1,0.1431,0,0,0,0,0,1,1,0,0,0,P1_no_official,P1_no_official|P5_b2c1_synset,1,先查 Démonette 直接词族与 DBnary 明示近/反义，再人工补第一条正式关系,清闲
980,omettre,VER,C1,0.1431,0,0,0,0,0,1,1,1,1,3,P1_no_official,P1_no_official|P4_confusable|P5_b2c1_synset,1,先查 Démonette 直接词族与 DBnary 明示近/反义，再人工补第一条正式关系,漏掉；省去
981,oreillette,NOM,C1,0.1431,0,0,0,0,0,9,1,1,2,0,P1_no_official,P1_no_official|P3_bridge|P4_confusable|P5_b2c1_synset,1,先查 Démonette 直接词族与 DBnary 明示近/反义，再人工补第一条正式关系,心房
982,oriental,NOM,C1,0.1431,0,0,0,0,0,2,1,1,3,3,P1_no_official,P1_no_official|P4_confusable|P5_b2c1_synset,1,先查 Démonette 直接词族与 DBnary 明示近/反义，再人工补第一条正式关系,东方；东方人
983,parchemin,NOM,C1,0.1431,0,0,0,0,0,5,1,0,2,1,P1_no_official,P1_no_official|P3_bridge|P4_confusable|P5_b2c1_synset,1,先查 Démonette 直接词族与 DBnary 明示近/反义，再人工补第一条正式关系,文稿
984,picotement,NOM,C1,0.1431,0,0,0,0,0,2,1,1,0,0,P1_no_official,P1_no_official|P5_b2c1_synset,1,先查 Démonette 直接词族与 DBnary 明示近/反义，再人工补第一条正式关系,麻
985,pie,ADJ,C1,0.1431,0,0,0,0,0,4,1,0,3,0,P1_no_official,P1_no_official|P3_bridge|P4_confusable|P5_b2c1_synset,1,先查 Démonette 直接词族与 DBnary 明示近/反义，再人工补第一条正式关系,骐；鹊
986,plasma,NOM,C1,0.1431,0,0,0,0,0,3,1,0,2,0,P1_no_official,P1_no_official|P4_confusable|P5_b2c1_synset,1,先查 Démonette 直接词族与 DBnary 明示近/反义，再人工补第一条正式关系,电浆
987,plumer,VER,C1,0.1431,0,0,0,0,0,5,1,0,1,2,P1_no_official,P1_no_official|P3_bridge|P4_confusable|P5_b2c1_synset,1,先查 Démonette 直接词族与 DBnary 明示近/反义，再人工补第一条正式关系,脧
988,polyester,NOM,C1,0.1431,0,0,0,0,0,2,1,0,2,0,P1_no_official,P1_no_official|P4_confusable|P5_b2c1_synset,1,先查 Démonette 直接词族与 DBnary 明示近/反义，再人工补第一条正式关系,涤纶；聚酯
989,pore,NOM,C1,0.1431,0,0,0,0,0,3,1,1,0,1,P1_no_official,P1_no_official|P4_confusable|P5_b2c1_synset,1,先查 Démonette 直接词族与 DBnary 明示近/反义，再人工补第一条正式关系,毛孔
990,poupe,NOM,C1,0.1431,0,0,0,0,0,1,1,0,3,1,P1_no_official,P1_no_official|P4_confusable|P5_b2c1_synset,1,先查 Démonette 直接词族与 DBnary 明示近/反义，再人工补第一条正式关系,尾；舳
991,primitif,NOM,C1,0.1431,0,0,0,0,0,4,1,2,1,1,P1_no_official,P1_no_official|P3_bridge|P4_confusable|P5_b2c1_synset,1,先查 Démonette 直接词族与 DBnary 明示近/反义，再人工补第一条正式关系,原始；原来
992,pris,ADJ,C1,0.1431,0,0,0,0,0,2,1,1,1,2,P1_no_official,P1_no_official|P4_confusable|P5_b2c1_synset,1,先查 Démonette 直接词族与 DBnary 明示近/反义，再人工补第一条正式关系,抓到
993,prédateur,ADJ,C1,0.1431,0,0,0,0,0,2,1,0,2,1,P1_no_official,P1_no_official|P4_confusable|P5_b2c1_synset,1,先查 Démonette 直接词族与 DBnary 明示近/反义，再人工补第一条正式关系,天敌
994,périr,VER,C1,0.1431,0,0,0,0,0,6,1,0,3,3,P1_no_official,P1_no_official|P3_bridge|P4_confusable|P5_b2c1_synset,1,先查 Démonette 直接词族与 DBnary 明示近/反义，再人工补第一条正式关系,殒；泯
995,rampant,NOM,C1,0.1431,0,0,0,0,0,3,1,1,2,0,P1_no_official,P1_no_official|P4_confusable|P5_b2c1_synset,1,先查 Démonette 直接词族与 DBnary 明示近/反义，再人工补第一条正式关系,低三下四；屁颠屁颠
996,rémanence,NOM,C1,0.1431,0,0,0,0,0,3,1,0,2,2,P1_no_official,P1_no_official|P4_confusable|P5_b2c1_synset,1,先查 Démonette 直接词族与 DBnary 明示近/反义，再人工补第一条正式关系,余晖
997,saturer,VER,C1,0.1431,0,0,0,0,0,3,1,0,2,2,P1_no_official,P1_no_official|P4_confusable|P5_b2c1_synset,1,先查 Démonette 直接词族与 DBnary 明示近/反义，再人工补第一条正式关系,浸湿
998,scarifier,VER,C1,0.1431,0,0,0,0,0,1,1,0,2,2,P1_no_official,P1_no_official|P4_confusable|P5_b2c1_synset,1,先查 Démonette 直接词族与 DBnary 明示近/反义，再人工补第一条正式关系,划伤
999,scooter,NOM,C1,0.1431,0,0,0,0,0,2,1,0,1,0,P1_no_official,P1_no_official|P4_confusable|P5_b2c1_synset,1,先查 Démonette 直接词族与 DBnary 明示近/反义，再人工补第一条正式关系,塑胶车；踏板车
1000,seizième,NOM,C1,0.1431,0,0,0,0,0,7,1,0,1,3,P1_no_official,P1_no_official|P3_bridge|P4_confusable|P5_b2c1_synset,1,先查 Démonette 直接词族与 DBnary 明示近/反义，再人工补第一条正式关系,第七十；第十六
1001,sensitif,ADJ,C1,0.1431,0,0,0,0,0,3,1,1,1,1,P1_no_official,P1_no_official|P4_confusable|P5_b2c1_synset,0,先查 Démonette 直接词族与 DBnary 明示近/反义，再人工补第一条正式关系,含羞草
1002,socio-économique,ADJ,C1,0.1431,0,0,0,0,0,1,1,1,2,3,P1_no_official,P1_no_official|P4_confusable|P5_b2c1_synset,0,先查 Démonette 直接词族与 DBnary 明示近/反义，再人工补第一条正式关系,社会经济
1003,sordide,ADJ,C1,0.1431,0,0,0,0,0,3,1,0,0,0,P1_no_official,P1_no_official|P5_b2c1_synset,0,先查 Démonette 直接词族与 DBnary 明示近/反义，再人工补第一条正式关系,卑鄙；污糟
1004,sous-ensemble,NOM,C1,0.1431,0,0,0,0,0,2,1,1,1,2,P1_no_official,P1_no_official|P4_confusable|P5_b2c1_synset,0,先查 Démonette 直接词族与 DBnary 明示近/反义，再人工补第一条正式关系,一部分
1005,sponsor,NOM,C1,0.1431,0,0,0,0,0,1,1,0,1,0,P1_no_official,P1_no_official|P4_confusable|P5_b2c1_synset,0,先查 Démonette 直接词族与 DBnary 明示近/反义，再人工补第一条正式关系,赞助商
1006,suturer,VER,C1,0.1431,0,0,0,0,0,1,1,0,3,0,P1_no_official,P1_no_official|P4_confusable|P5_b2c1_synset,0,先查 Démonette 直接词族与 DBnary 明示近/反义，再人工补第一条正式关系,缝合
1007,tentacule,NOM,C1,0.1431,0,0,0,0,0,2,1,0,2,0,P1_no_official,P1_no_official|P4_confusable|P5_b2c1_synset,0,先查 Démonette 直接词族与 DBnary 明示近/反义，再人工补第一条正式关系,触手；触腕
1008,tram,NOM,C1,0.1431,0,0,0,0,0,1,1,0,2,3,P1_no_official,P1_no_official|P4_confusable|P5_b2c1_synset,0,先查 Démonette 直接词族与 DBnary 明示近/反义，再人工补第一条正式关系,电车
1009,transposer,VER,C1,0.1431,0,0,0,0,0,5,1,1,2,0,P1_no_official,P1_no_official|P3_bridge|P4_confusable|P5_b2c1_synset,0,先查 Démonette 直接词族与 DBnary 明示近/反义，再人工补第一条正式关系,移动；移调
1010,tumeur,NOM,C1,0.1431,0,0,0,0,0,3,1,0,2,1,P1_no_official,P1_no_official|P4_confusable|P5_b2c1_synset,0,先查 Démonette 直接词族与 DBnary 明示近/反义，再人工补第一条正式关系,肿瘤
1011,usurpation,NOM,C1,0.1431,0,0,0,0,0,2,1,0,2,2,P1_no_official,P1_no_official|P4_confusable|P5_b2c1_synset,0,先查 Démonette 直接词族与 DBnary 明示近/反义，再人工补第一条正式关系,越权
1012,utilisable,ADJ,C1,0.1431,0,0,0,0,0,1,1,1,3,2,P1_no_official,P1_no_official|P4_confusable|P5_b2c1_synset,0,先查 Démonette 直接词族与 DBnary 明示近/反义，再人工补第一条正式关系,中用；使得
1013,vertèbre,NOM,C1,0.1431,0,0,0,0,0,1,1,1,1,0,P1_no_official,P1_no_official|P4_confusable|P5_b2c1_synset,0,先查 Démonette 直接词族与 DBnary 明示近/反义，再人工补第一条正式关系,脊椎
1014,viabilité,NOM,C1,0.1431,0,0,0,0,0,2,1,0,1,3,P1_no_official,P1_no_official|P4_confusable|P5_b2c1_synset,0,先查 Démonette 直接词族与 DBnary 明示近/反义，再人工补第一条正式关系,持续性
1015,vécu,ADJ,C1,0.1431,0,0,0,0,0,2,1,1,3,1,P1_no_official,P1_no_official|P4_confusable|P5_b2c1_synset,0,先查 Démonette 直接词族与 DBnary 明示近/反义，再人工补第一条正式关系,经历
1016,zen,ADJ,C1,0.1431,0,0,0,0,0,3,1,0,0,3,P1_no_official,P1_no_official|P4_confusable|P5_b2c1_synset,0,先查 Démonette 直接词族与 DBnary 明示近/反义，再人工补第一条正式关系,禅宗
1017,écarlate,ADJ,C1,0.1431,0,0,0,0,0,2,1,0,0,2,P1_no_official,P1_no_official|P4_confusable|P5_b2c1_synset,0,先查 Démonette 直接词族与 DBnary 明示近/反义，再人工补第一条正式关系,绯红；鲜红
1018,époxy,ADJ,C1,0.1431,0,0,0,0,0,0,0,0,0,0,P1_no_official,P1_no_official,0,先查 Démonette 直接词族与 DBnary 明示近/反义，再人工补第一条正式关系,环氧树脂
1019,érotisme,NOM,C1,0.1431,0,0,0,0,0,4,1,0,1,0,P1_no_official,P1_no_official|P3_bridge|P4_confusable|P5_b2c1_synset,0,先查 Démonette 直接词族与 DBnary 明示近/反义，再人工补第一条正式关系,性感；情色
1020,éthanol,NOM,C1,0.1431,0,0,0,0,0,1,1,0,2,1,P1_no_official,P1_no_official|P4_confusable|P5_b2c1_synset,0,先查 Démonette 直接词族与 DBnary 明示近/反义，再人工补第一条正式关系,乙醇
1021,étourdissant,ADJ,C1,0.1431,0,0,0,0,0,1,1,0,1,0,P1_no_official,P1_no_official|P4_confusable|P5_b2c1_synset,0,先查 Démonette 直接词族与 DBnary 明示近/反义，再人工补第一条正式关系,绝色
1022,ulcère,NOM,C1,0.1416,0,0,0,0,0,3,1,0,1,0,P1_no_official,P1_no_official|P4_confusable|P5_b2c1_synset,0,先查 Démonette 直接词族与 DBnary 明示近/反义，再人工补第一条正式关系,溃疡
1023,présentement,ADV,C1,0.1315,0,0,0,0,0,1,1,1,3,0,P1_no_official,P1_no_official|P4_confusable|P5_b2c1_synset,0,先查 Démonette 直接词族与 DBnary 明示近/反义，再人工补第一条正式关系,现在
1024,péjoratif,ADJ,C1,0.1315,0,0,0,0,0,2,1,0,0,0,P1_no_official,P1_no_official|P5_b2c1_synset,0,先查 Démonette 直接词族与 DBnary 明示近/反义，再人工补第一条正式关系,贬义
1025,redevance,NOM,C1,0.1315,0,0,0,0,0,3,1,0,3,1,P1_no_official,P1_no_official|P4_confusable|P5_b2c1_synset,0,先查 Démonette 直接词族与 DBnary 明示近/反义，再人工补第一条正式关系,版税
1026,terminaison,NOM,C1,0.1315,0,0,0,0,0,3,1,1,2,1,P1_no_official,P1_no_official|P4_confusable|P5_b2c1_synset,0,先查 Démonette 直接词族与 DBnary 明示近/反义，再人工补第一条正式关系,结尾
1027,tireur,NOM,C1,0.1315,0,0,0,0,0,11,1,1,2,3,P1_no_official,P1_no_official|P3_bridge|P4_confusable|P5_b2c1_synset,0,先查 Démonette 直接词族与 DBnary 明示近/反义，再人工补第一条正式关系,枪手
1028,cormoran,NOM,C1,0.1304,0,0,0,0,0,2,1,0,0,0,P1_no_official,P1_no_official|P5_b2c1_synset,0,先查 Démonette 直接词族与 DBnary 明示近/反义，再人工补第一条正式关系,鸬
1029,cyprès,NOM,C1,0.1304,0,0,0,0,0,4,1,0,1,1,P1_no_official,P1_no_official|P3_bridge|P4_confusable|P5_b2c1_synset,0,先查 Démonette 直接词族与 DBnary 明示近/反义，再人工补第一条正式关系,柏；桧
1030,intendant,NOM,C1,0.1304,0,0,0,0,0,3,1,0,2,1,P1_no_official,P1_no_official|P4_confusable|P5_b2c1_synset,0,先查 Démonette 直接词族与 DBnary 明示近/反义，再人工补第一条正式关系,管事；管家
1031,naval,ADJ,C1,0.1304,0,0,0,0,0,1,1,0,1,1,P1_no_official,P1_no_official|P4_confusable|P5_b2c1_synset,0,先查 Démonette 直接词族与 DBnary 明示近/反义，再人工补第一条正式关系,
1032,prépondérance,NOM,C1,0.1304,0,0,0,0,0,1,1,0,0,0,P1_no_official,P1_no_official|P5_b2c1_synset,0,先查 Démonette 直接词族与 DBnary 明示近/反义，再人工补第一条正式关系,燽
1033,succursale,NOM,C1,0.1304,0,0,0,0,0,2,1,0,1,0,P1_no_official,P1_no_official|P4_confusable|P5_b2c1_synset,0,先查 Démonette 直接词族与 DBnary 明示近/反义，再人工补第一条正式关系,分店；分支
1034,anglais,NOM,C1,0.1228,0,0,0,0,0,4,1,1,3,1,P1_no_official,P1_no_official|P3_bridge|P4_confusable|P5_b2c1_synset,0,先查 Démonette 直接词族与 DBnary 明示近/反义，再人工补第一条正式关系,英国人；英文
1035,barbare,ADJ,C1,0.1228,0,0,0,0,0,6,1,0,3,3,P1_no_official,P1_no_official|P3_bridge|P4_confusable|P5_b2c1_synset,0,先查 Démonette 直接词族与 DBnary 明示近/反义，再人工补第一条正式关系,胡人；蒙昧
1036,cicatrice,NOM,C1,0.1228,0,0,0,0,0,2,1,0,2,1,P1_no_official,P1_no_official|P4_confusable|P5_b2c1_synset,0,先查 Démonette 直接词族与 DBnary 明示近/反义，再人工补第一条正式关系,伤疤；伤痕
1037,jargon,NOM,C1,0.1228,0,0,0,0,0,6,1,0,0,0,P1_no_official,P1_no_official|P3_bridge|P5_b2c1_synset,0,先查 Démonette 直接词族与 DBnary 明示近/反义，再人工补第一条正式关系,哤
1038,suffisance,NOM,C1,0.1228,0,0,0,0,0,2,1,1,3,3,P1_no_official,P1_no_official|P4_confusable|P5_b2c1_synset,0,先查 Démonette 直接词族与 DBnary 明示近/反义，再人工补第一条正式关系,自满
1039,syndrome,NOM,C1,0.1228,0,0,0,0,0,5,1,0,1,0,P1_no_official,P1_no_official|P3_bridge|P4_confusable|P5_b2c1_synset,0,先查 Démonette 直接词族与 DBnary 明示近/反义，再人工补第一条正式关系,综合征；综合症
1040,mante,NOM,C1,0.1226,0,0,0,0,0,8,1,0,2,1,P1_no_official,P1_no_official|P3_bridge|P4_confusable|P5_b2c1_synset,0,先查 Démonette 直接词族与 DBnary 明示近/反义，再人工补第一条正式关系,螂；螳
1041,pat,NOM,C1,0.1226,0,0,0,0,0,3,1,0,2,3,P1_no_official,P1_no_official|P4_confusable|P5_b2c1_synset,0,先查 Démonette 直接词族与 DBnary 明示近/反义，再人工补第一条正式关系,帕特；胶着
1042,bancal,ADJ,C1,0.1223,0,0,0,0,0,4,1,1,2,2,P1_no_official,P1_no_official|P3_bridge|P4_confusable|P5_b2c1_synset,0,先查 Démonette 直接词族与 DBnary 明示近/反义，再人工补第一条正式关系,半桶水；狗崽子
1043,blancheur,NOM,C1,0.1223,0,0,0,0,0,3,1,1,3,3,P1_no_official,P1_no_official|P4_confusable|P5_b2c1_synset,0,先查 Démonette 直接词族与 DBnary 明示近/反义，再人工补第一条正式关系,皑
1044,javel,NOM,C1,0.1223,0,0,0,0,0,1,1,0,0,0,P1_no_official,P1_no_official|P5_b2c1_synset,0,先查 Démonette 直接词族与 DBnary 明示近/反义，再人工补第一条正式关系,澼
1045,bizutage,NOM,C1,0.1185,0,0,0,0,0,1,1,0,0,1,P1_no_official,P1_no_official|P4_confusable|P5_b2c1_synset,0,先查 Démonette 直接词族与 DBnary 明示近/反义，再人工补第一条正式关系,捉弄
1046,bouddhisme,NOM,C1,0.1185,0,0,0,0,0,1,1,1,1,1,P1_no_official,P1_no_official|P4_confusable|P5_b2c1_synset,0,先查 Démonette 直接词族与 DBnary 明示近/反义，再人工补第一条正式关系,佛学；佛教
1047,boulon,NOM,C1,0.1185,0,0,0,0,0,5,1,1,2,0,P1_no_official,P1_no_official|P3_bridge|P4_confusable|P5_b2c1_synset,0,先查 Démonette 直接词族与 DBnary 明示近/反义，再人工补第一条正式关系,螺栓
1048,cliquer,VER,C1,0.1185,0,0,0,0,0,3,1,0,1,1,P1_no_official,P1_no_official|P4_confusable|P5_b2c1_synset,0,先查 Démonette 直接词族与 DBnary 明示近/反义，再人工补第一条正式关系,点击
1049,millimètre,NOM,C1,0.1185,0,0,0,0,0,1,1,1,1,1,P1_no_official,P1_no_official|P4_confusable|P5_b2c1_synset,0,先查 Démonette 直接词族与 DBnary 明示近/反义，再人工补第一条正式关系,毫米
1050,sourd,NOM,C1,0.1185,0,0,0,0,0,1,1,0,2,2,P1_no_official,P1_no_official|P4_confusable|P5_b2c1_synset,0,先查 Démonette 直接词族与 DBnary 明示近/反义，再人工补第一条正式关系,聋；聩
1051,sauterelle,NOM,C1,0.1137,0,0,0,0,0,13,1,1,2,0,P1_no_official,P1_no_official|P3_bridge|P4_confusable|P5_b2c1_synset,0,先查 Démonette 直接词族与 DBnary 明示近/反义，再人工补第一条正式关系,蚂；蚱
1052,scorpion,NOM,C1,0.1137,0,0,0,0,0,6,1,0,1,1,P1_no_official,P1_no_official|P3_bridge|P4_confusable|P5_b2c1_synset,0,先查 Démonette 直接词族与 DBnary 明示近/反义，再人工补第一条正式关系,天蝎；天蝎座
1053,trappe,NOM,C1,0.1137,0,0,0,0,0,11,1,0,2,2,P1_no_official,P1_no_official|P3_bridge|P4_confusable|P5_b2c1_synset,0,先查 Démonette 直接词族与 DBnary 明示近/反义，再人工补第一条正式关系,陷阱
1054,concis,ADJ,C1,0.1116,0,0,0,0,0,1,1,1,1,1,P1_no_official,P1_no_official|P4_confusable|P5_b2c1_synset,0,先查 Démonette 直接词族与 DBnary 明示近/反义，再人工补第一条正式关系,简洁；简短
1055,croupe,NOM,C1,0.1116,0,0,0,0,0,5,1,0,3,1,P1_no_official,P1_no_official|P3_bridge|P4_confusable|P5_b2c1_synset,0,先查 Démonette 直接词族与 DBnary 明示近/反义，再人工补第一条正式关系,屁股
1056,dune,NOM,C1,0.1088,0,0,0,0,0,1,1,0,1,0,P1_no_official,P1_no_official|P4_confusable|P5_b2c1_synset,0,先查 Démonette 直接词族与 DBnary 明示近/反义，再人工补第一条正式关系,沙丘
1057,funéraire,ADJ,C1,0.1088,0,0,0,0,0,2,1,0,0,0,P1_no_official,P1_no_official|P5_b2c1_synset,0,先查 Démonette 直接词族与 DBnary 明示近/反义，再人工补第一条正式关系,随葬
1058,nécropole,NOM,C1,0.1088,0,0,0,0,0,3,1,0,1,1,P1_no_official,P1_no_official|P4_confusable|P5_b2c1_synset,0,先查 Démonette 直接词族与 DBnary 明示近/反义，再人工补第一条正式关系,大墓地
1059,requin,NOM,C1,0.1088,0,0,0,0,0,3,1,0,3,2,P1_no_official,P1_no_official|P4_confusable|P5_b2c1_synset,0,先查 Démonette 直接词族与 DBnary 明示近/反义，再人工补第一条正式关系,奸商；鲨鱼
1060,anatomie,NOM,C1,0.1028,0,0,0,0,0,6,1,0,1,1,P1_no_official,P1_no_official|P3_bridge|P4_confusable|P5_b2c1_synset,0,先查 Démonette 直接词族与 DBnary 明示近/反义，再人工补第一条正式关系,解析
1061,garde-robe,NOM,C1,0.1028,0,0,0,0,0,9,1,1,1,1,P1_no_official,P1_no_official|P3_bridge|P4_confusable|P5_b2c1_synset,0,先查 Démonette 直接词族与 DBnary 明示近/反义，再人工补第一条正式关系,衣橱
1062,royauté,NOM,C1,0.1028,0,0,0,0,0,2,1,0,1,1,P1_no_official,P1_no_official|P4_confusable|P5_b2c1_synset,0,先查 Démonette 直接词族与 DBnary 明示近/反义，再人工补第一条正式关系,王权
1063,rétamer,VER,C1,0.1028,0,0,0,0,0,3,1,0,1,1,P1_no_official,P1_no_official|P4_confusable|P5_b2c1_synset,0,先查 Démonette 直接词族与 DBnary 明示近/反义，再人工补第一条正式关系,
1064,texto,ADV,C1,0.1028,0,0,0,0,0,1,1,1,3,3,P1_no_official,P1_no_official|P4_confusable|P5_b2c1_synset,0,先查 Démonette 直接词族与 DBnary 明示近/反义，再人工补第一条正式关系,短信
1065,talus,NOM,C1,0.1005,0,0,0,0,0,7,1,0,0,0,P1_no_official,P1_no_official|P3_bridge|P5_b2c1_synset,0,先查 Démonette 直接词族与 DBnary 明示近/反义，再人工补第一条正式关系,坂；垄
1066,accéléré,NOM,C1,0.0975,0,0,0,0,0,1,1,1,3,3,P1_no_official,P1_no_official|P4_confusable|P5_b2c1_synset,0,先查 Démonette 直接词族与 DBnary 明示近/反义，再人工补第一条正式关系,急促；速成
1067,achoppement,NOM,C1,0.0975,0,0,0,0,0,2,1,0,0,0,P1_no_official,P1_no_official|P5_b2c1_synset,0,先查 Démonette 直接词族与 DBnary 明示近/反义，再人工补第一条正式关系,
1068,amadouer,VER,C1,0.0975,0,0,0,0,0,2,1,0,1,1,P1_no_official,P1_no_official|P4_confusable|P5_b2c1_synset,0,先查 Démonette 直接词族与 DBnary 明示近/反义，再人工补第一条正式关系,拉拢
1069,arpenter,VER,C1,0.0975,0,0,0,0,0,2,1,0,3,1,P1_no_official,P1_no_official|P4_confusable|P5_b2c1_synset,0,先查 Démonette 直接词族与 DBnary 明示近/反义，再人工补第一条正式关系,测量；踱方步
1070,assigner,VER,C1,0.0975,0,0,0,0,0,6,1,1,0,3,P1_no_official,P1_no_official|P3_bridge|P4_confusable|P5_b2c1_synset,0,先查 Démonette 直接词族与 DBnary 明示近/反义，再人工补第一条正式关系,交办；传讯
1071,bioclimatique,ADJ,C1,0.0975,0,0,0,0,0,1,1,0,2,2,P1_no_official,P1_no_official|P4_confusable|P5_b2c1_synset,0,先查 Démonette 直接词族与 DBnary 明示近/反义，再人工补第一条正式关系,生物气候
1072,bronchite,NOM,C1,0.0975,0,0,0,0,0,1,1,0,0,2,P1_no_official,P1_no_official|P4_confusable|P5_b2c1_synset,0,先查 Démonette 直接词族与 DBnary 明示近/反义，再人工补第一条正式关系,支气管炎
1073,bulldozer,NOM,C1,0.0975,0,0,0,0,0,2,1,0,2,2,P1_no_official,P1_no_official|P4_confusable|P5_b2c1_synset,0,先查 Démonette 直接词族与 DBnary 明示近/反义，再人工补第一条正式关系,推土机
1074,cadenasser,VER,C1,0.0975,0,0,0,0,0,3,1,0,1,1,P1_no_official,P1_no_official|P4_confusable|P5_b2c1_synset,0,先查 Démonette 直接词族与 DBnary 明示近/反义，再人工补第一条正式关系,加锁
1075,carnivore,ADJ,C1,0.0975,0,0,0,0,0,2,1,0,0,0,P1_no_official,P1_no_official|P5_b2c1_synset,0,先查 Démonette 直接词族与 DBnary 明示近/反义，再人工补第一条正式关系,肉食
1076,cohésion,NOM,C1,0.0975,0,0,0,0,0,3,1,1,2,0,P1_no_official,P1_no_official|P4_confusable|P5_b2c1_synset,0,先查 Démonette 直接词族与 DBnary 明示近/反义，再人工补第一条正式关系,凝聚力
1077,contrefait,ADJ,C1,0.0975,0,0,0,0,0,2,1,0,2,2,P1_no_official,P1_no_official|P4_confusable|P5_b2c1_synset,0,先查 Démonette 直接词族与 DBnary 明示近/反义，再人工补第一条正式关系,模仿品
1078,coqueluche,NOM,C1,0.0975,0,0,0,0,0,3,1,0,0,0,P1_no_official,P1_no_official|P5_b2c1_synset,0,先查 Démonette 直接词族与 DBnary 明示近/反义，再人工补第一条正式关系,偶像
1079,délibérément,ADV,C1,0.0975,0,0,0,0,0,1,1,1,1,1,P1_no_official,P1_no_official|P4_confusable|P5_b2c1_synset,0,先查 Démonette 直接词族与 DBnary 明示近/反义，再人工补第一条正式关系,偏偏；成心
1080,démagogie,NOM,C1,0.0975,0,0,0,0,0,3,1,1,2,1,P1_no_official,P1_no_official|P4_confusable|P5_b2c1_synset,0,先查 Démonette 直接词族与 DBnary 明示近/反义，再人工补第一条正式关系,蛊惑
1081,déminage,NOM,C1,0.0975,0,0,0,0,0,1,1,1,1,1,P1_no_official,P1_no_official|P4_confusable|P5_b2c1_synset,0,先查 Démonette 直接词族与 DBnary 明示近/反义，再人工补第一条正式关系,排雷
1082,engrenage,NOM,C1,0.0975,0,0,0,0,0,3,1,1,2,0,P1_no_official,P1_no_official|P4_confusable|P5_b2c1_synset,0,先查 Démonette 直接词族与 DBnary 明示近/反义，再人工补第一条正式关系,排档；齿轮
1083,ensemencement,NOM,C1,0.0975,0,0,0,0,0,2,1,1,1,3,P1_no_official,P1_no_official|P4_confusable|P5_b2c1_synset,0,先查 Démonette 直接词族与 DBnary 明示近/反义，再人工补第一条正式关系,接种
1084,explicite,ADJ,C1,0.0975,0,0,0,0,0,1,1,1,1,1,P1_no_official,P1_no_official|P4_confusable|P5_b2c1_synset,0,先查 Démonette 直接词族与 DBnary 明示近/反义，再人工补第一条正式关系,明确；清楚
1085,expédient,ADJ,C1,0.0975,0,0,0,0,0,1,1,1,3,1,P1_no_official,P1_no_official|P4_confusable|P5_b2c1_synset,0,先查 Démonette 直接词族与 DBnary 明示近/反义，再人工补第一条正式关系,可行
1086,feignant,NOM,C1,0.0975,0,0,0,0,0,1,1,1,0,3,P1_no_official,P1_no_official|P4_confusable|P5_b2c1_synset,0,先查 Démonette 直接词族与 DBnary 明示近/反义，再人工补第一条正式关系,懒人；懒惰
1087,finalisé,ADJ,C1,0.0975,0,0,0,0,0,0,0,0,3,0,P1_no_official,P1_no_official|P4_confusable,0,先查 Démonette 直接词族与 DBnary 明示近/反义，再人工补第一条正式关系,
1088,flanquer,VER,C1,0.0975,0,0,0,0,0,8,1,0,3,3,P1_no_official,P1_no_official|P3_bridge|P4_confusable|P5_b2c1_synset,0,先查 Démonette 直接词族与 DBnary 明示近/反义，再人工补第一条正式关系,带来
1089,hybridation,NOM,C1,0.0975,0,0,0,0,0,2,1,1,1,1,P1_no_official,P1_no_official|P4_confusable|P5_b2c1_synset,0,先查 Démonette 直接词族与 DBnary 明示近/反义，再人工补第一条正式关系,杂交
1090,illustré,NOM,C1,0.0975,0,0,0,0,0,2,1,1,3,3,P1_no_official,P1_no_official|P4_confusable|P5_b2c1_synset,0,先查 Démonette 直接词族与 DBnary 明示近/反义，再人工补第一条正式关系,图文并茂
1091,indifféremment,ADV,C1,0.0975,0,0,0,0,0,2,1,1,3,3,P1_no_official,P1_no_official|P4_confusable|P5_b2c1_synset,0,先查 Démonette 直接词族与 DBnary 明示近/反义，再人工补第一条正式关系,漠然
1092,infrarouge,ADJ,C1,0.0975,0,0,0,0,0,1,1,2,2,0,P1_no_official,P1_no_official|P4_confusable|P5_b2c1_synset,0,先查 Démonette 直接词族与 DBnary 明示近/反义，再人工补第一条正式关系,红外；红外线
1093,interdépendant,ADJ,C1,0.0975,0,0,0,0,0,1,1,1,0,0,P1_no_official,P1_no_official|P5_b2c1_synset,0,先查 Démonette 直接词族与 DBnary 明示近/反义，再人工补第一条正式关系,相联
1094,mauvais,ADV,C1,0.0975,0,0,0,0,0,1,1,2,2,2,P1_no_official,P1_no_official|P4_confusable|P5_b2c1_synset,0,先查 Démonette 直接词族与 DBnary 明示近/反义，再人工补第一条正式关系,不佳；不善
1095,métaphore,NOM,C1,0.0975,0,0,0,0,0,1,1,0,0,0,P1_no_official,P1_no_official|P5_b2c1_synset,0,先查 Démonette 直接词族与 DBnary 明示近/反义，再人工补第一条正式关系,喻
1096,métis,ADJ,C1,0.0975,0,0,0,0,0,4,1,0,0,0,P1_no_official,P1_no_official|P3_bridge|P5_b2c1_synset,0,先查 Démonette 直接词族与 DBnary 明示近/反义，再人工补第一条正式关系,杂种
1097,nutriment,NOM,C1,0.0975,0,0,0,0,0,2,1,0,0,0,P1_no_official,P1_no_official|P5_b2c1_synset,0,先查 Démonette 直接词族与 DBnary 明示近/反义，再人工补第一条正式关系,营养
1098,négligent,ADJ,C1,0.0975,0,0,0,0,0,1,1,1,1,1,P1_no_official,P1_no_official|P4_confusable|P5_b2c1_synset,0,先查 Démonette 直接词族与 DBnary 明示近/反义，再人工补第一条正式关系,不在意；含糊
1099,pernicieux,ADJ,C1,0.0975,0,0,0,0,0,2,1,0,0,0,P1_no_official,P1_no_official|P5_b2c1_synset,0,先查 Démonette 直接词族与 DBnary 明示近/反义，再人工补第一条正式关系,害人；恶性
1100,prostate,NOM,C1,0.0975,0,0,0,0,0,1,1,1,0,0,P1_no_official,P1_no_official|P5_b2c1_synset,0,先查 Démonette 直接词族与 DBnary 明示近/反义，再人工补第一条正式关系,前列腺
1101,purgatoire,NOM,C1,0.0975,0,0,0,0,0,2,1,0,0,1,P1_no_official,P1_no_official|P4_confusable|P5_b2c1_synset,0,先查 Démonette 直接词族与 DBnary 明示近/反义，再人工补第一条正式关系,炼狱
1102,repoussoir,NOM,C1,0.0975,0,0,0,0,0,4,1,1,1,1,P1_no_official,P1_no_official|P3_bridge|P4_confusable|P5_b2c1_synset,0,先查 Démonette 直接词族与 DBnary 明示近/反义，再人工补第一条正式关系,
1103,réinstaller,VER,C1,0.0975,0,0,0,0,0,3,1,0,0,0,P1_no_official,P1_no_official|P5_b2c1_synset,0,先查 Démonette 直接词族与 DBnary 明示近/反义，再人工补第一条正式关系,重新安装
1104,révérence,NOM,C1,0.0975,0,0,0,0,0,3,1,0,2,2,P1_no_official,P1_no_official|P4_confusable|P5_b2c1_synset,0,先查 Démonette 直接词族与 DBnary 明示近/反义，再人工补第一条正式关系,
1105,sinécure,NOM,C1,0.0975,0,0,0,0,0,3,1,0,0,0,P1_no_official,P1_no_official|P5_b2c1_synset,0,先查 Démonette 直接词族与 DBnary 明示近/反义，再人工补第一条正式关系,尸位素餐；闲职
1106,stigmatiser,VER,C1,0.0975,0,0,0,0,0,2,1,0,1,1,P1_no_official,P1_no_official|P4_confusable|P5_b2c1_synset,0,先查 Démonette 直接词族与 DBnary 明示近/反义，再人工补第一条正式关系,戴帽子；污名化
1107,sédiment,NOM,C1,0.0975,0,0,0,0,0,4,1,0,1,1,P1_no_official,P1_no_official|P3_bridge|P4_confusable|P5_b2c1_synset,0,先查 Démonette 直接词族与 DBnary 明示近/反义，再人工补第一条正式关系,沉淀
1108,tabou,ADJ,C1,0.0975,0,0,0,0,0,3,1,0,2,2,P1_no_official,P1_no_official|P4_confusable|P5_b2c1_synset,0,先查 Démonette 直接词族与 DBnary 明示近/反义，再人工补第一条正式关系,忌讳；禁忌
1109,tonique,ADJ,C1,0.0975,0,0,0,0,0,4,1,0,2,3,P1_no_official,P1_no_official|P3_bridge|P4_confusable|P5_b2c1_synset,0,先查 Démonette 直接词族与 DBnary 明示近/反义，再人工补第一条正式关系,滋补；补品
1110,tracas,NOM,C1,0.0975,0,0,0,0,0,3,1,1,1,1,P1_no_official,P1_no_official|P4_confusable|P5_b2c1_synset,0,先查 Démonette 直接词族与 DBnary 明示近/反义，再人工补第一条正式关系,烦恼
1111,trop-plein,NOM,C1,0.0975,0,0,0,0,0,5,1,0,1,0,P1_no_official,P1_no_official|P3_bridge|P4_confusable|P5_b2c1_synset,0,先查 Démonette 直接词族与 DBnary 明示近/反义，再人工补第一条正式关系,过多
1112,téméraire,ADJ,C1,0.0975,0,0,0,0,0,1,1,0,0,0,P1_no_official,P1_no_official|P5_b2c1_synset,0,先查 Démonette 直接词族与 DBnary 明示近/反义，再人工补第一条正式关系,冒昧；鲁莽
1113,urètre,NOM,C1,0.0975,0,0,0,0,0,1,1,1,0,0,P1_no_official,P1_no_official|P5_b2c1_synset,0,先查 Démonette 直接词族与 DBnary 明示近/反义，再人工补第一条正式关系,尿道
1114,utérus,NOM,C1,0.0975,0,0,0,0,0,1,1,0,2,0,P1_no_official,P1_no_official|P4_confusable|P5_b2c1_synset,0,先查 Démonette 直接词族与 DBnary 明示近/反义，再人工补第一条正式关系,子宫；胞宫
1115,vessie,NOM,C1,0.0975,0,0,0,0,0,5,1,0,0,1,P1_no_official,P1_no_official|P3_bridge|P4_confusable|P5_b2c1_synset,0,先查 Démonette 直接词族与 DBnary 明示近/反义，再人工补第一条正式关系,尿泡；膀胱
1116,éditorial,NOM,C1,0.0975,0,0,0,0,0,1,1,0,2,2,P1_no_official,P1_no_official|P4_confusable|P5_b2c1_synset,0,先查 Démonette 直接词族与 DBnary 明示近/反义，再人工补第一条正式关系,社论
1117,pélican,NOM,C1,0.0964,0,0,0,0,0,4,1,0,0,0,P1_no_official,P1_no_official|P3_bridge|P5_b2c1_synset,0,先查 Démonette 直接词族与 DBnary 明示近/反义，再人工补第一条正式关系,鹈鹕
1118,évadé,NOM,C1,0.0964,0,0,0,0,0,1,1,1,1,1,P1_no_official,P1_no_official|P4_confusable|P5_b2c1_synset,0,先查 Démonette 直接词族与 DBnary 明示近/反义，再人工补第一条正式关系,逃亡者
1119,castor,NOM,C1,0.0944,0,0,0,0,0,9,1,0,2,1,P1_no_official,P1_no_official|P3_bridge|P4_confusable|P5_b2c1_synset,0,先查 Démonette 直接词族与 DBnary 明示近/反义，再人工补第一条正式关系,海狸
1120,lande,NOM,C1,0.0944,0,0,0,0,0,0,0,0,1,3,P1_no_official,P1_no_official|P4_confusable,0,先查 Démonette 直接词族与 DBnary 明示近/反义，再人工补第一条正式关系,石楠荒原；荒野
1121,abyme,NOM,C1,0.0912,0,0,0,0,0,2,1,0,1,2,P1_no_official,P1_no_official|P4_confusable|P5_b2c1_synset,0,先查 Démonette 直接词族与 DBnary 明示近/反义，再人工补第一条正式关系,
1122,albinos,NOM,C1,0.0912,0,0,0,0,0,1,1,0,0,0,P1_no_official,P1_no_official|P5_b2c1_synset,0,先查 Démonette 直接词族与 DBnary 明示近/反义，再人工补第一条正式关系,天老儿；白子
1123,ananas,NOM,C1,0.0912,0,0,0,0,0,4,1,0,0,0,P1_no_official,P1_no_official|P3_bridge|P5_b2c1_synset,0,先查 Démonette 直接词族与 DBnary 明示近/反义，再人工补第一条正式关系,菠萝
1124,boots,NOM,C1,0.0912,0,0,0,0,0,0,0,0,2,3,P1_no_official,P1_no_official|P4_confusable,0,先查 Démonette 直接词族与 DBnary 明示近/反义，再人工补第一条正式关系,靴子
1125,boudin,NOM,C1,0.0912,0,0,0,0,0,16,1,0,2,2,P1_no_official,P1_no_official|P3_bridge|P4_confusable|P5_b2c1_synset,0,先查 Démonette 直接词族与 DBnary 明示近/反义，再人工补第一条正式关系,猪血糕
1126,chauffe-eau,NOM,C1,0.0912,0,0,0,0,0,1,1,1,1,3,P1_no_official,P1_no_official|P4_confusable|P5_b2c1_synset,0,先查 Démonette 直接词族与 DBnary 明示近/反义，再人工补第一条正式关系,热水器
1127,combativité,NOM,C1,0.0912,0,0,0,0,0,2,1,1,0,0,P1_no_official,P1_no_official|P5_b2c1_synset,0,先查 Démonette 直接词族与 DBnary 明示近/反义，再人工补第一条正式关系,斗志
1128,croque-monsieur,NOM,C1,0.0912,0,0,0,0,0,1,1,1,1,0,P1_no_official,P1_no_official|P4_confusable|P5_b2c1_synset,0,先查 Démonette 直接词族与 DBnary 明示近/反义，再人工补第一条正式关系,
1129,dinar,NOM,C1,0.0912,0,0,0,0,0,5,1,0,0,3,P1_no_official,P1_no_official|P3_bridge|P4_confusable|P5_b2c1_synset,0,先查 Démonette 直接词族与 DBnary 明示近/反义，再人工补第一条正式关系,第纳尔
1130,extra,ADJ,C1,0.0912,0,0,0,0,0,6,1,0,0,1,P1_no_official,P1_no_official|P3_bridge|P4_confusable|P5_b2c1_synset,0,先查 Démonette 直接词族与 DBnary 明示近/反义，再人工补第一条正式关系,外加；杂费
1131,féminité,NOM,C1,0.0912,0,0,0,0,0,0,0,1,0,3,P1_no_official,P1_no_official|P4_confusable,0,先查 Démonette 直接词族与 DBnary 明示近/反义，再人工补第一条正式关系,女色
1132,grand-tante,NOM,C1,0.0912,0,0,0,0,0,2,1,1,3,0,P1_no_official,P1_no_official|P4_confusable|P5_b2c1_synset,0,先查 Démonette 直接词族与 DBnary 明示近/反义，再人工补第一条正式关系,祖姑母
1133,hivernal,ADJ,C1,0.0912,0,0,0,0,0,1,1,0,0,0,P1_no_official,P1_no_official|P5_b2c1_synset,0,先查 Démonette 直接词族与 DBnary 明示近/反义，再人工补第一条正式关系,寒冬
1134,insolation,NOM,C1,0.0912,0,0,0,0,0,5,1,1,3,3,P1_no_official,P1_no_official|P3_bridge|P4_confusable|P5_b2c1_synset,0,先查 Démonette 直接词族与 DBnary 明示近/反义，再人工补第一条正式关系,中暑
1135,mie,NOM,C1,0.0912,0,0,0,0,0,3,1,0,1,0,P1_no_official,P1_no_official|P4_confusable|P5_b2c1_synset,0,先查 Démonette 直接词族与 DBnary 明示近/反义，再人工补第一条正式关系,面包瓤
1136,peloton,NOM,C1,0.0912,0,0,0,0,0,0,0,1,3,0,P1_no_official,P1_no_official|P4_confusable,0,先查 Démonette 直接词族与 DBnary 明示近/反义，再人工补第一条正式关系,排长；舰艇
1137,prospectus,NOM,C1,0.0912,0,0,0,0,0,4,1,0,1,2,P1_no_official,P1_no_official|P3_bridge|P4_confusable|P5_b2c1_synset,0,先查 Démonette 直接词族与 DBnary 明示近/反义，再人工补第一条正式关系,单张；宣传册
1138,station-service,NOM,C1,0.0912,0,0,0,0,0,1,1,1,0,1,P1_no_official,P1_no_official|P4_confusable|P5_b2c1_synset,0,先查 Démonette 直接词族与 DBnary 明示近/反义，再人工补第一条正式关系,加油站
1139,églantine,NOM,C1,0.0912,0,0,0,0,0,1,1,0,0,0,P1_no_official,P1_no_official|P5_b2c1_synset,0,先查 Démonette 直接词族与 DBnary 明示近/反义，再人工补第一条正式关系,蔷
1140,chenille,NOM,C1,0.0905,0,0,0,0,0,18,1,1,2,0,P1_no_official,P1_no_official|P3_bridge|P4_confusable|P5_b2c1_synset,0,先查 Démonette 直接词族与 DBnary 明示近/反义，再人工补第一条正式关系,毛毛虫；链轨
1141,gazette,NOM,C1,0.0871,0,0,0,0,0,7,1,0,2,3,P1_no_official,P1_no_official|P3_bridge|P4_confusable|P5_b2c1_synset,0,先查 Démonette 直接词族与 DBnary 明示近/反义，再人工补第一条正式关系,报纸
1142,chanceux,ADJ,C1,0.0867,0,0,0,0,0,2,1,1,0,1,P1_no_official,P1_no_official|P4_confusable|P5_b2c1_synset,0,先查 Démonette 直接词族与 DBnary 明示近/反义，再人工补第一条正式关系,好命；幸运
1143,contrevenir,VER,C1,0.0867,0,0,0,0,0,1,1,0,2,3,P1_no_official,P1_no_official|P4_confusable|P5_b2c1_synset,0,先查 Démonette 直接词族与 DBnary 明示近/反义，再人工补第一条正式关系,违反
1144,cosmétique,NOM,C1,0.0867,0,0,0,0,0,2,1,0,1,1,P1_no_official,P1_no_official|P4_confusable|P5_b2c1_synset,0,先查 Démonette 直接词族与 DBnary 明示近/反义，再人工补第一条正式关系,化妆品；美容
1145,inopinément,ADV,C1,0.0867,0,0,0,0,0,0,0,1,1,0,P1_no_official,P1_no_official|P4_confusable,0,先查 Démonette 直接词族与 DBnary 明示近/反义，再人工补第一条正式关系,不料
1146,avalanche,NOM,C1,0.0815,0,0,0,0,0,5,1,1,0,2,P1_no_official,P1_no_official|P3_bridge|P4_confusable|P5_b2c1_synset,0,先查 Démonette 直接词族与 DBnary 明示近/反义，再人工补第一条正式关系,雪崩
1147,impraticable,ADJ,C1,0.0815,0,0,0,0,0,2,1,1,1,0,P1_no_official,P1_no_official|P4_confusable|P5_b2c1_synset,0,先查 Démonette 直接词族与 DBnary 明示近/反义，再人工补第一条正式关系,不切实际
1148,subitement,ADV,C1,0.0815,0,0,0,0,0,1,1,0,2,2,P1_no_official,P1_no_official|P4_confusable|P5_b2c1_synset,0,先查 Démonette 直接词族与 DBnary 明示近/反义，再人工补第一条正式关系,一下；刹那间
1149,broderie,NOM,C1,0.0802,0,0,0,0,0,4,1,0,1,0,P1_no_official,P1_no_official|P3_bridge|P4_confusable|P5_b2c1_synset,0,先查 Démonette 直接词族与 DBnary 明示近/反义，再人工补第一条正式关系,刺绣；针头线脑
1150,maïa,NOM,C1,0.077,0,0,0,0,0,1,1,0,1,0,P1_no_official,P1_no_official|P4_confusable|P5_b2c1_synset,0,先查 Démonette 直接词族与 DBnary 明示近/反义，再人工补第一条正式关系,光神星
1151,chope,NOM,C1,0.0731,0,0,0,0,0,4,1,0,0,1,P1_no_official,P1_no_official|P3_bridge|P4_confusable|P5_b2c1_synset,0,先查 Démonette 直接词族与 DBnary 明示近/反义，再人工补第一条正式关系,茶缸
1152,complaisance,NOM,C1,0.0726,0,0,0,0,0,3,1,1,3,3,P1_no_official,P1_no_official|P4_confusable|P5_b2c1_synset,0,先查 Démonette 直接词族与 DBnary 明示近/反义，再人工补第一条正式关系,自满
1153,indicateur,ADJ,C1,0.0726,0,0,0,0,0,1,1,1,2,3,P1_no_official,P1_no_official|P4_confusable|P5_b2c1_synset,0,先查 Démonette 直接词族与 DBnary 明示近/反义，再人工补第一条正式关系,迹象
1154,léopard,NOM,C1,0.0726,0,0,0,0,0,2,1,1,1,0,P1_no_official,P1_no_official|P4_confusable|P5_b2c1_synset,0,先查 Démonette 直接词族与 DBnary 明示近/反义，再人工补第一条正式关系,山猫；豹子
1155,morgue,NOM,C1,0.0726,0,0,0,0,0,3,1,0,3,2,P1_no_official,P1_no_official|P4_confusable|P5_b2c1_synset,0,先查 Démonette 直接词族与 DBnary 明示近/反义，再人工补第一条正式关系,停尸间
1156,prompteur,NOM,C1,0.0726,0,0,0,0,0,2,1,0,3,1,P1_no_official,P1_no_official|P4_confusable|P5_b2c1_synset,0,先查 Démonette 直接词族与 DBnary 明示近/反义，再人工补第一条正式关系,提字器；提词器
1157,stérilité,NOM,C1,0.0726,0,0,0,0,0,2,1,0,1,1,P1_no_official,P1_no_official|P4_confusable|P5_b2c1_synset,0,先查 Démonette 直接词族与 DBnary 明示近/反义，再人工补第一条正式关系,贫乏
1158,éléphant,NOM,C1,0.0726,0,0,0,0,0,4,1,1,3,1,P1_no_official,P1_no_official|P3_bridge|P4_confusable|P5_b2c1_synset,0,先查 Démonette 直接词族与 DBnary 明示近/反义，再人工补第一条正式关系,大笨象；大象
1159,lugubre,ADJ,C1,0.07,0,0,0,0,0,1,1,0,0,0,P1_no_official,P1_no_official|P5_b2c1_synset,0,先查 Démonette 直接词族与 DBnary 明示近/反义，再人工补第一条正式关系,凄惨；堪忧
1160,massue,NOM,C1,0.07,0,0,0,0,0,5,1,0,3,0,P1_no_official,P1_no_official|P3_bridge|P4_confusable|P5_b2c1_synset,0,先查 Démonette 直接词族与 DBnary 明示近/反义，再人工补第一条正式关系,棍棒；棒子
1161,radium,NOM,C1,0.07,0,0,0,0,0,0,0,0,0,1,P1_no_official,P1_no_official|P4_confusable,0,先查 Démonette 直接词族与 DBnary 明示近/反义，再人工补第一条正式关系,镭
1162,rubis,NOM,C1,0.0698,0,0,0,0,0,3,1,0,2,2,P1_no_official,P1_no_official|P4_confusable|P5_b2c1_synset,0,先查 Démonette 直接词族与 DBnary 明示近/反义，再人工补第一条正式关系,红宝石
1163,toiture,NOM,C1,0.0698,0,0,0,0,0,1,1,0,2,2,P1_no_official,P1_no_official|P4_confusable|P5_b2c1_synset,0,先查 Démonette 直接词族与 DBnary 明示近/反义，再人工补第一条正式关系,
1164,natif,NOM,C1,0.0683,0,0,0,0,0,1,1,0,3,3,P1_no_official,P1_no_official|P4_confusable|P5_b2c1_synset,0,先查 Démonette 直接词族与 DBnary 明示近/反义，再人工补第一条正式关系,土生土长
1165,déclic,NOM,C1,0.0676,0,0,0,0,0,5,1,0,3,2,P1_no_official,P1_no_official|P3_bridge|P4_confusable|P5_b2c1_synset,0,先查 Démonette 直接词族与 DBnary 明示近/反义，再人工补第一条正式关系,扳机
1166,antistatique,ADJ,C1,0.0657,0,0,0,0,0,1,1,1,3,2,P1_no_official,P1_no_official|P4_confusable|P5_b2c1_synset,0,先查 Démonette 直接词族与 DBnary 明示近/反义，再人工补第一条正式关系,防静电
1167,appelé,NOM,C1,0.0657,0,0,0,0,0,1,1,1,3,3,P1_no_official,P1_no_official|P4_confusable|P5_b2c1_synset,0,先查 Démonette 直接词族与 DBnary 明示近/反义，再人工补第一条正式关系,称为
1168,astrologie,NOM,C1,0.0657,0,0,0,0,0,0,0,1,2,2,P1_no_official,P1_no_official|P4_confusable,0,先查 Démonette 直接词族与 DBnary 明示近/反义，再人工补第一条正式关系,星术
1169,astéroïde,NOM,C1,0.0657,0,0,0,0,0,0,0,1,0,1,P1_no_official,P1_no_official|P4_confusable,0,先查 Démonette 直接词族与 DBnary 明示近/反义，再人工补第一条正式关系,小行星；爆破彗星
1170,bang,NOM,C1,0.0657,0,0,0,0,0,2,1,0,2,0,P1_no_official,P1_no_official|P4_confusable|P5_b2c1_synset,0,先查 Démonette 直接词族与 DBnary 明示近/反义，再人工补第一条正式关系,𠳐；吧
1171,binaire,NOM,C1,0.0657,0,0,0,0,0,2,1,0,1,0,P1_no_official,P1_no_official|P4_confusable|P5_b2c1_synset,0,先查 Démonette 直接词族与 DBnary 明示近/反义，再人工补第一条正式关系,二元；双星
1172,booster,NOM,C1,0.0657,0,0,0,0,0,5,1,0,2,0,P1_no_official,P1_no_official|P3_bridge|P4_confusable|P5_b2c1_synset,0,先查 Démonette 直接词族与 DBnary 明示近/反义，再人工补第一条正式关系,增压
1173,buis,NOM,C1,0.0657,0,0,0,0,0,3,1,0,1,1,P1_no_official,P1_no_official|P4_confusable|P5_b2c1_synset,0,先查 Démonette 直接词族与 DBnary 明示近/反义，再人工补第一条正式关系,黄杨
1174,calcium,NOM,C1,0.0657,0,0,0,0,0,4,1,1,2,0,P1_no_official,P1_no_official|P3_bridge|P4_confusable|P5_b2c1_synset,0,先查 Démonette 直接词族与 DBnary 明示近/反义，再人工补第一条正式关系,钙
1175,camping-car,NOM,C1,0.0657,0,0,0,0,0,1,1,0,0,0,P1_no_official,P1_no_official|P5_b2c1_synset,0,先查 Démonette 直接词族与 DBnary 明示近/反义，再人工补第一条正式关系,房车
1176,capitalisation,NOM,C1,0.0657,0,0,0,0,0,4,1,2,3,1,P1_no_official,P1_no_official|P3_bridge|P4_confusable|P5_b2c1_synset,0,先查 Démonette 直接词族与 DBnary 明示近/反义，再人工补第一条正式关系,融资
1177,carotte,ADJ,C1,0.0657,0,0,0,0,0,1,1,0,1,3,P1_no_official,P1_no_official|P4_confusable|P5_b2c1_synset,0,先查 Démonette 直接词族与 DBnary 明示近/反义，再人工补第一条正式关系,胡萝卜
1178,carpe,NOM,C1,0.0657,0,0,0,0,0,4,1,0,3,1,P1_no_official,P1_no_official|P3_bridge|P4_confusable|P5_b2c1_synset,0,先查 Démonette 直接词族与 DBnary 明示近/反义，再人工补第一条正式关系,鲤鱼；鲫鱼
1179,castration,NOM,C1,0.0657,0,0,0,0,0,3,1,0,2,3,P1_no_official,P1_no_official|P4_confusable|P5_b2c1_synset,0,先查 Démonette 直接词族与 DBnary 明示近/反义，再人工补第一条正式关系,腐刑
1180,chariot,NOM,C1,0.0657,0,0,0,0,0,15,1,1,2,2,P1_no_official,P1_no_official|P3_bridge|P4_confusable|P5_b2c1_synset,0,先查 Démonette 直接词族与 DBnary 明示近/反义，再人工补第一条正式关系,推车；斗车
1181,chrysalide,NOM,C1,0.0657,0,0,0,0,0,2,1,0,1,0,P1_no_official,P1_no_official|P4_confusable|P5_b2c1_synset,0,先查 Démonette 直接词族与 DBnary 明示近/反义，再人工补第一条正式关系,蛹
1182,cloporte,NOM,C1,0.0657,0,0,0,0,0,3,1,0,0,0,P1_no_official,P1_no_official|P5_b2c1_synset,0,先查 Démonette 直接词族与 DBnary 明示近/反义，再人工补第一条正式关系,蛜蝛；鼠妇
1183,coque,NOM,C1,0.0657,0,0,0,0,0,0,0,0,3,1,P1_no_official,P1_no_official|P4_confusable,0,先查 Démonette 直接词族与 DBnary 明示近/反义，再人工补第一条正式关系,鸟尾蛤；鸟蛤
1184,croûte,NOM,C1,0.0657,0,0,0,0,0,8,1,1,3,1,P1_no_official,P1_no_official|P3_bridge|P4_confusable|P5_b2c1_synset,0,先查 Démonette 直接词族与 DBnary 明示近/反义，再人工补第一条正式关系,结壳
1185,cône,NOM,C1,0.0657,0,0,0,0,0,12,1,0,3,1,P1_no_official,P1_no_official|P3_bridge|P4_confusable|P5_b2c1_synset,0,先查 Démonette 直接词族与 DBnary 明示近/反义，再人工补第一条正式关系,圆锥
1186,damer,VER,C1,0.0657,0,0,0,0,0,8,1,0,1,0,P1_no_official,P1_no_official|P3_bridge|P4_confusable|P5_b2c1_synset,0,先查 Démonette 直接词族与 DBnary 明示近/反义，再人工补第一条正式关系,夯
1187,diapo,NOM,C1,0.0657,0,0,0,0,0,2,1,2,0,2,P1_no_official,P1_no_official|P4_confusable|P5_b2c1_synset,0,先查 Démonette 直接词族与 DBnary 明示近/反义，再人工补第一条正式关系,幻灯
1188,entre-deux,NOM,C1,0.0657,0,0,0,0,0,8,1,1,2,1,P1_no_official,P1_no_official|P3_bridge|P4_confusable|P5_b2c1_synset,0,先查 Démonette 直接词族与 DBnary 明示近/反义，再人工补第一条正式关系,间隙
1189,exprès,ADJ,C1,0.0657,0,0,0,0,0,1,1,1,1,3,P1_no_official,P1_no_official|P4_confusable|P5_b2c1_synset,0,先查 Démonette 直接词族与 DBnary 明示近/反义，再人工补第一条正式关系,成心；故意
1190,fondu,NOM,C1,0.0657,0,0,0,0,0,2,1,1,1,1,P1_no_official,P1_no_official|P4_confusable|P5_b2c1_synset,0,先查 Démonette 直接词族与 DBnary 明示近/反义，再人工补第一条正式关系,融合的
1191,fécule,NOM,C1,0.0657,0,0,0,0,0,1,1,0,2,1,P1_no_official,P1_no_official|P4_confusable|P5_b2c1_synset,0,先查 Démonette 直接词族与 DBnary 明示近/反义，再人工补第一条正式关系,芡
1192,fêlé,ADJ,C1,0.0657,0,0,0,0,0,5,1,0,1,1,P1_no_official,P1_no_official|P3_bridge|P4_confusable|P5_b2c1_synset,0,先查 Démonette 直接词族与 DBnary 明示近/反义，再人工补第一条正式关系,
1193,halo,NOM,C1,0.0657,0,0,0,0,0,6,1,0,2,2,P1_no_official,P1_no_official|P3_bridge|P4_confusable|P5_b2c1_synset,0,先查 Démonette 直接词族与 DBnary 明示近/反义，再人工补第一条正式关系,光晕；光环
1194,homonyme,NOM,C1,0.0657,0,0,0,0,0,4,1,0,1,2,P1_no_official,P1_no_official|P3_bridge|P4_confusable|P5_b2c1_synset,0,先查 Démonette 直接词族与 DBnary 明示近/反义，再人工补第一条正式关系,同名
1195,huissier,NOM,C1,0.0657,0,0,0,0,0,5,1,0,3,0,P1_no_official,P1_no_official|P3_bridge|P4_confusable|P5_b2c1_synset,0,先查 Démonette 直接词族与 DBnary 明示近/反义，再人工补第一条正式关系,镇长
1196,idéologiquement,ADV,C1,0.0657,0,0,0,0,0,1,1,0,3,2,P1_no_official,P1_no_official|P4_confusable|P5_b2c1_synset,0,先查 Démonette 直接词族与 DBnary 明示近/反义，再人工补第一条正式关系,思想上
1197,inconsidéré,ADJ,C1,0.0657,0,0,0,0,0,3,1,1,1,1,P1_no_official,P1_no_official|P4_confusable|P5_b2c1_synset,0,先查 Démonette 直接词族与 DBnary 明示近/反义，再人工补第一条正式关系,不周；冒失
1198,indigent,ADJ,C1,0.0657,0,0,0,0,0,1,1,1,3,3,P1_no_official,P1_no_official|P4_confusable|P5_b2c1_synset,0,先查 Démonette 直接词族与 DBnary 明示近/反义，再人工补第一条正式关系,困苦；贫寒
1199,inébranlablement,ADV,C1,0.0657,0,0,0,0,0,2,1,1,2,1,P1_no_official,P1_no_official|P4_confusable|P5_b2c1_synset,0,先查 Démonette 直接词族与 DBnary 明示近/反义，再人工补第一条正式关系,傲然
1200,lisibilité,NOM,C1,0.0657,0,0,0,0,0,3,1,1,1,1,P1_no_official,P1_no_official|P4_confusable|P5_b2c1_synset,0,先查 Démonette 直接词族与 DBnary 明示近/反义，再人工补第一条正式关系,
1201,literie,NOM,C1,0.0657,0,0,0,0,0,2,1,0,1,1,P1_no_official,P1_no_official|P4_confusable|P5_b2c1_synset,0,先查 Démonette 直接词族与 DBnary 明示近/反义，再人工补第一条正式关系,寝具；床上用品
1202,longévité,NOM,C1,0.0657,0,0,0,0,0,1,1,0,3,1,P1_no_official,P1_no_official|P4_confusable|P5_b2c1_synset,0,先查 Démonette 直接词族与 DBnary 明示近/反义，再人工补第一条正式关系,长寿
1203,marmaille,NOM,C1,0.0657,0,0,0,0,0,2,1,0,0,0,P1_no_official,P1_no_official|P5_b2c1_synset,0,先查 Démonette 直接词族与 DBnary 明示近/反义，再人工补第一条正式关系,小朋友
1204,museler,VER,C1,0.0657,0,0,0,0,0,2,1,0,1,0,P1_no_official,P1_no_official|P4_confusable|P5_b2c1_synset,0,先查 Démonette 直接词族与 DBnary 明示近/反义，再人工补第一条正式关系,口吻
1205,mât,NOM,C1,0.0657,0,0,0,0,0,5,1,0,2,2,P1_no_official,P1_no_official|P3_bridge|P4_confusable|P5_b2c1_synset,0,先查 Démonette 直接词族与 DBnary 明示近/反义，再人工补第一条正式关系,撑杆
1206,opportunément,ADV,C1,0.0657,0,0,0,0,0,1,1,1,3,2,P1_no_official,P1_no_official|P4_confusable|P5_b2c1_synset,0,先查 Démonette 直接词族与 DBnary 明示近/反义，再人工补第一条正式关系,巧
1207,passeur,NOM,C1,0.0657,0,0,0,0,0,4,1,2,2,1,P1_no_official,P1_no_official|P3_bridge|P4_confusable|P5_b2c1_synset,0,先查 Démonette 直接词族与 DBnary 明示近/反义，再人工补第一条正式关系,船夫
1208,plutonium,NOM,C1,0.0657,0,0,0,0,0,4,1,0,0,0,P1_no_official,P1_no_official|P3_bridge|P5_b2c1_synset,0,先查 Démonette 直接词族与 DBnary 明示近/反义，再人工补第一条正式关系,钚；钸
1209,positif,NOM,C1,0.0657,0,0,0,0,0,4,1,2,3,3,P1_no_official,P1_no_official|P3_bridge|P4_confusable|P5_b2c1_synset,0,先查 Démonette 直接词族与 DBnary 明示近/反义，再人工补第一条正式关系,正面；积极
1210,potassium,NOM,C1,0.0657,0,0,0,0,0,3,1,0,1,1,P1_no_official,P1_no_official|P4_confusable|P5_b2c1_synset,0,先查 Démonette 直接词族与 DBnary 明示近/反义，再人工补第一条正式关系,钾
1211,profanation,NOM,C1,0.0657,0,0,0,0,0,3,1,1,3,1,P1_no_official,P1_no_official|P4_confusable|P5_b2c1_synset,0,先查 Démonette 直接词族与 DBnary 明示近/反义，再人工补第一条正式关系,糟蹋
1212,progestérone,NOM,C1,0.0657,0,0,0,0,0,1,1,0,1,1,P1_no_official,P1_no_official|P4_confusable|P5_b2c1_synset,0,先查 Démonette 直接词族与 DBnary 明示近/反义，再人工补第一条正式关系,孕酮
1213,prêcher,VER,C1,0.0657,0,0,0,0,0,5,1,0,3,2,P1_no_official,P1_no_official|P3_bridge|P4_confusable|P5_b2c1_synset,0,先查 Démonette 直接词族与 DBnary 明示近/反义，再人工补第一条正式关系,传教；传道
1214,putain,NOM,C1,0.0657,0,0,0,0,0,2,1,0,1,0,P1_no_official,P1_no_official|P4_confusable|P5_b2c1_synset,0,先查 Démonette 直接词族与 DBnary 明示近/反义，再人工补第一条正式关系,他妈；妈了个巴子
1215,railler,VER,C1,0.0657,0,0,0,0,0,3,1,0,3,3,P1_no_official,P1_no_official|P4_confusable|P5_b2c1_synset,0,先查 Démonette 直接词族与 DBnary 明示近/反义，再人工补第一条正式关系,挖苦
1216,ram,NOM,C1,0.0657,0,0,0,0,0,4,1,0,1,3,P1_no_official,P1_no_official|P3_bridge|P4_confusable|P5_b2c1_synset,0,先查 Démonette 直接词族与 DBnary 明示近/反义，再人工补第一条正式关系,内存
1217,ratatouille,NOM,C1,0.0657,0,0,0,0,0,4,1,0,0,0,P1_no_official,P1_no_official|P3_bridge|P5_b2c1_synset,0,先查 Démonette 直接词族与 DBnary 明示近/反义，再人工补第一条正式关系,
1218,rattrapage,NOM,C1,0.0657,0,0,0,0,0,2,1,0,1,1,P1_no_official,P1_no_official|P4_confusable|P5_b2c1_synset,0,先查 Démonette 直接词族与 DBnary 明示近/反义，再人工补第一条正式关系,赶工；追上
1219,relaxation,NOM,C1,0.0657,0,0,0,0,0,4,1,0,0,0,P1_no_official,P1_no_official|P3_bridge|P5_b2c1_synset,0,先查 Démonette 直接词族与 DBnary 明示近/反义，再人工补第一条正式关系,走扁带
1220,sablage,NOM,C1,0.0657,0,0,0,0,0,2,1,0,0,0,P1_no_official,P1_no_official|P5_b2c1_synset,0,先查 Démonette 直接词族与 DBnary 明示近/反义，再人工补第一条正式关系,喷砂
1221,six,NOM,C1,0.0657,0,0,0,0,0,4,1,1,2,1,P1_no_official,P1_no_official|P3_bridge|P4_confusable|P5_b2c1_synset,0,先查 Démonette 直接词族与 DBnary 明示近/反义，再人工补第一条正式关系,六；陆
1222,subjonctif,ADJ,C1,0.0657,0,0,0,0,0,1,1,0,1,1,P1_no_official,P1_no_official|P4_confusable|P5_b2c1_synset,0,先查 Démonette 直接词族与 DBnary 明示近/反义，再人工补第一条正式关系,假设语气；虚拟
1223,suivi,ADJ,C1,0.0657,0,0,0,0,0,1,1,1,2,3,P1_no_official,P1_no_official|P4_confusable|P5_b2c1_synset,0,先查 Démonette 直接词族与 DBnary 明示近/反义，再人工补第一条正式关系,后续；心理咨询
1224,synonyme,NOM,C1,0.0657,0,0,0,0,0,1,1,0,1,1,P1_no_official,P1_no_official|P4_confusable|P5_b2c1_synset,0,先查 Démonette 直接词族与 DBnary 明示近/反义，再人工补第一条正式关系,代名词
1225,tam-tam,NOM,C1,0.0657,0,0,0,0,0,5,1,0,2,0,P1_no_official,P1_no_official|P3_bridge|P4_confusable|P5_b2c1_synset,0,先查 Démonette 直接词族与 DBnary 明示近/反义，再人工补第一条正式关系,锣
1226,théorème,NOM,C1,0.0657,0,0,0,0,0,1,1,0,3,3,P1_no_official,P1_no_official|P4_confusable|P5_b2c1_synset,0,先查 Démonette 直接词族与 DBnary 明示近/反义，再人工补第一条正式关系,定理
1227,tumultueux,ADJ,C1,0.0657,0,0,0,0,0,2,1,0,1,0,P1_no_official,P1_no_official|P4_confusable|P5_b2c1_synset,0,先查 Démonette 直接词族与 DBnary 明示近/反义，再人工补第一条正式关系,哗然；嘈杂
1228,unanimement,ADV,C1,0.0657,0,0,0,0,0,1,1,1,3,2,P1_no_official,P1_no_official|P4_confusable|P5_b2c1_synset,0,先查 Démonette 直接词族与 DBnary 明示近/反义，再人工补第一条正式关系,一致
1229,uriner,VER,C1,0.0657,0,0,0,0,0,2,1,1,0,0,P1_no_official,P1_no_official|P5_b2c1_synset,0,先查 Démonette 直接词族与 DBnary 明示近/反义，再人工补第一条正式关系,便溺；小便
1230,vinification,NOM,C1,0.0657,0,0,0,0,0,2,1,0,1,1,P1_no_official,P1_no_official|P4_confusable|P5_b2c1_synset,0,先查 Démonette 直接词族与 DBnary 明示近/反义，再人工补第一条正式关系,酿酒
1231,voûte,NOM,C1,0.0657,0,0,0,0,0,8,1,0,2,0,P1_no_official,P1_no_official|P3_bridge|P4_confusable|P5_b2c1_synset,0,先查 Démonette 直接词族与 DBnary 明示近/反义，再人工补第一条正式关系,拱状
1232,étreindre,VER,C1,0.0657,0,0,0,0,0,4,1,0,1,3,P1_no_official,P1_no_official|P3_bridge|P4_confusable|P5_b2c1_synset,0,先查 Démonette 直接词族与 DBnary 明示近/反义，再人工补第一条正式关系,抱紧；拥抱
1233,évider,VER,C1,0.0657,0,0,0,0,0,3,1,1,3,3,P1_no_official,P1_no_official|P4_confusable|P5_b2c1_synset,0,先查 Démonette 直接词族与 DBnary 明示近/反义，再人工补第一条正式关系,开挖；掏空
1234,maltais,ADJ,C1,0.0654,0,0,0,0,0,1,1,0,0,1,P1_no_official,P1_no_official|P4_confusable|P5_b2c1_synset,0,先查 Démonette 直接词族与 DBnary 明示近/反义，再人工补第一条正式关系,马尔他人
1235,agglutiner,VER,C1,0.0652,0,0,0,0,0,3,1,0,1,0,P1_no_official,P1_no_official|P4_confusable|P5_b2c1_synset,0,先查 Démonette 直接词族与 DBnary 明示近/反义，再人工补第一条正式关系,胶着
1236,apeuré,ADJ,C1,0.0652,0,0,0,0,0,3,1,1,1,1,P1_no_official,P1_no_official|P4_confusable|P5_b2c1_synset,0,先查 Démonette 直接词族与 DBnary 明示近/反义，再人工补第一条正式关系,惊魂
1237,apocalypse,NOM,C1,0.0652,0,0,0,0,0,1,1,0,0,1,P1_no_official,P1_no_official|P4_confusable|P5_b2c1_synset,0,先查 Démonette 直接词族与 DBnary 明示近/反义，再人工补第一条正式关系,启示录
1238,arc-en-ciel,NOM,C1,0.0652,0,0,0,0,0,4,1,1,0,1,P1_no_official,P1_no_official|P3_bridge|P4_confusable|P5_b2c1_synset,0,先查 Démonette 直接词族与 DBnary 明示近/反义，再人工补第一条正式关系,䗖蝀；五色
1239,assoupir,VER,C1,0.0652,0,0,0,0,0,4,1,0,3,3,P1_no_official,P1_no_official|P3_bridge|P4_confusable|P5_b2c1_synset,0,先查 Démonette 直接词族与 DBnary 明示近/反义，再人工补第一条正式关系,打瞌睡；缓和
1240,attaquant,NOM,C1,0.0652,0,0,0,0,0,3,1,1,2,2,P1_no_official,P1_no_official|P4_confusable|P5_b2c1_synset,0,先查 Démonette 直接词族与 DBnary 明示近/反义，再人工补第一条正式关系,攻击者
1241,biscuit,NOM,C1,0.0652,0,0,0,0,0,15,1,1,1,1,P1_no_official,P1_no_official|P3_bridge|P4_confusable|P5_b2c1_synset,0,先查 Démonette 直接词族与 DBnary 明示近/反义，再人工补第一条正式关系,饼干
1242,brise,NOM,C1,0.0652,0,0,0,0,0,4,1,0,2,2,P1_no_official,P1_no_official|P3_bridge|P4_confusable|P5_b2c1_synset,0,先查 Démonette 直接词族与 DBnary 明示近/反义，再人工补第一条正式关系,和风；微风
1243,butin,NOM,C1,0.0652,0,0,0,0,0,4,1,1,0,0,P1_no_official,P1_no_official|P3_bridge|P5_b2c1_synset,0,先查 Démonette 直接词族与 DBnary 明示近/反义，再人工补第一条正式关系,成果；战利品
1244,bâcler,VER,C1,0.0652,0,0,0,0,0,5,1,0,2,0,P1_no_official,P1_no_official|P3_bridge|P4_confusable|P5_b2c1_synset,0,先查 Démonette 直接词族与 DBnary 明示近/反义，再人工补第一条正式关系,搪塞；敷衍
1245,chevron,NOM,C1,0.0652,0,0,0,0,0,9,1,0,0,3,P1_no_official,P1_no_official|P3_bridge|P4_confusable|P5_b2c1_synset,0,先查 Démonette 直接词族与 DBnary 明示近/反义，再人工补第一条正式关系,人字形
1246,cottage,NOM,C1,0.0652,0,0,0,0,0,1,1,0,0,1,P1_no_official,P1_no_official|P4_confusable|P5_b2c1_synset,0,先查 Démonette 直接词族与 DBnary 明示近/反义，再人工补第一条正式关系,小屋
1247,courtier,NOM,C1,0.0652,0,0,0,0,0,2,1,3,3,2,P1_no_official,P1_no_official|P4_confusable|P5_b2c1_synset,0,先查 Démonette 直接词族与 DBnary 明示近/反义，再人工补第一条正式关系,仲介；牙人
1248,crasseux,ADJ,C1,0.0652,0,0,0,0,0,2,1,0,0,0,P1_no_official,P1_no_official|P5_b2c1_synset,0,先查 Démonette 直接词族与 DBnary 明示近/反义，再人工补第一条正式关系,污糟
1249,cresson,NOM,C1,0.0652,0,0,0,0,0,2,1,0,0,0,P1_no_official,P1_no_official|P5_b2c1_synset,0,先查 Démonette 直接词族与 DBnary 明示近/反义，再人工补第一条正式关系,芹
1250,crinière,NOM,C1,0.0652,0,0,0,0,0,5,1,0,0,0,P1_no_official,P1_no_official|P3_bridge|P5_b2c1_synset,0,先查 Démonette 直接词族与 DBnary 明示近/反义，再人工补第一条正式关系,鬣毛
1251,dessécher,VER,C1,0.0652,0,0,0,0,0,6,1,1,3,2,P1_no_official,P1_no_official|P3_bridge|P4_confusable|P5_b2c1_synset,0,先查 Démonette 直接词族与 DBnary 明示近/反义，再人工补第一条正式关系,干燥
1252,douane,NOM,C1,0.0652,0,0,0,0,0,3,1,0,0,0,P1_no_official,P1_no_official|P5_b2c1_synset,0,先查 Démonette 直接词族与 DBnary 明示近/反义，再人工补第一条正式关系,海关；海关总署
1253,décadence,NOM,C1,0.0652,0,0,0,0,0,3,1,0,2,1,P1_no_official,P1_no_official|P4_confusable|P5_b2c1_synset,0,先查 Démonette 直接词族与 DBnary 明示近/反义，再人工补第一条正式关系,没落；雕谢
1254,décapiter,VER,C1,0.0652,0,0,0,0,0,4,1,1,0,1,P1_no_official,P1_no_official|P3_bridge|P4_confusable|P5_b2c1_synset,0,先查 Démonette 直接词族与 DBnary 明示近/反义，再人工补第一条正式关系,刭；斩
1255,défunt,NOM,C1,0.0652,0,0,0,0,0,1,1,0,0,1,P1_no_official,P1_no_official|P4_confusable|P5_b2c1_synset,0,先查 Démonette 直接词族与 DBnary 明示近/反义，再人工补第一条正式关系,已故；死者
1256,dénaturer,VER,C1,0.0652,0,0,0,0,0,2,1,1,1,1,P1_no_official,P1_no_official|P4_confusable|P5_b2c1_synset,0,先查 Démonette 直接词族与 DBnary 明示近/反义，再人工补第一条正式关系,歪曲
1257,extasier,VER,C1,0.0652,0,0,0,0,0,2,1,0,0,1,P1_no_official,P1_no_official|P4_confusable|P5_b2c1_synset,0,先查 Démonette 直接词族与 DBnary 明示近/反义，再人工补第一条正式关系,出神；赞叹
1258,fleuron,NOM,C1,0.0652,0,0,0,0,0,7,1,1,3,2,P1_no_official,P1_no_official|P3_bridge|P4_confusable|P5_b2c1_synset,0,先查 Démonette 直接词族与 DBnary 明示近/反义，再人工补第一条正式关系,小花；花边
1259,flouer,VER,C1,0.0652,0,0,0,0,0,5,1,1,2,2,P1_no_official,P1_no_official|P3_bridge|P4_confusable|P5_b2c1_synset,0,先查 Démonette 直接词族与 DBnary 明示近/反义，再人工补第一条正式关系,骗取
1260,fortification,NOM,C1,0.0652,0,0,0,0,0,4,1,2,2,1,P1_no_official,P1_no_official|P3_bridge|P4_confusable|P5_b2c1_synset,0,先查 Démonette 直接词族与 DBnary 明示近/反义，再人工补第一条正式关系,要塞
1261,fructifier,VER,C1,0.0652,0,0,0,0,0,2,1,1,0,0,P1_no_official,P1_no_official|P5_b2c1_synset,0,先查 Démonette 直接词族与 DBnary 明示近/反义，再人工补第一条正式关系,出产
1262,garnison,NOM,C1,0.0652,0,0,0,0,0,3,1,1,1,1,P1_no_official,P1_no_official|P4_confusable|P5_b2c1_synset,0,先查 Démonette 直接词族与 DBnary 明示近/反义，再人工补第一条正式关系,警备；驻军
1263,gazelle,NOM,C1,0.0652,0,0,0,0,0,5,1,0,3,2,P1_no_official,P1_no_official|P3_bridge|P4_confusable|P5_b2c1_synset,0,先查 Démonette 直接词族与 DBnary 明示近/反义，再人工补第一条正式关系,羚羊
1264,hangar,NOM,C1,0.0652,0,0,0,0,0,1,1,0,2,3,P1_no_official,P1_no_official|P4_confusable|P5_b2c1_synset,0,先查 Démonette 直接词族与 DBnary 明示近/反义，再人工补第一条正式关系,小屋；库房
1265,humoriste,NOM,C1,0.0652,0,0,0,0,0,1,1,0,0,0,P1_no_official,P1_no_official|P5_b2c1_synset,0,先查 Démonette 直接词族与 DBnary 明示近/反义，再人工补第一条正式关系,诙谐
1266,inaltérable,ADJ,C1,0.0652,0,0,0,0,0,1,1,1,1,2,P1_no_official,P1_no_official|P4_confusable|P5_b2c1_synset,0,先查 Démonette 直接词族与 DBnary 明示近/反义，再人工补第一条正式关系,铁定
1267,inflation,NOM,C1,0.0652,0,0,0,0,0,0,0,0,1,1,P1_no_official,P1_no_official|P4_confusable,0,先查 Démonette 直接词族与 DBnary 明示近/反义，再人工补第一条正式关系,通胀；通货膨胀
1268,insouciant,ADJ,C1,0.0652,0,0,0,0,0,3,1,1,0,2,P1_no_official,P1_no_official|P4_confusable|P5_b2c1_synset,0,先查 Démonette 直接词族与 DBnary 明示近/反义，再人工补第一条正式关系,优柔；大大咧咧
1269,instigation,NOM,C1,0.0652,0,0,0,0,0,2,1,0,0,1,P1_no_official,P1_no_official|P4_confusable|P5_b2c1_synset,0,先查 Démonette 直接词族与 DBnary 明示近/反义，再人工补第一条正式关系,旨意
1270,interconnexion,NOM,C1,0.0652,0,0,0,0,0,2,1,1,1,0,P1_no_official,P1_no_official|P4_confusable|P5_b2c1_synset,0,先查 Démonette 直接词族与 DBnary 明示近/反义，再人工补第一条正式关系,互连；相接
1271,intériorisation,NOM,C1,0.0652,0,0,0,0,0,2,1,1,2,1,P1_no_official,P1_no_official|P4_confusable|P5_b2c1_synset,0,先查 Démonette 直接词族与 DBnary 明示近/反义，再人工补第一条正式关系,
1272,iode,NOM,C1,0.0652,0,0,0,0,0,3,1,0,1,2,P1_no_official,P1_no_official|P4_confusable|P5_b2c1_synset,0,先查 Démonette 直接词族与 DBnary 明示近/反义，再人工补第一条正式关系,碘
1273,irrémédiable,ADJ,C1,0.0652,0,0,0,0,0,2,1,1,0,0,P1_no_official,P1_no_official|P5_b2c1_synset,0,先查 Démonette 直接词族与 DBnary 明示近/反义，再人工补第一条正式关系,不可收拾
1274,laïque,NOM,C1,0.0652,0,0,0,0,0,2,1,0,2,1,P1_no_official,P1_no_official|P4_confusable|P5_b2c1_synset,0,先查 Démonette 直接词族与 DBnary 明示近/反义，再人工补第一条正式关系,世俗；入世
1275,liqueur,NOM,C1,0.0652,0,0,0,0,0,3,1,0,1,0,P1_no_official,P1_no_official|P4_confusable|P5_b2c1_synset,0,先查 Démonette 直接词族与 DBnary 明示近/反义，再人工补第一条正式关系,力娇酒；杯中物
1276,littoral,ADJ,C1,0.0652,0,0,0,0,0,4,1,0,1,2,P1_no_official,P1_no_official|P3_bridge|P4_confusable|P5_b2c1_synset,0,先查 Démonette 直接词族与 DBnary 明示近/反义，再人工补第一条正式关系,沿岸；沿海
1277,magnanimité,NOM,C1,0.0652,0,0,0,0,0,1,1,0,1,1,P1_no_official,P1_no_official|P4_confusable|P5_b2c1_synset,0,先查 Démonette 直接词族与 DBnary 明示近/反义，再人工补第一条正式关系,海量；豪气
1278,mansarde,NOM,C1,0.0652,0,0,0,0,0,3,1,0,0,0,P1_no_official,P1_no_official|P5_b2c1_synset,0,先查 Démonette 直接词族与 DBnary 明示近/反义，再人工补第一条正式关系,阁楼
1279,mercenaire,NOM,C1,0.0652,0,0,0,0,0,5,1,0,0,0,P1_no_official,P1_no_official|P3_bridge|P5_b2c1_synset,0,先查 Démonette 直接词族与 DBnary 明示近/反义，再人工补第一条正式关系,佣兵；兵痞
1280,mirifique,ADJ,C1,0.0652,0,0,0,0,0,1,1,0,0,0,P1_no_official,P1_no_official|P5_b2c1_synset,0,先查 Démonette 直接词族与 DBnary 明示近/反义，再人工补第一条正式关系,神妙
1281,moisir,VER,C1,0.0652,0,0,0,0,0,3,1,0,1,1,P1_no_official,P1_no_official|P4_confusable|P5_b2c1_synset,0,先查 Démonette 直接词族与 DBnary 明示近/反义，再人工补第一条正式关系,发霉
1282,mou,NOM,C1,0.0652,0,0,0,0,0,5,1,5,3,2,P1_no_official,P1_no_official|P3_bridge|P4_confusable|P5_b2c1_synset,0,先查 Démonette 直接词族与 DBnary 明示近/反义，再人工补第一条正式关系,松软；柔弱的
1283,moue,NOM,C1,0.0652,0,0,0,0,0,1,1,0,3,2,P1_no_official,P1_no_official|P4_confusable|P5_b2c1_synset,0,先查 Démonette 直接词族与 DBnary 明示近/反义，再人工补第一条正式关系,噘
1284,multiplicité,NOM,C1,0.0652,0,0,0,0,0,2,1,0,3,3,P1_no_official,P1_no_official|P4_confusable|P5_b2c1_synset,0,先查 Démonette 直接词族与 DBnary 明示近/反义，再人工补第一条正式关系,繁多
1285,mémorisation,NOM,C1,0.0652,0,0,0,0,0,1,1,1,2,3,P1_no_official,P1_no_official|P4_confusable|P5_b2c1_synset,0,先查 Démonette 直接词族与 DBnary 明示近/反义，再人工补第一条正式关系,记忆化
1286,oracle,NOM,C1,0.0652,0,0,0,0,0,6,1,0,2,1,P1_no_official,P1_no_official|P3_bridge|P4_confusable|P5_b2c1_synset,0,先查 Démonette 直接词族与 DBnary 明示近/反义，再人工补第一条正式关系,天启
1287,penchant,NOM,C1,0.0652,0,0,0,0,0,3,1,1,3,2,P1_no_official,P1_no_official|P4_confusable|P5_b2c1_synset,0,先查 Démonette 直接词族与 DBnary 明示近/反义，再人工补第一条正式关系,癖好
1288,pharaon,NOM,C1,0.0652,0,0,0,0,0,3,1,0,2,2,P1_no_official,P1_no_official|P4_confusable|P5_b2c1_synset,0,先查 Démonette 直接词族与 DBnary 明示近/反义，再人工补第一条正式关系,法老
1289,phonographe,NOM,C1,0.0652,0,0,0,0,0,2,1,0,3,1,P1_no_official,P1_no_official|P4_confusable|P5_b2c1_synset,0,先查 Démonette 直接词族与 DBnary 明示近/反义，再人工补第一条正式关系,电唱机
1290,phonétique,NOM,C1,0.0652,0,0,0,0,0,1,1,0,1,2,P1_no_official,P1_no_official|P4_confusable|P5_b2c1_synset,0,先查 Démonette 直接词族与 DBnary 明示近/反义，再人工补第一条正式关系,自然发音；自然拼读
1291,phosphate,NOM,C1,0.0652,0,0,0,0,0,7,1,0,0,1,P1_no_official,P1_no_official|P3_bridge|P4_confusable|P5_b2c1_synset,0,先查 Démonette 直接词族与 DBnary 明示近/反义，再人工补第一条正式关系,磷
1292,piquant,NOM,C1,0.0652,0,0,0,0,0,2,1,1,2,2,P1_no_official,P1_no_official|P4_confusable|P5_b2c1_synset,0,先查 Démonette 直接词族与 DBnary 明示近/反义，再人工补第一条正式关系,刺激性；刺骨
1293,pleurnicher,VER,C1,0.0652,0,0,0,0,0,1,1,1,3,2,P1_no_official,P1_no_official|P4_confusable|P5_b2c1_synset,0,先查 Démonette 直接词族与 DBnary 明示近/反义，再人工补第一条正式关系,呜；哭
1294,prodiguer,VER,C1,0.0652,0,0,0,0,0,3,1,0,3,1,P1_no_official,P1_no_official|P4_confusable|P5_b2c1_synset,0,先查 Démonette 直接词族与 DBnary 明示近/反义，再人工补第一条正式关系,出手；挥霍
1295,rambarde,NOM,C1,0.0652,0,0,0,0,0,4,1,0,1,2,P1_no_official,P1_no_official|P3_bridge|P4_confusable|P5_b2c1_synset,0,先查 Démonette 直接词族与 DBnary 明示近/反义，再人工补第一条正式关系,栏杆；铁栏
1296,retrousser,VER,C1,0.0652,0,0,0,0,0,5,1,1,1,1,P1_no_official,P1_no_official|P3_bridge|P4_confusable|P5_b2c1_synset,0,先查 Démonette 直接词族与 DBnary 明示近/反义，再人工补第一条正式关系,卷起
1297,rouille,NOM,C1,0.0652,0,0,0,0,0,9,1,0,1,1,P1_no_official,P1_no_official|P3_bridge|P4_confusable|P5_b2c1_synset,0,先查 Démonette 直接词族与 DBnary 明示近/反义，再人工补第一条正式关系,迟钝
1298,rédemption,NOM,C1,0.0652,0,0,0,0,0,0,0,0,0,0,P1_no_official,P1_no_official,0,先查 Démonette 直接词族与 DBnary 明示近/反义，再人工补第一条正式关系,感化；赎回
1299,réfectoire,NOM,C1,0.0652,0,0,0,0,0,1,1,1,2,3,P1_no_official,P1_no_official|P4_confusable|P5_b2c1_synset,0,先查 Démonette 直接词族与 DBnary 明示近/反义，再人工补第一条正式关系,餐厅
1300,rétracter,VER,C1,0.0652,0,0,0,0,0,6,1,1,1,1,P1_no_official,P1_no_official|P3_bridge|P4_confusable|P5_b2c1_synset,0,先查 Démonette 直接词族与 DBnary 明示近/反义，再人工补第一条正式关系,撤回；缩回
1301,réécrire,VER,C1,0.0652,0,0,0,0,0,5,1,1,2,2,P1_no_official,P1_no_official|P3_bridge|P4_confusable|P5_b2c1_synset,0,先查 Démonette 直接词族与 DBnary 明示近/反义，再人工补第一条正式关系,改写
1302,sage-femme,NOM,C1,0.0652,0,0,0,0,0,1,1,1,0,0,P1_no_official,P1_no_official|P5_b2c1_synset,0,先查 Démonette 直接词族与 DBnary 明示近/反义，再人工补第一条正式关系,老娘
1303,secte,NOM,C1,0.0652,0,0,0,0,0,4,1,0,2,3,P1_no_official,P1_no_official|P3_bridge|P4_confusable|P5_b2c1_synset,0,先查 Démonette 直接词族与 DBnary 明示近/反义，再人工补第一条正式关系,党派；帮派
1304,sevrer,VER,C1,0.0652,0,0,0,0,0,6,1,0,3,0,P1_no_official,P1_no_official|P3_bridge|P4_confusable|P5_b2c1_synset,0,先查 Démonette 直接词族与 DBnary 明示近/反义，再人工补第一条正式关系,断奶
1305,sphinx,NOM,C1,0.0652,0,0,0,0,0,11,1,0,1,1,P1_no_official,P1_no_official|P3_bridge|P4_confusable|P5_b2c1_synset,0,先查 Démonette 直接词族与 DBnary 明示近/反义，再人工补第一条正式关系,狮身人面像
1306,strapontin,NOM,C1,0.0652,0,0,0,0,0,2,1,0,0,0,P1_no_official,P1_no_official|P5_b2c1_synset,0,先查 Démonette 直接词族与 DBnary 明示近/反义，再人工补第一条正式关系,
1307,superstar,NOM,C1,0.0652,0,0,0,0,0,1,1,0,2,1,P1_no_official,P1_no_official|P4_confusable|P5_b2c1_synset,0,先查 Démonette 直接词族与 DBnary 明示近/反义，再人工补第一条正式关系,巨星
1308,sémantique,NOM,C1,0.0652,0,0,0,0,0,2,1,0,1,1,P1_no_official,P1_no_official|P4_confusable|P5_b2c1_synset,0,先查 Démonette 直接词族与 DBnary 明示近/反义，再人工补第一条正式关系,语意
1309,sénile,ADJ,C1,0.0652,0,0,0,0,0,2,1,0,1,0,P1_no_official,P1_no_official|P4_confusable|P5_b2c1_synset,0,先查 Démonette 直接词族与 DBnary 明示近/反义，再人工补第一条正式关系,年迈
1310,tinter,VER,C1,0.0652,0,0,0,0,0,5,1,0,0,2,P1_no_official,P1_no_official|P3_bridge|P4_confusable|P5_b2c1_synset,0,先查 Démonette 直接词族与 DBnary 明示近/反义，再人工补第一条正式关系,璆
1311,tire-au-flanc,NOM,C1,0.0652,0,0,0,0,0,1,1,1,0,1,P1_no_official,P1_no_official|P4_confusable|P5_b2c1_synset,0,先查 Démonette 直接词族与 DBnary 明示近/反义，再人工补第一条正式关系,懒蛋
1312,transir,VER,C1,0.0652,0,0,0,0,0,4,1,0,0,3,P1_no_official,P1_no_official|P3_bridge|P4_confusable|P5_b2c1_synset,0,先查 Démonette 直接词族与 DBnary 明示近/反义，再人工补第一条正式关系,
1313,trust,NOM,C1,0.0652,0,0,0,0,0,1,1,0,1,1,P1_no_official,P1_no_official|P4_confusable|P5_b2c1_synset,0,先查 Démonette 直接词族与 DBnary 明示近/反义，再人工补第一条正式关系,信托
1314,vernis,NOM,C1,0.0652,0,0,0,0,0,7,1,0,0,0,P1_no_official,P1_no_official|P3_bridge|P5_b2c1_synset,0,先查 Démonette 直接词族与 DBnary 明示近/反义，再人工补第一条正式关系,琉璃
1315,émanation,NOM,C1,0.0652,0,0,0,0,0,4,1,0,1,0,P1_no_official,P1_no_official|P3_bridge|P4_confusable|P5_b2c1_synset,0,先查 Démonette 直接词族与 DBnary 明示近/反义，再人工补第一条正式关系,反映
1316,évangéliser,VER,C1,0.0652,0,0,0,0,0,2,1,0,0,0,P1_no_official,P1_no_official|P5_b2c1_synset,0,先查 Démonette 直接词族与 DBnary 明示近/反义，再人工补第一条正式关系,传教
1317,chardon,NOM,C1,0.0648,0,0,0,0,0,8,1,0,2,2,P1_no_official,P1_no_official|P3_bridge|P4_confusable|P5_b2c1_synset,0,先查 Démonette 直接词族与 DBnary 明示近/反义，再人工补第一条正式关系,蓟
1318,absolu,NOM,C1,0.0614,0,0,0,0,0,2,1,1,3,2,P1_no_official,P1_no_official|P4_confusable|P5_b2c1_synset,0,先查 Démonette 直接词族与 DBnary 明示近/反义，再人工补第一条正式关系,专制；纯属
1319,allaitement,NOM,C1,0.0614,0,0,0,0,0,1,1,0,0,1,P1_no_official,P1_no_official|P4_confusable|P5_b2c1_synset,0,先查 Démonette 直接词族与 DBnary 明示近/反义，再人工补第一条正式关系,哺乳
1320,arête,NOM,C1,0.0614,0,0,0,0,0,8,1,0,0,3,P1_no_official,P1_no_official|P3_bridge|P4_confusable|P5_b2c1_synset,0,先查 Démonette 直接词族与 DBnary 明示近/反义，再人工补第一条正式关系,刺儿；棱角
1321,aéronautique,ADJ,C1,0.0614,0,0,0,0,0,1,1,0,3,1,P1_no_official,P1_no_official|P4_confusable|P5_b2c1_synset,0,先查 Démonette 直接词族与 DBnary 明示近/反义，再人工补第一条正式关系,航空工程
1322,chômer,VER,C1,0.0614,0,0,0,0,0,6,1,0,0,1,P1_no_official,P1_no_official|P3_bridge|P4_confusable|P5_b2c1_synset,0,先查 Démonette 直接词族与 DBnary 明示近/反义，再人工补第一条正式关系,停产
1323,conjoint,ADJ,C1,0.0614,0,0,0,0,0,4,1,1,3,3,P1_no_official,P1_no_official|P3_bridge|P4_confusable|P5_b2c1_synset,0,先查 Démonette 直接词族与 DBnary 明示近/反义，再人工补第一条正式关系,联合；配偶
1324,cribler,VER,C1,0.0614,0,0,0,0,0,3,1,0,1,0,P1_no_official,P1_no_official|P4_confusable|P5_b2c1_synset,0,先查 Démonette 直接词族与 DBnary 明示近/反义，再人工补第一条正式关系,筛
1325,dixième,NOM,C1,0.0614,0,0,0,0,0,6,1,1,2,3,P1_no_official,P1_no_official|P3_bridge|P4_confusable|P5_b2c1_synset,0,先查 Démonette 直接词族与 DBnary 明示近/反义，再人工补第一条正式关系,十位；第十
1326,douillet,ADJ,C1,0.0614,0,0,0,0,0,2,1,0,0,1,P1_no_official,P1_no_official|P4_confusable|P5_b2c1_synset,0,先查 Démonette 直接词族与 DBnary 明示近/反义，再人工补第一条正式关系,娇气；温馨
1327,fripier,NOM,C1,0.0614,0,0,0,0,0,0,0,0,0,0,P1_no_official,P1_no_official,0,先查 Démonette 直接词族与 DBnary 明示近/反义，再人工补第一条正式关系,
1328,hardware,NOM,C1,0.0614,0,0,0,0,0,1,1,0,2,1,P1_no_official,P1_no_official|P4_confusable|P5_b2c1_synset,0,先查 Démonette 直接词族与 DBnary 明示近/反义，再人工补第一条正式关系,硬件
1329,herbivore,ADJ,C1,0.0614,0,0,0,0,0,2,1,0,0,0,P1_no_official,P1_no_official|P5_b2c1_synset,0,先查 Démonette 直接词族与 DBnary 明示近/反义，再人工补第一条正式关系,草食
1330,herculéen,ADJ,C1,0.0614,0,0,0,0,0,0,0,0,0,0,P1_no_official,P1_no_official,0,先查 Démonette 直接词族与 DBnary 明示近/反义，再人工补第一条正式关系,大力士
1331,hideux,ADJ,C1,0.0614,0,0,0,0,0,1,1,0,2,1,P1_no_official,P1_no_official|P4_confusable|P5_b2c1_synset,0,先查 Démonette 直接词族与 DBnary 明示近/反义，再人工补第一条正式关系,丑恶；可恶
1332,hépatite,NOM,C1,0.0614,0,0,0,0,0,3,1,0,0,0,P1_no_official,P1_no_official|P5_b2c1_synset,0,先查 Démonette 直接词族与 DBnary 明示近/反义，再人工补第一条正式关系,肝炎
1333,incrustation,NOM,C1,0.0614,0,0,0,0,0,5,1,1,0,0,P1_no_official,P1_no_official|P3_bridge|P5_b2c1_synset,0,先查 Démonette 直接词族与 DBnary 明示近/反义，再人工补第一条正式关系,结壳；镶嵌
1334,indiscutable,ADJ,C1,0.0614,0,0,0,0,0,1,1,1,1,1,P1_no_official,P1_no_official|P4_confusable|P5_b2c1_synset,0,先查 Démonette 直接词族与 DBnary 明示近/反义，再人工补第一条正式关系,不容置疑
1335,insulaire,ADJ,C1,0.0614,0,0,0,0,0,2,1,0,1,0,P1_no_official,P1_no_official|P4_confusable|P5_b2c1_synset,0,先查 Démonette 直接词族与 DBnary 明示近/反义，再人工补第一条正式关系,岛民
1336,islandais,ADJ,C1,0.0614,0,0,0,0,0,1,1,0,2,1,P1_no_official,P1_no_official|P4_confusable|P5_b2c1_synset,0,先查 Démonette 直接词族与 DBnary 明示近/反义，再人工补第一条正式关系,冰岛语
1337,jérémiade,NOM,C1,0.0614,0,0,0,0,0,1,1,0,0,1,P1_no_official,P1_no_official|P4_confusable|P5_b2c1_synset,0,先查 Démonette 直接词族与 DBnary 明示近/反义，再人工补第一条正式关系,哀叹
1338,klaxon,NOM,C1,0.0614,0,0,0,0,0,1,1,0,1,1,P1_no_official,P1_no_official|P4_confusable|P5_b2c1_synset,0,先查 Démonette 直接词族与 DBnary 明示近/反义，再人工补第一条正式关系,喇叭
1339,maisonnée,NOM,C1,0.0614,0,0,0,0,0,1,1,1,1,2,P1_no_official,P1_no_official|P4_confusable|P5_b2c1_synset,0,先查 Démonette 直接词族与 DBnary 明示近/反义，再人工补第一条正式关系,住户
1340,majoration,NOM,C1,0.0614,0,0,0,0,0,3,1,1,3,2,P1_no_official,P1_no_official|P4_confusable|P5_b2c1_synset,0,先查 Démonette 直接词族与 DBnary 明示近/反义，再人工补第一条正式关系,增加；附加费
1341,manivelle,NOM,C1,0.0614,0,0,0,0,0,3,1,1,1,1,P1_no_official,P1_no_official|P4_confusable|P5_b2c1_synset,0,先查 Démonette 直接词族与 DBnary 明示近/反义，再人工补第一条正式关系,手摇柄
1342,maxi,ADJ,C1,0.0614,0,0,0,0,0,0,0,0,2,2,P1_no_official,P1_no_official|P4_confusable,0,先查 Démonette 直接词族与 DBnary 明示近/反义，再人工补第一条正式关系,至多
1343,missile,NOM,C1,0.0614,0,0,0,0,0,3,1,1,2,1,P1_no_official,P1_no_official|P4_confusable|P5_b2c1_synset,0,先查 Démonette 直接词族与 DBnary 明示近/反义，再人工补第一条正式关系,导弹；飞弹
1344,modéré,NOM,C1,0.0614,0,0,0,0,0,1,1,2,3,3,P1_no_official,P1_no_official|P4_confusable|P5_b2c1_synset,0,先查 Démonette 直接词族与 DBnary 明示近/反义，再人工补第一条正式关系,中常；温和
1345,monticule,NOM,C1,0.0614,0,0,0,0,0,2,1,1,0,0,P1_no_official,P1_no_official|P5_b2c1_synset,0,先查 Démonette 直接词族与 DBnary 明示近/反义，再人工补第一条正式关系,丘；堽
1346,muer,VER,C1,0.0614,0,0,0,0,0,3,1,2,2,2,P1_no_official,P1_no_official|P4_confusable|P5_b2c1_synset,0,先查 Démonette 直接词族与 DBnary 明示近/反义，再人工补第一条正式关系,脱发
1347,passionnément,ADV,C1,0.0614,0,0,0,0,0,2,1,1,3,0,P1_no_official,P1_no_official|P4_confusable|P5_b2c1_synset,0,先查 Démonette 直接词族与 DBnary 明示近/反义，再人工补第一条正式关系,眼巴巴
1348,pincer,VER,C1,0.0614,0,0,0,0,0,17,1,0,3,2,P1_no_official,P1_no_official|P3_bridge|P4_confusable|P5_b2c1_synset,0,先查 Démonette 直接词族与 DBnary 明示近/反义，再人工补第一条正式关系,刺痛；夹紧
1349,plouc,NOM,C1,0.0614,0,0,0,0,0,3,1,0,0,1,P1_no_official,P1_no_official|P4_confusable|P5_b2c1_synset,0,先查 Démonette 直接词族与 DBnary 明示近/反义，再人工补第一条正式关系,粗人；老帽儿
1350,porcelet,NOM,C1,0.0614,0,0,0,0,0,2,1,0,3,2,P1_no_official,P1_no_official|P4_confusable|P5_b2c1_synset,0,先查 Démonette 直接词族与 DBnary 明示近/反义，再人工补第一条正式关系,仔猪；小猪
1351,porosité,NOM,C1,0.0614,0,0,0,0,0,4,1,1,0,0,P1_no_official,P1_no_official|P3_bridge|P5_b2c1_synset,0,先查 Démonette 直接词族与 DBnary 明示近/反义，再人工补第一条正式关系,孔洞
1352,poussette,NOM,C1,0.0614,0,0,0,0,0,5,1,1,0,1,P1_no_official,P1_no_official|P3_bridge|P4_confusable|P5_b2c1_synset,0,先查 Démonette 直接词族与 DBnary 明示近/反义，再人工补第一条正式关系,宝宝推车；宝宝车
1353,profiteur,NOM,C1,0.0614,0,0,0,0,0,3,1,1,3,2,P1_no_official,P1_no_official|P4_confusable|P5_b2c1_synset,0,先查 Démonette 直接词族与 DBnary 明示近/反义，再人工补第一条正式关系,奸商；市侩
1354,préambule,NOM,C1,0.0614,0,0,0,0,0,3,1,1,3,3,P1_no_official,P1_no_official|P4_confusable|P5_b2c1_synset,0,先查 Démonette 直接词族与 DBnary 明示近/反义，再人工补第一条正式关系,序章；开场白
1355,remaniement,NOM,C1,0.0614,0,0,0,0,0,3,1,1,3,0,P1_no_official,P1_no_official|P4_confusable|P5_b2c1_synset,0,先查 Démonette 直接词族与 DBnary 明示近/反义，再人工补第一条正式关系,大修；改组
1356,remplissage,NOM,C1,0.0614,0,0,0,0,0,6,1,1,3,1,P1_no_official,P1_no_official|P3_bridge|P4_confusable|P5_b2c1_synset,0,先查 Démonette 直接词族与 DBnary 明示近/反义，再人工补第一条正式关系,填料
1357,resplendir,VER,C1,0.0614,0,0,0,0,0,2,1,1,2,1,P1_no_official,P1_no_official|P4_confusable|P5_b2c1_synset,0,先查 Démonette 直接词族与 DBnary 明示近/反义，再人工补第一条正式关系,焕发
1358,récidiver,VER,C1,0.0614,0,0,0,0,0,2,1,0,0,0,P1_no_official,P1_no_official|P5_b2c1_synset,0,先查 Démonette 直接词族与 DBnary 明示近/反义，再人工补第一条正式关系,复发
1359,succulence,NOM,C1,0.0614,0,0,0,0,0,2,1,0,1,0,P1_no_official,P1_no_official|P4_confusable|P5_b2c1_synset,0,先查 Démonette 直接词族与 DBnary 明示近/反义，再人工补第一条正式关系,美味
1360,suffixe,NOM,C1,0.0614,0,0,0,0,0,6,1,0,1,1,P1_no_official,P1_no_official|P3_bridge|P4_confusable|P5_b2c1_synset,0,先查 Démonette 直接词族与 DBnary 明示近/反义，再人工补第一条正式关系,后缀；接尾词
1361,sépia,NOM,C1,0.0614,0,0,0,0,0,4,1,0,0,0,P1_no_official,P1_no_official|P3_bridge|P5_b2c1_synset,0,先查 Démonette 直接词族与 DBnary 明示近/反义，再人工补第一条正式关系,棕褐色
1362,séquelle,NOM,C1,0.0614,0,0,0,0,0,6,1,1,2,0,P1_no_official,P1_no_official|P3_bridge|P4_confusable|P5_b2c1_synset,0,先查 Démonette 直接词族与 DBnary 明示近/反义，再人工补第一条正式关系,续作
1363,trachée,NOM,C1,0.0614,0,0,0,0,0,2,1,0,1,2,P1_no_official,P1_no_official|P4_confusable|P5_b2c1_synset,0,先查 Démonette 直接词族与 DBnary 明示近/反义，再人工补第一条正式关系,嗓门；气管
1364,travelling,NOM,C1,0.0614,0,0,0,0,0,2,1,0,0,0,P1_no_official,P1_no_official|P5_b2c1_synset,0,先查 Démonette 直接词族与 DBnary 明示近/反义，再人工补第一条正式关系,
1365,troll,NOM,C1,0.0614,0,0,0,0,0,4,1,0,0,2,P1_no_official,P1_no_official|P3_bridge|P4_confusable|P5_b2c1_synset,0,先查 Démonette 直接词族与 DBnary 明示近/反义，再人工补第一条正式关系,喷子；酸民
1366,tôle,NOM,C1,0.0614,0,0,0,0,0,6,1,0,3,0,P1_no_official,P1_no_official|P3_bridge|P4_confusable|P5_b2c1_synset,0,先查 Démonette 直接词族与 DBnary 明示近/反义，再人工补第一条正式关系,薄板；铁板
1367,ultime,ADJ,C1,0.0614,0,0,0,0,0,1,1,0,2,0,P1_no_official,P1_no_official|P4_confusable|P5_b2c1_synset,0,先查 Démonette 直接词族与 DBnary 明示近/反义，再人工补第一条正式关系,极致；终极
1368,vandale,NOM,C1,0.0614,0,0,0,0,0,6,1,0,2,1,P1_no_official,P1_no_official|P3_bridge|P4_confusable|P5_b2c1_synset,0,先查 Démonette 直接词族与 DBnary 明示近/反义，再人工补第一条正式关系,古惑仔；小混混
1369,verdoyant,ADJ,C1,0.0614,0,0,0,0,0,2,1,2,0,0,P1_no_official,P1_no_official|P5_b2c1_synset,0,先查 Démonette 直接词族与 DBnary 明示近/反义，再人工补第一条正式关系,葱郁；青绿
1370,volley,NOM,C1,0.0614,0,0,0,0,0,3,1,0,1,2,P1_no_official,P1_no_official|P4_confusable|P5_b2c1_synset,0,先查 Démonette 直接词族与 DBnary 明示近/反义，再人工补第一条正式关系,排枪
1371,arrière-grand-père,NOM,C1,0.0613,0,0,0,0,0,1,1,2,0,1,P1_no_official,P1_no_official|P4_confusable|P5_b2c1_synset,0,先查 Démonette 直接词族与 DBnary 明示近/反义，再人工补第一条正式关系,外祖父；太公
1372,acrobatie,NOM,C1,0.0592,0,0,0,0,0,3,1,0,2,1,P1_no_official,P1_no_official|P4_confusable|P5_b2c1_synset,0,先查 Démonette 直接词族与 DBnary 明示近/反义，再人工补第一条正式关系,把戏；杂技
1373,adhérent,ADJ,C1,0.0592,0,0,0,0,0,3,1,1,3,2,P1_no_official,P1_no_official|P4_confusable|P5_b2c1_synset,0,先查 Démonette 直接词族与 DBnary 明示近/反义，再人工补第一条正式关系,会员
1374,affinité,NOM,C1,0.0592,0,0,0,0,0,5,1,1,1,1,P1_no_official,P1_no_official|P3_bridge|P4_confusable|P5_b2c1_synset,0,先查 Démonette 直接词族与 DBnary 明示近/反义，再人工补第一条正式关系,亲和力；相似性
1375,aimant,NOM,C1,0.0592,0,0,0,0,0,3,1,1,2,1,P1_no_official,P1_no_official|P4_confusable|P5_b2c1_synset,0,先查 Démonette 直接词族与 DBnary 明示近/反义，再人工补第一条正式关系,磁钉；磁铁
1376,athéisme,NOM,C1,0.0592,0,0,0,0,0,0,0,0,1,3,P1_no_official,P1_no_official|P4_confusable,0,先查 Démonette 直接词族与 DBnary 明示近/反义，再人工补第一条正式关系,无神
1377,bobine,NOM,C1,0.0592,0,0,0,0,0,8,1,0,2,0,P1_no_official,P1_no_official|P3_bridge|P4_confusable|P5_b2c1_synset,0,先查 Démonette 直接词族与 DBnary 明示近/反义，再人工补第一条正式关系,卷轴；线圈
1378,cafard,NOM,C1,0.0592,0,0,0,0,0,4,1,0,0,1,P1_no_official,P1_no_official|P3_bridge|P4_confusable|P5_b2c1_synset,0,先查 Démonette 直接词族与 DBnary 明示近/反义，再人工补第一条正式关系,曱甴；蟑蜋
1379,carapace,NOM,C1,0.0592,0,0,0,0,0,4,1,0,1,0,P1_no_official,P1_no_official|P3_bridge|P4_confusable|P5_b2c1_synset,0,先查 Démonette 直接词族与 DBnary 明示近/反义，再人工补第一条正式关系,介壳；外壳
1380,chameau,NOM,C1,0.0592,0,0,0,0,0,7,1,0,2,2,P1_no_official,P1_no_official|P3_bridge|P4_confusable|P5_b2c1_synset,0,先查 Démonette 直接词族与 DBnary 明示近/反义，再人工补第一条正式关系,骆驼
1381,clairon,NOM,C1,0.0592,0,0,0,0,0,6,1,1,2,2,P1_no_official,P1_no_official|P3_bridge|P4_confusable|P5_b2c1_synset,0,先查 Démonette 直接词族与 DBnary 明示近/反义，再人工补第一条正式关系,号角
1382,consternation,NOM,C1,0.0592,0,0,0,0,0,1,1,0,0,0,P1_no_official,P1_no_official|P5_b2c1_synset,0,先查 Démonette 直接词族与 DBnary 明示近/反义，再人工补第一条正式关系,惊愕
1383,cordialement,ADV,C1,0.0592,0,0,0,0,0,2,1,1,3,2,P1_no_official,P1_no_official|P4_confusable|P5_b2c1_synset,0,先查 Démonette 直接词族与 DBnary 明示近/反义，再人工补第一条正式关系,恳切；敬祝
1384,costaud,ADJ,C1,0.0592,0,0,0,0,0,5,1,0,0,0,P1_no_official,P1_no_official|P3_bridge|P5_b2c1_synset,0,先查 Démonette 直接词族与 DBnary 明示近/反义，再人工补第一条正式关系,强壮；粗壮
1385,duperie,NOM,C1,0.0592,0,0,0,0,0,1,1,0,1,1,P1_no_official,P1_no_official|P4_confusable|P5_b2c1_synset,0,先查 Démonette 直接词族与 DBnary 明示近/反义，再人工补第一条正式关系,虚谎；骗术
1386,décideur,NOM,C1,0.0592,0,0,0,0,0,1,1,1,3,3,P1_no_official,P1_no_official|P4_confusable|P5_b2c1_synset,0,先查 Démonette 直接词族与 DBnary 明示近/反义，再人工补第一条正式关系,决策者
1387,enfilade,NOM,C1,0.0592,0,0,0,0,0,6,1,1,1,1,P1_no_official,P1_no_official|P3_bridge|P4_confusable|P5_b2c1_synset,0,先查 Démonette 直接词族与 DBnary 明示近/反义，再人工补第一条正式关系,
1388,exposant,NOM,C1,0.0592,0,0,0,0,0,4,1,1,2,2,P1_no_official,P1_no_official|P3_bridge|P4_confusable|P5_b2c1_synset,0,先查 Démonette 直接词族与 DBnary 明示近/反义，再人工补第一条正式关系,幂
1389,gratte-ciel,NOM,C1,0.0592,0,0,0,0,0,1,1,1,1,2,P1_no_official,P1_no_official|P4_confusable|P5_b2c1_synset,0,先查 Démonette 直接词族与 DBnary 明示近/反义，再人工补第一条正式关系,高层建筑；高楼
1390,homard,NOM,C1,0.0592,0,0,0,0,0,4,1,0,1,2,P1_no_official,P1_no_official|P3_bridge|P4_confusable|P5_b2c1_synset,0,先查 Démonette 直接词族与 DBnary 明示近/反义，再人工补第一条正式关系,龙虾
1391,indigence,NOM,C1,0.0592,0,0,0,0,0,3,1,1,3,1,P1_no_official,P1_no_official|P4_confusable|P5_b2c1_synset,0,先查 Démonette 直接词族与 DBnary 明示近/反义，再人工补第一条正式关系,穷苦
1392,inlassablement,ADV,C1,0.0592,0,0,0,0,0,1,1,1,1,1,P1_no_official,P1_no_official|P4_confusable|P5_b2c1_synset,0,先查 Démonette 直接词族与 DBnary 明示近/反义，再人工补第一条正式关系,坚持不懈
1393,kilogramme,NOM,C1,0.0592,0,0,0,0,0,1,1,0,2,1,P1_no_official,P1_no_official|P4_confusable|P5_b2c1_synset,0,先查 Démonette 直接词族与 DBnary 明示近/反义，再人工补第一条正式关系,公斤；千克
1394,luzerne,NOM,C1,0.0592,0,0,0,0,0,2,1,0,0,1,P1_no_official,P1_no_official|P4_confusable|P5_b2c1_synset,0,先查 Démonette 直接词族与 DBnary 明示近/反义，再人工补第一条正式关系,苜
1395,micro-onde,NOM,C1,0.0592,0,0,0,0,0,2,1,1,3,2,P1_no_official,P1_no_official|P4_confusable|P5_b2c1_synset,0,先查 Démonette 直接词族与 DBnary 明示近/反义，再人工补第一条正式关系,微波
1396,mécontent,NOM,C1,0.0592,0,0,0,0,0,2,1,1,2,2,P1_no_official,P1_no_official|P4_confusable|P5_b2c1_synset,0,先查 Démonette 直接词族与 DBnary 明示近/反义，再人工补第一条正式关系,不满
1397,perdant,ADJ,C1,0.0592,0,0,0,0,0,1,1,1,0,0,P1_no_official,P1_no_official|P5_b2c1_synset,0,先查 Démonette 直接词族与 DBnary 明示近/反义，再人工补第一条正式关系,吊丝；失败者
1398,perroquet,NOM,C1,0.0592,0,0,0,0,0,10,1,1,0,0,P1_no_official,P1_no_official|P3_bridge|P5_b2c1_synset,0,先查 Démonette 直接词族与 DBnary 明示近/反义，再人工补第一条正式关系,鹦鹉
1399,propagande,NOM,C1,0.0592,0,0,0,0,0,4,1,1,1,1,P1_no_official,P1_no_official|P3_bridge|P4_confusable|P5_b2c1_synset,0,先查 Démonette 直接词族与 DBnary 明示近/反义，再人工补第一条正式关系,宣传；文宣
1400,préalablement,ADV,C1,0.0592,0,0,0,0,0,1,1,1,2,2,P1_no_official,P1_no_official|P4_confusable|P5_b2c1_synset,0,先查 Démonette 直接词族与 DBnary 明示近/反义，再人工补第一条正式关系,预先
1401,prétentieux,NOM,C1,0.0592,0,0,0,0,0,1,1,1,2,1,P1_no_official,P1_no_official|P4_confusable|P5_b2c1_synset,0,先查 Démonette 直接词族与 DBnary 明示近/反义，再人工补第一条正式关系,大剌剌；头脑发胀
1402,radin,ADJ,C1,0.0592,0,0,0,0,0,1,1,0,2,3,P1_no_official,P1_no_official|P4_confusable|P5_b2c1_synset,0,先查 Démonette 直接词族与 DBnary 明示近/反义，再人工补第一条正式关系,悭吝；手紧
1403,rageur,ADJ,C1,0.0592,0,0,0,0,0,2,1,1,2,3,P1_no_official,P1_no_official|P4_confusable|P5_b2c1_synset,0,先查 Démonette 直接词族与 DBnary 明示近/反义，再人工补第一条正式关系,怫
1404,rectangle,NOM,C1,0.0592,0,0,0,0,0,1,1,0,0,1,P1_no_official,P1_no_official|P4_confusable|P5_b2c1_synset,0,先查 Démonette 直接词族与 DBnary 明示近/反义，再人工补第一条正式关系,方块；矩形
1405,sanitaire,NOM,C1,0.0592,0,0,0,0,0,1,1,1,1,1,P1_no_official,P1_no_official|P4_confusable|P5_b2c1_synset,0,先查 Démonette 直接词族与 DBnary 明示近/反义，再人工补第一条正式关系,保健；卫浴
1406,saupoudrer,VER,C1,0.0592,0,0,0,0,0,3,1,0,0,2,P1_no_official,P1_no_official|P4_confusable|P5_b2c1_synset,0,先查 Démonette 直接词族与 DBnary 明示近/反义，再人工补第一条正式关系,挥洒；散落
1407,spiritualité,NOM,C1,0.0592,0,0,0,0,0,3,1,1,1,1,P1_no_official,P1_no_official|P4_confusable|P5_b2c1_synset,0,先查 Démonette 直接词族与 DBnary 明示近/反义，再人工补第一条正式关系,灵性
1408,spécifier,VER,C1,0.0592,0,0,0,0,0,1,1,0,3,3,P1_no_official,P1_no_official|P4_confusable|P5_b2c1_synset,0,先查 Démonette 直接词族与 DBnary 明示近/反义，再人工补第一条正式关系,规范；载明
1409,trapu,ADJ,C1,0.0592,0,0,0,0,0,1,1,0,0,1,P1_no_official,P1_no_official|P4_confusable|P5_b2c1_synset,0,先查 Démonette 直接词族与 DBnary 明示近/反义，再人工补第一条正式关系,厚重
1410,ultrason,NOM,C1,0.0592,0,0,0,0,0,1,1,1,0,0,P1_no_official,P1_no_official|P5_b2c1_synset,0,先查 Démonette 直接词族与 DBnary 明示近/反义，再人工补第一条正式关系,超声；超声波
1411,urbanisation,NOM,C1,0.0592,0,0,0,0,0,2,1,1,3,2,P1_no_official,P1_no_official|P4_confusable|P5_b2c1_synset,0,先查 Démonette 直接词族与 DBnary 明示近/反义，再人工补第一条正式关系,城市化；城镇化
1412,urbaniste,NOM,C1,0.0592,0,0,0,0,0,2,1,1,3,2,P1_no_official,P1_no_official|P4_confusable|P5_b2c1_synset,0,先查 Démonette 直接词族与 DBnary 明示近/反义，再人工补第一条正式关系,城市规划师
1413,éclabousser,VER,C1,0.0592,0,0,0,0,0,7,1,0,0,0,P1_no_official,P1_no_official|P3_bridge|P5_b2c1_synset,0,先查 Démonette 直接词族与 DBnary 明示近/反义，再人工补第一条正式关系,横飞；飞溅
1414,auxiliaire,NOM,C1,0.0558,0,0,0,0,0,5,1,0,0,1,P1_no_official,P1_no_official|P3_bridge|P4_confusable|P5_b2c1_synset,0,先查 Démonette 直接词族与 DBnary 明示近/反义，再人工补第一条正式关系,辅助
1415,chef-d'oeuvre,NOM,C1,0.0558,0,0,0,0,0,0,0,1,3,1,P1_no_official,P1_no_official|P4_confusable,0,先查 Démonette 直接词族与 DBnary 明示近/反义，再人工补第一条正式关系,名作；名着
1416,convalescence,NOM,C1,0.0558,0,0,0,0,0,3,1,0,1,0,P1_no_official,P1_no_official|P4_confusable|P5_b2c1_synset,0,先查 Démonette 直接词族与 DBnary 明示近/反义，再人工补第一条正式关系,康复；疗养
1417,corsage,NOM,C1,0.0558,0,0,0,0,0,2,1,1,0,0,P1_no_official,P1_no_official|P5_b2c1_synset,0,先查 Démonette 直接词族与 DBnary 明示近/反义，再人工补第一条正式关系,胸花
1418,deuil,NOM,C1,0.0558,0,0,0,0,0,7,1,0,3,3,P1_no_official,P1_no_official|P3_bridge|P4_confusable|P5_b2c1_synset,0,先查 Démonette 直接词族与 DBnary 明示近/反义，再人工补第一条正式关系,丧；孝
1419,ensorceler,VER,C1,0.0558,0,0,0,0,0,3,1,1,2,2,P1_no_official,P1_no_official|P4_confusable|P5_b2c1_synset,0,先查 Démonette 直接词族与 DBnary 明示近/反义，再人工补第一条正式关系,媚惑
1420,harpon,NOM,C1,0.0558,0,0,0,0,0,2,1,0,0,1,P1_no_official,P1_no_official|P4_confusable|P5_b2c1_synset,0,先查 Démonette 直接词族与 DBnary 明示近/反义，再人工补第一条正式关系,銛；鏦
1421,mondialement,ADV,C1,0.0558,0,0,0,0,0,1,1,1,3,2,P1_no_official,P1_no_official|P4_confusable|P5_b2c1_synset,0,先查 Démonette 直接词族与 DBnary 明示近/反义，再人工补第一条正式关系,世界上；举世
1422,once,NOM,C1,0.0558,0,0,0,0,0,8,1,0,3,0,P1_no_official,P1_no_official|P3_bridge|P4_confusable|P5_b2c1_synset,0,先查 Démonette 直接词族与 DBnary 明示近/反义，再人工补第一条正式关系,盎司
1423,pointilleux,ADJ,C1,0.0558,0,0,0,0,0,1,1,2,0,0,P1_no_official,P1_no_official|P5_b2c1_synset,0,先查 Démonette 直接词族与 DBnary 明示近/反义，再人工补第一条正式关系,迂
1424,rémission,NOM,C1,0.0558,0,0,0,0,0,6,1,1,3,3,P1_no_official,P1_no_official|P3_bridge|P4_confusable|P5_b2c1_synset,0,先查 Démonette 直接词族与 DBnary 明示近/反义，再人工补第一条正式关系,宽恕；缓和
1425,sabre,NOM,C1,0.0558,0,0,0,0,0,7,1,0,2,0,P1_no_official,P1_no_official|P3_bridge|P4_confusable|P5_b2c1_synset,0,先查 Démonette 直接词族与 DBnary 明示近/反义，再人工补第一条正式关系,佩剑；军刀
1426,tricher,VER,C1,0.0558,0,0,0,0,0,5,1,0,1,1,P1_no_official,P1_no_official|P3_bridge|P4_confusable|P5_b2c1_synset,0,先查 Démonette 直接词族与 DBnary 明示近/反义，再人工补第一条正式关系,坑蒙；坑蒙拐骗
1427,trousse,NOM,C1,0.0558,0,0,0,0,0,7,1,1,1,1,P1_no_official,P1_no_official|P3_bridge|P4_confusable|P5_b2c1_synset,0,先查 Démonette 直接词族与 DBnary 明示近/反义，再人工补第一条正式关系,工具包
1428,tzigane,ADJ,C1,0.0558,0,0,0,0,0,1,1,0,2,2,P1_no_official,P1_no_official|P4_confusable|P5_b2c1_synset,0,先查 Démonette 直接词族与 DBnary 明示近/反义，再人工补第一条正式关系,茨冈
1429,cornique,ADJ,C1,0.0557,0,0,0,0,0,1,1,0,1,2,P1_no_official,P1_no_official|P4_confusable|P5_b2c1_synset,0,先查 Démonette 直接词族与 DBnary 明示近/反义，再人工补第一条正式关系,康瓦尔语
1430,basket-ball,NOM,C1,0.0553,0,0,0,0,0,1,1,0,2,1,P1_no_official,P1_no_official|P4_confusable|P5_b2c1_synset,0,先查 Démonette 直接词族与 DBnary 明示近/反义，再人工补第一条正式关系,篮球
1431,cocher,VER,C1,0.0553,0,0,0,0,0,3,1,0,3,3,P1_no_official,P1_no_official|P4_confusable|P5_b2c1_synset,0,先查 Démonette 直接词族与 DBnary 明示近/反义，再人工补第一条正式关系,打钩；车夫
1432,baluchon,NOM,C1,0.0544,0,0,0,0,0,0,0,1,0,0,P1_no_official,P1_no_official,0,先查 Démonette 直接词族与 DBnary 明示近/反义，再人工补第一条正式关系,包袱
1433,bouddhiste,ADJ,C1,0.0544,0,0,0,0,0,1,1,1,1,2,P1_no_official,P1_no_official|P4_confusable|P5_b2c1_synset,0,先查 Démonette 直接词族与 DBnary 明示近/反义，再人工补第一条正式关系,佛家
1434,commanderie,NOM,C1,0.0544,0,0,0,0,0,4,1,1,3,1,P1_no_official,P1_no_official|P3_bridge|P4_confusable|P5_b2c1_synset,0,先查 Démonette 直接词族与 DBnary 明示近/反义，再人工补第一条正式关系,郡
1435,convoyer,VER,C1,0.0544,0,0,0,0,0,2,1,0,3,2,P1_no_official,P1_no_official|P4_confusable|P5_b2c1_synset,0,先查 Démonette 直接词族与 DBnary 明示近/反义，再人工补第一条正式关系,护航；护送
1436,céramique,ADJ,C1,0.0544,0,0,0,0,0,1,1,0,2,1,P1_no_official,P1_no_official|P4_confusable|P5_b2c1_synset,0,先查 Démonette 直接词族与 DBnary 明示近/反义，再人工补第一条正式关系,陶瓷
1437,gobelet,NOM,C1,0.0544,0,0,0,0,0,7,1,0,0,1,P1_no_official,P1_no_official|P3_bridge|P4_confusable|P5_b2c1_synset,0,先查 Démonette 直接词族与 DBnary 明示近/反义，再人工补第一条正式关系,墫；壿
1438,illumination,NOM,C1,0.0544,0,0,0,0,0,6,1,1,1,0,P1_no_official,P1_no_official|P3_bridge|P4_confusable|P5_b2c1_synset,0,先查 Démonette 直接词族与 DBnary 明示近/反义，再人工补第一条正式关系,光照；光线
1439,inlassable,ADJ,C1,0.0544,0,0,0,0,0,1,1,1,1,1,P1_no_official,P1_no_official|P4_confusable|P5_b2c1_synset,0,先查 Démonette 直接词族与 DBnary 明示近/反义，再人工补第一条正式关系,不懈
1440,jeté,ADJ,C1,0.0544,0,0,0,0,0,2,1,1,3,3,P1_no_official,P1_no_official|P4_confusable|P5_b2c1_synset,0,先查 Démonette 直接词族与 DBnary 明示近/反义，再人工补第一条正式关系,抛下；花边
1441,jouxter,VER,C1,0.0544,0,0,0,0,0,1,1,0,0,0,P1_no_official,P1_no_official|P5_b2c1_synset,0,先查 Démonette 直接词族与 DBnary 明示近/反义，再人工补第一条正式关系,挨
1442,long,ADV,C1,0.0544,0,0,0,0,0,2,1,7,2,2,P1_no_official,P1_no_official|P4_confusable|P5_b2c1_synset,0,先查 Démonette 直接词族与 DBnary 明示近/反义，再人工补第一条正式关系,冗长；悠久
1443,maisonnette,NOM,C1,0.0544,0,0,0,0,0,1,1,1,2,1,P1_no_official,P1_no_official|P4_confusable|P5_b2c1_synset,0,先查 Démonette 直接词族与 DBnary 明示近/反义，再人工补第一条正式关系,寮
1444,malle-poste,NOM,C1,0.0544,0,0,0,0,0,1,1,0,0,1,P1_no_official,P1_no_official|P4_confusable|P5_b2c1_synset,0,先查 Démonette 直接词族与 DBnary 明示近/反义，再人工补第一条正式关系,邮车
1445,mendier,VER,C1,0.0544,0,0,0,0,0,3,1,1,3,3,P1_no_official,P1_no_official|P4_confusable|P5_b2c1_synset,0,先查 Démonette 直接词族与 DBnary 明示近/反义，再人工补第一条正式关系,乞求；乞讨
1446,mixer,VER,C1,0.0544,0,0,0,0,0,3,1,0,0,0,P1_no_official,P1_no_official|P5_b2c1_synset,0,先查 Démonette 直接词族与 DBnary 明示近/反义，再人工补第一条正式关系,掺杂；搀合
1447,momie,NOM,C1,0.0544,0,0,0,0,0,9,1,0,1,2,P1_no_official,P1_no_official|P3_bridge|P4_confusable|P5_b2c1_synset,0,先查 Démonette 直接词族与 DBnary 明示近/反义，再人工补第一条正式关系,木乃伊
1448,neuvième,NOM,C1,0.0544,0,0,0,0,0,3,1,2,1,1,P1_no_official,P1_no_official|P4_confusable|P5_b2c1_synset,0,先查 Démonette 直接词族与 DBnary 明示近/反义，再人工补第一条正式关系,第九
1449,nicotine,NOM,C1,0.0544,0,0,0,0,0,2,1,0,0,0,P1_no_official,P1_no_official|P5_b2c1_synset,0,先查 Démonette 直接词族与 DBnary 明示近/反义，再人工补第一条正式关系,烟碱
1450,philatéliste,NOM,C1,0.0544,0,0,0,0,0,1,1,0,0,0,P1_no_official,P1_no_official|P5_b2c1_synset,0,先查 Démonette 直接词族与 DBnary 明示近/反义，再人工补第一条正式关系,邮迷
1451,piment,NOM,C1,0.0544,0,0,0,0,0,5,1,0,0,0,P1_no_official,P1_no_official|P3_bridge|P5_b2c1_synset,0,先查 Démonette 直接词族与 DBnary 明示近/反义，再人工补第一条正式关系,海椒；辣椒
1452,pur-sang,NOM,C1,0.0544,0,0,0,0,0,2,1,1,0,0,P1_no_official,P1_no_official|P5_b2c1_synset,0,先查 Démonette 直接词族与 DBnary 明示近/反义，再人工补第一条正式关系,骥
1453,rabat-joie,ADJ,C1,0.0544,0,0,0,0,0,1,1,1,3,0,P1_no_official,P1_no_official|P4_confusable|P5_b2c1_synset,0,先查 Démonette 直接词族与 DBnary 明示近/反义，再人工补第一条正式关系,杀风景
1454,raideur,NOM,C1,0.0544,0,0,0,0,0,6,1,0,3,0,P1_no_official,P1_no_official|P3_bridge|P4_confusable|P5_b2c1_synset,0,先查 Démonette 直接词族与 DBnary 明示近/反义，再人工补第一条正式关系,弹性系数
1455,rebord,NOM,C1,0.0544,0,0,0,0,0,4,1,1,2,1,P1_no_official,P1_no_official|P3_bridge|P4_confusable|P5_b2c1_synset,0,先查 Démonette 直接词族与 DBnary 明示近/反义，再人工补第一条正式关系,边框
1456,réciproque,NOM,C1,0.0544,0,0,0,0,0,3,1,0,2,2,P1_no_official,P1_no_official|P4_confusable|P5_b2c1_synset,0,先查 Démonette 直接词族与 DBnary 明示近/反义，再人工补第一条正式关系,互相；相互
1457,référendum,NOM,C1,0.0544,0,0,0,0,0,1,1,0,0,0,P1_no_official,P1_no_official|P5_b2c1_synset,0,先查 Démonette 直接词族与 DBnary 明示近/反义，再人工补第一条正式关系,公投
1458,somnolence,NOM,C1,0.0544,0,0,0,0,0,0,0,0,0,0,P1_no_official,P1_no_official,0,先查 Démonette 直接词族与 DBnary 明示近/反义，再人工补第一条正式关系,懒洋洋；睡意
1459,sus,ADV,C1,0.0544,0,0,0,0,0,2,1,2,1,3,P1_no_official,P1_no_official|P4_confusable|P5_b2c1_synset,0,先查 Démonette 直接词族与 DBnary 明示近/反义，再人工补第一条正式关系,母猪
1460,tubercule,NOM,C1,0.0544,0,0,0,0,0,7,1,1,2,1,P1_no_official,P1_no_official|P3_bridge|P4_confusable|P5_b2c1_synset,0,先查 Démonette 直接词族与 DBnary 明示近/反义，再人工补第一条正式关系,苓
1461,vertébré,NOM,C1,0.0544,0,0,0,0,0,1,1,1,1,0,P1_no_official,P1_no_official|P4_confusable|P5_b2c1_synset,0,先查 Démonette 直接词族与 DBnary 明示近/反义，再人工补第一条正式关系,脊椎动物
1462,yack,NOM,C1,0.0544,0,0,0,0,0,1,1,0,1,3,P1_no_official,P1_no_official|P4_confusable|P5_b2c1_synset,0,先查 Démonette 直接词族与 DBnary 明示近/反义，再人工补第一条正式关系,牦牛
1463,chaud,NOM,C1,0.0515,0,0,0,0,0,4,1,5,2,2,P1_no_official,P1_no_official|P3_bridge|P4_confusable|P5_b2c1_synset,0,先查 Démonette 直接词族与 DBnary 明示近/反义，再人工补第一条正式关系,火辣；热乎
1464,jaunir,VER,C1,0.0515,0,0,0,0,0,3,1,1,1,1,P1_no_official,P1_no_official|P4_confusable|P5_b2c1_synset,0,先查 Démonette 直接词族与 DBnary 明示近/反义，再人工补第一条正式关系,发黄
1465,mourant,NOM,C1,0.0515,0,0,0,0,0,1,1,1,3,2,P1_no_official,P1_no_official|P4_confusable|P5_b2c1_synset,0,先查 Démonette 直接词族与 DBnary 明示近/反义，再人工补第一条正式关系,不行了；临死
1466,troisièmement,ADV,C1,0.0515,0,0,0,0,0,1,1,1,1,1,P1_no_official,P1_no_official|P4_confusable|P5_b2c1_synset,0,先查 Démonette 直接词族与 DBnary 明示近/反义，再人工补第一条正式关系,其三；第三
1467,arrière-plan,NOM,C1,0.0514,0,0,0,0,0,4,1,2,2,2,P1_no_official,P1_no_official|P3_bridge|P4_confusable|P5_b2c1_synset,0,先查 Démonette 直接词族与 DBnary 明示近/反义，再人工补第一条正式关系,背景
1468,autographe,NOM,C1,0.0514,0,0,0,0,0,2,1,0,3,3,P1_no_official,P1_no_official|P4_confusable|P5_b2c1_synset,0,先查 Démonette 直接词族与 DBnary 明示近/反义，再人工补第一条正式关系,亲笔；签名
1469,cartel,NOM,C1,0.0514,0,0,0,0,0,0,0,0,3,3,P1_no_official,P1_no_official|P4_confusable,0,先查 Démonette 直接词族与 DBnary 明示近/反义，再人工补第一条正式关系,企业集团
1470,chaudron,NOM,C1,0.0514,0,0,0,0,0,9,1,1,2,0,P1_no_official,P1_no_official|P3_bridge|P4_confusable|P5_b2c1_synset,0,先查 Démonette 直接词族与 DBnary 明示近/反义，再人工补第一条正式关系,釜；錡
1471,cocorico,NOM,C1,0.0514,0,0,0,0,0,2,1,0,1,2,P1_no_official,P1_no_official|P4_confusable|P5_b2c1_synset,0,先查 Démonette 直接词族与 DBnary 明示近/反义，再人工补第一条正式关系,噢噢噢
1472,concision,NOM,C1,0.0514,0,0,0,0,0,1,1,1,2,2,P1_no_official,P1_no_official|P4_confusable|P5_b2c1_synset,0,先查 Démonette 直接词族与 DBnary 明示近/反义，再人工补第一条正式关系,简明
1473,différend,NOM,C1,0.0514,0,0,0,0,0,2,1,1,2,3,P1_no_official,P1_no_official|P4_confusable|P5_b2c1_synset,0,先查 Démonette 直接词族与 DBnary 明示近/反义，再人工补第一条正式关系,不和；争端
1474,escalator,NOM,C1,0.0514,0,0,0,0,0,1,1,1,3,2,P1_no_official,P1_no_official|P4_confusable|P5_b2c1_synset,0,先查 Démonette 直接词族与 DBnary 明示近/反义，再人工补第一条正式关系,电梯
1475,espacer,VER,C1,0.0514,0,0,0,0,0,3,1,1,1,3,P1_no_official,P1_no_official|P4_confusable|P5_b2c1_synset,0,先查 Démonette 直接词族与 DBnary 明示近/反义，再人工补第一条正式关系,拉开
1476,fondant,NOM,C1,0.0514,0,0,0,0,0,6,1,1,3,2,P1_no_official,P1_no_official|P3_bridge|P4_confusable|P5_b2c1_synset,0,先查 Démonette 直接词族与 DBnary 明示近/反义，再人工补第一条正式关系,翻糖
1477,frayeur,NOM,C1,0.0514,0,0,0,0,0,1,1,0,1,2,P1_no_official,P1_no_official|P4_confusable|P5_b2c1_synset,0,先查 Démonette 直接词族与 DBnary 明示近/反义，再人工补第一条正式关系,惊惧
1478,fringant,ADJ,C1,0.0514,0,0,0,0,0,2,1,0,1,1,P1_no_official,P1_no_official|P4_confusable|P5_b2c1_synset,0,先查 Démonette 直接词族与 DBnary 明示近/反义，再人工补第一条正式关系,帅气
1479,gourou,NOM,C1,0.0514,0,0,0,0,0,4,1,0,0,2,P1_no_official,P1_no_official|P3_bridge|P4_confusable|P5_b2c1_synset,0,先查 Démonette 直接词族与 DBnary 明示近/反义，再人工补第一条正式关系,古鲁；教主
1480,habillement,NOM,C1,0.0514,0,0,0,0,0,4,1,1,2,2,P1_no_official,P1_no_official|P3_bridge|P4_confusable|P5_b2c1_synset,0,先查 Démonette 直接词族与 DBnary 明示近/反义，再人工补第一条正式关系,服装；穿衣
1481,hydraulique,NOM,C1,0.0514,0,0,0,0,0,1,1,0,1,2,P1_no_official,P1_no_official|P4_confusable|P5_b2c1_synset,0,先查 Démonette 直接词族与 DBnary 明示近/反义，再人工补第一条正式关系,液力
1482,indiscipliné,ADJ,C1,0.0514,0,0,0,0,0,1,1,1,3,3,P1_no_official,P1_no_official|P4_confusable|P5_b2c1_synset,0,先查 Démonette 直接词族与 DBnary 明示近/反义，再人工补第一条正式关系,散漫；纵放
1483,milice,NOM,C1,0.0514,0,0,0,0,0,6,1,0,1,2,P1_no_official,P1_no_official|P3_bridge|P4_confusable|P5_b2c1_synset,0,先查 Démonette 直接词族与 DBnary 明示近/反义，再人工补第一条正式关系,民兵
1484,millionnaire,NOM,C1,0.0514,0,0,0,0,0,2,1,0,2,0,P1_no_official,P1_no_official|P4_confusable|P5_b2c1_synset,0,先查 Démonette 直接词族与 DBnary 明示近/反义，再人工补第一条正式关系,万贯
1485,mont-de-piété,NOM,C1,0.0514,0,0,0,0,0,2,1,1,0,0,P1_no_official,P1_no_official|P5_b2c1_synset,0,先查 Démonette 直接词族与 DBnary 明示近/反义，再人工补第一条正式关系,当铺
1486,mugir,VER,C1,0.0514,0,0,0,0,0,6,1,0,1,0,P1_no_official,P1_no_official|P3_bridge|P4_confusable|P5_b2c1_synset,0,先查 Démonette 直接词族与 DBnary 明示近/反义，再人工补第一条正式关系,咆哮
1487,nationalisme,NOM,C1,0.0514,0,0,0,0,0,1,1,1,2,3,P1_no_official,P1_no_official|P4_confusable|P5_b2c1_synset,0,先查 Démonette 直接词族与 DBnary 明示近/反义，再人工补第一条正式关系,民族主义
1488,obstinément,ADV,C1,0.0514,0,0,0,0,0,1,1,1,3,2,P1_no_official,P1_no_official|P4_confusable|P5_b2c1_synset,0,先查 Démonette 直接词族与 DBnary 明示近/反义，再人工补第一条正式关系,硬是
1489,paparazzi,NOM,C1,0.0514,0,0,0,0,0,1,1,0,1,0,P1_no_official,P1_no_official|P4_confusable|P5_b2c1_synset,0,先查 Démonette 直接词族与 DBnary 明示近/反义，再人工补第一条正式关系,狗仔
1490,psalmodier,VER,C1,0.0514,0,0,0,0,0,4,1,0,0,0,P1_no_official,P1_no_official|P3_bridge|P5_b2c1_synset,0,先查 Démonette 直接词族与 DBnary 明示近/反义，再人工补第一条正式关系,吟唱
1491,renommé,ADJ,C1,0.0514,0,0,0,0,0,1,1,1,3,3,P1_no_official,P1_no_official|P4_confusable|P5_b2c1_synset,0,先查 Démonette 直接词族与 DBnary 明示近/反义，再人工补第一条正式关系,大名鼎鼎；有名
1492,rhumatisme,NOM,C1,0.0514,0,0,0,0,0,1,1,0,2,1,P1_no_official,P1_no_official|P4_confusable|P5_b2c1_synset,0,先查 Démonette 直接词族与 DBnary 明示近/反义，再人工补第一条正式关系,风湿；风湿病
1493,sanguinaire,ADJ,C1,0.0514,0,0,0,0,0,2,1,1,1,1,P1_no_official,P1_no_official|P4_confusable|P5_b2c1_synset,0,先查 Démonette 直接词族与 DBnary 明示近/反义，再人工补第一条正式关系,血腥
1494,satiété,NOM,C1,0.0514,0,0,0,0,0,3,1,0,0,2,P1_no_official,P1_no_official|P4_confusable|P5_b2c1_synset,0,先查 Démonette 直接词族与 DBnary 明示近/反义，再人工补第一条正式关系,餍
1495,stoïcisme,NOM,C1,0.0514,0,0,0,0,0,2,1,0,1,1,P1_no_official,P1_no_official|P4_confusable|P5_b2c1_synset,0,先查 Démonette 直接词族与 DBnary 明示近/反义，再人工补第一条正式关系,斯多葛主义
1496,supplique,NOM,C1,0.0514,0,0,0,0,0,2,1,1,3,3,P1_no_official,P1_no_official|P4_confusable|P5_b2c1_synset,0,先查 Démonette 直接词族与 DBnary 明示近/反义，再人工补第一条正式关系,申请书
1497,tapoter,VER,C1,0.0514,0,0,0,0,0,2,1,1,2,1,P1_no_official,P1_no_official|P4_confusable|P5_b2c1_synset,0,先查 Démonette 直接词族与 DBnary 明示近/反义，再人工补第一条正式关系,拍打；点触
1498,thalassothérapie,NOM,C1,0.0514,0,0,0,0,0,1,1,0,1,1,P1_no_official,P1_no_official|P4_confusable|P5_b2c1_synset,0,先查 Démonette 直接词族与 DBnary 明示近/反义，再人工补第一条正式关系,海水浴疗
1499,tombola,NOM,C1,0.0514,0,0,0,0,0,1,1,0,0,0,P1_no_official,P1_no_official|P5_b2c1_synset,0,先查 Démonette 直接词族与 DBnary 明示近/反义，再人工补第一条正式关系,摸彩
1500,trombe,NOM,C1,0.0514,0,0,0,0,0,5,1,0,2,1,P1_no_official,P1_no_official|P3_bridge|P4_confusable|P5_b2c1_synset,0,先查 Démonette 直接词族与 DBnary 明示近/反义，再人工补第一条正式关系,飚
1501,tronçon,NOM,C1,0.0514,0,0,0,0,0,3,1,1,1,1,P1_no_official,P1_no_official|P4_confusable|P5_b2c1_synset,0,先查 Démonette 直接词族与 DBnary 明示近/反义，再人工补第一条正式关系,段
1502,volontariat,NOM,C1,0.0514,0,0,0,0,0,4,1,1,1,1,P1_no_official,P1_no_official|P3_bridge|P4_confusable|P5_b2c1_synset,0,先查 Démonette 直接词族与 DBnary 明示近/反义，再人工补第一条正式关系,志愿服务
1503,égorger,VER,C1,0.0514,0,0,0,0,0,3,1,1,2,2,P1_no_official,P1_no_official|P4_confusable|P5_b2c1_synset,0,先查 Démonette 直接词族与 DBnary 明示近/反义，再人工补第一条正式关系,刎
1504,équivoque,NOM,C1,0.0514,0,0,0,0,0,2,1,0,0,3,P1_no_official,P1_no_official|P4_confusable|P5_b2c1_synset,0,先查 Démonette 直接词族与 DBnary 明示近/反义，再人工补第一条正式关系,含糊；多义
1505,arrêté,ADJ,C1,0.051,0,0,0,0,0,3,1,1,3,2,P1_no_official,P1_no_official|P4_confusable|P5_b2c1_synset,0,先查 Démonette 直接词族与 DBnary 明示近/反义，再人工补第一条正式关系,附则
1506,infatigable,ADJ,C1,0.051,0,0,0,0,0,2,1,1,1,1,P1_no_official,P1_no_official|P4_confusable|P5_b2c1_synset,0,先查 Démonette 直接词族与 DBnary 明示近/反义，再人工补第一条正式关系,不懈
1507,lapidaire,ADJ,C2,0.0456,0,0,0,0,0,6,1,0,0,0,P1_no_official,P1_no_official|P3_bridge|P5_b2c1_synset,0,先查 Démonette 直接词族与 DBnary 明示近/反义，再人工补第一条正式关系,
1508,essaimer,VER,C2,0.0433,0,0,0,0,0,5,1,0,2,0,P1_no_official,P1_no_official|P3_bridge|P4_confusable|P5_b2c1_synset,0,先查 Démonette 直接词族与 DBnary 明示近/反义，再人工补第一条正式关系,翃
1509,intrus,NOM,C2,0.0401,0,0,0,0,0,2,1,0,3,0,P1_no_official,P1_no_official|P4_confusable|P5_b2c1_synset,0,先查 Démonette 直接词族与 DBnary 明示近/反义，再人工补第一条正式关系,不速之客
1510,assagir,VER,C2,0.0363,0,0,0,0,0,2,1,1,1,1,P1_no_official,P1_no_official|P4_confusable|P5_b2c1_synset,0,先查 Démonette 直接词族与 DBnary 明示近/反义，再人工补第一条正式关系,
1511,gagnant,ADJ,C2,0.0342,0,0,0,0,0,1,1,1,3,1,P1_no_official,P1_no_official|P4_confusable|P5_b2c1_synset,0,先查 Démonette 直接词族与 DBnary 明示近/反义，再人工补第一条正式关系,成功者；胜者
1512,troquer,VER,C2,0.0342,0,0,0,0,0,3,1,0,1,1,P1_no_official,P1_no_official|P4_confusable|P5_b2c1_synset,0,先查 Démonette 直接词族与 DBnary 明示近/反义，再人工补第一条正式关系,博；换
1513,indiscipline,NOM,C2,0.0248,0,0,0,0,0,1,1,1,3,3,P1_no_official,P1_no_official|P4_confusable|P5_b2c1_synset,0,先查 Démonette 直接词族与 DBnary 明示近/反义，再人工补第一条正式关系,野性
1514,archipel,NOM,C2,0.0062,0,0,0,0,0,2,1,0,1,0,P1_no_official,P1_no_official|P4_confusable|P5_b2c1_synset,0,先查 Démonette 直接词族与 DBnary 明示近/反义，再人工补第一条正式关系,群岛
1515,pauvre,ADJ,B1,139.2067,1,1,0,0,0,0,0,2,2,1,P2_single_edge,P2_single_edge|P4_confusable,0,补第二条正式关系，形成最小学习语境,可怜；困苦
1516,sorte,NOM,B1,129.482,1,0,1,0,0,3,1,7,0,3,P2_single_edge,P2_single_edge|P4_confusable,0,补第二条正式关系，形成最小学习语境,种类
1517,état,NOM,B1,122.9521,1,0,1,0,0,14,1,0,1,2,P2_single_edge,P2_single_edge|P3_bridge|P4_confusable,0,补第二条正式关系，形成最小学习语境,国家；国度
1518,commissaire,NOM,B1,117.8715,1,1,0,0,0,11,1,1,1,3,P2_single_edge,P2_single_edge|P3_bridge|P4_confusable,0,补第二条正式关系，形成最小学习语境,专员；总监
1519,plupart,NOM,B1,108.3641,1,0,1,0,0,2,1,0,0,0,P2_single_edge,P2_single_edge,0,补第二条正式关系，形成最小学习语境,
1520,intérêt,NOM,B1,95.4107,1,1,0,0,0,9,1,2,3,1,P2_single_edge,P2_single_edge|P3_bridge|P4_confusable,0,补第二条正式关系，形成最小学习语境,兴致；兴趣
1521,crime,NOM,B1,92.0361,1,1,0,0,0,6,1,5,3,1,P2_single_edge,P2_single_edge|P3_bridge|P4_confusable,0,补第二条正式关系，形成最小学习语境,犯罪；犯罪行为
1522,valoir,VER,B1,91.3803,1,1,0,0,0,6,1,7,2,2,P2_single_edge,P2_single_edge|P3_bridge|P4_confusable,0,补第二条正式关系，形成最小学习语境,值得；有价值
1523,familial,ADJ,B1,77.279,1,1,0,0,0,1,1,1,2,3,P2_single_edge,P2_single_edge|P4_confusable,0,补第二条正式关系，形成最小学习语境,
1524,rejoindre,VER,B1,75.4008,1,1,0,0,0,5,1,1,3,3,P2_single_edge,P2_single_edge|P3_bridge|P4_confusable,0,补第二条正式关系，形成最小学习语境,加入；加盟
1525,tendance,NOM,B1,73.5478,1,1,0,0,0,2,1,2,2,2,P2_single_edge,P2_single_edge|P4_confusable,0,补第二条正式关系，形成最小学习语境,倾向；动向
1526,affirmer,VER,B1,72.9739,1,1,0,0,0,6,1,3,3,3,P2_single_edge,P2_single_edge|P3_bridge|P4_confusable,0,补第二条正式关系，形成最小学习语境,断定；断言
1527,comportement,NOM,B1,72.9062,1,1,0,0,0,1,1,1,2,2,P2_single_edge,P2_single_edge|P4_confusable,0,补第二条正式关系，形成最小学习语境,为人；习性
1528,planète,NOM,B1,69.9259,1,1,0,0,0,0,0,1,2,1,P2_single_edge,P2_single_edge|P4_confusable,0,补第二条正式关系，形成最小学习语境,地球；星球
1529,preuve,NOM,B1,69.4429,1,1,0,0,0,5,1,7,1,1,P2_single_edge,P2_single_edge|P3_bridge|P4_confusable,0,补第二条正式关系，形成最小学习语境,佐证；凭证
1530,chercheur,NOM,B2,67.6333,1,1,0,0,0,4,1,1,2,1,P2_single_edge,P2_single_edge|P3_bridge|P4_confusable|P5_b2c1_synset,0,补第二条正式关系，形成最小学习语境,研究人员；研究员
1531,littéraire,ADJ,B1,66.5611,1,1,0,0,0,3,1,2,3,0,P2_single_edge,P2_single_edge|P4_confusable,0,补第二条正式关系，形成最小学习语境,
1532,réseau,NOM,B2,64.169,1,0,1,0,0,16,1,0,3,1,P2_single_edge,P2_single_edge|P3_bridge|P4_confusable,0,补第二条正式关系，形成最小学习语境,互联网络；人脉
1533,condamner,VER,B1,61.7749,1,1,0,0,0,5,1,1,1,1,P2_single_edge,P2_single_edge|P3_bridge|P4_confusable,0,补第二条正式关系，形成最小学习语境,判刑；判处
1534,écriture,NOM,B1,60.8183,1,0,1,0,0,8,1,1,1,1,P2_single_edge,P2_single_edge|P3_bridge|P4_confusable,0,补第二条正式关系，形成最小学习语境,字句；字迹
1535,souffrir,VER,B1,60.6316,1,1,0,0,0,10,1,1,3,2,P2_single_edge,P2_single_edge|P3_bridge|P4_confusable,0,补第二条正式关系，形成最小学习语境,受罪；受苦
1536,employer,VER,B1,58.7032,1,1,0,0,0,3,1,7,3,3,P2_single_edge,P2_single_edge|P4_confusable,0,补第二条正式关系，形成最小学习语境,任用；使出
1537,violence,NOM,B1,57.6116,1,0,0,1,0,0,0,2,3,3,P2_single_edge,P2_single_edge|P4_confusable,0,补第二条正式关系，形成最小学习语境,强暴；暴力
1538,lutte,NOM,B1,56.8041,1,1,0,0,0,4,1,1,3,3,P2_single_edge,P2_single_edge|P3_bridge|P4_confusable,0,补第二条正式关系，形成最小学习语境,争夺战；战事
1539,appel,NOM,B1,56.5989,1,1,0,0,0,16,1,7,3,3,P2_single_edge,P2_single_edge|P3_bridge|P4_confusable,0,补第二条正式关系，形成最小学习语境,申诉；诉求
1540,complètement,ADV,B1,55.3663,1,0,1,0,0,1,1,1,3,1,P2_single_edge,P2_single_edge|P4_confusable,0,补第二条正式关系，形成最小学习语境,一干；一干二净
1541,récent,ADJ,B1,54.9965,1,0,0,1,0,2,1,1,2,3,P2_single_edge,P2_single_edge|P4_confusable,0,补第二条正式关系，形成最小学习语境,挽近；晚近
1542,enfuir,VER,B1,54.9932,1,1,0,0,0,4,1,1,1,1,P2_single_edge,P2_single_edge|P3_bridge|P4_confusable,0,补第二条正式关系，形成最小学习语境,撒脚；逃亡
1543,consommateur,NOM,B1,54.2489,1,1,0,0,0,0,0,1,1,1,P2_single_edge,P2_single_edge|P4_confusable,0,补第二条正式关系，形成最小学习语境,消费者；用户
1544,épaule,NOM,B1,53.1943,1,1,0,0,0,4,1,1,1,2,P2_single_edge,P2_single_edge|P3_bridge|P4_confusable,0,补第二条正式关系，形成最小学习语境,肩头；肩膀
1545,effort,NOM,B1,53.1533,1,1,0,0,0,5,1,5,1,1,P2_single_edge,P2_single_edge|P3_bridge|P4_confusable,0,补第二条正式关系，形成最小学习语境,心血
1546,apprécier,VER,B1,50.8406,1,1,0,0,0,4,1,1,2,2,P2_single_edge,P2_single_edge|P3_bridge|P4_confusable,0,补第二条正式关系，形成最小学习语境,估价；受用
1547,lecteur,NOM,B1,50.4329,1,1,0,0,0,10,1,4,1,3,P2_single_edge,P2_single_edge|P3_bridge|P4_confusable,0,补第二条正式关系，形成最小学习语境,朗读者；读者
1548,opinion,NOM,B1,49.8755,1,0,1,0,0,3,1,1,0,0,P2_single_edge,P2_single_edge,0,补第二条正式关系，形成最小学习语境,主张；意思
1549,exercer,VER,B1,48.5962,1,1,0,0,0,10,1,1,2,1,P2_single_edge,P2_single_edge|P3_bridge|P4_confusable,0,补第二条正式关系，形成最小学习语境,使出；执掌
1550,voire,ADV,B1,47.8504,1,0,0,0,1,2,1,0,2,2,P2_single_edge,P2_single_edge,0,补第二条正式关系，形成最小学习语境,甚至；诚然
1551,faute,NOM,B1,47.0913,1,1,0,0,0,6,1,0,3,2,P2_single_edge,P2_single_edge|P3_bridge|P4_confusable,0,补第二条正式关系，形成最小学习语境,不是；差池
1552,souligner,VER,B2,46.5005,1,0,1,0,0,3,1,1,0,2,P2_single_edge,P2_single_edge|P4_confusable,0,补第二条正式关系，形成最小学习语境,侧重；划下
1553,propos,NOM,B1,46.2588,1,0,1,0,0,6,1,1,2,0,P2_single_edge,P2_single_edge|P3_bridge|P4_confusable,0,补第二条正式关系，形成最小学习语境,言论
1554,écrier,VER,B1,45.8735,1,1,0,0,0,2,1,3,3,3,P2_single_edge,P2_single_edge|P4_confusable,0,补第二条正式关系，形成最小学习语境,呼喊；喊叫
1555,électronique,ADJ,B1,45.4298,1,1,0,0,0,2,1,0,3,3,P2_single_edge,P2_single_edge|P4_confusable,0,补第二条正式关系，形成最小学习语境,电子
1556,fort,ADV,B1,44.6974,1,0,1,0,0,0,0,3,3,2,P2_single_edge,P2_single_edge|P4_confusable,0,补第二条正式关系，形成最小学习语境,健壮；厉害
1557,importance,NOM,B1,44.471,1,1,0,0,0,4,1,1,3,2,P2_single_edge,P2_single_edge|P3_bridge|P4_confusable,0,补第二条正式关系，形成最小学习语境,重要性
1558,annonce,NOM,B1,43.6202,1,1,0,0,0,2,1,4,2,2,P2_single_edge,P2_single_edge|P4_confusable,0,补第二条正式关系，形成最小学习语境,公告；启事
1559,princesse,NOM,B1,43.005,1,1,0,0,0,6,1,0,2,2,P2_single_edge,P2_single_edge|P3_bridge|P4_confusable,0,补第二条正式关系，形成最小学习语境,公主；王妃
1560,soutenir,VER,B2,42.1853,1,1,0,0,0,9,1,1,0,0,P2_single_edge,P2_single_edge|P3_bridge|P5_b2c1_synset,0,补第二条正式关系，形成最小学习语境,主持；做主
1561,parfaitement,ADV,B1,40.893,1,0,1,0,0,0,0,21,2,1,P2_single_edge,P2_single_edge|P4_confusable,0,补第二条正式关系，形成最小学习语境,一干；一干二净
1562,somme,NOM,B1,40.2155,1,1,0,0,0,7,1,4,3,0,P2_single_edge,P2_single_edge|P3_bridge|P4_confusable,0,补第二条正式关系，形成最小学习语境,总和；总数
1563,disparition,NOM,B1,40.1265,1,0,1,0,0,1,1,1,2,0,P2_single_edge,P2_single_edge|P4_confusable,0,补第二条正式关系，形成最小学习语境,消逝；灭绝
1564,festival,NOM,B1,39.8921,1,0,1,0,0,3,1,0,2,2,P2_single_edge,P2_single_edge|P4_confusable,0,补第二条正式关系，形成最小学习语境,節日；节庆
1565,livrer,VER,B1,39.0249,1,1,0,0,0,12,1,2,3,3,P2_single_edge,P2_single_edge|P3_bridge|P4_confusable,0,补第二条正式关系，形成最小学习语境,交付；付给
1566,atmosphère,NOM,B1,38.952,1,1,0,0,0,6,1,1,2,1,P2_single_edge,P2_single_edge|P3_bridge|P4_confusable,0,补第二条正式关系，形成最小学习语境,大气层；情境
1567,gendarme,NOM,B1,38.8086,1,0,1,0,0,15,1,0,0,0,P2_single_edge,P2_single_edge|P3_bridge,0,补第二条正式关系，形成最小学习语境,警官
1568,réflexion,NOM,B1,38.4448,1,1,0,0,0,5,1,0,1,1,P2_single_edge,P2_single_edge|P3_bridge|P4_confusable,0,补第二条正式关系，形成最小学习语境,体会；反光
1569,éloigner,VER,B1,38.2666,1,1,0,0,0,5,1,3,3,1,P2_single_edge,P2_single_edge|P3_bridge|P4_confusable,0,补第二条正式关系，形成最小学习语境,游离；漂走
1570,dehors,NOM,B1,37.3371,1,0,0,1,0,5,1,0,2,1,P2_single_edge,P2_single_edge|P3_bridge|P4_confusable,0,补第二条正式关系，形成最小学习语境,之外；外来
1571,au-delà,ADV,B2,37.2293,1,0,1,0,0,2,1,0,0,0,P2_single_edge,P2_single_edge,0,补第二条正式关系，形成最小学习语境,之外；地府
1572,risquer,VER,B1,37.1816,1,1,0,0,0,5,1,1,1,2,P2_single_edge,P2_single_edge|P3_bridge|P4_confusable,0,补第二条正式关系，形成最小学习语境,冒；拚
1573,revue,NOM,B1,36.782,1,1,0,0,0,5,1,1,3,1,P2_single_edge,P2_single_edge|P3_bridge|P4_confusable,0,补第二条正式关系，形成最小学习语境,刊物；复查
1574,cesse,NOM,B2,36.1402,1,1,0,0,0,2,1,1,2,3,P2_single_edge,P2_single_edge|P4_confusable|P5_b2c1_synset,0,补第二条正式关系，形成最小学习语境,
1575,religieux,ADJ,B1,36.1397,1,1,0,0,0,5,1,1,3,3,P2_single_edge,P2_single_edge|P3_bridge|P4_confusable,0,补第二条正式关系，形成最小学习语境,
1576,consister,VER,B1,35.7476,1,0,1,0,0,3,1,0,2,1,P2_single_edge,P2_single_edge|P4_confusable,0,补第二条正式关系，形成最小学习语境,
1577,vente,NOM,B1,35.6892,1,1,0,0,0,8,1,1,3,2,P2_single_edge,P2_single_edge|P3_bridge|P4_confusable,0,补第二条正式关系，形成最小学习语境,变卖；特卖
1578,couler,VER,B1,34.8827,1,1,0,0,0,20,1,4,3,3,P2_single_edge,P2_single_edge|P3_bridge|P4_confusable,0,补第二条正式关系，形成最小学习语境,下沉；沉没
1579,moindre,ADJ,B2,34.5556,1,0,0,1,0,4,1,0,2,0,P2_single_edge,P2_single_edge|P3_bridge|P4_confusable,0,补第二条正式关系，形成最小学习语境,半点；比较少
1580,multiplier,VER,B1,34.4875,1,1,0,0,0,6,1,0,3,3,P2_single_edge,P2_single_edge|P3_bridge|P4_confusable,0,补第二条正式关系，形成最小学习语境,翻番
1581,soulever,VER,B1,33.335,1,0,1,0,0,10,1,2,3,0,P2_single_edge,P2_single_edge|P3_bridge|P4_confusable,0,补第二条正式关系，形成最小学习语境,提到；提高
1582,accuser,VER,B1,33.07,1,1,0,0,0,12,1,1,3,2,P2_single_edge,P2_single_edge|P3_bridge|P4_confusable,0,补第二条正式关系，形成最小学习语境,指控；控告
1583,policier,ADJ,B1,32.9915,1,1,0,0,0,2,1,1,2,2,P2_single_edge,P2_single_edge|P4_confusable,0,补第二条正式关系，形成最小学习语境,执法人员；警员
1584,magique,ADJ,B1,32.9673,1,1,0,0,0,3,1,1,3,3,P2_single_edge,P2_single_edge|P4_confusable,0,补第二条正式关系，形成最小学习语境,神奇；魔幻
1585,guérir,VER,B1,32.5395,1,1,0,0,0,4,1,1,2,1,P2_single_edge,P2_single_edge|P3_bridge|P4_confusable,0,补第二条正式关系，形成最小学习语境,弥合；愈合
1586,puissant,ADJ,B1,32.5355,1,1,0,0,0,7,1,1,3,3,P2_single_edge,P2_single_edge|P3_bridge|P4_confusable,0,补第二条正式关系，形成最小学习语境,威猛；宏大
1587,surface,NOM,B1,32.488,1,0,1,0,0,5,1,1,2,2,P2_single_edge,P2_single_edge|P3_bridge|P4_confusable,0,补第二条正式关系，形成最小学习语境,地表；外表
1588,voter,VER,B1,32.2354,1,1,0,0,0,2,1,1,1,2,P2_single_edge,P2_single_edge|P4_confusable,0,补第二条正式关系，形成最小学习语境,投票；表决
1589,don,NOM,B1,32.1558,1,0,1,0,0,10,1,4,3,3,P2_single_edge,P2_single_edge|P3_bridge|P4_confusable,0,补第二条正式关系，形成最小学习语境,才分；才干
1590,sexe,NOM,B1,32.0467,1,1,0,0,0,5,1,0,1,2,P2_single_edge,P2_single_edge|P3_bridge|P4_confusable,0,补第二条正式关系，形成最小学习语境,性事；性别
1591,jurer,VER,B1,32.0335,1,1,0,0,0,11,1,3,3,1,P2_single_edge,P2_single_edge|P3_bridge|P4_confusable,0,补第二条正式关系，形成最小学习语境,发誓；许下
1592,tort,NOM,B1,31.917,1,0,0,1,0,3,1,0,2,3,P2_single_edge,P2_single_edge|P4_confusable,0,补第二条正式关系，形成最小学习语境,侵权行为
1593,largement,ADV,B1,31.5498,1,1,0,0,0,4,1,1,2,3,P2_single_edge,P2_single_edge|P3_bridge|P4_confusable,0,补第二条正式关系，形成最小学习语境,
1594,intelligence,NOM,B1,30.7656,1,0,1,0,0,11,1,0,2,1,P2_single_edge,P2_single_edge|P3_bridge|P4_confusable,0,补第二条正式关系，形成最小学习语境,心眼；悟性
1595,fonctionnement,NOM,B2,30.689,1,1,0,0,0,0,0,1,3,0,P2_single_edge,P2_single_edge|P4_confusable,0,补第二条正式关系，形成最小学习语境,功能；性能
1596,robot,NOM,B1,30.2584,1,1,0,0,0,9,1,0,3,2,P2_single_edge,P2_single_edge|P3_bridge|P4_confusable,0,补第二条正式关系，形成最小学习语境,机器人
1597,remarque,NOM,B1,30.0126,1,1,0,0,0,4,1,2,3,3,P2_single_edge,P2_single_edge|P3_bridge|P4_confusable,0,补第二条正式关系，形成最小学习语境,加注；发觉
1598,vivant,NOM,B1,29.9642,1,1,0,0,0,3,1,1,2,1,P2_single_edge,P2_single_edge|P4_confusable,0,补第二条正式关系，形成最小学习语境,传神；活泼
1599,catastrophe,NOM,B1,29.7645,1,1,0,0,0,0,0,0,2,1,P2_single_edge,P2_single_edge|P4_confusable,0,补第二条正式关系，形成最小学习语境,急难；浩劫
1600,attitude,NOM,B1,29.7432,1,0,1,0,0,5,1,0,0,3,P2_single_edge,P2_single_edge|P3_bridge|P4_confusable,0,补第二条正式关系，形成最小学习语境,体态；姿势
1601,envahir,VER,B1,29.6665,1,1,0,0,0,4,1,0,1,1,P2_single_edge,P2_single_edge|P3_bridge|P4_confusable,0,补第二条正式关系，形成最小学习语境,侵入；打进
1602,favoriser,VER,B2,29.6158,1,0,0,1,0,4,1,1,3,2,P2_single_edge,P2_single_edge|P3_bridge|P4_confusable,0,补第二条正式关系，形成最小学习语境,有助于
1603,furieux,ADJ,B1,29.4263,1,1,0,0,0,7,1,1,3,3,P2_single_edge,P2_single_edge|P3_bridge|P4_confusable,0,补第二条正式关系，形成最小学习语境,恼羞成怒；气冲冲
1604,renoncer,VER,B1,29.3191,1,1,0,0,0,5,1,1,3,3,P2_single_edge,P2_single_edge|P3_bridge|P4_confusable,0,补第二条正式关系，形成最小学习语境,罢休
1605,sociologue,NOM,B2,29.2876,1,1,0,0,0,1,1,0,2,2,P2_single_edge,P2_single_edge|P4_confusable|P5_b2c1_synset,0,补第二条正式关系，形成最小学习语境,社会学家
1606,autrement,ADV,B1,29.2425,1,0,1,0,0,3,1,1,3,3,P2_single_edge,P2_single_edge|P4_confusable,0,补第二条正式关系，形成最小学习语境,不然；否则
1607,critère,NOM,B1,29.0376,1,0,1,0,0,2,1,0,3,2,P2_single_edge,P2_single_edge|P4_confusable,0,补第二条正式关系，形成最小学习语境,尺度；指标
1608,fameux,ADJ,B2,28.8016,1,0,1,0,0,2,1,0,0,2,P2_single_edge,P2_single_edge|P4_confusable,0,补第二条正式关系，形成最小学习语境,大名鼎鼎；有名
1609,chasse,NOM,B1,28.6182,1,1,0,0,0,19,1,1,3,3,P2_single_edge,P2_single_edge|P3_bridge|P4_confusable,0,补第二条正式关系，形成最小学习语境,狩猎
1610,encourager,VER,B1,28.4709,1,1,0,0,0,4,1,1,3,2,P2_single_edge,P2_single_edge|P3_bridge|P4_confusable,0,补第二条正式关系，形成最小学习语境,助威；助长
1611,désigner,VER,B2,28.32,1,0,1,0,0,4,1,1,2,1,P2_single_edge,P2_single_edge|P3_bridge|P4_confusable,0,补第二条正式关系，形成最小学习语境,任命；分配
1612,épreuve,NOM,B1,28.1309,1,1,0,0,0,9,1,1,1,1,P2_single_edge,P2_single_edge|P3_bridge|P4_confusable,0,补第二条正式关系，形成最小学习语境,不幸；比赛
1613,statut,NOM,B2,28.0446,1,1,0,0,0,5,1,0,2,1,P2_single_edge,P2_single_edge|P3_bridge|P4_confusable|P5_b2c1_synset,0,补第二条正式关系，形成最小学习语境,工作范围；章程
1614,causer,VER,B1,28.0273,1,0,1,0,0,6,1,1,3,1,P2_single_edge,P2_single_edge|P3_bridge|P4_confusable,0,补第二条正式关系，形成最小学习语境,聊（口语）
1615,ministère,NOM,B1,27.9151,1,1,0,0,0,9,1,1,2,1,P2_single_edge,P2_single_edge|P3_bridge|P4_confusable,0,补第二条正式关系，形成最小学习语境,内阁
1616,intervenir,VER,B1,27.861,1,1,0,0,0,4,1,1,3,2,P2_single_edge,P2_single_edge|P3_bridge|P4_confusable,0,补第二条正式关系，形成最小学习语境,介入；干预
1617,ouvrage,NOM,B2,27.4657,1,1,0,0,0,0,0,1,1,1,P2_single_edge,P2_single_edge|P4_confusable,0,补第二条正式关系，形成最小学习语境,作业；作品
1618,initiative,NOM,B1,27.274,1,1,0,0,0,7,1,1,0,2,P2_single_edge,P2_single_edge|P3_bridge|P4_confusable,0,补第二条正式关系，形成最小学习语境,创举；能动性
1619,deviner,VER,B1,27.1336,1,0,1,0,0,5,1,0,0,3,P2_single_edge,P2_single_edge|P3_bridge|P4_confusable,0,补第二条正式关系，形成最小学习语境,猜到；猜想
1620,récupérer,VER,B1,27.0851,1,1,0,0,0,6,1,1,1,1,P2_single_edge,P2_single_edge|P3_bridge|P4_confusable,0,补第二条正式关系，形成最小学习语境,养伤；养神
1621,susciter,VER,B2,27.0848,1,0,1,0,0,5,1,0,1,1,P2_single_edge,P2_single_edge|P3_bridge|P4_confusable,0,补第二条正式关系，形成最小学习语境,引发；引起
1622,secours,NOM,B1,26.8022,1,0,1,0,0,0,0,1,3,1,P2_single_edge,P2_single_edge|P4_confusable,0,补第二条正式关系，形成最小学习语境,救助
1623,minimum,NOM,B1,26.6967,1,1,0,0,0,5,1,0,1,1,P2_single_edge,P2_single_edge|P3_bridge|P4_confusable,0,补第二条正式关系，形成最小学习语境,最低点；起码
1624,admettre,VER,B1,26.6139,1,1,0,0,0,4,1,1,0,3,P2_single_edge,P2_single_edge|P3_bridge|P4_confusable,0,补第二条正式关系，形成最小学习语境,允许；吸取
1625,réalisation,NOM,B1,26.5495,1,0,1,0,0,2,1,2,3,3,P2_single_edge,P2_single_edge|P4_confusable,0,补第二条正式关系，形成最小学习语境,变卖；实施例
1626,réclamer,VER,B1,26.342,1,0,1,0,0,11,1,1,3,2,P2_single_edge,P2_single_edge|P3_bridge|P4_confusable,0,补第二条正式关系，形成最小学习语境,索取；要求
1627,réagir,VER,B1,26.0556,1,1,0,0,0,5,1,1,2,2,P2_single_edge,P2_single_edge|P3_bridge|P4_confusable,0,补第二条正式关系，形成最小学习语境,
1628,médical,ADJ,B1,26.026,1,1,0,0,0,2,1,2,1,3,P2_single_edge,P2_single_edge|P4_confusable,0,补第二条正式关系，形成最小学习语境,医护
1629,commun,NOM,B1,25.9942,1,0,1,0,0,8,1,11,2,1,P2_single_edge,P2_single_edge|P3_bridge|P4_confusable,0,补第二条正式关系，形成最小学习语境,一般；公共
1630,contrairement,ADV,B1,25.9447,1,1,0,0,0,1,1,2,3,2,P2_single_edge,P2_single_edge|P4_confusable,0,补第二条正式关系，形成最小学习语境,不比；反之
1631,figurer,VER,B1,25.9416,1,1,0,0,0,9,1,2,3,3,P2_single_edge,P2_single_edge|P3_bridge|P4_confusable,0,补第二条正式关系，形成最小学习语境,列入
1632,brillant,ADJ,B1,25.9293,1,0,1,0,0,4,1,1,1,2,P2_single_edge,P2_single_edge|P3_bridge|P4_confusable,0,补第二条正式关系，形成最小学习语境,亮晶晶；光亮
1633,objectif,ADJ,B1,25.6795,1,0,0,1,0,4,1,1,3,3,P2_single_edge,P2_single_edge|P3_bridge|P4_confusable,0,补第二条正式关系，形成最小学习语境,客观；指标
1634,misère,NOM,B1,25.098,1,1,0,0,0,9,1,1,3,0,P2_single_edge,P2_single_edge|P3_bridge|P4_confusable,0,补第二条正式关系，形成最小学习语境,不幸；悲惨
1635,fiction,NOM,B1,25.0225,1,1,0,0,0,3,1,1,2,3,P2_single_edge,P2_single_edge|P4_confusable,0,补第二条正式关系，形成最小学习语境,假定
1636,rayon,NOM,B1,24.9425,1,1,0,0,0,12,1,3,3,3,P2_single_edge,P2_single_edge|P3_bridge|P4_confusable,0,补第二条正式关系，形成最小学习语境,光束；光芒
1637,alimentaire,ADJ,B1,24.4988,1,1,0,0,0,5,1,1,3,3,P2_single_edge,P2_single_edge|P3_bridge|P4_confusable,0,补第二条正式关系，形成最小学习语境,
1638,envisager,VER,B2,24.3206,1,0,1,0,0,2,1,0,0,0,P2_single_edge,P2_single_edge,0,补第二条正式关系，形成最小学习语境,探讨；琢磨
1639,toutefois,ADV,B1,24.2447,1,0,1,0,0,1,1,3,1,0,P2_single_edge,P2_single_edge|P4_confusable,0,补第二条正式关系，形成最小学习语境,总要；而又
1640,croiser,VER,B1,23.9959,1,1,0,0,0,16,1,1,3,2,P2_single_edge,P2_single_edge|P3_bridge|P4_confusable,0,补第二条正式关系，形成最小学习语境,交叉；相交
1641,climatique,ADJ,B2,23.9896,1,1,0,0,0,0,0,0,3,3,P2_single_edge,P2_single_edge|P4_confusable,0,补第二条正式关系，形成最小学习语境,气候
1642,point,ADV,B2,23.8207,1,0,1,0,0,1,1,8,3,3,P2_single_edge,P2_single_edge|P4_confusable,0,补第二条正式关系，形成最小学习语境,句号；点儿
1643,extérieur,NOM,B1,23.6793,1,0,0,1,0,3,1,1,2,3,P2_single_edge,P2_single_edge|P4_confusable,0,补第二条正式关系，形成最小学习语境,向外；国外
1644,fièvre,NOM,B1,23.663,1,0,1,0,0,3,1,0,2,2,P2_single_edge,P2_single_edge|P4_confusable,0,补第二条正式关系，形成最小学习语境,发热；高烧
1645,bénéficier,VER,B1,23.1077,1,1,0,0,0,2,1,1,3,3,P2_single_edge,P2_single_edge|P4_confusable,0,补第二条正式关系，形成最小学习语境,受惠；受益
1646,philosophie,NOM,B1,23.0568,1,1,0,0,0,10,1,0,2,0,P2_single_edge,P2_single_edge|P3_bridge|P4_confusable,0,补第二条正式关系，形成最小学习语境,哲学；理念
1647,maintenir,VER,B1,22.8567,1,1,0,0,0,4,1,1,0,2,P2_single_edge,P2_single_edge|P3_bridge|P4_confusable,0,补第二条正式关系，形成最小学习语境,保全；保持
1648,refaire,VER,B1,22.725,1,0,1,0,0,11,1,1,3,2,P2_single_edge,P2_single_edge|P3_bridge|P4_confusable,0,补第二条正式关系，形成最小学习语境,再作；再做
1649,cabinet,NOM,B1,22.7,1,1,0,0,0,10,1,1,2,3,P2_single_edge,P2_single_edge|P3_bridge|P4_confusable,0,补第二条正式关系，形成最小学习语境,内阁；商户
1650,catégorie,NOM,B1,22.5923,1,1,0,0,0,5,1,2,3,3,P2_single_edge,P2_single_edge|P3_bridge|P4_confusable,0,补第二条正式关系，形成最小学习语境,类别；类目
1651,facteur,NOM,B2,22.4264,1,0,1,0,0,8,1,1,3,3,P2_single_edge,P2_single_edge|P3_bridge|P4_confusable,0,补第二条正式关系，形成最小学习语境,因子；因数
1652,conclure,VER,B1,22.4013,1,1,0,0,0,7,1,5,2,2,P2_single_edge,P2_single_edge|P3_bridge|P4_confusable,0,补第二条正式关系，形成最小学习语境,敲定；断定
1653,rang,NOM,B2,22.2077,1,0,1,0,0,15,1,3,3,3,P2_single_edge,P2_single_edge|P3_bridge|P4_confusable,0,补第二条正式关系，形成最小学习语境,名位；名衔
1654,trésor,NOM,B1,22.2045,1,0,1,0,0,11,1,0,2,0,P2_single_edge,P2_single_edge|P3_bridge|P4_confusable,0,补第二条正式关系，形成最小学习语境,宝库；宝藏
1655,immobile,ADJ,B1,22.1846,1,1,0,0,0,2,1,2,2,2,P2_single_edge,P2_single_edge|P4_confusable,0,补第二条正式关系，形成最小学习语境,一动不动；一成不变
1656,subir,VER,B2,22.1838,1,1,0,0,0,1,1,0,2,2,P2_single_edge,P2_single_edge|P4_confusable|P5_b2c1_synset,0,补第二条正式关系，形成最小学习语境,受到；忍受
1657,résumer,VER,B2,22.0568,1,1,0,0,0,3,1,2,3,2,P2_single_edge,P2_single_edge|P4_confusable|P5_b2c1_synset,0,补第二条正式关系，形成最小学习语境,归纳；归结
1658,emprunter,VER,B1,21.9913,1,1,0,0,0,7,1,1,1,1,P2_single_edge,P2_single_edge|P3_bridge|P4_confusable,0,补第二条正式关系，形成最小学习语境,挡琅；挡郎
1659,interdiction,NOM,B2,21.9593,1,1,0,0,0,4,1,2,3,3,P2_single_edge,P2_single_edge|P3_bridge|P4_confusable|P5_b2c1_synset,0,补第二条正式关系，形成最小学习语境,禁令；禁制
1660,autorité,NOM,B1,21.829,1,1,0,0,0,0,0,2,3,3,P2_single_edge,P2_single_edge|P4_confusable,0,补第二条正式关系，形成最小学习语境,大家；大拿
1661,intégration,NOM,B2,21.8064,1,1,0,0,0,9,1,1,3,3,P2_single_edge,P2_single_edge|P3_bridge|P4_confusable|P5_b2c1_synset,0,补第二条正式关系，形成最小学习语境,一体化；主流化
1662,légèrement,ADV,B1,21.7796,1,0,1,0,0,10,1,1,3,1,P2_single_edge,P2_single_edge|P3_bridge|P4_confusable,0,补第二条正式关系，形成最小学习语境,些微；略为
1663,judiciaire,ADJ,B2,21.7213,1,0,1,0,0,3,1,1,2,1,P2_single_edge,P2_single_edge|P4_confusable,0,补第二条正式关系，形成最小学习语境,
1664,brusquement,ADV,B1,21.6393,1,0,1,0,0,1,1,1,1,1,P2_single_edge,P2_single_edge|P4_confusable,0,补第二条正式关系，形成最小学习语境,刹那间；突然
1665,médicament,NOM,B2,21.3888,1,0,1,0,0,1,1,1,1,1,P2_single_edge,P2_single_edge|P4_confusable,0,补第二条正式关系，形成最小学习语境,医药；药剂
1666,circonstance,NOM,B2,21.2982,1,0,1,0,0,4,1,0,0,1,P2_single_edge,P2_single_edge|P3_bridge|P4_confusable,0,补第二条正式关系，形成最小学习语境,境地；形势
1667,distance,NOM,B1,20.8678,1,1,0,0,0,3,1,1,2,2,P2_single_edge,P2_single_edge|P4_confusable,0,补第二条正式关系，形成最小学习语境,差距；距离
1668,écologique,ADJ,B2,20.778,1,1,0,0,0,0,0,0,3,2,P2_single_edge,P2_single_edge|P4_confusable,0,补第二条正式关系，形成最小学习语境,环保型
1669,prise,NOM,B1,20.3651,1,1,0,0,0,18,1,2,3,3,P2_single_edge,P2_single_edge|P3_bridge|P4_confusable,0,补第二条正式关系，形成最小学习语境,把柄；插口
1670,fée,NOM,B1,20.1981,1,1,0,0,0,2,1,1,2,1,P2_single_edge,P2_single_edge|P4_confusable,0,补第二条正式关系，形成最小学习语境,仙女；天仙
1671,application,NOM,B2,20.1203,1,1,0,0,0,12,1,1,2,2,P2_single_edge,P2_single_edge|P3_bridge|P4_confusable|P5_b2c1_synset,0,补第二条正式关系，形成最小学习语境,函数；应用
1672,priorité,NOM,B2,20.0456,1,1,0,0,0,2,1,0,3,1,P2_single_edge,P2_single_edge|P4_confusable|P5_b2c1_synset,0,补第二条正式关系，形成最小学习语境,优先；优先权
1673,poing,NOM,B1,20.0383,1,1,0,0,0,4,1,4,0,3,P2_single_edge,P2_single_edge|P3_bridge|P4_confusable,0,补第二条正式关系，形成最小学习语境,拳头
1674,chasseur,NOM,B1,19.9138,1,1,0,0,0,6,1,1,2,3,P2_single_edge,P2_single_edge|P3_bridge|P4_confusable,0,补第二条正式关系，形成最小学习语境,猎人；猎手
1675,joue,NOM,B1,19.8738,1,0,1,0,0,5,1,0,2,1,P2_single_edge,P2_single_edge|P3_bridge|P4_confusable,0,补第二条正式关系，形成最小学习语境,脸巴子；脸蛋
1676,végétal,ADJ,B1,19.7548,1,1,0,0,0,2,1,2,2,2,P2_single_edge,P2_single_edge|P4_confusable,0,补第二条正式关系，形成最小学习语境,植
1677,observation,NOM,B2,19.7037,1,1,0,0,0,9,1,1,3,3,P2_single_edge,P2_single_edge|P3_bridge|P4_confusable|P5_b2c1_synset,0,补第二条正式关系，形成最小学习语境,批示；观察
1678,annuel,ADJ,B1,19.6859,1,1,0,0,0,4,1,5,3,3,P2_single_edge,P2_single_edge|P3_bridge|P4_confusable,0,补第二条正式关系，形成最小学习语境,全年；周年
1679,toile,NOM,B1,19.4217,1,0,1,0,0,12,1,0,2,2,P2_single_edge,P2_single_edge|P3_bridge|P4_confusable,0,补第二条正式关系，形成最小学习语境,布景；帆布
1680,civilisation,NOM,B1,19.39,1,1,0,0,0,4,1,1,3,3,P2_single_edge,P2_single_edge|P3_bridge|P4_confusable,0,补第二条正式关系，形成最小学习语境,人类文明；文化
1681,ferme,ADV,B1,19.32,1,1,0,0,0,5,1,5,0,2,P2_single_edge,P2_single_edge|P3_bridge|P4_confusable,0,补第二条正式关系，形成最小学习语境,农场；农庄
1682,motivation,NOM,B1,19.2524,1,1,0,0,0,3,1,5,1,1,P2_single_edge,P2_single_edge|P4_confusable,0,补第二条正式关系，形成最小学习语境,上进心；动因
1683,entretenir,VER,B2,19.22,1,1,0,0,0,9,1,1,1,1,P2_single_edge,P2_single_edge|P3_bridge|P4_confusable|P5_b2c1_synset,0,补第二条正式关系，形成最小学习语境,保养；包养
1684,porteur,NOM,B2,19.1908,1,1,0,0,0,13,1,1,3,2,P2_single_edge,P2_single_edge|P3_bridge|P4_confusable|P5_b2c1_synset,0,补第二条正式关系，形成最小学习语境,无记名
1685,instrument,NOM,B2,19.1803,1,0,1,0,0,4,1,0,1,0,P2_single_edge,P2_single_edge|P3_bridge|P4_confusable,0,补第二条正式关系，形成最小学习语境,仪器；器具
1686,diffuser,VER,B2,18.9889,1,1,0,0,0,3,1,1,1,2,P2_single_edge,P2_single_edge|P4_confusable|P5_b2c1_synset,0,补第二条正式关系，形成最小学习语境,传出；传播
1687,lance,NOM,B1,18.9617,1,0,1,0,0,9,1,1,3,3,P2_single_edge,P2_single_edge|P3_bridge|P4_confusable,0,补第二条正式关系，形成最小学习语境,长枪；长矛
1688,uniquement,ADV,B1,18.9262,1,0,1,0,0,3,1,1,1,1,P2_single_edge,P2_single_edge|P4_confusable,0,补第二条正式关系，形成最小学习语境,光是；唯独
1689,technique,NOM,B2,18.845,1,1,0,0,0,2,1,3,3,3,P2_single_edge,P2_single_edge|P4_confusable|P5_b2c1_synset,0,补第二条正式关系，形成最小学习语境,手法；技术
1690,roux,ADJ,B1,18.8067,1,0,1,0,0,3,1,0,3,1,P2_single_edge,P2_single_edge|P4_confusable,0,补第二条正式关系，形成最小学习语境,
1691,barbe,NOM,B1,18.7858,1,1,0,0,0,12,1,1,3,3,P2_single_edge,P2_single_edge|P3_bridge|P4_confusable,0,补第二条正式关系，形成最小学习语境,胡子；胡须
1692,associatif,ADJ,B2,18.5542,1,1,0,0,0,3,1,0,3,0,P2_single_edge,P2_single_edge|P4_confusable|P5_b2c1_synset,0,补第二条正式关系，形成最小学习语境,
1693,médiatique,ADJ,B2,18.5352,1,1,0,0,0,2,1,1,3,3,P2_single_edge,P2_single_edge|P4_confusable|P5_b2c1_synset,0,补第二条正式关系，形成最小学习语境,
1694,tombe,NOM,B1,18.466,1,0,1,0,0,4,1,0,3,2,P2_single_edge,P2_single_edge|P3_bridge|P4_confusable,0,补第二条正式关系，形成最小学习语境,坟墓；坟穴
1695,afficher,VER,B1,18.4383,1,0,1,0,0,7,1,1,2,2,P2_single_edge,P2_single_edge|P3_bridge|P4_confusable,0,补第二条正式关系，形成最小学习语境,发贴；展出
1696,misérable,ADJ,B1,18.3869,1,1,0,0,0,3,1,1,2,1,P2_single_edge,P2_single_edge|P4_confusable,0,补第二条正式关系，形成最小学习语境,凄楚；可怜兮兮
1697,menace,NOM,B1,18.2038,1,1,0,0,0,2,1,1,3,3,P2_single_edge,P2_single_edge|P4_confusable,0,补第二条正式关系，形成最小学习语境,威胁
1698,équitable,ADJ,B2,18.1282,1,1,0,0,0,0,0,0,2,2,P2_single_edge,P2_single_edge|P4_confusable,0,补第二条正式关系，形成最小学习语境,公允；公正
1699,impact,NOM,B2,18.0777,1,0,1,0,0,2,1,0,1,2,P2_single_edge,P2_single_edge|P4_confusable,0,补第二条正式关系，形成最小学习语境,冲击；影响力
1700,démontrer,VER,B2,18.0774,1,1,0,0,0,4,1,1,3,3,P2_single_edge,P2_single_edge|P3_bridge|P4_confusable|P5_b2c1_synset,0,补第二条正式关系，形成最小学习语境,尽展；显示
1701,intervention,NOM,B1,18.0177,1,1,0,0,0,2,1,1,2,2,P2_single_edge,P2_single_edge|P4_confusable,0,补第二条正式关系，形成最小学习语境,救助
1702,débuter,VER,B1,17.9788,1,1,0,0,0,4,1,1,2,1,P2_single_edge,P2_single_edge|P3_bridge|P4_confusable,0,补第二条正式关系，形成最小学习语境,开始
1703,marin,ADJ,B1,17.9269,1,0,0,1,0,3,1,4,2,2,P2_single_edge,P2_single_edge|P4_confusable,0,补第二条正式关系，形成最小学习语境,水手；海事
1704,contexte,NOM,B1,17.9057,1,0,1,0,0,3,1,1,3,3,P2_single_edge,P2_single_edge|P4_confusable,0,补第二条正式关系，形成最小学习语境,上下文；底色
1705,portrait,NOM,B1,17.7136,1,1,0,0,0,9,1,0,1,1,P2_single_edge,P2_single_edge|P3_bridge|P4_confusable,0,补第二条正式关系，形成最小学习语境,人像；写照
1706,suggérer,VER,B2,17.6642,1,1,0,0,0,2,1,1,1,2,P2_single_edge,P2_single_edge|P4_confusable|P5_b2c1_synset,0,补第二条正式关系，形成最小学习语境,介绍；写意
1707,dollar,NOM,B1,17.6096,1,0,1,0,0,3,1,0,0,0,P2_single_edge,P2_single_edge,0,补第二条正式关系，形成最小学习语境,圆
1708,remuer,VER,B1,17.536,1,0,1,0,0,9,1,1,3,1,P2_single_edge,P2_single_edge|P3_bridge|P4_confusable,0,补第二条正式关系，形成最小学习语境,哄动；拨动
1709,commettre,VER,B2,17.4194,1,1,0,0,0,7,1,1,1,1,P2_single_edge,P2_single_edge|P3_bridge|P4_confusable|P5_b2c1_synset,0,补第二条正式关系，形成最小学习语境,委任
1710,vocation,NOM,B1,17.3809,1,1,0,0,0,5,1,4,3,3,P2_single_edge,P2_single_edge|P3_bridge|P4_confusable,0,补第二条正式关系，形成最小学习语境,
1711,maîtrise,NOM,B1,17.2158,1,1,0,0,0,11,1,1,1,1,P2_single_edge,P2_single_edge|P3_bridge|P4_confusable,0,补第二条正式关系，形成最小学习语境,
1712,postal,ADJ,B2,17.2081,1,1,0,0,0,1,1,1,1,3,P2_single_edge,P2_single_edge|P4_confusable|P5_b2c1_synset,0,补第二条正式关系，形成最小学习语境,邮
1713,redevenir,VER,B1,17.0452,1,1,0,0,0,1,1,1,1,3,P2_single_edge,P2_single_edge|P4_confusable,0,补第二条正式关系，形成最小学习语境,
1714,avec,ADV,B1,16.9863,1,0,1,0,0,3,1,0,0,1,P2_single_edge,P2_single_edge|P4_confusable,0,补第二条正式关系，形成最小学习语境,一同；一起
1715,dragon,NOM,B1,16.9585,1,0,1,0,0,17,1,0,2,0,P2_single_edge,P2_single_edge|P3_bridge|P4_confusable,0,补第二条正式关系，形成最小学习语境,龙纹
1716,prière,NOM,B1,16.8616,1,1,0,0,0,2,1,1,1,1,P2_single_edge,P2_single_edge|P4_confusable,0,补第二条正式关系，形成最小学习语境,祈愿；祈祷
1717,retraité,NOM,B1,16.8571,1,1,0,0,0,1,1,1,3,3,P2_single_edge,P2_single_edge|P4_confusable,0,补第二条正式关系，形成最小学习语境,离休；退休人
1718,outre,ADV,B2,16.8034,1,0,1,0,0,1,1,2,3,2,P2_single_edge,P2_single_edge|P4_confusable,0,补第二条正式关系，形成最小学习语境,以外；更远
1719,trajet,NOM,B1,16.7861,1,0,1,0,0,6,1,1,1,1,P2_single_edge,P2_single_edge|P3_bridge|P4_confusable,0,补第二条正式关系，形成最小学习语境,征途；旅程
1720,tonne,NOM,B1,16.6447,1,1,0,0,0,13,1,2,3,0,P2_single_edge,P2_single_edge|P3_bridge|P4_confusable,0,补第二条正式关系，形成最小学习语境,吨
1721,second,NOM,B1,16.6365,1,1,0,0,0,6,1,2,3,2,P2_single_edge,P2_single_edge|P3_bridge|P4_confusable,0,补第二条正式关系，形成最小学习语境,二次；亚军
1722,élection,NOM,B1,16.6221,1,1,0,0,0,4,1,1,2,3,P2_single_edge,P2_single_edge|P3_bridge|P4_confusable,0,补第二条正式关系，形成最小学习语境,选举
1723,évident,ADJ,B1,16.6214,1,0,1,0,0,1,1,1,3,3,P2_single_edge,P2_single_edge|P4_confusable,0,补第二条正式关系，形成最小学习语境,彰明；明摆着
1724,psychologue,NOM,B1,16.5955,1,1,0,0,0,3,1,0,3,3,P2_single_edge,P2_single_edge|P4_confusable,0,补第二条正式关系，形成最小学习语境,心理学家
1725,vieillissement,NOM,B2,16.4764,1,1,0,0,0,1,1,1,3,2,P2_single_edge,P2_single_edge|P4_confusable|P5_b2c1_synset,0,补第二条正式关系，形成最小学习语境,变老；时效
1726,scandale,NOM,B2,16.4508,1,1,0,0,0,5,1,1,3,3,P2_single_edge,P2_single_edge|P3_bridge|P4_confusable|P5_b2c1_synset,0,补第二条正式关系，形成最小学习语境,丑闻；弊案
1727,progressivement,ADV,B1,16.4129,1,0,1,0,0,2,1,1,1,3,P2_single_edge,P2_single_edge|P4_confusable,0,补第二条正式关系，形成最小学习语境,渐进地；逐渐
1728,cérébral,ADJ,B2,16.3307,1,1,0,0,0,5,1,0,0,0,P2_single_edge,P2_single_edge|P3_bridge|P5_b2c1_synset,0,补第二条正式关系，形成最小学习语境,
1729,constamment,ADV,B1,16.3168,1,0,1,0,0,3,1,6,0,2,P2_single_edge,P2_single_edge|P4_confusable,0,补第二条正式关系，形成最小学习语境,不住；不断
1730,publicitaire,ADJ,B1,16.2514,1,1,0,0,0,1,1,0,1,1,P2_single_edge,P2_single_edge|P4_confusable,0,补第二条正式关系，形成最小学习语境,广告公司
1731,profondeur,NOM,B1,16.2266,1,1,0,0,0,7,1,1,3,3,P2_single_edge,P2_single_edge|P3_bridge|P4_confusable,0,补第二条正式关系，形成最小学习语境,底部；水深
1732,bref,ADV,B1,16.1218,1,0,0,1,0,2,1,3,1,2,P2_single_edge,P2_single_edge|P4_confusable,0,补第二条正式关系，形成最小学习语境,总而言之；短暂
1733,pénétrer,VER,B1,16.0094,1,1,0,0,0,7,1,1,2,2,P2_single_edge,P2_single_edge|P3_bridge|P4_confusable,0,补第二条正式关系，形成最小学习语境,洞穿；深入
1734,enfoncer,VER,B2,16.0019,1,1,0,0,0,11,1,1,0,2,P2_single_edge,P2_single_edge|P3_bridge|P4_confusable|P5_b2c1_synset,0,补第二条正式关系，形成最小学习语境,压住；按下
1735,matériel,ADJ,B1,15.9267,1,1,0,0,0,4,1,2,3,3,P2_single_edge,P2_single_edge|P3_bridge|P4_confusable,0,补第二条正式关系，形成最小学习语境,物质；用具
1736,garantir,VER,B2,15.9235,1,1,0,0,0,6,1,1,1,2,P2_single_edge,P2_single_edge|P3_bridge|P4_confusable|P5_b2c1_synset,0,补第二条正式关系，形成最小学习语境,保证；保障
1737,expert,NOM,B2,15.9141,1,1,0,0,0,3,1,1,2,2,P2_single_edge,P2_single_edge|P4_confusable|P5_b2c1_synset,0,补第二条正式关系，形成最小学习语境,一把好手；专业人才
1738,réputation,NOM,B1,15.8511,1,1,0,0,0,3,1,1,0,0,P2_single_edge,P2_single_edge,0,补第二条正式关系，形成最小学习语境,信誉；名声
1739,solliciter,VER,B2,15.8494,1,0,1,0,0,6,1,0,1,0,P2_single_edge,P2_single_edge|P3_bridge|P4_confusable,0,补第二条正式关系，形成最小学习语境,征求；请求
1740,logiciel,NOM,B1,15.7371,1,0,0,1,0,0,0,4,0,3,P2_single_edge,P2_single_edge|P4_confusable,0,补第二条正式关系，形成最小学习语境,电脑软件；计算机软件
1741,vaste,ADJ,B1,15.7356,1,0,1,0,0,3,1,2,2,0,P2_single_edge,P2_single_edge|P4_confusable,0,补第二条正式关系，形成最小学习语境,宏大；宽广
1742,vache,NOM,B1,15.7207,1,0,0,1,0,15,1,0,2,1,P2_single_edge,P2_single_edge|P3_bridge|P4_confusable,0,补第二条正式关系，形成最小学习语境,母牛
1743,fumée,NOM,B1,15.709,1,1,0,0,0,8,1,2,2,3,P2_single_edge,P2_single_edge|P3_bridge|P4_confusable,0,补第二条正式关系，形成最小学习语境,烟气；蒸气
1744,concierge,NOM,B1,15.6615,1,0,1,0,0,3,1,0,2,2,P2_single_edge,P2_single_edge|P4_confusable,0,补第二条正式关系，形成最小学习语境,快嘴；礼宾员
1745,employeur,NOM,B2,15.4984,1,1,0,0,0,1,1,1,2,2,P2_single_edge,P2_single_edge|P4_confusable|P5_b2c1_synset,0,补第二条正式关系，形成最小学习语境,雇主
1746,nucléaire,NOM,B1,15.4874,1,1,0,0,0,1,1,0,1,1,P2_single_edge,P2_single_edge|P4_confusable,0,补第二条正式关系，形成最小学习语境,核子
1747,pompier,NOM,B1,15.3655,1,1,0,0,0,0,0,1,1,1,P2_single_edge,P2_single_edge|P4_confusable,0,补第二条正式关系，形成最小学习语境,
1748,poème,NOM,B1,15.2658,1,0,1,0,0,3,1,3,3,2,P2_single_edge,P2_single_edge|P4_confusable,0,补第二条正式关系，形成最小学习语境,篇什；诗篇
1749,venger,VER,B1,15.2579,1,1,0,0,0,3,1,2,1,0,P2_single_edge,P2_single_edge|P4_confusable,0,补第二条正式关系，形成最小学习语境,报
1750,qualifier,VER,B1,15.1822,1,1,0,0,0,6,1,1,2,1,P2_single_edge,P2_single_edge|P3_bridge|P4_confusable,0,补第二条正式关系，形成最小学习语境,形容
1751,revendiquer,VER,B1,15.1714,1,1,0,0,0,5,1,1,2,3,P2_single_edge,P2_single_edge|P3_bridge|P4_confusable,0,补第二条正式关系，形成最小学习语境,要求
1752,curé,NOM,B1,15.1698,1,0,1,0,0,3,1,1,1,1,P2_single_edge,P2_single_edge|P4_confusable,0,补第二条正式关系，形成最小学习语境,
1753,distribution,NOM,B2,15.1253,1,1,0,0,0,13,1,1,3,2,P2_single_edge,P2_single_edge|P3_bridge|P4_confusable|P5_b2c1_synset,0,补第二条正式关系，形成最小学习语境,分发；分布
1754,loger,VER,B1,15.0209,1,1,0,0,0,0,0,1,2,1,P2_single_edge,P2_single_edge|P4_confusable,0,补第二条正式关系，形成最小学习语境,住宿；寄宿
1755,muet,ADJ,B1,14.9627,1,0,0,1,0,11,1,0,2,1,P2_single_edge,P2_single_edge|P3_bridge|P4_confusable,0,补第二条正式关系，形成最小学习语境,哑巴；无声
1756,explorer,VER,B1,14.8997,1,1,0,0,0,3,1,1,3,3,P2_single_edge,P2_single_edge|P4_confusable,0,补第二条正式关系，形成最小学习语境,勘探；寻摸
1757,empreinte,NOM,B2,14.8855,1,0,1,0,0,7,1,0,2,1,P2_single_edge,P2_single_edge|P3_bridge|P4_confusable,0,补第二条正式关系，形成最小学习语境,印记；烙印
1758,effectivement,ADV,B1,14.8758,1,0,1,0,0,3,1,1,3,2,P2_single_edge,P2_single_edge|P4_confusable,0,补第二条正式关系，形成最小学习语境,实则；实在
1759,solitude,NOM,B2,14.8075,1,0,1,0,0,3,1,0,2,2,P2_single_edge,P2_single_edge|P4_confusable,0,补第二条正式关系，形成最小学习语境,寂寞
1760,justifier,VER,B2,14.7703,1,1,0,0,0,7,1,2,1,0,P2_single_edge,P2_single_edge|P3_bridge|P4_confusable|P5_b2c1_synset,0,补第二条正式关系，形成最小学习语境,辩解
1761,chauffeur,NOM,B2,14.7181,1,1,0,0,0,7,1,1,2,2,P2_single_edge,P2_single_edge|P3_bridge|P4_confusable|P5_b2c1_synset,0,补第二条正式关系，形成最小学习语境,司机；驾驶员
1762,latin,NOM,B2,14.63,1,1,0,0,0,5,1,0,3,3,P2_single_edge,P2_single_edge|P3_bridge|P4_confusable|P5_b2c1_synset,0,补第二条正式关系，形成最小学习语境,拉丁
1763,habituer,VER,B1,14.6129,1,1,0,0,0,4,1,4,3,1,P2_single_edge,P2_single_edge|P3_bridge|P4_confusable,0,补第二条正式关系，形成最小学习语境,习
1764,familier,ADJ,B1,14.5854,1,1,0,0,0,0,0,1,3,3,P2_single_edge,P2_single_edge|P4_confusable,0,补第二条正式关系，形成最小学习语境,亲信；亲切
1765,manche,NOM,B1,14.5662,1,1,0,0,0,15,1,1,3,3,P2_single_edge,P2_single_edge|P3_bridge|P4_confusable,0,补第二条正式关系，形成最小学习语境,把手；把柄
1766,répétition,NOM,B1,14.4992,1,1,0,0,0,7,1,2,2,3,P2_single_edge,P2_single_edge|P3_bridge|P4_confusable,0,补第二条正式关系，形成最小学习语境,复习；练习
1767,carton,NOM,B1,14.3441,1,1,0,0,0,16,1,3,1,0,P2_single_edge,P2_single_edge|P3_bridge|P4_confusable,0,补第二条正式关系，形成最小学习语境,夹子；板纸
1768,souffle,NOM,B1,14.3272,1,0,1,0,0,10,1,0,3,0,P2_single_edge,P2_single_edge|P3_bridge|P4_confusable,0,补第二条正式关系，形成最小学习语境,一吹；一阵
1769,signature,NOM,B2,14.3014,1,1,0,0,0,9,1,1,1,3,P2_single_edge,P2_single_edge|P3_bridge|P4_confusable|P5_b2c1_synset,0,补第二条正式关系，形成最小学习语境,签名；签章
1770,songer,VER,B1,14.2249,1,1,0,0,0,6,1,1,2,1,P2_single_edge,P2_single_edge|P3_bridge|P4_confusable,0,补第二条正式关系，形成最小学习语境,想
1771,arranger,VER,B1,14.1667,1,1,0,0,0,14,1,1,1,3,P2_single_edge,P2_single_edge|P3_bridge|P4_confusable,0,补第二条正式关系，形成最小学习语境,处置；备下
1772,poignée,NOM,B2,14.1063,1,0,1,0,0,7,1,1,2,3,P2_single_edge,P2_single_edge|P3_bridge|P4_confusable,0,补第二条正式关系，形成最小学习语境,手把；把手
1773,grimper,VER,B1,14.0995,1,0,1,0,0,4,1,0,0,1,P2_single_edge,P2_single_edge|P3_bridge|P4_confusable,0,补第二条正式关系，形成最小学习语境,往上爬；攀升
1774,colle,NOM,B2,14.0923,1,1,0,0,0,7,1,1,3,3,P2_single_edge,P2_single_edge|P3_bridge|P4_confusable|P5_b2c1_synset,0,补第二条正式关系，形成最小学习语境,胶水；胶粘剂
1775,ethnique,ADJ,B1,14.0544,1,1,0,0,0,4,1,0,1,1,P2_single_edge,P2_single_edge|P3_bridge|P4_confusable,0,补第二条正式关系，形成最小学习语境,
1776,pousse,NOM,B1,13.9256,1,1,0,0,0,8,1,1,3,3,P2_single_edge,P2_single_edge|P3_bridge|P4_confusable,0,补第二条正式关系，形成最小学习语境,苗；荑
1777,tantôt,ADV,B1,13.9152,1,0,1,0,0,5,1,0,1,1,P2_single_edge,P2_single_edge|P3_bridge|P4_confusable,0,补第二条正式关系，形成最小学习语境,
1778,immédiat,ADJ,B2,13.9017,1,0,1,0,0,0,0,1,1,2,P2_single_edge,P2_single_edge|P4_confusable,0,补第二条正式关系，形成最小学习语境,直接
1779,commande,NOM,B1,13.8963,1,1,0,0,0,4,1,9,3,3,P2_single_edge,P2_single_edge|P3_bridge|P4_confusable,0,补第二条正式关系，形成最小学习语境,下单；订单
1780,dénoncer,VER,B1,13.7796,1,0,1,0,0,5,1,1,3,1,P2_single_edge,P2_single_edge|P3_bridge|P4_confusable,0,补第二条正式关系，形成最小学习语境,举报；声讨
1781,trait,NOM,B2,13.7381,1,0,1,0,0,33,1,0,3,3,P2_single_edge,P2_single_edge|P3_bridge|P4_confusable,0,补第二条正式关系，形成最小学习语境,笔画；线条
1782,romancier,NOM,B1,13.6668,1,1,0,0,0,3,1,5,2,2,P2_single_edge,P2_single_edge|P4_confusable,0,补第二条正式关系，形成最小学习语境,小说家
1783,douloureux,ADJ,B2,13.629,1,1,0,0,0,5,1,1,0,1,P2_single_edge,P2_single_edge|P3_bridge|P4_confusable|P5_b2c1_synset,0,补第二条正式关系，形成最小学习语境,惨痛；苦涩
1784,inférieur,ADJ,B2,13.6147,1,1,0,0,0,5,1,1,1,1,P2_single_edge,P2_single_edge|P3_bridge|P4_confusable|P5_b2c1_synset,0,补第二条正式关系，形成最小学习语境,三流；下三滥
1785,rentrée,NOM,B1,13.6085,1,1,0,0,0,8,1,1,2,3,P2_single_edge,P2_single_edge|P3_bridge|P4_confusable,0,补第二条正式关系，形成最小学习语境,
1786,suspendre,VER,B2,13.5978,1,0,1,0,0,7,1,1,1,2,P2_single_edge,P2_single_edge|P3_bridge|P4_confusable,0,补第二条正式关系，形成最小学习语境,中断；中止
1787,chimie,NOM,B2,13.5885,1,1,0,0,0,0,0,1,1,1,P2_single_edge,P2_single_edge|P4_confusable,0,补第二条正式关系，形成最小学习语境,化学
1788,racisme,NOM,B2,13.5547,1,1,0,0,0,3,1,1,1,1,P2_single_edge,P2_single_edge|P4_confusable|P5_b2c1_synset,0,补第二条正式关系，形成最小学习语境,
1789,description,NOM,B1,13.5124,1,1,0,0,0,5,1,3,2,1,P2_single_edge,P2_single_edge|P3_bridge|P4_confusable,0,补第二条正式关系，形成最小学习语境,写照；说明书
1790,loyer,NOM,B1,13.4237,1,1,0,0,0,5,1,1,2,2,P2_single_edge,P2_single_edge|P3_bridge|P4_confusable,0,补第二条正式关系，形成最小学习语境,房租；租金
1791,thèse,NOM,B2,13.3016,1,0,1,0,0,5,1,4,2,3,P2_single_edge,P2_single_edge|P3_bridge|P4_confusable,0,补第二条正式关系，形成最小学习语境,论文；论文集
1792,définitivement,ADV,B2,13.1313,1,0,1,0,0,3,1,1,2,3,P2_single_edge,P2_single_edge|P4_confusable,0,补第二条正式关系，形成最小学习语境,定然
1793,environnemental,ADJ,B2,13.0775,1,1,0,0,0,1,1,1,1,3,P2_single_edge,P2_single_edge|P4_confusable|P5_b2c1_synset,0,补第二条正式关系，形成最小学习语境,环保型
1794,pétrole,NOM,B2,12.9783,1,1,0,0,0,7,1,1,1,2,P2_single_edge,P2_single_edge|P3_bridge|P4_confusable|P5_b2c1_synset,0,补第二条正式关系，形成最小学习语境,石油
1795,intituler,VER,B1,12.9235,1,1,0,0,0,3,1,2,3,2,P2_single_edge,P2_single_edge|P4_confusable,0,补第二条正式关系，形成最小学习语境,
1796,plaine,NOM,B1,12.8699,1,0,0,1,0,6,1,0,3,3,P2_single_edge,P2_single_edge|P3_bridge|P4_confusable,0,补第二条正式关系，形成最小学习语境,一马平川；平原
1797,aérien,ADJ,B2,12.8463,1,0,0,1,0,3,1,1,2,1,P2_single_edge,P2_single_edge|P4_confusable,0,补第二条正式关系，形成最小学习语境,空中；高架
1798,mélange,NOM,B1,12.8314,1,1,0,0,0,8,1,1,2,2,P2_single_edge,P2_single_edge|P3_bridge|P4_confusable,0,补第二条正式关系，形成最小学习语境,搀兑；混合物
1799,horloge,NOM,B1,12.7332,1,0,1,0,0,3,1,1,3,2,P2_single_edge,P2_single_edge|P4_confusable,0,补第二条正式关系，形成最小学习语境,时钟；计时器
1800,serviette,NOM,B1,12.647,1,0,1,0,0,4,1,1,2,0,P2_single_edge,P2_single_edge|P3_bridge|P4_confusable,0,补第二条正式关系，形成最小学习语境,巾
1801,convivialité,NOM,B1,12.635,1,1,0,0,0,3,1,1,2,2,P2_single_edge,P2_single_edge|P4_confusable,0,补第二条正式关系，形成最小学习语境,
1802,recours,NOM,B1,12.6308,1,1,0,0,0,3,1,2,3,3,P2_single_edge,P2_single_edge|P4_confusable,0,补第二条正式关系，形成最小学习语境,求助
1803,éclat,NOM,B2,12.5803,1,1,0,0,0,9,1,2,2,2,P2_single_edge,P2_single_edge|P3_bridge|P4_confusable|P5_b2c1_synset,0,补第二条正式关系，形成最小学习语境,光彩；光泽
1804,nostalgie,NOM,B2,12.5322,1,1,0,0,0,2,1,1,2,2,P2_single_edge,P2_single_edge|P4_confusable|P5_b2c1_synset,0,补第二条正式关系，形成最小学习语境,乡情；怀旧
1805,mal,ADJ,B1,12.528,1,1,0,0,0,3,1,16,3,3,P2_single_edge,P2_single_edge|P4_confusable,0,补第二条正式关系，形成最小学习语境,弊病；恶事
1806,franchir,VER,B1,12.5186,1,0,1,0,0,5,1,2,1,3,P2_single_edge,P2_single_edge|P3_bridge|P4_confusable,0,补第二条正式关系，形成最小学习语境,穿越；穿过
1807,incapable,ADJ,B1,12.4881,1,0,1,0,0,6,1,1,0,0,P2_single_edge,P2_single_edge|P3_bridge,0,补第二条正式关系，形成最小学习语境,不中用；不行
1808,réaliste,ADJ,B1,12.4649,1,1,0,0,0,2,1,2,2,1,P2_single_edge,P2_single_edge|P4_confusable,0,补第二条正式关系，形成最小学习语境,实际；真切
1809,passe,NOM,B1,12.4182,1,1,0,0,0,22,1,2,3,3,P2_single_edge,P2_single_edge|P3_bridge|P4_confusable,0,补第二条正式关系，形成最小学习语境,传球；赌注
1810,paiement,NOM,B2,12.4177,1,1,0,0,0,2,1,1,1,1,P2_single_edge,P2_single_edge|P4_confusable|P5_b2c1_synset,0,补第二条正式关系，形成最小学习语境,交费；付清
1811,comte,NOM,B2,12.3999,1,1,0,0,0,5,1,1,2,3,P2_single_edge,P2_single_edge|P3_bridge|P4_confusable|P5_b2c1_synset,0,补第二条正式关系，形成最小学习语境,伯爵
1812,principalement,ADV,B1,12.3958,1,0,1,0,0,1,1,0,2,3,P2_single_edge,P2_single_edge|P4_confusable,0,补第二条正式关系，形成最小学习语境,
1813,tailleur,NOM,B1,12.3427,1,1,0,0,0,3,1,1,2,3,P2_single_edge,P2_single_edge|P4_confusable,0,补第二条正式关系，形成最小学习语境,裁缝；裁缝师
1814,nécessiter,VER,B2,12.2998,1,0,1,0,0,3,1,2,2,3,P2_single_edge,P2_single_edge|P4_confusable,0,补第二条正式关系，形成最小学习语境,需要
1815,varié,ADJ,B1,12.295,1,1,0,0,0,3,1,6,3,3,P2_single_edge,P2_single_edge|P4_confusable,0,补第二条正式关系，形成最小学习语境,不同；种种
1816,miracle,NOM,B1,12.2138,1,1,0,0,0,8,1,1,2,3,P2_single_edge,P2_single_edge|P3_bridge|P4_confusable,0,补第二条正式关系，形成最小学习语境,奇迹；神功
1817,signaler,VER,B1,12.115,1,1,0,0,0,4,1,1,1,2,P2_single_edge,P2_single_edge|P3_bridge|P4_confusable,0,补第二条正式关系，形成最小学习语境,指示；提示
1818,quête,NOM,B1,12.0983,1,0,1,0,0,6,1,6,2,2,P2_single_edge,P2_single_edge|P3_bridge|P4_confusable,0,补第二条正式关系，形成最小学习语境,
1819,recenser,VER,B2,12.0813,1,1,0,0,0,2,1,1,3,3,P2_single_edge,P2_single_edge|P4_confusable|P5_b2c1_synset,0,补第二条正式关系，形成最小学习语境,
1820,opérer,VER,B1,12.0808,1,1,0,0,0,8,1,6,3,2,P2_single_edge,P2_single_edge|P3_bridge|P4_confusable,0,补第二条正式关系，形成最小学习语境,操作；运作
1821,confronter,VER,B2,12.043,1,1,0,0,0,5,1,1,2,2,P2_single_edge,P2_single_edge|P3_bridge|P4_confusable|P5_b2c1_synset,0,补第二条正式关系，形成最小学习语境,对敌；对照
1822,pénible,ADJ,B1,12.0417,1,0,1,0,0,3,1,4,0,0,P2_single_edge,P2_single_edge,0,补第二条正式关系，形成最小学习语境,凄然；吃力
1823,perspective,NOM,B2,12.041,1,0,1,0,0,7,1,1,1,0,P2_single_edge,P2_single_edge|P3_bridge|P4_confusable,0,补第二条正式关系，形成最小学习语境,前景；前瞻
1824,ressentir,VER,B1,12.0131,1,1,0,0,0,3,1,1,3,3,P2_single_edge,P2_single_edge|P4_confusable,0,补第二条正式关系，形成最小学习语境,感受；触感
1825,cancer,NOM,B2,11.9903,1,1,0,0,0,4,1,2,3,2,P2_single_edge,P2_single_edge|P3_bridge|P4_confusable|P5_b2c1_synset,0,补第二条正式关系，形成最小学习语境,巨蟹；巨蟹座
1826,extérieur,ADJ,B1,11.905,1,0,0,1,0,4,1,1,2,3,P2_single_edge,P2_single_edge|P3_bridge|P4_confusable,0,补第二条正式关系，形成最小学习语境,向外；国外
1827,reproduction,NOM,B2,11.8869,1,1,0,0,0,9,1,1,3,2,P2_single_edge,P2_single_edge|P3_bridge|P4_confusable|P5_b2c1_synset,0,补第二条正式关系，形成最小学习语境,生殖；繁殖
1828,bruire,VER,B1,11.8548,1,1,0,0,0,2,1,3,2,3,P2_single_edge,P2_single_edge|P4_confusable,0,补第二条正式关系，形成最小学习语境,
1829,révolutionnaire,ADJ,B1,11.8489,1,1,0,0,0,4,1,1,3,3,P2_single_edge,P2_single_edge|P3_bridge|P4_confusable,0,补第二条正式关系，形成最小学习语境,革命；革命性
1830,claquer,VER,B2,11.8006,1,1,0,0,0,9,1,1,3,3,P2_single_edge,P2_single_edge|P3_bridge|P4_confusable|P5_b2c1_synset,0,补第二条正式关系，形成最小学习语境,猛力
1831,méfier,VER,B1,11.7575,1,1,0,0,0,0,0,1,2,3,P2_single_edge,P2_single_edge|P4_confusable,0,补第二条正式关系，形成最小学习语境,不信任
1832,cracher,VER,B1,11.7304,1,0,0,1,0,7,1,0,3,2,P2_single_edge,P2_single_edge|P3_bridge|P4_confusable,0,补第二条正式关系，形成最小学习语境,吐出
1833,forcer,VER,B1,11.726,1,1,0,0,0,15,1,2,3,3,P2_single_edge,P2_single_edge|P3_bridge|P4_confusable,0,补第二条正式关系，形成最小学习语境,勉强；勒令
1834,statistique,NOM,B2,11.6762,1,1,0,0,0,5,1,0,2,2,P2_single_edge,P2_single_edge|P3_bridge|P4_confusable|P5_b2c1_synset,0,补第二条正式关系，形成最小学习语境,统计；统计学
1835,propriétaire,ADJ,B1,11.6627,1,1,0,0,0,2,1,0,2,0,P2_single_edge,P2_single_edge|P4_confusable,0,补第二条正式关系，形成最小学习语境,业主；主人
1836,inquiétant,ADJ,B1,11.6154,1,0,0,1,0,1,1,2,2,1,P2_single_edge,P2_single_edge|P4_confusable,0,补第二条正式关系，形成最小学习语境,不祥；可虑
1837,candidature,NOM,B1,11.6099,1,0,1,0,0,2,1,1,1,1,P2_single_edge,P2_single_edge|P4_confusable,0,补第二条正式关系，形成最小学习语境,
1838,liaison,NOM,B2,11.5979,1,1,0,0,0,17,1,1,0,2,P2_single_edge,P2_single_edge|P3_bridge|P4_confusable|P5_b2c1_synset,0,补第二条正式关系，形成最小学习语境,绑定；联系
1839,drap,NOM,B1,11.5834,1,0,1,0,0,3,1,1,2,2,P2_single_edge,P2_single_edge|P4_confusable,0,补第二条正式关系，形成最小学习语境,帷幔
1840,décourager,VER,B1,11.5698,1,0,1,0,0,1,1,1,3,1,P2_single_edge,P2_single_edge|P4_confusable,0,补第二条正式关系，形成最小学习语境,失望
1841,éveiller,VER,B1,11.5615,1,1,0,0,0,9,1,2,2,1,P2_single_edge,P2_single_edge|P3_bridge|P4_confusable,0,补第二条正式关系，形成最小学习语境,启发；唤起
1842,émerveiller,VER,B1,11.5352,1,1,0,0,0,2,1,1,3,3,P2_single_edge,P2_single_edge|P4_confusable,0,补第二条正式关系，形成最小学习语境,
1843,coupable,NOM,B2,11.5044,1,1,0,0,0,1,1,3,1,1,P2_single_edge,P2_single_edge|P4_confusable|P5_b2c1_synset,0,补第二条正式关系，形成最小学习语境,主犯；罪人
1844,clef,NOM,B1,11.4962,1,0,1,0,0,1,1,2,2,2,P2_single_edge,P2_single_edge|P4_confusable,0,补第二条正式关系，形成最小学习语境,关键；密钥
1845,chimique,ADJ,B2,11.4733,1,1,0,0,0,2,1,1,1,1,P2_single_edge,P2_single_edge|P4_confusable|P5_b2c1_synset,0,补第二条正式关系，形成最小学习语境,
1846,difficilement,ADV,B1,11.4647,1,0,0,1,0,2,1,1,0,0,P2_single_edge,P2_single_edge,0,补第二条正式关系，形成最小学习语境,
1847,instituteur,NOM,B2,11.3855,1,1,0,0,0,1,1,1,1,0,P2_single_edge,P2_single_edge|P4_confusable|P5_b2c1_synset,0,补第二条正式关系，形成最小学习语境,教师；教职员
1848,surnommer,VER,B2,11.3759,1,1,0,0,0,1,1,1,2,1,P2_single_edge,P2_single_edge|P4_confusable|P5_b2c1_synset,0,补第二条正式关系，形成最小学习语境,
1849,net,ADJ,B2,11.3323,1,0,0,1,0,11,1,2,2,2,P2_single_edge,P2_single_edge|P3_bridge|P4_confusable,0,补第二条正式关系，形成最小学习语境,一下子；乾净
1850,résulter,VER,B2,11.33,1,1,0,0,0,2,1,1,0,1,P2_single_edge,P2_single_edge|P4_confusable|P5_b2c1_synset,0,补第二条正式关系，形成最小学习语境,
1851,virus,NOM,B2,11.3178,1,1,0,0,0,8,1,1,3,1,P2_single_edge,P2_single_edge|P3_bridge|P4_confusable|P5_b2c1_synset,0,补第二条正式关系，形成最小学习语境,病毒
1852,mordre,VER,B1,11.3089,1,0,1,0,0,14,1,1,2,2,P2_single_edge,P2_single_edge|P3_bridge|P4_confusable,0,补第二条正式关系，形成最小学习语境,咬牙；夹住
1853,logique,NOM,B2,11.2866,1,1,0,0,0,5,1,1,3,3,P2_single_edge,P2_single_edge|P3_bridge|P4_confusable|P5_b2c1_synset,0,补第二条正式关系，形成最小学习语境,眉目；逻辑
1854,insolite,ADJ,B1,11.2562,1,0,0,1,0,1,1,0,3,2,P2_single_edge,P2_single_edge|P4_confusable,0,补第二条正式关系，形成最小学习语境,奇异；诡异
1855,brancher,VER,B1,11.2444,1,1,0,0,0,8,1,1,2,3,P2_single_edge,P2_single_edge|P3_bridge|P4_confusable,0,补第二条正式关系，形成最小学习语境,插上；插入
1856,mériter,VER,B1,11.2168,1,1,0,0,0,6,1,1,3,1,P2_single_edge,P2_single_edge|P3_bridge|P4_confusable,0,补第二条正式关系，形成最小学习语境,不愧；值得
1857,mépris,NOM,B2,11.185,1,1,0,0,0,3,1,1,3,3,P2_single_edge,P2_single_edge|P4_confusable|P5_b2c1_synset,0,补第二条正式关系，形成最小学习语境,
1858,impatience,NOM,B2,11.1784,1,0,0,1,0,3,1,1,2,3,P2_single_edge,P2_single_edge|P4_confusable,0,补第二条正式关系，形成最小学习语境,不耐烦
1859,épidémie,NOM,B2,11.0992,1,0,1,0,0,3,1,2,1,1,P2_single_edge,P2_single_edge|P4_confusable,0,补第二条正式关系，形成最小学习语境,疫；瘟
1860,délai,NOM,B1,11.0847,1,0,1,0,0,1,1,4,1,2,P2_single_edge,P2_single_edge|P4_confusable,0,补第二条正式关系，形成最小学习语境,时间；时限
1861,impressionnant,ADJ,B1,11.0422,1,1,0,0,0,1,1,1,1,1,P2_single_edge,P2_single_edge|P4_confusable,0,补第二条正式关系，形成最小学习语境,客观；惊心动魄
1862,record,NOM,B1,11.0367,1,0,1,0,0,4,1,0,1,0,P2_single_edge,P2_single_edge|P3_bridge|P4_confusable,0,补第二条正式关系，形成最小学习语境,纪录；记录
1863,anonyme,ADJ,B2,11.0188,1,0,0,1,0,3,1,0,3,3,P2_single_edge,P2_single_edge|P4_confusable,0,补第二条正式关系，形成最小学习语境,不记名；无名
1864,portée,NOM,B1,10.9492,1,1,0,0,0,12,1,1,2,1,P2_single_edge,P2_single_edge|P3_bridge|P4_confusable,0,补第二条正式关系，形成最小学习语境,意义；跨度
1865,nord,ADJ,B1,10.9413,1,0,0,1,0,1,1,0,1,0,P2_single_edge,P2_single_edge|P4_confusable,0,补第二条正式关系，形成最小学习语境,北国；北方
1866,vote,NOM,B1,10.9199,1,1,0,0,0,4,1,1,1,1,P2_single_edge,P2_single_edge|P3_bridge|P4_confusable,0,补第二条正式关系，形成最小学习语境,投票
1867,plainte,NOM,B1,10.8889,1,1,0,0,0,3,1,2,3,2,P2_single_edge,P2_single_edge|P4_confusable,0,补第二条正式关系，形成最小学习语境,不平；呻吟
1868,triomphe,NOM,B2,10.8047,1,1,0,0,0,9,1,2,2,3,P2_single_edge,P2_single_edge|P3_bridge|P4_confusable|P5_b2c1_synset,0,补第二条正式关系，形成最小学习语境,捷
1869,réveil,NOM,B2,10.7946,1,0,1,0,0,12,1,1,2,2,P2_single_edge,P2_single_edge|P3_bridge|P4_confusable,0,补第二条正式关系，形成最小学习语境,起床；闹钟
1870,personnellement,ADV,B2,10.6787,1,0,1,0,0,2,1,1,2,2,P2_single_edge,P2_single_edge|P4_confusable,0,补第二条正式关系，形成最小学习语境,亲口；亲自
1871,patient,NOM,B2,10.6587,1,0,0,1,0,4,1,3,3,3,P2_single_edge,P2_single_edge|P3_bridge|P4_confusable,0,补第二条正式关系，形成最小学习语境,患者；耐心
1872,troupe,NOM,B1,10.6468,1,0,1,0,0,7,1,1,3,2,P2_single_edge,P2_single_edge|P3_bridge|P4_confusable,0,补第二条正式关系，形成最小学习语境,军
1873,influencer,VER,B2,10.6397,1,1,0,0,0,2,1,1,3,3,P2_single_edge,P2_single_edge|P4_confusable|P5_b2c1_synset,0,补第二条正式关系，形成最小学习语境,影响；感化
1874,ailler,VER,B1,10.6133,1,1,0,0,0,1,1,1,3,1,P2_single_edge,P2_single_edge|P4_confusable,0,补第二条正式关系，形成最小学习语境,
1875,sagesse,NOM,B2,10.6022,1,0,0,1,0,9,1,2,0,1,P2_single_edge,P2_single_edge|P3_bridge|P4_confusable,0,补第二条正式关系，形成最小学习语境,心智；智慧
1876,normalement,ADV,B1,10.5267,1,0,0,1,0,2,1,1,3,3,P2_single_edge,P2_single_edge|P4_confusable,0,补第二条正式关系，形成最小学习语境,平时；按说
1877,précarité,NOM,B2,10.5184,1,1,0,0,0,2,1,1,1,0,P2_single_edge,P2_single_edge|P4_confusable|P5_b2c1_synset,0,补第二条正式关系，形成最小学习语境,
1878,inaugurer,VER,B1,10.5165,1,1,0,0,0,3,1,1,1,1,P2_single_edge,P2_single_edge|P4_confusable,0,补第二条正式关系，形成最小学习语境,开幕；揭幕
1879,pauvreté,NOM,B1,10.4758,1,1,0,0,0,0,0,1,2,1,P2_single_edge,P2_single_edge|P4_confusable,0,补第二条正式关系，形成最小学习语境,穷苦；贫乏
1880,modernité,NOM,B2,10.4325,1,1,0,0,0,2,1,2,2,3,P2_single_edge,P2_single_edge|P4_confusable|P5_b2c1_synset,0,补第二条正式关系，形成最小学习语境,
1881,chercheur,ADJ,B2,10.3892,1,1,0,0,0,1,1,1,2,1,P2_single_edge,P2_single_edge|P4_confusable|P5_b2c1_synset,0,补第二条正式关系，形成最小学习语境,研究人员；研究员
1882,enseignant,NOM,B2,10.373,1,1,0,0,0,1,1,1,3,3,P2_single_edge,P2_single_edge|P4_confusable|P5_b2c1_synset,0,补第二条正式关系，形成最小学习语境,师尊；教员
1883,valoriser,VER,B2,10.3727,1,0,0,1,0,3,1,1,2,3,P2_single_edge,P2_single_edge|P4_confusable,0,补第二条正式关系，形成最小学习语境,计价
1884,expansion,NOM,B2,10.3039,1,1,0,0,0,6,1,1,3,1,P2_single_edge,P2_single_edge|P3_bridge|P4_confusable|P5_b2c1_synset,0,补第二条正式关系，形成最小学习语境,扩展；扩张
1885,supplier,VER,B1,10.277,1,0,1,0,0,2,1,1,3,3,P2_single_edge,P2_single_edge|P4_confusable,0,补第二条正式关系，形成最小学习语境,乞求；哀求
1886,sculpteur,NOM,B1,10.249,1,1,0,0,0,2,1,1,1,3,P2_single_edge,P2_single_edge|P4_confusable,0,补第二条正式关系，形成最小学习语境,
1887,performance,NOM,B2,10.2125,1,0,1,0,0,8,1,1,1,1,P2_single_edge,P2_single_edge|P3_bridge|P4_confusable,0,补第二条正式关系，形成最小学习语境,业绩；功绩
1888,dépit,NOM,B2,10.0962,1,0,1,0,0,1,1,0,1,1,P2_single_edge,P2_single_edge|P4_confusable,0,补第二条正式关系，形成最小学习语境,
1889,intriguer,VER,B1,10.06,1,1,0,0,0,4,1,1,3,1,P2_single_edge,P2_single_edge|P3_bridge|P4_confusable,0,补第二条正式关系，形成最小学习语境,图谋
1890,échec,NOM,B1,10.0062,1,0,1,0,0,5,1,0,1,1,P2_single_edge,P2_single_edge|P3_bridge|P4_confusable,0,补第二条正式关系，形成最小学习语境,不及格；挫折
1891,bactérie,NOM,B2,9.9758,1,1,0,0,0,3,1,1,2,1,P2_single_edge,P2_single_edge|P4_confusable|P5_b2c1_synset,0,补第二条正式关系，形成最小学习语境,病菌；细菌
1892,charte,NOM,B2,9.9532,1,0,1,0,0,4,1,1,3,1,P2_single_edge,P2_single_edge|P3_bridge|P4_confusable,0,补第二条正式关系，形成最小学习语境,
1893,fidèle,NOM,B2,9.933,1,0,1,0,0,2,1,2,3,3,P2_single_edge,P2_single_edge|P4_confusable,0,补第二条正式关系，形成最小学习语境,不渝；信徒
1894,costumer,VER,B2,9.8936,1,1,0,0,0,1,1,1,2,1,P2_single_edge,P2_single_edge|P4_confusable|P5_b2c1_synset,0,补第二条正式关系，形成最小学习语境,
1895,prestigieux,ADJ,B1,9.8842,1,1,0,0,0,2,1,0,3,1,P2_single_edge,P2_single_edge|P4_confusable,0,补第二条正式关系，形成最小学习语境,烜赫
1896,prélever,VER,B2,9.8315,1,1,0,0,0,2,1,2,2,0,P2_single_edge,P2_single_edge|P4_confusable|P5_b2c1_synset,0,补第二条正式关系，形成最小学习语境,征；徵
1897,photographier,VER,B1,9.8243,1,1,0,0,0,0,0,0,2,3,P2_single_edge,P2_single_edge|P4_confusable,0,补第二条正式关系，形成最小学习语境,拍照；摄取
1898,cardinal,NOM,B2,9.7774,1,0,1,0,0,12,1,0,3,1,P2_single_edge,P2_single_edge|P3_bridge|P4_confusable,0,补第二条正式关系，形成最小学习语境,
1899,taureau,NOM,B1,9.7239,1,0,0,1,0,5,1,1,2,3,P2_single_edge,P2_single_edge|P3_bridge|P4_confusable,0,补第二条正式关系，形成最小学习语境,公牛；金牛座
1900,ouvrier,ADJ,B1,9.7093,1,0,1,0,0,2,1,1,1,2,P2_single_edge,P2_single_edge|P4_confusable,0,补第二条正式关系，形成最小学习语境,劳工；员工
1901,interprétation,NOM,B2,9.6738,1,1,0,0,0,3,1,1,2,2,P2_single_edge,P2_single_edge|P4_confusable|P5_b2c1_synset,0,补第二条正式关系，形成最小学习语境,口译；演绎
1902,polir,VER,B2,9.6415,1,1,0,0,0,5,1,4,3,3,P2_single_edge,P2_single_edge|P3_bridge|P4_confusable|P5_b2c1_synset,0,补第二条正式关系，形成最小学习语境,修饰；打磨
1903,déplaire,VER,B2,9.6176,1,0,0,1,0,3,1,1,1,1,P2_single_edge,P2_single_edge|P4_confusable,0,补第二条正式关系，形成最小学习语境,
1904,pêcheur,NOM,B2,9.6077,1,1,0,0,0,1,1,1,1,1,P2_single_edge,P2_single_edge|P4_confusable|P5_b2c1_synset,0,补第二条正式关系，形成最小学习语境,海人；渔人
1905,organe,NOM,B2,9.5993,1,1,0,0,0,0,0,4,1,1,P2_single_edge,P2_single_edge|P4_confusable,0,补第二条正式关系，形成最小学习语境,器官；机关
1906,routier,ADJ,B1,9.5687,1,1,0,0,0,1,1,1,3,1,P2_single_edge,P2_single_edge|P4_confusable,0,补第二条正式关系，形成最小学习语境,
1907,définitif,ADJ,B2,9.5543,1,1,0,0,0,1,1,1,2,3,P2_single_edge,P2_single_edge|P4_confusable|P5_b2c1_synset,0,补第二条正式关系，形成最小学习语境,
1908,bourse,NOM,B2,9.5459,1,0,1,0,0,11,1,2,2,2,P2_single_edge,P2_single_edge|P3_bridge|P4_confusable,0,补第二条正式关系，形成最小学习语境,交易所；助学金
1909,coupole,NOM,B2,9.5295,1,0,1,0,0,6,1,0,0,1,P2_single_edge,P2_single_edge|P3_bridge|P4_confusable,0,补第二条正式关系，形成最小学习语境,
1910,gâcher,VER,B1,9.5107,1,0,1,0,0,4,1,0,1,0,P2_single_edge,P2_single_edge|P3_bridge|P4_confusable,0,补第二条正式关系，形成最小学习语境,搞乱；搞砸
1911,téléphonique,ADJ,B1,9.4674,1,1,0,0,0,2,1,1,3,2,P2_single_edge,P2_single_edge|P4_confusable,0,补第二条正式关系，形成最小学习语境,
1912,librement,ADV,B1,9.4534,1,0,0,1,0,1,1,1,3,3,P2_single_edge,P2_single_edge|P4_confusable,0,补第二条正式关系，形成最小学习语境,大肆；纵横
1913,pic,NOM,B1,9.4514,1,1,0,0,0,10,1,1,0,3,P2_single_edge,P2_single_edge|P3_bridge|P4_confusable,0,补第二条正式关系，形成最小学习语境,山峰；巅峰
1914,fonctionnaire,NOM,B1,9.4436,1,1,0,0,0,2,1,1,1,3,P2_single_edge,P2_single_edge|P4_confusable,0,补第二条正式关系，形成最小学习语境,官吏；官员
1915,prétexte,NOM,B2,9.4131,1,0,1,0,0,3,1,0,2,1,P2_single_edge,P2_single_edge|P4_confusable,0,补第二条正式关系，形成最小学习语境,借口；幌子
1916,cachette,NOM,B1,9.4069,1,1,0,0,0,3,1,1,2,0,P2_single_edge,P2_single_edge|P4_confusable,0,补第二条正式关系，形成最小学习语境,隐藏
1917,quarantaine,NOM,B2,9.3954,1,0,1,0,0,7,1,0,0,3,P2_single_edge,P2_single_edge|P3_bridge|P4_confusable,0,补第二条正式关系，形成最小学习语境,检疫；质检
1918,vidéo,NOM,B2,9.3463,1,1,0,0,0,2,1,0,3,2,P2_single_edge,P2_single_edge|P4_confusable|P5_b2c1_synset,0,补第二条正式关系，形成最小学习语境,视讯；视频
1919,onde,NOM,B2,9.3332,1,0,1,0,0,6,1,3,2,1,P2_single_edge,P2_single_edge|P3_bridge|P4_confusable,0,补第二条正式关系，形成最小学习语境,波；浪
1920,bloquer,VER,B2,9.2831,1,1,0,0,0,9,1,1,2,0,P2_single_edge,P2_single_edge|P3_bridge|P4_confusable|P5_b2c1_synset,0,补第二条正式关系，形成最小学习语境,冻结；卡住
1921,bouleversement,NOM,B2,9.2826,1,1,0,0,0,1,1,1,3,2,P2_single_edge,P2_single_edge|P4_confusable|P5_b2c1_synset,0,补第二条正式关系，形成最小学习语境,丕变
1922,crédit,NOM,B2,9.2696,1,0,1,0,0,13,1,1,2,2,P2_single_edge,P2_single_edge|P3_bridge|P4_confusable,0,补第二条正式关系，形成最小学习语境,信用；信贷
1923,poumon,NOM,B1,9.2012,1,0,1,0,0,3,1,0,0,0,P2_single_edge,P2_single_edge,0,补第二条正式关系，形成最小学习语境,肺部
1924,incendie,NOM,B1,9.1834,1,1,0,0,0,4,1,1,2,2,P2_single_edge,P2_single_edge|P3_bridge|P4_confusable,0,补第二条正式关系，形成最小学习语境,火灾
1925,avertir,VER,B1,9.1419,1,0,1,0,0,3,1,1,3,3,P2_single_edge,P2_single_edge|P4_confusable,0,补第二条正式关系，形成最小学习语境,告诫；嘱咐
1926,derrière,ADV,B1,9.0958,1,0,0,1,0,1,1,0,1,1,P2_single_edge,P2_single_edge|P4_confusable,0,补第二条正式关系，形成最小学习语境,后头；后面
1927,sourcil,NOM,B1,9.0882,1,1,0,0,0,2,1,1,3,2,P2_single_edge,P2_single_edge|P4_confusable,0,补第二条正式关系，形成最小学习语境,眉头；眉毛
1928,centrale,NOM,B2,9.0628,1,1,0,0,0,6,1,1,1,2,P2_single_edge,P2_single_edge|P3_bridge|P4_confusable|P5_b2c1_synset,0,补第二条正式关系，形成最小学习语境,发电厂
1929,définition,NOM,B2,9.059,1,1,0,0,0,4,1,1,2,3,P2_single_edge,P2_single_edge|P3_bridge|P4_confusable|P5_b2c1_synset,0,补第二条正式关系，形成最小学习语境,定义；清晰度
1930,passeport,NOM,B1,9.0473,1,0,1,0,0,4,1,2,0,0,P2_single_edge,P2_single_edge|P3_bridge,0,补第二条正式关系，形成最小学习语境,护照
1931,colonial,ADJ,B2,8.9846,1,1,0,0,0,1,1,1,2,3,P2_single_edge,P2_single_edge|P4_confusable|P5_b2c1_synset,0,补第二条正式关系，形成最小学习语境,
1932,préoccupation,NOM,B2,8.9647,1,1,0,0,0,2,1,1,3,2,P2_single_edge,P2_single_edge|P4_confusable|P5_b2c1_synset,0,补第二条正式关系，形成最小学习语境,
1933,noce,NOM,B2,8.9568,1,0,1,0,0,4,1,0,3,0,P2_single_edge,P2_single_edge|P3_bridge|P4_confusable,0,补第二条正式关系，形成最小学习语境,婚宴
1934,emplacement,NOM,B1,8.921,1,1,0,0,0,3,1,1,2,3,P2_single_edge,P2_single_edge|P4_confusable,0,补第二条正式关系，形成最小学习语境,厂址；外景
1935,mobile,NOM,B2,8.9194,1,1,0,0,0,0,0,11,1,2,P2_single_edge,P2_single_edge|P4_confusable,0,补第二条正式关系，形成最小学习语境,床铃；活动
1936,suivi,NOM,B2,8.9039,1,1,0,0,0,2,1,1,2,3,P2_single_edge,P2_single_edge|P4_confusable|P5_b2c1_synset,0,补第二条正式关系，形成最小学习语境,后续；心理咨询
1937,cinquantaine,NOM,B1,8.9032,1,0,1,0,0,4,1,1,3,0,P2_single_edge,P2_single_edge|P3_bridge|P4_confusable,0,补第二条正式关系，形成最小学习语境,半百
1938,pitié,NOM,B1,8.8926,1,0,1,0,0,4,1,1,0,2,P2_single_edge,P2_single_edge|P3_bridge|P4_confusable,0,补第二条正式关系，形成最小学习语境,哀；恻
1939,au-dessous,ADV,B1,8.8848,1,0,0,1,0,3,1,0,3,3,P2_single_edge,P2_single_edge|P4_confusable,0,补第二条正式关系，形成最小学习语境,下方；下面
1940,slogan,NOM,B2,8.8581,1,0,1,0,0,3,1,0,0,3,P2_single_edge,P2_single_edge|P4_confusable,0,补第二条正式关系，形成最小学习语境,口号；标语
1941,crâne,NOM,B2,8.833,1,1,0,0,0,6,1,0,2,1,P2_single_edge,P2_single_edge|P3_bridge|P4_confusable|P5_b2c1_synset,0,补第二条正式关系，形成最小学习语境,头颅；头骨
1942,fossé,NOM,B1,8.8268,1,1,0,0,0,4,1,1,3,3,P2_single_edge,P2_single_edge|P3_bridge|P4_confusable,0,补第二条正式关系，形成最小学习语境,罅隙
1943,historien,NOM,B2,8.8028,1,1,0,0,0,3,1,1,2,0,P2_single_edge,P2_single_edge|P4_confusable|P5_b2c1_synset,0,补第二条正式关系，形成最小学习语境,历史学家
1944,tribu,NOM,B2,8.8011,1,0,1,0,0,8,1,0,2,3,P2_single_edge,P2_single_edge|P3_bridge|P4_confusable,0,补第二条正式关系，形成最小学习语境,族人；部落
1945,révélation,NOM,B1,8.78,1,1,0,0,0,9,1,0,2,2,P2_single_edge,P2_single_edge|P3_bridge|P4_confusable,0,补第二条正式关系，形成最小学习语境,启示；天启
1946,contradictoire,ADJ,B2,8.7699,1,1,0,0,0,3,1,2,3,3,P2_single_edge,P2_single_edge|P4_confusable|P5_b2c1_synset,0,补第二条正式关系，形成最小学习语境,矛盾
1947,révolter,VER,B2,8.7567,1,1,0,0,0,2,1,1,3,2,P2_single_edge,P2_single_edge|P4_confusable|P5_b2c1_synset,0,补第二条正式关系，形成最小学习语境,造反
1948,temple,NOM,B1,8.7359,1,0,1,0,0,14,1,0,1,2,P2_single_edge,P2_single_edge|P3_bridge|P4_confusable,0,补第二条正式关系，形成最小学习语境,寺庙；庙堂
1949,tri,NOM,B1,8.7228,1,1,0,0,0,3,1,1,2,1,P2_single_edge,P2_single_edge|P4_confusable,0,补第二条正式关系，形成最小学习语境,三项
1950,carbone,NOM,B2,8.6798,1,1,0,0,0,4,1,3,3,1,P2_single_edge,P2_single_edge|P3_bridge|P4_confusable|P5_b2c1_synset,0,补第二条正式关系，形成最小学习语境,碳
1951,physique,NOM,B1,8.679,1,1,0,0,0,4,1,1,3,3,P2_single_edge,P2_single_edge|P3_bridge|P4_confusable,0,补第二条正式关系，形成最小学习语境,体魄；外貌
1952,décrocher,VER,B1,8.677,1,0,0,1,0,10,1,0,0,2,P2_single_edge,P2_single_edge|P3_bridge|P4_confusable,0,补第二条正式关系，形成最小学习语境,
1953,instance,NOM,B2,8.6717,1,0,1,0,0,8,1,1,2,2,P2_single_edge,P2_single_edge|P3_bridge|P4_confusable,0,补第二条正式关系，形成最小学习语境,
1954,règne,NOM,B1,8.669,1,1,0,0,0,5,1,1,2,1,P2_single_edge,P2_single_edge|P3_bridge|P4_confusable,0,补第二条正式关系，形成最小学习语境,
1955,maximum,ADJ,B2,8.6514,1,0,1,0,0,0,0,0,3,3,P2_single_edge,P2_single_edge|P4_confusable,0,补第二条正式关系，形成最小学习语境,最大
1956,journalisme,NOM,B2,8.6427,1,1,0,0,0,2,1,1,3,3,P2_single_edge,P2_single_edge|P4_confusable|P5_b2c1_synset,0,补第二条正式关系，形成最小学习语境,新闻学
1957,oriental,ADJ,B2,8.6326,1,0,0,1,0,8,1,1,3,3,P2_single_edge,P2_single_edge|P3_bridge|P4_confusable,0,补第二条正式关系，形成最小学习语境,东方；东方人
1958,sélectif,ADJ,B1,8.6283,1,1,0,0,0,2,1,0,2,1,P2_single_edge,P2_single_edge|P4_confusable,0,补第二条正式关系，形成最小学习语境,选择性
1959,efforcer,VER,B2,8.6209,1,1,0,0,0,2,1,1,1,3,P2_single_edge,P2_single_edge|P4_confusable|P5_b2c1_synset,0,补第二条正式关系，形成最小学习语境,力求；努力
1960,constat,NOM,B2,8.5927,1,1,0,0,0,2,1,1,2,3,P2_single_edge,P2_single_edge|P4_confusable|P5_b2c1_synset,0,补第二条正式关系，形成最小学习语境,笔录
1961,restauration,NOM,B1,8.582,1,0,0,1,0,7,1,0,3,1,P2_single_edge,P2_single_edge|P3_bridge|P4_confusable,0,补第二条正式关系，形成最小学习语境,中兴；再造
1962,libraire,NOM,B2,8.5697,1,1,0,0,0,1,1,1,3,2,P2_single_edge,P2_single_edge|P4_confusable|P5_b2c1_synset,0,补第二条正式关系，形成最小学习语境,书局
1963,aise,NOM,B1,8.5523,1,1,0,0,0,3,1,3,2,1,P2_single_edge,P2_single_edge|P4_confusable,0,补第二条正式关系，形成最小学习语境,
1964,envelopper,VER,B1,8.5479,1,1,0,0,0,4,1,1,1,1,P2_single_edge,P2_single_edge|P3_bridge|P4_confusable,0,补第二条正式关系，形成最小学习语境,包住；包裹
1965,décalage,NOM,B2,8.5188,1,1,0,0,0,4,1,1,1,3,P2_single_edge,P2_single_edge|P3_bridge|P4_confusable|P5_b2c1_synset,0,补第二条正式关系，形成最小学习语境,
1966,exact,ADJ,B1,8.5057,1,0,1,0,0,7,1,1,1,1,P2_single_edge,P2_single_edge|P3_bridge|P4_confusable,0,补第二条正式关系，形成最小学习语境,准确；确切
1967,paradoxalement,ADV,B2,8.4959,1,1,0,0,0,1,1,0,2,2,P2_single_edge,P2_single_edge|P4_confusable|P5_b2c1_synset,0,补第二条正式关系，形成最小学习语境,
1968,législation,NOM,B2,8.4957,1,1,0,0,0,3,1,4,1,1,P2_single_edge,P2_single_edge|P4_confusable|P5_b2c1_synset,0,补第二条正式关系，形成最小学习语境,立法
1969,transparence,NOM,B2,8.4749,1,1,0,0,0,2,1,1,1,1,P2_single_edge,P2_single_edge|P4_confusable|P5_b2c1_synset,0,补第二条正式关系，形成最小学习语境,透明度
1970,intermédiaire,NOM,B2,8.4673,1,0,1,0,0,4,1,0,1,1,P2_single_edge,P2_single_edge|P3_bridge|P4_confusable,0,补第二条正式关系，形成最小学习语境,中人；中介
1971,autonomie,NOM,B2,8.4103,1,1,0,0,0,4,1,1,2,1,P2_single_edge,P2_single_edge|P3_bridge|P4_confusable|P5_b2c1_synset,0,补第二条正式关系，形成最小学习语境,自治
1972,préfet,NOM,B2,8.3568,1,1,0,0,0,7,1,0,0,2,P2_single_edge,P2_single_edge|P3_bridge|P4_confusable|P5_b2c1_synset,0,补第二条正式关系，形成最小学习语境,专员；州长
1973,humanitaire,ADJ,B1,8.355,1,1,0,0,0,2,1,1,3,3,P2_single_edge,P2_single_edge|P4_confusable,0,补第二条正式关系，形成最小学习语境,
1974,vidéo,ADJ,B1,8.3454,1,1,0,0,0,1,1,0,1,2,P2_single_edge,P2_single_edge|P4_confusable,0,补第二条正式关系，形成最小学习语境,视讯；视频
1975,uniforme,NOM,B1,8.3394,1,1,0,0,0,3,1,1,1,2,P2_single_edge,P2_single_edge|P4_confusable,0,补第二条正式关系，形成最小学习语境,一律；一色
1976,industriel,NOM,B1,8.299,1,1,0,0,0,3,1,1,2,2,P2_single_edge,P2_single_edge|P4_confusable,0,补第二条正式关系，形成最小学习语境,厂商
1977,soudain,ADJ,B2,8.2657,1,0,1,0,0,1,1,1,1,2,P2_single_edge,P2_single_edge|P4_confusable,0,补第二条正式关系，形成最小学习语境,忽地；忽然
1978,dépendance,NOM,B2,8.2447,1,0,0,1,0,10,1,1,3,3,P2_single_edge,P2_single_edge|P3_bridge|P4_confusable,0,补第二条正式关系，形成最小学习语境,属地；成瘾
1979,ponctuel,ADJ,B2,8.2124,1,0,1,0,0,3,1,2,2,2,P2_single_edge,P2_single_edge|P4_confusable,0,补第二条正式关系，形成最小学习语境,准时；正点
1980,majesté,NOM,B2,8.2088,1,1,0,0,0,3,1,1,3,2,P2_single_edge,P2_single_edge|P4_confusable|P5_b2c1_synset,0,补第二条正式关系，形成最小学习语境,威风；尊严
1981,pourquoi,NOM,B2,8.1921,1,0,1,0,0,2,1,1,0,0,P2_single_edge,P2_single_edge,0,补第二条正式关系，形成最小学习语境,为什么；为啥
1982,financement,NOM,B2,8.1512,1,1,0,0,0,1,1,1,2,0,P2_single_edge,P2_single_edge|P4_confusable|P5_b2c1_synset,0,补第二条正式关系，形成最小学习语境,供资；融资
1983,fédéral,ADJ,B2,8.1378,1,1,0,0,0,0,0,2,3,3,P2_single_edge,P2_single_edge|P4_confusable,0,补第二条正式关系，形成最小学习语境,
1984,seconder,VER,B2,8.1121,1,1,0,0,0,1,1,1,2,2,P2_single_edge,P2_single_edge|P4_confusable|P5_b2c1_synset,0,补第二条正式关系，形成最小学习语境,佐
1985,mobilisation,NOM,B2,8.0846,1,1,0,0,0,3,1,2,1,1,P2_single_edge,P2_single_edge|P4_confusable|P5_b2c1_synset,0,补第二条正式关系，形成最小学习语境,
1986,diplômer,VER,B2,8.0824,1,1,0,0,0,2,1,1,2,2,P2_single_edge,P2_single_edge|P4_confusable|P5_b2c1_synset,0,补第二条正式关系，形成最小学习语境,
1987,frotter,VER,B1,8.0482,1,1,0,0,0,8,1,1,3,2,P2_single_edge,P2_single_edge|P3_bridge|P4_confusable,0,补第二条正式关系，形成最小学习语境,揉搓；摩挲
1988,évader,VER,B2,8.0317,1,1,0,0,0,1,1,2,1,1,P2_single_edge,P2_single_edge|P4_confusable|P5_b2c1_synset,0,补第二条正式关系，形成最小学习语境,规避；跑路
1989,motiver,VER,B1,8.0206,1,1,0,0,0,4,1,1,2,2,P2_single_edge,P2_single_edge|P3_bridge|P4_confusable,0,补第二条正式关系，形成最小学习语境,驱使
1990,flamme,NOM,B1,8.0196,1,1,0,0,0,11,1,5,3,3,P2_single_edge,P2_single_edge|P3_bridge|P4_confusable,0,补第二条正式关系，形成最小学习语境,火光；火焰
1991,caresser,VER,B1,7.9956,1,1,0,0,0,6,1,1,2,2,P2_single_edge,P2_single_edge|P3_bridge|P4_confusable,0,补第二条正式关系，形成最小学习语境,吹拂；抚摩
1992,mouchoir,NOM,B1,7.9596,1,1,0,0,0,8,1,1,3,3,P2_single_edge,P2_single_edge|P3_bridge|P4_confusable,0,补第二条正式关系，形成最小学习语境,手帕
1993,abeille,NOM,B2,7.9511,1,0,1,0,0,0,0,0,1,1,P2_single_edge,P2_single_edge|P4_confusable,0,补第二条正式关系，形成最小学习语境,蜜蜂
1994,annuler,VER,B2,7.9352,1,0,1,0,0,5,1,1,3,3,P2_single_edge,P2_single_edge|P3_bridge|P4_confusable,0,补第二条正式关系，形成最小学习语境,作废；取消
1995,enfer,NOM,B2,7.9333,1,0,0,1,0,1,1,0,3,2,P2_single_edge,P2_single_edge|P4_confusable,0,补第二条正式关系，形成最小学习语境,下地狱；地狱
1996,vivement,ADV,B1,7.9186,1,0,1,0,0,3,1,0,2,0,P2_single_edge,P2_single_edge|P4_confusable,0,补第二条正式关系，形成最小学习语境,
1997,grenier,NOM,B1,7.9147,1,0,1,0,0,4,1,1,1,0,P2_single_edge,P2_single_edge|P3_bridge|P4_confusable,0,补第二条正式关系，形成最小学习语境,阁楼；顶楼
1998,fouet,NOM,B2,7.9116,1,1,0,0,0,16,1,1,1,1,P2_single_edge,P2_single_edge|P3_bridge|P4_confusable|P5_b2c1_synset,0,补第二条正式关系，形成最小学习语境,鞭子
1999,cotisation,NOM,B2,7.8369,1,0,1,0,0,5,1,1,1,0,P2_single_edge,P2_single_edge|P3_bridge|P4_confusable,0,补第二条正式关系，形成最小学习语境,份子；会费
2000,partage,NOM,B2,7.8195,1,1,0,0,0,4,1,1,3,2,P2_single_edge,P2_single_edge|P3_bridge|P4_confusable|P5_b2c1_synset,0,补第二条正式关系，形成最小学习语境,
2001,photographie,NOM,B1,7.8108,1,1,0,0,0,5,1,0,2,3,P2_single_edge,P2_single_edge|P3_bridge|P4_confusable,0,补第二条正式关系，形成最小学习语境,图片；摄影
2002,négociation,NOM,B1,7.8042,1,1,0,0,0,4,1,2,2,2,P2_single_edge,P2_single_edge|P3_bridge|P4_confusable,0,补第二条正式关系，形成最小学习语境,商议；谈判
2003,moustique,NOM,B2,7.7963,1,1,0,0,0,2,1,0,3,3,P2_single_edge,P2_single_edge|P4_confusable|P5_b2c1_synset,0,补第二条正式关系，形成最小学习语境,蚊子
2004,pause,NOM,B1,7.7819,1,0,1,0,0,6,1,0,3,1,P2_single_edge,P2_single_edge|P3_bridge|P4_confusable,0,补第二条正式关系，形成最小学习语境,了断；暂停
2005,opérateur,NOM,B2,7.7713,1,1,0,0,0,10,1,1,3,2,P2_single_edge,P2_single_edge|P3_bridge|P4_confusable|P5_b2c1_synset,0,补第二条正式关系，形成最小学习语境,操作员；经营者
2006,cochon,NOM,B1,7.7529,1,1,0,0,0,1,1,1,3,3,P2_single_edge,P2_single_edge|P4_confusable,0,补第二条正式关系，形成最小学习语境,猪
2007,gène,NOM,B2,7.7329,1,1,0,0,0,2,1,7,3,2,P2_single_edge,P2_single_edge|P4_confusable|P5_b2c1_synset,0,补第二条正式关系，形成最小学习语境,基因
2008,suspect,ADJ,B2,7.7205,1,1,0,0,0,2,1,2,2,3,P2_single_edge,P2_single_edge|P4_confusable|P5_b2c1_synset,0,补第二条正式关系，形成最小学习语境,可疑；嫌犯
2009,poignet,NOM,B2,7.6993,1,1,0,0,0,2,1,1,2,3,P2_single_edge,P2_single_edge|P4_confusable|P5_b2c1_synset,0,补第二条正式关系，形成最小学习语境,手腕；袖口
2010,poétique,ADJ,B2,7.6462,1,1,0,0,0,3,1,1,3,1,P2_single_edge,P2_single_edge|P4_confusable|P5_b2c1_synset,0,补第二条正式关系，形成最小学习语境,
2011,tournoi,NOM,B1,7.6325,1,0,1,0,0,5,1,1,0,1,P2_single_edge,P2_single_edge|P3_bridge|P4_confusable,0,补第二条正式关系，形成最小学习语境,比武；比赛
2012,chapelle,NOM,B2,7.631,1,0,1,0,0,13,1,1,2,2,P2_single_edge,P2_single_edge|P3_bridge|P4_confusable,0,补第二条正式关系，形成最小学习语境,
2013,magie,NOM,B1,7.6143,1,1,0,0,0,2,1,2,2,3,P2_single_edge,P2_single_edge|P4_confusable,0,补第二条正式关系，形成最小学习语境,巫术；法术
2014,label,NOM,B2,7.568,1,0,1,0,0,4,1,0,1,0,P2_single_edge,P2_single_edge|P3_bridge|P4_confusable,0,补第二条正式关系，形成最小学习语境,
2015,exotisme,NOM,B1,7.5621,1,1,0,0,0,2,1,1,2,1,P2_single_edge,P2_single_edge|P4_confusable,0,补第二条正式关系，形成最小学习语境,
2016,substituer,VER,B2,7.5614,1,1,0,0,0,3,1,1,2,1,P2_single_edge,P2_single_edge|P4_confusable|P5_b2c1_synset,0,补第二条正式关系，形成最小学习语境,代替；取代
2017,raciste,ADJ,B2,7.5461,1,1,0,0,0,1,1,1,3,2,P2_single_edge,P2_single_edge|P4_confusable|P5_b2c1_synset,0,补第二条正式关系，形成最小学习语境,
2018,canton,NOM,B2,7.5437,1,1,0,0,0,12,1,4,3,1,P2_single_edge,P2_single_edge|P3_bridge|P4_confusable|P5_b2c1_synset,0,补第二条正式关系，形成最小学习语境,广州
2019,élargir,VER,B2,7.5392,1,0,1,0,0,5,1,1,0,0,P2_single_edge,P2_single_edge|P3_bridge,0,补第二条正式关系，形成最小学习语境,开眼界；开阔
2020,ferme,NOM,B1,7.5051,1,1,0,0,0,10,1,5,3,3,P2_single_edge,P2_single_edge|P3_bridge|P4_confusable,0,补第二条正式关系，形成最小学习语境,农场；农庄
2021,savoir-faire,NOM,B2,7.505,1,0,1,0,0,1,1,2,2,3,P2_single_edge,P2_single_edge|P4_confusable,0,补第二条正式关系，形成最小学习语境,手艺；才干
2022,sphère,NOM,B2,7.5023,1,0,1,0,0,8,1,2,3,2,P2_single_edge,P2_single_edge|P3_bridge|P4_confusable,0,补第二条正式关系，形成最小学习语境,圆球
2023,chirurgie,NOM,B2,7.4829,1,1,0,0,0,1,1,1,1,1,P2_single_edge,P2_single_edge|P4_confusable|P5_b2c1_synset,0,补第二条正式关系，形成最小学习语境,做手术；外科
2024,court,ADV,B1,7.4684,1,1,0,0,0,3,1,2,2,3,P2_single_edge,P2_single_edge|P4_confusable,0,补第二条正式关系，形成最小学习语境,短暂
2025,suffisamment,ADV,B2,7.4683,1,0,0,1,0,3,1,1,3,3,P2_single_edge,P2_single_edge|P4_confusable,0,补第二条正式关系，形成最小学习语境,足
2026,glacer,VER,B1,7.4109,1,1,0,0,0,8,1,4,2,3,P2_single_edge,P2_single_edge|P3_bridge|P4_confusable,0,补第二条正式关系，形成最小学习语境,
2027,enveloppe,NOM,B1,7.393,1,1,0,0,0,11,1,1,1,1,P2_single_edge,P2_single_edge|P3_bridge|P4_confusable,0,补第二条正式关系，形成最小学习语境,信封；外壳
2028,rembourser,VER,B2,7.352,1,1,0,0,0,2,1,1,3,1,P2_single_edge,P2_single_edge|P4_confusable|P5_b2c1_synset,0,补第二条正式关系，形成最小学习语境,偿付；偿还
2029,clairement,ADV,B1,7.3509,1,0,1,0,0,2,1,1,3,2,P2_single_edge,P2_single_edge|P4_confusable,0,补第二条正式关系，形成最小学习语境,可知；眼见得
2030,audiovisuel,ADJ,B2,7.2922,1,1,0,0,0,1,1,1,2,2,P2_single_edge,P2_single_edge|P4_confusable|P5_b2c1_synset,0,补第二条正式关系，形成最小学习语境,声像；直观
2031,rocher,NOM,B1,7.2872,1,1,0,0,0,10,1,1,3,3,P2_single_edge,P2_single_edge|P3_bridge|P4_confusable,0,补第二条正式关系，形成最小学习语境,石块
2032,hommage,NOM,B1,7.2302,1,0,1,0,0,4,1,0,2,3,P2_single_edge,P2_single_edge|P3_bridge|P4_confusable,0,补第二条正式关系，形成最小学习语境,敬意
2033,élaborer,VER,B2,7.216,1,1,0,0,0,3,1,1,2,2,P2_single_edge,P2_single_edge|P4_confusable|P5_b2c1_synset,0,补第二条正式关系，形成最小学习语境,冶炼；制定
2034,défenseur,NOM,B1,7.1697,1,0,1,0,0,4,1,1,1,1,P2_single_edge,P2_single_edge|P3_bridge|P4_confusable,0,补第二条正式关系，形成最小学习语境,中坚；卫士
2035,ruban,NOM,B1,7.165,1,0,1,0,0,9,1,0,2,2,P2_single_edge,P2_single_edge|P3_bridge|P4_confusable,0,补第二条正式关系，形成最小学习语境,丝带；带子
2036,régner,VER,B2,7.1349,1,1,0,0,0,5,1,1,3,3,P2_single_edge,P2_single_edge|P3_bridge|P4_confusable|P5_b2c1_synset,0,补第二条正式关系，形成最小学习语境,当道
2037,placard,NOM,B1,7.132,1,0,1,0,0,16,1,1,0,2,P2_single_edge,P2_single_edge|P3_bridge|P4_confusable,0,补第二条正式关系，形成最小学习语境,招贴；橱子
2038,tousser,VER,B1,7.1271,1,1,0,0,0,5,1,1,0,1,P2_single_edge,P2_single_edge|P3_bridge|P4_confusable,0,补第二条正式关系，形成最小学习语境,咳呛；咳嗽
2039,ménager,ADJ,B1,7.1258,1,0,0,1,0,4,1,3,3,3,P2_single_edge,P2_single_edge|P3_bridge|P4_confusable,0,补第二条正式关系，形成最小学习语境,惜；措
2040,symbolique,ADJ,B1,7.1149,1,1,0,0,0,3,1,1,1,0,P2_single_edge,P2_single_edge|P4_confusable,0,补第二条正式关系，形成最小学习语境,象征性
2041,écouler,VER,B1,7.1085,1,0,1,0,0,7,1,1,3,2,P2_single_edge,P2_single_edge|P3_bridge|P4_confusable,0,补第二条正式关系，形成最小学习语境,历时；推移
2042,fixement,ADV,B2,7.0634,1,1,0,0,0,1,1,1,1,2,P2_single_edge,P2_single_edge|P4_confusable|P5_b2c1_synset,0,补第二条正式关系，形成最小学习语境,
2043,américain,NOM,B2,7.055,1,0,1,0,0,6,1,0,2,1,P2_single_edge,P2_single_edge|P3_bridge|P4_confusable,0,补第二条正式关系，形成最小学习语境,美国人
2044,vilain,ADJ,B2,7.0426,1,0,0,1,0,7,1,0,0,1,P2_single_edge,P2_single_edge|P3_bridge|P4_confusable,0,补第二条正式关系，形成最小学习语境,惫赖；调皮捣蛋
2045,représentatif,ADJ,B2,7.0189,1,1,0,0,0,4,1,2,2,1,P2_single_edge,P2_single_edge|P3_bridge|P4_confusable|P5_b2c1_synset,0,补第二条正式关系，形成最小学习语境,代表性；典型
2046,terroir,NOM,B2,7.0154,1,1,0,0,0,3,1,1,0,2,P2_single_edge,P2_single_edge|P4_confusable|P5_b2c1_synset,0,补第二条正式关系，形成最小学习语境,乡土；原产地
2047,régir,VER,B2,7.0038,1,1,0,0,0,3,1,0,3,2,P2_single_edge,P2_single_edge|P4_confusable|P5_b2c1_synset,0,补第二条正式关系，形成最小学习语境,
2048,sanitaire,ADJ,B2,6.9989,1,1,0,0,0,1,1,1,1,1,P2_single_edge,P2_single_edge|P4_confusable|P5_b2c1_synset,0,补第二条正式关系，形成最小学习语境,保健；卫浴
2049,senior,NOM,B2,6.9878,1,0,0,1,0,3,1,0,2,2,P2_single_edge,P2_single_edge|P4_confusable,0,补第二条正式关系，形成最小学习语境,高职
2050,émergence,NOM,B2,6.9737,1,1,0,0,0,5,1,4,2,2,P2_single_edge,P2_single_edge|P3_bridge|P4_confusable|P5_b2c1_synset,0,补第二条正式关系，形成最小学习语境,露出
2051,pilote,NOM,B1,6.9536,1,1,0,0,0,6,1,2,2,0,P2_single_edge,P2_single_edge|P3_bridge|P4_confusable,0,补第二条正式关系，形成最小学习语境,飞机师；驾驶员
2052,héritier,NOM,B2,6.9498,1,1,0,0,0,4,1,1,2,2,P2_single_edge,P2_single_edge|P3_bridge|P4_confusable|P5_b2c1_synset,0,补第二条正式关系，形成最小学习语境,继嗣；继承人
2053,intellectuel,NOM,B1,6.9154,1,0,1,0,0,1,1,2,3,3,P2_single_edge,P2_single_edge|P4_confusable,0,补第二条正式关系，形成最小学习语境,知识分子；读书人
2054,paroi,NOM,B2,6.9133,1,0,1,0,0,3,1,0,0,1,P2_single_edge,P2_single_edge|P4_confusable,0,补第二条正式关系，形成最小学习语境,墙体
2055,reporter,NOM,B2,6.8981,1,0,1,0,0,1,1,0,1,2,P2_single_edge,P2_single_edge|P4_confusable,0,补第二条正式关系，形成最小学习语境,延期；顺延
2056,dominant,ADJ,B1,6.8959,1,1,0,0,0,4,1,1,3,3,P2_single_edge,P2_single_edge|P3_bridge|P4_confusable,0,补第二条正式关系，形成最小学习语境,主导；巍峨
2057,là-dedans,ADV,B1,6.8735,1,0,1,0,0,3,1,1,2,2,P2_single_edge,P2_single_edge|P4_confusable,0,补第二条正式关系，形成最小学习语境,
2058,gouvernemental,ADJ,B1,6.8598,1,1,0,0,0,2,1,1,3,3,P2_single_edge,P2_single_edge|P4_confusable,0,补第二条正式关系，形成最小学习语境,
2059,parental,ADJ,B2,6.8584,1,1,0,0,0,2,1,2,0,2,P2_single_edge,P2_single_edge|P4_confusable|P5_b2c1_synset,0,补第二条正式关系，形成最小学习语境,
2060,gêné,ADJ,B1,6.853,1,1,0,0,0,3,1,1,3,2,P2_single_edge,P2_single_edge|P4_confusable,0,补第二条正式关系，形成最小学习语境,尴尬；羞怯
2061,forestier,ADJ,B2,6.8415,1,1,0,0,0,4,1,1,2,2,P2_single_edge,P2_single_edge|P3_bridge|P4_confusable|P5_b2c1_synset,0,补第二条正式关系，形成最小学习语境,
2062,arroser,VER,B1,6.8405,1,0,0,1,0,14,1,0,1,1,P2_single_edge,P2_single_edge|P3_bridge|P4_confusable,0,补第二条正式关系，形成最小学习语境,浇水；浇灌
2063,secouer,VER,B1,6.8304,1,0,1,0,0,0,0,0,1,0,P2_single_edge,P2_single_edge|P4_confusable,0,补第二条正式关系，形成最小学习语境,摇动；摇晃
2064,solidaire,ADJ,B2,6.8303,1,1,0,0,0,5,1,1,3,3,P2_single_edge,P2_single_edge|P3_bridge|P4_confusable|P5_b2c1_synset,0,补第二条正式关系，形成最小学习语境,
2065,délivrer,VER,B2,6.8167,1,0,1,0,0,5,1,1,3,1,P2_single_edge,P2_single_edge|P3_bridge|P4_confusable,0,补第二条正式关系，形成最小学习语境,拯救；解救
2066,systématiquement,ADV,B2,6.7911,1,0,1,0,0,2,1,1,3,1,P2_single_edge,P2_single_edge|P4_confusable,0,补第二条正式关系，形成最小学习语境,
2067,boucher,VER,B1,6.7895,1,1,0,0,0,4,1,1,3,3,P2_single_edge,P2_single_edge|P3_bridge|P4_confusable,0,补第二条正式关系，形成最小学习语境,堵住；堵塞
2068,renouvelable,ADJ,B2,6.7862,1,1,0,0,0,1,1,1,2,1,P2_single_edge,P2_single_edge|P4_confusable|P5_b2c1_synset,0,补第二条正式关系，形成最小学习语境,可再生
2069,loge,NOM,B2,6.7763,1,1,0,0,0,16,1,1,3,2,P2_single_edge,P2_single_edge|P3_bridge|P4_confusable|P5_b2c1_synset,0,补第二条正式关系，形成最小学习语境,包厢
2070,détective,NOM,B1,6.7736,1,0,1,0,0,2,1,3,1,3,P2_single_edge,P2_single_edge|P4_confusable,0,补第二条正式关系，形成最小学习语境,侦察员；侦探
2071,convoiter,VER,B2,6.7418,1,0,1,0,0,1,1,0,0,0,P2_single_edge,P2_single_edge,0,补第二条正式关系，形成最小学习语境,垂涎；觊觎
2072,exigeant,ADJ,B2,6.7395,1,1,0,0,0,1,1,1,3,2,P2_single_edge,P2_single_edge|P4_confusable|P5_b2c1_synset,0,补第二条正式关系，形成最小学习语境,难缠
2073,désagréable,ADJ,B2,6.7376,1,0,0,1,0,1,1,1,2,2,P2_single_edge,P2_single_edge|P4_confusable,0,补第二条正式关系，形成最小学习语境,不悦；讨厌
2074,inattendu,ADJ,B2,6.6183,1,0,1,0,0,1,1,2,2,0,P2_single_edge,P2_single_edge|P4_confusable,0,补第二条正式关系，形成最小学习语境,不料；出乎意料
2075,sous-sol,NOM,B2,6.6081,1,0,1,0,0,3,1,1,1,0,P2_single_edge,P2_single_edge|P4_confusable,0,补第二条正式关系，形成最小学习语境,地下室
2076,pédagogique,ADJ,B2,6.6042,1,1,0,0,0,1,1,0,3,2,P2_single_edge,P2_single_edge|P4_confusable|P5_b2c1_synset,0,补第二条正式关系，形成最小学习语境,
2077,occupation,NOM,B2,6.6007,1,1,0,0,0,7,1,1,3,3,P2_single_edge,P2_single_edge|P3_bridge|P4_confusable|P5_b2c1_synset,0,补第二条正式关系，形成最小学习语境,差事；生涯
2078,fécondité,NOM,B1,6.5811,1,1,0,0,0,4,1,1,2,2,P2_single_edge,P2_single_edge|P3_bridge|P4_confusable,0,补第二条正式关系，形成最小学习语境,生殖力
2079,apparenter,VER,B2,6.5796,1,1,0,0,0,3,1,2,3,3,P2_single_edge,P2_single_edge|P4_confusable|P5_b2c1_synset,0,补第二条正式关系，形成最小学习语境,
2080,militer,VER,B2,6.5451,1,1,0,0,0,3,1,3,3,3,P2_single_edge,P2_single_edge|P4_confusable|P5_b2c1_synset,0,补第二条正式关系，形成最小学习语境,
2081,millénaire,NOM,B1,6.5435,1,1,0,0,0,3,1,1,1,1,P2_single_edge,P2_single_edge|P4_confusable,0,补第二条正式关系，形成最小学习语境,千年
2082,sublime,ADJ,B2,6.5118,1,0,1,0,0,1,1,1,2,2,P2_single_edge,P2_single_edge|P4_confusable,0,补第二条正式关系，形成最小学习语境,崇高；高尚
2083,atout,NOM,B2,6.5012,1,0,1,0,0,4,1,1,1,0,P2_single_edge,P2_single_edge|P3_bridge|P4_confusable,0,补第二条正式关系，形成最小学习语境,优势；优点
2084,auto,NOM,B1,6.4987,1,0,1,0,0,1,1,0,3,3,P2_single_edge,P2_single_edge|P4_confusable,0,补第二条正式关系，形成最小学习语境,
2085,systématique,ADJ,B2,6.4846,1,1,0,0,0,5,1,1,3,2,P2_single_edge,P2_single_edge|P3_bridge|P4_confusable|P5_b2c1_synset,0,补第二条正式关系，形成最小学习语境,有条不紊；系统性
2086,distraire,VER,B2,6.4799,1,1,0,0,0,5,1,1,3,0,P2_single_edge,P2_single_edge|P3_bridge|P4_confusable|P5_b2c1_synset,0,补第二条正式关系，形成最小学习语境,分心；分散注意力
2087,chair,NOM,B2,6.4414,1,1,0,0,0,13,1,4,2,3,P2_single_edge,P2_single_edge|P3_bridge|P4_confusable|P5_b2c1_synset,0,补第二条正式关系，形成最小学习语境,情欲；肉质感
2088,sain,ADJ,B2,6.4347,1,0,0,1,0,6,1,3,3,3,P2_single_edge,P2_single_edge|P3_bridge|P4_confusable,0,补第二条正式关系，形成最小学习语境,健康；良性
2089,députer,VER,B2,6.4324,1,1,0,0,0,1,1,1,3,3,P2_single_edge,P2_single_edge|P4_confusable|P5_b2c1_synset,0,补第二条正式关系，形成最小学习语境,
2090,savant,ADJ,B2,6.4249,1,0,1,0,0,6,1,2,1,2,P2_single_edge,P2_single_edge|P3_bridge|P4_confusable,0,补第二条正式关系，形成最小学习语境,博学；博雅
2091,suffisant,ADJ,B1,6.4135,1,1,0,0,0,2,1,4,3,3,P2_single_edge,P2_single_edge|P4_confusable,0,补第二条正式关系，形成最小学习语境,充足；可以
2092,tribune,NOM,B2,6.4106,1,0,1,0,0,6,1,0,2,2,P2_single_edge,P2_single_edge|P3_bridge|P4_confusable,0,补第二条正式关系，形成最小学习语境,主席台；论坛报
2093,symptôme,NOM,B2,6.4091,1,0,1,0,0,2,1,0,0,0,P2_single_edge,P2_single_edge,0,补第二条正式关系，形成最小学习语境,征状；病症
2094,passif,ADJ,B2,6.4057,1,1,0,0,0,4,1,1,3,3,P2_single_edge,P2_single_edge|P3_bridge|P4_confusable|P5_b2c1_synset,0,补第二条正式关系，形成最小学习语境,外向；消极
2095,vigne,NOM,B1,6.404,1,0,1,0,0,3,1,1,2,1,P2_single_edge,P2_single_edge|P4_confusable,0,补第二条正式关系，形成最小学习语境,酿酒葡萄
2096,assaut,NOM,B2,6.395,1,0,1,0,0,7,1,1,1,1,P2_single_edge,P2_single_edge|P3_bridge|P4_confusable,0,补第二条正式关系，形成最小学习语境,
2097,troupeau,NOM,B2,6.3903,1,1,0,0,0,6,1,1,2,1,P2_single_edge,P2_single_edge|P3_bridge|P4_confusable|P5_b2c1_synset,0,补第二条正式关系，形成最小学习语境,群
2098,désespoir,NOM,B1,6.3667,1,0,0,1,0,6,1,1,1,1,P2_single_edge,P2_single_edge|P3_bridge|P4_confusable,0,补第二条正式关系，形成最小学习语境,绝望；萧瑟
2099,équivaloir,VER,B2,6.3427,1,0,1,0,0,3,1,1,3,2,P2_single_edge,P2_single_edge|P4_confusable,0,补第二条正式关系，形成最小学习语境,相当
2100,tester,VER,B1,6.3369,1,1,0,0,0,4,1,4,3,3,P2_single_edge,P2_single_edge|P3_bridge|P4_confusable,0,补第二条正式关系，形成最小学习语境,试验
2101,collaborateur,NOM,B2,6.3287,1,1,0,0,0,4,1,2,3,3,P2_single_edge,P2_single_edge|P3_bridge|P4_confusable|P5_b2c1_synset,0,补第二条正式关系，形成最小学习语境,合作者
2102,neurone,NOM,B2,6.3239,1,1,0,0,0,2,1,1,3,1,P2_single_edge,P2_single_edge|P4_confusable|P5_b2c1_synset,0,补第二条正式关系，形成最小学习语境,
2103,ralentir,VER,B2,6.3205,1,0,0,1,0,4,1,1,1,0,P2_single_edge,P2_single_edge|P3_bridge|P4_confusable,0,补第二条正式关系，形成最小学习语境,减慢；减速
2104,exploration,NOM,B1,6.2784,1,1,0,0,0,2,1,1,1,1,P2_single_edge,P2_single_edge|P4_confusable,0,补第二条正式关系，形成最小学习语境,
2105,dialoguer,VER,B2,6.2502,1,1,0,0,0,4,1,0,2,0,P2_single_edge,P2_single_edge|P3_bridge|P4_confusable|P5_b2c1_synset,0,补第二条正式关系，形成最小学习语境,对话
2106,munir,VER,B2,6.2461,1,1,0,0,0,2,1,1,2,2,P2_single_edge,P2_single_edge|P4_confusable|P5_b2c1_synset,0,补第二条正式关系，形成最小学习语境,配备
2107,bâiller,VER,B2,6.2378,1,1,0,0,0,2,1,1,2,2,P2_single_edge,P2_single_edge|P4_confusable|P5_b2c1_synset,0,补第二条正式关系，形成最小学习语境,张口；打哈欠
2108,inconvénient,NOM,B1,6.2283,1,0,0,1,0,2,1,1,1,0,P2_single_edge,P2_single_edge|P4_confusable,0,补第二条正式关系，形成最小学习语境,坏处；弊病
2109,présidentiel,ADJ,B2,6.2267,1,1,0,0,0,3,1,1,0,0,P2_single_edge,P2_single_edge|P5_b2c1_synset,0,补第二条正式关系，形成最小学习语境,
2110,clore,VER,B2,6.2249,1,1,0,0,0,7,1,2,1,3,P2_single_edge,P2_single_edge|P3_bridge|P4_confusable|P5_b2c1_synset,0,补第二条正式关系，形成最小学习语境,关闭
2111,anticiper,VER,B1,6.2143,1,1,0,0,0,5,1,1,2,3,P2_single_edge,P2_single_edge|P3_bridge|P4_confusable,0,补第二条正式关系，形成最小学习语境,先发制人；抢先
2112,allocation,NOM,B2,6.2124,1,1,0,0,0,5,1,1,0,1,P2_single_edge,P2_single_edge|P3_bridge|P4_confusable|P5_b2c1_synset,0,补第二条正式关系，形成最小学习语境,津贴；补助
2113,défavoriser,VER,B2,6.2077,1,0,0,1,0,1,1,1,1,0,P2_single_edge,P2_single_edge|P4_confusable,0,补第二条正式关系，形成最小学习语境,
2114,oxygène,NOM,B2,6.2051,1,1,0,0,0,4,1,0,1,3,P2_single_edge,P2_single_edge|P3_bridge|P4_confusable|P5_b2c1_synset,0,补第二条正式关系，形成最小学习语境,氧
2115,glacial,ADJ,B2,6.195,1,0,0,1,0,3,1,1,1,0,P2_single_edge,P2_single_edge|P4_confusable,0,补第二条正式关系，形成最小学习语境,冰冷；凛冽
2116,traître,NOM,B2,6.1879,1,1,0,0,0,1,1,0,1,2,P2_single_edge,P2_single_edge|P4_confusable|P5_b2c1_synset,0,补第二条正式关系，形成最小学习语境,奸
2117,élevage,NOM,B2,6.1812,1,1,0,0,0,7,1,2,1,1,P2_single_edge,P2_single_edge|P3_bridge|P4_confusable|P5_b2c1_synset,0,补第二条正式关系，形成最小学习语境,养殖业；牧业
2118,cauchemar,NOM,B1,6.1765,1,0,0,1,0,4,1,0,0,0,P2_single_edge,P2_single_edge|P3_bridge,0,补第二条正式关系，形成最小学习语境,噩梦；恶梦
2119,diplômé,NOM,B2,6.1702,1,1,0,0,0,1,1,1,3,2,P2_single_edge,P2_single_edge|P4_confusable|P5_b2c1_synset,0,补第二条正式关系，形成最小学习语境,举人；校友
2120,banquier,NOM,B2,6.1609,1,1,0,0,0,3,1,1,1,2,P2_single_edge,P2_single_edge|P4_confusable|P5_b2c1_synset,0,补第二条正式关系，形成最小学习语境,
2121,appellation,NOM,B2,6.1444,1,0,1,0,0,4,1,1,0,0,P2_single_edge,P2_single_edge|P3_bridge,0,补第二条正式关系，形成最小学习语境,称
2122,croissant,ADJ,B2,6.1442,1,1,0,0,0,3,1,1,2,1,P2_single_edge,P2_single_edge|P4_confusable|P5_b2c1_synset,0,补第二条正式关系，形成最小学习语境,可颂；往上
2123,colonne,NOM,B2,6.1441,1,0,1,0,0,16,1,0,3,1,P2_single_edge,P2_single_edge|P3_bridge|P4_confusable,0,补第二条正式关系，形成最小学习语境,圆柱；柱子
2124,générosité,NOM,B1,6.1253,1,0,0,1,0,3,1,1,0,0,P2_single_edge,P2_single_edge,0,补第二条正式关系，形成最小学习语境,豪气
2125,archéologique,ADJ,B2,6.1112,1,1,0,0,0,1,1,1,3,2,P2_single_edge,P2_single_edge|P4_confusable|P5_b2c1_synset,0,补第二条正式关系，形成最小学习语境,
2126,ballet,NOM,B1,6.1077,1,0,1,0,0,3,1,1,2,3,P2_single_edge,P2_single_edge|P4_confusable,0,补第二条正式关系，形成最小学习语境,舞剧；芭蕾
2127,suggestion,NOM,B2,6.0987,1,1,0,0,0,3,1,1,1,3,P2_single_edge,P2_single_edge|P4_confusable|P5_b2c1_synset,0,补第二条正式关系，形成最小学习语境,建言；建议
2128,terroriser,VER,B2,6.0496,1,1,0,0,0,1,1,1,3,3,P2_single_edge,P2_single_edge|P4_confusable|P5_b2c1_synset,0,补第二条正式关系，形成最小学习语境,
2129,indignation,NOM,B2,6.0406,1,1,0,0,0,1,1,1,2,3,P2_single_edge,P2_single_edge|P4_confusable|P5_b2c1_synset,0,补第二条正式关系，形成最小学习语境,愤
2130,injustice,NOM,B1,5.9951,1,1,0,0,0,3,1,2,2,2,P2_single_edge,P2_single_edge|P4_confusable,0,补第二条正式关系，形成最小学习语境,不义；不公平
2131,électoral,ADJ,B2,5.9887,1,1,0,0,0,2,1,1,1,1,P2_single_edge,P2_single_edge|P4_confusable|P5_b2c1_synset,0,补第二条正式关系，形成最小学习语境,
2132,gratuité,NOM,B2,5.9859,1,1,0,0,0,2,1,1,2,2,P2_single_edge,P2_single_edge|P4_confusable|P5_b2c1_synset,0,补第二条正式关系，形成最小学习语境,赏钱
2133,abîme,NOM,B2,5.9734,1,1,0,0,0,7,1,1,1,2,P2_single_edge,P2_single_edge|P3_bridge|P4_confusable|P5_b2c1_synset,0,补第二条正式关系，形成最小学习语境,奫
2134,canal,NOM,B2,5.9686,1,0,1,0,0,11,1,1,2,2,P2_single_edge,P2_single_edge|P3_bridge|P4_confusable,0,补第二条正式关系，形成最小学习语境,信道；明渠
2135,instituer,VER,B2,5.9593,1,1,0,0,0,3,1,1,3,3,P2_single_edge,P2_single_edge|P4_confusable|P5_b2c1_synset,0,补第二条正式关系，形成最小学习语境,手定；确立
2136,interactif,ADJ,B1,5.9563,1,1,0,0,0,1,1,1,2,3,P2_single_edge,P2_single_edge|P4_confusable,0,补第二条正式关系，形成最小学习语境,互动；交互式
2137,mamie,NOM,B1,5.9554,1,0,0,1,0,3,1,0,0,1,P2_single_edge,P2_single_edge|P4_confusable,0,补第二条正式关系，形成最小学习语境,老太；老太婆
2138,anecdote,NOM,B2,5.9464,1,0,1,0,0,2,1,0,1,1,P2_single_edge,P2_single_edge|P4_confusable,0,补第二条正式关系，形成最小学习语境,故事；趣闻
2139,équivalent,NOM,B2,5.9287,1,1,0,0,0,5,1,1,2,3,P2_single_edge,P2_single_edge|P3_bridge|P4_confusable|P5_b2c1_synset,0,补第二条正式关系，形成最小学习语境,对等；相当
2140,reproche,NOM,B1,5.9137,1,1,0,0,0,1,1,1,2,2,P2_single_edge,P2_single_edge|P4_confusable,0,补第二条正式关系，形成最小学习语境,非议
2141,accompagnement,NOM,B2,5.9075,1,1,0,0,0,6,1,1,2,1,P2_single_edge,P2_single_edge|P3_bridge|P4_confusable|P5_b2c1_synset,0,补第二条正式关系，形成最小学习语境,伴奏
2142,complémentaire,ADJ,B2,5.9075,1,1,0,0,0,3,1,1,3,3,P2_single_edge,P2_single_edge|P4_confusable|P5_b2c1_synset,0,补第二条正式关系，形成最小学习语境,另加
2143,reçu,ADJ,B2,5.9035,1,1,0,0,0,1,1,1,3,0,P2_single_edge,P2_single_edge|P4_confusable|P5_b2c1_synset,0,补第二条正式关系，形成最小学习语境,单据；回执单
2144,savant,NOM,B2,5.8986,1,1,0,0,0,3,1,2,1,2,P2_single_edge,P2_single_edge|P4_confusable|P5_b2c1_synset,0,补第二条正式关系，形成最小学习语境,博学；博雅
2145,recueil,NOM,B1,5.896,1,1,0,0,0,3,1,1,3,1,P2_single_edge,P2_single_edge|P4_confusable,0,补第二条正式关系，形成最小学习语境,文集；汇编
2146,aveugle,NOM,B1,5.8671,1,1,0,0,0,2,1,2,3,3,P2_single_edge,P2_single_edge|P4_confusable,0,补第二条正式关系，形成最小学习语境,盲人；盲目
2147,vocabulaire,NOM,B2,5.8652,1,0,1,0,0,3,1,1,1,1,P2_single_edge,P2_single_edge|P4_confusable,0,补第二条正式关系，形成最小学习语境,用语；词汇
2148,velours,NOM,B2,5.8618,1,0,1,0,0,8,1,0,0,0,P2_single_edge,P2_single_edge|P3_bridge,0,补第二条正式关系，形成最小学习语境,立绒
2149,commercialiser,VER,B2,5.8376,1,1,0,0,0,1,1,1,2,2,P2_single_edge,P2_single_edge|P4_confusable|P5_b2c1_synset,0,补第二条正式关系，形成最小学习语境,商业化
2150,voleur,ADJ,B1,5.8371,1,1,0,0,0,1,1,1,2,3,P2_single_edge,P2_single_edge|P4_confusable,0,补第二条正式关系，形成最小学习语境,宵小；小偷
2151,directeur,ADJ,B2,5.8308,1,1,0,0,0,0,0,2,3,3,P2_single_edge,P2_single_edge|P4_confusable,0,补第二条正式关系，形成最小学习语境,主任；主导
2152,certificat,NOM,B2,5.8157,1,0,1,0,0,5,1,1,1,0,P2_single_edge,P2_single_edge|P3_bridge|P4_confusable,0,补第二条正式关系，形成最小学习语境,发证；奖状
2153,toucher,NOM,B1,5.8097,1,1,0,0,0,0,0,1,2,2,P2_single_edge,P2_single_edge|P4_confusable,0,补第二条正式关系，形成最小学习语境,击中；动手
2154,manipulation,NOM,B2,5.8062,1,1,0,0,0,4,1,1,2,2,P2_single_edge,P2_single_edge|P3_bridge|P4_confusable|P5_b2c1_synset,0,补第二条正式关系，形成最小学习语境,操弄
2155,programmer,VER,B1,5.7697,1,1,0,0,0,3,1,1,3,3,P2_single_edge,P2_single_edge|P4_confusable,0,补第二条正式关系，形成最小学习语境,安排；编程
2156,paie,NOM,B2,5.7687,1,0,1,0,0,4,1,1,3,1,P2_single_edge,P2_single_edge|P3_bridge|P4_confusable,0,补第二条正式关系，形成最小学习语境,收讫
2157,cinématographique,ADJ,B1,5.7606,1,1,0,0,0,1,1,1,2,1,P2_single_edge,P2_single_edge|P4_confusable,0,补第二条正式关系，形成最小学习语境,
2158,attachement,NOM,B2,5.7604,1,0,0,1,0,3,1,1,3,3,P2_single_edge,P2_single_edge|P4_confusable,0,补第二条正式关系，形成最小学习语境,因缘；爱慕
2159,élégance,NOM,B1,5.7502,1,0,1,0,0,5,1,0,1,1,P2_single_edge,P2_single_edge|P3_bridge|P4_confusable,0,补第二条正式关系，形成最小学习语境,优美；优雅
2160,bagarre,NOM,B1,5.7463,1,0,1,0,0,3,1,0,2,3,P2_single_edge,P2_single_edge|P4_confusable,0,补第二条正式关系，形成最小学习语境,斗殴；肢体冲突
2161,géographique,ADJ,B2,5.746,1,1,0,0,0,3,1,0,3,3,P2_single_edge,P2_single_edge|P4_confusable|P5_b2c1_synset,0,补第二条正式关系，形成最小学习语境,
2162,réservation,NOM,B1,5.7406,1,1,0,0,0,5,1,6,2,2,P2_single_edge,P2_single_edge|P3_bridge|P4_confusable,0,补第二条正式关系，形成最小学习语境,订位；订票
2163,pilule,NOM,B2,5.7327,1,0,1,0,0,3,1,0,0,0,P2_single_edge,P2_single_edge,0,补第二条正式关系，形成最小学习语境,药丸；避孕药
2164,frigo,NOM,B1,5.7324,1,0,1,0,0,4,1,2,0,0,P2_single_edge,P2_single_edge|P3_bridge,0,补第二条正式关系，形成最小学习语境,冰箱
2165,mécher,VER,B1,5.69,1,1,0,0,0,2,1,1,3,3,P2_single_edge,P2_single_edge|P4_confusable,0,补第二条正式关系，形成最小学习语境,
2166,strictement,ADV,B2,5.688,1,1,0,0,0,3,1,1,2,1,P2_single_edge,P2_single_edge|P4_confusable|P5_b2c1_synset,0,补第二条正式关系，形成最小学习语境,
2167,séjourner,VER,B2,5.661,1,0,1,0,0,2,1,0,0,0,P2_single_edge,P2_single_edge,0,补第二条正式关系，形成最小学习语境,住下；作客
2168,antibiotique,NOM,B2,5.6534,1,1,0,0,0,1,1,1,2,1,P2_single_edge,P2_single_edge|P4_confusable|P5_b2c1_synset,0,补第二条正式关系，形成最小学习语境,抗生素
2169,culte,NOM,B2,5.6493,1,0,1,0,0,4,1,0,3,0,P2_single_edge,P2_single_edge|P3_bridge|P4_confusable,0,补第二条正式关系，形成最小学习语境,深爱
2170,côtoyer,VER,B2,5.6353,1,1,0,0,0,5,1,1,1,0,P2_single_edge,P2_single_edge|P3_bridge|P4_confusable|P5_b2c1_synset,0,补第二条正式关系，形成最小学习语境,近乎
2171,débattre,VER,B2,5.6314,1,1,0,0,0,2,1,1,2,2,P2_single_edge,P2_single_edge|P4_confusable|P5_b2c1_synset,0,补第二条正式关系，形成最小学习语境,争论；争辩
2172,acquisition,NOM,B2,5.6182,1,1,0,0,0,4,1,1,3,0,P2_single_edge,P2_single_edge|P3_bridge|P4_confusable|P5_b2c1_synset,0,补第二条正式关系，形成最小学习语境,习得；既得
2173,envers,NOM,B2,5.5623,1,0,1,0,0,2,1,1,0,2,P2_single_edge,P2_single_edge|P4_confusable,0,补第二条正式关系，形成最小学习语境,反面；对于
2174,cuir,NOM,B2,5.5354,1,0,1,0,0,8,1,0,3,3,P2_single_edge,P2_single_edge|P3_bridge|P4_confusable,0,补第二条正式关系，形成最小学习语境,牛皮；皮革
2175,parfumeur,NOM,B2,5.5263,1,1,0,0,0,4,1,1,3,3,P2_single_edge,P2_single_edge|P3_bridge|P4_confusable|P5_b2c1_synset,0,补第二条正式关系，形成最小学习语境,
2176,comparaison,NOM,B1,5.5232,1,1,0,0,0,6,1,1,1,2,P2_single_edge,P2_single_edge|P3_bridge|P4_confusable,0,补第二条正式关系，形成最小学习语境,
2177,commercial,NOM,B2,5.5192,1,1,0,0,0,3,1,1,2,2,P2_single_edge,P2_single_edge|P4_confusable|P5_b2c1_synset,0,补第二条正式关系，形成最小学习语境,商业；商厦
2178,cabaret,NOM,B2,5.5125,1,0,1,0,0,10,1,0,1,1,P2_single_edge,P2_single_edge|P3_bridge|P4_confusable,0,补第二条正式关系，形成最小学习语境,歌厅；酒家
2179,nue,NOM,B2,5.5005,1,0,1,0,0,1,1,0,1,1,P2_single_edge,P2_single_edge|P4_confusable,0,补第二条正式关系，形成最小学习语境,
2180,tee-shirt,NOM,B1,5.4932,1,0,1,0,0,1,1,0,0,0,P2_single_edge,P2_single_edge,0,补第二条正式关系，形成最小学习语境,
2181,éblouir,VER,B1,5.4711,1,1,0,0,0,4,1,1,1,1,P2_single_edge,P2_single_edge|P3_bridge|P4_confusable,0,补第二条正式关系，形成最小学习语境,刺眼；夺目
2182,coach,NOM,B1,5.4692,1,0,1,0,0,3,1,0,0,2,P2_single_edge,P2_single_edge|P4_confusable,0,补第二条正式关系，形成最小学习语境,技术指导；指导员
2183,gosse,NOM,B2,5.4583,1,0,1,0,0,3,1,0,1,2,P2_single_edge,P2_single_edge|P4_confusable,0,补第二条正式关系，形成最小学习语境,孩童；小孩子
2184,expatrier,VER,B2,5.4492,1,1,0,0,0,3,1,1,3,1,P2_single_edge,P2_single_edge|P4_confusable|P5_b2c1_synset,0,补第二条正式关系，形成最小学习语境,
2185,hégémonie,NOM,B2,5.4412,1,0,1,0,0,3,1,0,0,0,P2_single_edge,P2_single_edge,0,补第二条正式关系，形成最小学习语境,霸权；霸气
2186,élan,NOM,B1,5.42,1,1,0,0,0,0,0,1,1,1,P2_single_edge,P2_single_edge|P4_confusable,0,补第二条正式关系，形成最小学习语境,冲动；势头
2187,réalisme,NOM,B2,5.3944,1,1,0,0,0,7,1,2,2,2,P2_single_edge,P2_single_edge|P3_bridge|P4_confusable|P5_b2c1_synset,0,补第二条正式关系，形成最小学习语境,写实；现实主义
2188,enregistrement,NOM,B1,5.3888,1,1,0,0,0,5,1,1,2,2,P2_single_edge,P2_single_edge|P3_bridge|P4_confusable,0,补第二条正式关系，形成最小学习语境,值机；记事
2189,lumineux,ADJ,B2,5.3882,1,1,0,0,0,4,1,1,3,2,P2_single_edge,P2_single_edge|P3_bridge|P4_confusable|P5_b2c1_synset,0,补第二条正式关系，形成最小学习语境,光亮；光光
2190,bonnet,NOM,B1,5.3717,1,0,1,0,0,7,1,0,1,2,P2_single_edge,P2_single_edge|P3_bridge|P4_confusable,0,补第二条正式关系，形成最小学习语境,豆豆帽
2191,ludique,ADJ,B2,5.3684,1,0,1,0,0,2,1,1,1,0,P2_single_edge,P2_single_edge|P4_confusable,0,补第二条正式关系，形成最小学习语境,
2192,gravement,ADV,B2,5.3581,1,0,1,0,0,3,1,2,3,0,P2_single_edge,P2_single_edge|P4_confusable,0,补第二条正式关系，形成最小学习语境,
2193,canard,NOM,B2,5.3404,1,0,1,0,0,13,1,0,2,1,P2_single_edge,P2_single_edge|P3_bridge|P4_confusable,0,补第二条正式关系，形成最小学习语境,鸭子
2194,pique-nique,NOM,B1,5.3338,1,1,0,0,0,2,1,1,1,1,P2_single_edge,P2_single_edge|P4_confusable,0,补第二条正式关系，形成最小学习语境,踏青；郊游
2195,réjouir,VER,B1,5.3271,1,0,0,1,0,5,1,1,2,1,P2_single_edge,P2_single_edge|P3_bridge|P4_confusable,0,补第二条正式关系，形成最小学习语境,娱
2196,terrifier,VER,B2,5.3088,1,0,1,0,0,1,1,1,2,2,P2_single_edge,P2_single_edge|P4_confusable,0,补第二条正式关系，形成最小学习语境,
2197,compagne,NOM,B2,5.3057,1,0,1,0,0,4,1,0,3,3,P2_single_edge,P2_single_edge|P3_bridge|P4_confusable,0,补第二条正式关系，形成最小学习语境,伴侣；同伴
2198,reportage,NOM,B1,5.2995,1,1,0,0,0,3,1,0,1,1,P2_single_edge,P2_single_edge|P4_confusable,0,补第二条正式关系，形成最小学习语境,报道；通讯
2199,non-fumeur,NOM,B2,5.2991,1,0,0,1,0,1,1,0,0,2,P2_single_edge,P2_single_edge|P4_confusable,0,补第二条正式关系，形成最小学习语境,无烟
2200,insuffisant,ADJ,B2,5.2984,1,1,0,0,0,2,1,1,3,3,P2_single_edge,P2_single_edge|P4_confusable|P5_b2c1_synset,0,补第二条正式关系，形成最小学习语境,不够；不能够
2201,insécurité,NOM,B1,5.2958,1,0,0,1,0,1,1,0,2,2,P2_single_edge,P2_single_edge|P4_confusable,0,补第二条正式关系，形成最小学习语境,
2202,paternité,NOM,B1,5.2956,1,1,0,0,0,4,1,0,3,3,P2_single_edge,P2_single_edge|P3_bridge|P4_confusable,0,补第二条正式关系，形成最小学习语境,
2203,privilège,NOM,B2,5.2896,1,0,1,0,0,6,1,0,0,0,P2_single_edge,P2_single_edge|P3_bridge,0,补第二条正式关系，形成最小学习语境,优待；特权
2204,déroulement,NOM,B2,5.2855,1,1,0,0,0,2,1,1,1,1,P2_single_edge,P2_single_edge|P4_confusable|P5_b2c1_synset,0,补第二条正式关系，形成最小学习语境,历程；进度
2205,fonctionnel,ADJ,B2,5.2799,1,0,1,0,0,0,0,1,2,3,P2_single_edge,P2_single_edge|P4_confusable,0,补第二条正式关系，形成最小学习语境,
2206,parallèlement,ADV,B2,5.2792,1,0,1,0,0,3,1,0,2,2,P2_single_edge,P2_single_edge|P4_confusable,0,补第二条正式关系，形成最小学习语境,
2207,déshabiller,VER,B1,5.275,1,0,0,1,0,6,1,1,0,2,P2_single_edge,P2_single_edge|P3_bridge|P4_confusable,0,补第二条正式关系，形成最小学习语境,宽衣解带
2208,guetter,VER,B2,5.2732,1,0,1,0,0,5,1,0,1,1,P2_single_edge,P2_single_edge|P3_bridge|P4_confusable,0,补第二条正式关系，形成最小学习语境,窥伺，守候着看
2209,stylo,NOM,B2,5.2626,1,0,1,0,0,1,1,0,2,1,P2_single_edge,P2_single_edge|P4_confusable,0,补第二条正式关系，形成最小学习语境,笔杆子
2210,fréquence,NOM,B2,5.255,1,1,0,0,0,5,1,1,3,3,P2_single_edge,P2_single_edge|P3_bridge|P4_confusable|P5_b2c1_synset,0,补第二条正式关系，形成最小学习语境,扇形统计图；次数
2211,bénévole,NOM,B2,5.2513,1,1,0,0,0,1,1,2,2,2,P2_single_edge,P2_single_edge|P4_confusable|P5_b2c1_synset,0,补第二条正式关系，形成最小学习语境,义务；志愿者
2212,cinquième,NOM,B1,5.2508,1,1,0,0,0,7,1,1,2,2,P2_single_edge,P2_single_edge|P3_bridge|P4_confusable,0,补第二条正式关系，形成最小学习语境,第五
2213,dédier,VER,B2,5.2464,1,0,1,0,0,4,1,0,2,1,P2_single_edge,P2_single_edge|P3_bridge|P4_confusable,0,补第二条正式关系，形成最小学习语境,献
2214,mauvais,NOM,B2,5.237,1,0,1,0,0,3,1,2,1,2,P2_single_edge,P2_single_edge|P4_confusable,0,补第二条正式关系，形成最小学习语境,不佳；不善
2215,démarrer,VER,B2,5.2306,1,0,1,0,0,10,1,0,2,3,P2_single_edge,P2_single_edge|P3_bridge|P4_confusable,0,补第二条正式关系，形成最小学习语境,启动；开动
2216,célibataire,NOM,B2,5.2298,1,0,0,1,0,2,1,1,1,1,P2_single_edge,P2_single_edge|P4_confusable,0,补第二条正式关系，形成最小学习语境,光棍；单身
2217,rédacteur,NOM,B2,5.2267,1,1,0,0,0,4,1,1,2,1,P2_single_edge,P2_single_edge|P3_bridge|P4_confusable|P5_b2c1_synset,0,补第二条正式关系，形成最小学习语境,写手；编者
2218,rattacher,VER,B1,5.2143,1,1,0,0,0,3,1,1,1,3,P2_single_edge,P2_single_edge|P4_confusable,0,补第二条正式关系，形成最小学习语境,
2219,dynamique,NOM,B2,5.2072,1,1,0,0,0,3,1,1,2,3,P2_single_edge,P2_single_edge|P4_confusable|P5_b2c1_synset,0,补第二条正式关系，形成最小学习语境,动力学；活泼
2220,parquet,NOM,B2,5.2027,1,1,0,0,0,10,1,1,0,0,P2_single_edge,P2_single_edge|P3_bridge|P5_b2c1_synset,0,补第二条正式关系，形成最小学习语境,木地板；检察院
2221,adolescent,ADJ,B1,5.1909,1,1,0,0,0,2,1,2,2,2,P2_single_edge,P2_single_edge|P4_confusable,0,补第二条正式关系，形成最小学习语境,少年；青少年
2222,parité,NOM,B2,5.186,1,1,0,0,0,8,1,1,2,2,P2_single_edge,P2_single_edge|P3_bridge|P4_confusable|P5_b2c1_synset,0,补第二条正式关系，形成最小学习语境,比价
2223,diversifier,VER,B2,5.1747,1,1,0,0,0,1,1,1,2,2,P2_single_edge,P2_single_edge|P4_confusable|P5_b2c1_synset,0,补第二条正式关系，形成最小学习语境,
2224,saucisse,NOM,B1,5.1706,1,0,1,0,0,9,1,1,1,1,P2_single_edge,P2_single_edge|P3_bridge|P4_confusable,0,补第二条正式关系，形成最小学习语境,香肠
2225,monte,NOM,B1,5.1656,1,1,0,0,0,4,1,0,3,0,P2_single_edge,P2_single_edge|P3_bridge|P4_confusable,0,补第二条正式关系，形成最小学习语境,
2226,relativement,ADV,B2,5.1488,1,1,0,0,0,2,1,1,3,3,P2_single_edge,P2_single_edge|P4_confusable|P5_b2c1_synset,0,补第二条正式关系，形成最小学习语境,比较；相对
2227,décidément,ADV,B2,5.1225,1,1,0,0,0,3,1,1,3,3,P2_single_edge,P2_single_edge|P4_confusable|P5_b2c1_synset,0,补第二条正式关系，形成最小学习语境,
2228,ironique,ADJ,B1,5.1175,1,1,0,0,0,2,1,1,1,3,P2_single_edge,P2_single_edge|P4_confusable,0,补第二条正式关系，形成最小学习语境,
2229,hisser,VER,B1,5.1161,1,0,1,0,0,3,1,0,3,2,P2_single_edge,P2_single_edge|P4_confusable,0,补第二条正式关系，形成最小学习语境,挂起
2230,personnaliser,VER,B2,5.1108,1,1,0,0,0,5,1,1,1,1,P2_single_edge,P2_single_edge|P3_bridge|P4_confusable|P5_b2c1_synset,0,补第二条正式关系，形成最小学习语境,个性化
2231,priser,VER,B2,5.0989,1,1,0,0,0,3,1,1,3,2,P2_single_edge,P2_single_edge|P4_confusable|P5_b2c1_synset,0,补第二条正式关系，形成最小学习语境,观赏
2232,rituel,NOM,B2,5.0972,1,1,0,0,0,5,1,1,3,3,P2_single_edge,P2_single_edge|P3_bridge|P4_confusable|P5_b2c1_synset,0,补第二条正式关系，形成最小学习语境,仪式；法事
2233,tristement,ADV,B1,5.0918,1,1,0,0,0,2,1,1,3,3,P2_single_edge,P2_single_edge|P4_confusable,0,补第二条正式关系，形成最小学习语境,悄然；黯然
2234,fièrement,ADV,B1,5.09,1,1,0,0,0,2,1,1,2,3,P2_single_edge,P2_single_edge|P4_confusable,0,补第二条正式关系，形成最小学习语境,傲然；骄傲
2235,étagère,NOM,B1,5.089,1,0,1,0,0,3,1,0,2,0,P2_single_edge,P2_single_edge|P4_confusable,0,补第二条正式关系，形成最小学习语境,书架；搁板
2236,idéal,NOM,B2,5.077,1,0,1,0,0,0,0,2,2,2,P2_single_edge,P2_single_edge|P4_confusable,0,补第二条正式关系，形成最小学习语境,包含同态；志向
2237,compositeur,NOM,B2,5.0721,1,1,0,0,0,4,1,1,3,0,P2_single_edge,P2_single_edge|P3_bridge|P4_confusable|P5_b2c1_synset,0,补第二条正式关系，形成最小学习语境,作曲家
2238,amical,ADJ,B2,5.0716,1,1,0,0,0,1,1,1,1,1,P2_single_edge,P2_single_edge|P4_confusable|P5_b2c1_synset,0,补第二条正式关系，形成最小学习语境,亲热；友好
2239,bricolage,NOM,B1,5.0597,1,1,0,0,0,3,1,1,2,3,P2_single_edge,P2_single_edge|P4_confusable,0,补第二条正式关系，形成最小学习语境,
2240,conservatoire,NOM,B2,5.0524,1,1,0,0,0,6,1,1,3,3,P2_single_edge,P2_single_edge|P3_bridge|P4_confusable|P5_b2c1_synset,0,补第二条正式关系，形成最小学习语境,
2241,pareil,NOM,B1,5.0447,1,0,1,0,0,4,1,1,2,3,P2_single_edge,P2_single_edge|P3_bridge|P4_confusable,0,补第二条正式关系，形成最小学习语境,一样；不相上下
2242,distinction,NOM,B1,5.0395,1,1,0,0,0,8,1,1,3,3,P2_single_edge,P2_single_edge|P3_bridge|P4_confusable,0,补第二条正式关系，形成最小学习语境,信誉；奖项
2243,scolarité,NOM,B2,5.0312,1,1,0,0,0,1,1,1,1,1,P2_single_edge,P2_single_edge|P4_confusable|P5_b2c1_synset,0,补第二条正式关系，形成最小学习语境,
2244,éthique,ADJ,B2,5.0299,1,0,1,0,0,1,1,0,1,3,P2_single_edge,P2_single_edge|P4_confusable,0,补第二条正式关系，形成最小学习语境,伦理；道德
2245,télévisuel,ADJ,B2,5.0211,1,1,0,0,0,1,1,0,3,3,P2_single_edge,P2_single_edge|P4_confusable|P5_b2c1_synset,0,补第二条正式关系，形成最小学习语境,
2246,complexité,NOM,B2,4.9964,1,1,0,0,0,2,1,2,3,3,P2_single_edge,P2_single_edge|P4_confusable|P5_b2c1_synset,0,补第二条正式关系，形成最小学习语境,复杂性
2247,vocal,ADJ,B1,4.9663,1,0,1,0,0,7,1,7,2,2,P2_single_edge,P2_single_edge|P3_bridge|P4_confusable,0,补第二条正式关系，形成最小学习语境,发声
2248,relire,VER,B2,4.9644,1,1,0,0,0,2,1,1,3,1,P2_single_edge,P2_single_edge|P4_confusable|P5_b2c1_synset,0,补第二条正式关系，形成最小学习语境,
2249,pari,NOM,B2,4.962,1,1,0,0,0,3,1,1,1,1,P2_single_edge,P2_single_edge|P4_confusable|P5_b2c1_synset,0,补第二条正式关系，形成最小学习语境,博弈；投注
2250,ronde,NOM,B1,4.9515,1,0,1,0,0,9,1,2,3,3,P2_single_edge,P2_single_edge|P3_bridge|P4_confusable,0,补第二条正式关系，形成最小学习语境,
2251,chandelier,NOM,B1,4.9363,1,1,0,0,0,3,1,1,1,0,P2_single_edge,P2_single_edge|P4_confusable,0,补第二条正式关系，形成最小学习语境,烛台；蜡台
2252,mobilier,NOM,B2,4.9005,1,0,1,0,0,2,1,2,3,3,P2_single_edge,P2_single_edge|P4_confusable,0,补第二条正式关系，形成最小学习语境,
2253,centrer,VER,B2,4.8996,1,1,0,0,0,2,1,1,3,1,P2_single_edge,P2_single_edge|P4_confusable|P5_b2c1_synset,0,补第二条正式关系，形成最小学习语境,
2254,géographie,NOM,B2,4.8853,1,1,0,0,0,3,1,0,3,2,P2_single_edge,P2_single_edge|P4_confusable|P5_b2c1_synset,0,补第二条正式关系，形成最小学习语境,地理；舆地
2255,nerf,NOM,B2,4.8693,1,1,0,0,0,6,1,1,1,1,P2_single_edge,P2_single_edge|P3_bridge|P4_confusable|P5_b2c1_synset,0,补第二条正式关系，形成最小学习语境,命脉；神经
2256,championnat,NOM,B1,4.8655,1,1,0,0,0,2,1,1,2,1,P2_single_edge,P2_single_edge|P4_confusable,0,补第二条正式关系，形成最小学习语境,
2257,sel,NOM,B1,4.8567,1,1,0,0,0,6,1,8,1,3,P2_single_edge,P2_single_edge|P3_bridge|P4_confusable,0,补第二条正式关系，形成最小学习语境,盐；鹾
2258,tueur,NOM,B2,4.854,1,0,1,0,0,4,1,0,1,2,P2_single_edge,P2_single_edge|P3_bridge|P4_confusable,0,补第二条正式关系，形成最小学习语境,凶手；杀人者
2259,contrer,VER,B2,4.8494,1,0,1,0,0,3,1,0,3,3,P2_single_edge,P2_single_edge|P4_confusable,0,补第二条正式关系，形成最小学习语境,反制
2260,physiquement,ADV,B1,4.8372,1,1,0,0,0,1,1,0,3,2,P2_single_edge,P2_single_edge|P4_confusable,0,补第二条正式关系，形成最小学习语境,身上
2261,inutilement,ADV,B2,4.8289,1,1,0,0,0,1,1,1,2,1,P2_single_edge,P2_single_edge|P4_confusable|P5_b2c1_synset,0,补第二条正式关系，形成最小学习语境,枉然
2262,agglomération,NOM,B2,4.8278,1,0,1,0,0,2,1,0,1,0,P2_single_edge,P2_single_edge|P4_confusable,0,补第二条正式关系，形成最小学习语境,一团；一堆
2263,coudre,VER,B1,4.8229,1,1,0,0,0,6,1,2,3,2,P2_single_edge,P2_single_edge|P3_bridge|P4_confusable,0,补第二条正式关系，形成最小学习语境,缝制；缝合
2264,acheminer,VER,B2,4.8206,1,1,0,0,0,5,1,1,3,1,P2_single_edge,P2_single_edge|P3_bridge|P4_confusable|P5_b2c1_synset,0,补第二条正式关系，形成最小学习语境,前往；发送
2265,urbanisme,NOM,B2,4.8063,1,1,0,0,0,1,1,1,3,2,P2_single_edge,P2_single_edge|P4_confusable|P5_b2c1_synset,0,补第二条正式关系，形成最小学习语境,城市规划
2266,dérober,VER,B2,4.7972,1,0,1,0,0,14,1,0,1,0,P2_single_edge,P2_single_edge|P3_bridge|P4_confusable,0,补第二条正式关系，形成最小学习语境,偷盗；偷走
2267,aboutir,VER,B2,4.7962,1,1,0,0,0,0,0,1,0,0,P2_single_edge,P2_single_edge,0,补第二条正式关系，形成最小学习语境,成果
2268,verdure,NOM,B2,4.796,1,1,0,0,0,4,1,2,3,3,P2_single_edge,P2_single_edge|P3_bridge|P4_confusable|P5_b2c1_synset,0,补第二条正式关系，形成最小学习语境,
2269,cruel,ADJ,B2,4.7794,1,0,1,0,0,5,1,0,3,3,P2_single_edge,P2_single_edge|P3_bridge|P4_confusable,0,补第二条正式关系，形成最小学习语境,严酷；凶残
2270,surgir,VER,B2,4.7765,1,1,0,0,0,4,1,3,2,1,P2_single_edge,P2_single_edge|P3_bridge|P4_confusable|P5_b2c1_synset,0,补第二条正式关系，形成最小学习语境,冒头；出现
2271,horaire,ADJ,B2,4.7682,1,1,0,0,0,3,1,1,3,0,P2_single_edge,P2_single_edge|P4_confusable|P5_b2c1_synset,0,补第二条正式关系，形成最小学习语境,时刻表；时间
2272,axer,VER,B2,4.763,1,1,0,0,0,1,1,1,2,2,P2_single_edge,P2_single_edge|P4_confusable|P5_b2c1_synset,0,补第二条正式关系，形成最小学习语境,
2273,gémir,VER,B2,4.7581,1,1,0,0,0,6,1,1,3,1,P2_single_edge,P2_single_edge|P3_bridge|P4_confusable|P5_b2c1_synset,0,补第二条正式关系，形成最小学习语境,叫苦；呻吟
2274,gratuitement,ADV,B2,4.7575,1,0,1,0,0,0,0,1,2,2,P2_single_edge,P2_single_edge|P4_confusable,0,补第二条正式关系，形成最小学习语境,免费
2275,revolver,NOM,B2,4.7418,1,0,1,0,0,1,1,0,0,2,P2_single_edge,P2_single_edge|P4_confusable,0,补第二条正式关系，形成最小学习语境,
2276,soupirer,VER,B2,4.7328,1,1,0,0,0,4,1,1,2,2,P2_single_edge,P2_single_edge|P3_bridge|P4_confusable|P5_b2c1_synset,0,补第二条正式关系，形成最小学习语境,叹息；叹气
2277,élaboration,NOM,B2,4.722,1,1,0,0,0,1,1,1,3,3,P2_single_edge,P2_single_edge|P4_confusable|P5_b2c1_synset,0,补第二条正式关系，形成最小学习语境,冶炼
2278,peiner,VER,B2,4.7149,1,0,1,0,0,4,1,1,2,3,P2_single_edge,P2_single_edge|P3_bridge|P4_confusable,0,补第二条正式关系，形成最小学习语境,操劳
2279,orchestre,NOM,B2,4.7085,1,1,0,0,0,3,1,1,1,1,P2_single_edge,P2_single_edge|P4_confusable|P5_b2c1_synset,0,补第二条正式关系，形成最小学习语境,乐团；交响乐团
2280,violemment,ADV,B1,4.6861,1,0,1,0,0,3,1,1,3,3,P2_single_edge,P2_single_edge|P4_confusable,0,补第二条正式关系，形成最小学习语境,猛力
2281,pistolet,NOM,B2,4.6722,1,0,1,0,0,13,1,0,0,0,P2_single_edge,P2_single_edge|P3_bridge,0,补第二条正式关系，形成最小学习语境,手枪
2282,migrateur,ADJ,B2,4.6638,1,0,1,0,0,1,1,1,3,2,P2_single_edge,P2_single_edge|P4_confusable,0,补第二条正式关系，形成最小学习语境,
2283,reconnaissant,ADJ,B2,4.6636,1,1,0,0,0,1,1,1,3,3,P2_single_edge,P2_single_edge|P4_confusable|P5_b2c1_synset,0,补第二条正式关系，形成最小学习语境,
2284,sanglant,ADJ,B2,4.6578,1,1,0,0,0,5,1,0,3,2,P2_single_edge,P2_single_edge|P3_bridge|P4_confusable|P5_b2c1_synset,0,补第二条正式关系，形成最小学习语境,浴血；血性
2285,repasser,VER,B1,4.6555,1,1,0,0,0,18,1,1,2,1,P2_single_edge,P2_single_edge|P3_bridge|P4_confusable,0,补第二条正式关系，形成最小学习语境,烙；烫
2286,parure,NOM,B2,4.6526,1,1,0,0,0,8,1,1,1,1,P2_single_edge,P2_single_edge|P3_bridge|P4_confusable|P5_b2c1_synset,0,补第二条正式关系，形成最小学习语境,饰物；首饰
2287,interprète,NOM,B1,4.6524,1,1,0,0,0,7,1,2,2,2,P2_single_edge,P2_single_edge|P3_bridge|P4_confusable,0,补第二条正式关系，形成最小学习语境,翻译
2288,ingrédient,NOM,B2,4.6517,1,0,1,0,0,2,1,0,1,0,P2_single_edge,P2_single_edge|P4_confusable,0,补第二条正式关系，形成最小学习语境,成分；食材
2289,échouer,VER,B2,4.6452,1,0,1,0,0,4,1,0,1,0,P2_single_edge,P2_single_edge|P3_bridge|P4_confusable,0,补第二条正式关系，形成最小学习语境,受挫；失败
2290,moderniser,VER,B2,4.6383,1,1,0,0,0,1,1,2,2,3,P2_single_edge,P2_single_edge|P4_confusable|P5_b2c1_synset,0,补第二条正式关系，形成最小学习语境,
2291,ampleur,NOM,B2,4.636,1,1,0,0,0,1,1,1,2,0,P2_single_edge,P2_single_edge|P4_confusable|P5_b2c1_synset,0,补第二条正式关系，形成最小学习语境,博大；宽大
2292,alternatif,ADJ,B2,4.6189,1,1,0,0,0,5,1,0,2,2,P2_single_edge,P2_single_edge|P3_bridge|P4_confusable|P5_b2c1_synset,0,补第二条正式关系，形成最小学习语境,交流；另类
2293,traduction,NOM,B2,4.6145,1,1,0,0,0,3,1,1,2,1,P2_single_edge,P2_single_edge|P4_confusable|P5_b2c1_synset,0,补第二条正式关系，形成最小学习语境,翻译；译文
2294,présider,VER,B1,4.609,1,1,0,0,0,2,1,1,1,1,P2_single_edge,P2_single_edge|P4_confusable,0,补第二条正式关系，形成最小学习语境,主持
2295,réflexe,NOM,B2,4.6044,1,0,1,0,0,4,1,0,3,1,P2_single_edge,P2_single_edge|P3_bridge|P4_confusable,0,补第二条正式关系，形成最小学习语境,
2296,surprenant,ADJ,B2,4.6007,1,0,1,0,0,1,1,1,3,3,P2_single_edge,P2_single_edge|P4_confusable,0,补第二条正式关系，形成最小学习语境,惊人
2297,combinaison,NOM,B2,4.5962,1,1,0,0,0,9,1,1,3,2,P2_single_edge,P2_single_edge|P3_bridge|P4_confusable|P5_b2c1_synset,0,补第二条正式关系，形成最小学习语境,组合；计策
2298,double,NOM,B2,4.5884,1,0,1,0,0,13,1,2,2,2,P2_single_edge,P2_single_edge|P3_bridge|P4_confusable,0,补第二条正式关系，形成最小学习语境,分身；副本
2299,soupçonner,VER,B2,4.5849,1,1,0,0,0,3,1,1,1,1,P2_single_edge,P2_single_edge|P4_confusable|P5_b2c1_synset,0,补第二条正式关系，形成最小学习语境,怀疑；猜疑
2300,menaçant,ADJ,B2,4.5839,1,1,0,0,0,1,1,1,2,2,P2_single_edge,P2_single_edge|P4_confusable|P5_b2c1_synset,0,补第二条正式关系，形成最小学习语境,逼人
2301,gourmand,ADJ,B2,4.5747,1,0,1,0,0,6,1,0,2,3,P2_single_edge,P2_single_edge|P3_bridge|P4_confusable,0,补第二条正式关系，形成最小学习语境,贪吃；贪馋
2302,intérim,NOM,B2,4.5598,1,1,0,0,0,3,1,0,1,1,P2_single_edge,P2_single_edge|P4_confusable|P5_b2c1_synset,0,补第二条正式关系，形成最小学习语境,
2303,exploitation,NOM,B2,4.5483,1,1,0,0,0,6,1,1,2,2,P2_single_edge,P2_single_edge|P3_bridge|P4_confusable|P5_b2c1_synset,0,补第二条正式关系，形成最小学习语境,剥削；吃人
2304,autonome,ADJ,B2,4.5451,1,1,0,0,0,6,1,1,2,1,P2_single_edge,P2_single_edge|P3_bridge|P4_confusable|P5_b2c1_synset,0,补第二条正式关系，形成最小学习语境,单机；自主
2305,courbe,NOM,B2,4.5381,1,1,0,0,0,5,1,1,2,2,P2_single_edge,P2_single_edge|P3_bridge|P4_confusable|P5_b2c1_synset,0,补第二条正式关系，形成最小学习语境,弧形；曲线
2306,ressort,NOM,B1,4.5264,1,1,0,0,0,9,1,1,2,1,P2_single_edge,P2_single_edge|P3_bridge|P4_confusable,0,补第二条正式关系，形成最小学习语境,发条；弹簧
2307,sincèrement,ADV,B2,4.5261,1,0,1,0,0,1,1,1,2,1,P2_single_edge,P2_single_edge|P4_confusable,0,补第二条正式关系，形成最小学习语境,恳切；款款
2308,couvent,NOM,B2,4.5204,1,0,1,0,0,3,1,0,2,2,P2_single_edge,P2_single_edge|P4_confusable,0,补第二条正式关系，形成最小学习语境,庵
2309,innombrable,ADJ,B2,4.5122,1,0,1,0,0,2,1,1,0,1,P2_single_edge,P2_single_edge|P4_confusable,0,补第二条正式关系，形成最小学习语境,不计其数；千万
2310,désespérément,ADV,B1,4.5089,1,1,0,0,0,2,1,1,3,3,P2_single_edge,P2_single_edge|P4_confusable,0,补第二条正式关系，形成最小学习语境,拚命；死命
2311,naïf,ADJ,B2,4.4895,1,0,1,0,0,8,1,0,3,2,P2_single_edge,P2_single_edge|P3_bridge|P4_confusable,0,补第二条正式关系，形成最小学习语境,不谙世故；天真
2312,dorer,VER,B1,4.4638,1,1,0,0,0,4,1,2,2,2,P2_single_edge,P2_single_edge|P3_bridge|P4_confusable,0,补第二条正式关系，形成最小学习语境,镀金
2313,déplorer,VER,B2,4.4573,1,0,1,0,0,2,1,3,2,2,P2_single_edge,P2_single_edge|P4_confusable,0,补第二条正式关系，形成最小学习语境,叹息
2314,index,NOM,B2,4.451,1,0,1,0,0,9,1,1,0,0,P2_single_edge,P2_single_edge|P3_bridge,0,补第二条正式关系，形成最小学习语境,二拇指；二指
2315,luxueux,ADJ,B2,4.4506,1,1,0,0,0,1,1,1,2,1,P2_single_edge,P2_single_edge|P4_confusable|P5_b2c1_synset,0,补第二条正式关系，形成最小学习语境,华贵；奢侈
2316,hurlement,NOM,B2,4.4411,1,1,0,0,0,3,1,1,1,1,P2_single_edge,P2_single_edge|P4_confusable|P5_b2c1_synset,0,补第二条正式关系，形成最小学习语境,喊叫；尖叫声
2317,tentation,NOM,B2,4.4407,1,1,0,0,0,4,1,1,3,3,P2_single_edge,P2_single_edge|P3_bridge|P4_confusable|P5_b2c1_synset,0,补第二条正式关系，形成最小学习语境,诱惑力
2318,continuel,ADJ,B2,4.4401,1,0,1,0,0,1,1,1,3,3,P2_single_edge,P2_single_edge|P4_confusable,0,补第二条正式关系，形成最小学习语境,不断
2319,socialiste,ADJ,B2,4.4369,1,1,0,0,0,2,1,1,3,3,P2_single_edge,P2_single_edge|P4_confusable|P5_b2c1_synset,0,补第二条正式关系，形成最小学习语境,
2320,orner,VER,B2,4.4329,1,0,1,0,0,1,1,0,3,2,P2_single_edge,P2_single_edge|P4_confusable,0,补第二条正式关系，形成最小学习语境,点缀；装饰
2321,communautaire,ADJ,B2,4.421,1,1,0,0,0,4,1,1,1,1,P2_single_edge,P2_single_edge|P3_bridge|P4_confusable|P5_b2c1_synset,0,补第二条正式关系，形成最小学习语境,
2322,maltraiter,VER,B2,4.4044,1,0,1,0,0,2,1,2,0,0,P2_single_edge,P2_single_edge,0,补第二条正式关系，形成最小学习语境,欺负；虐待
2323,foncer,VER,B1,4.3893,1,1,0,0,0,6,1,1,2,3,P2_single_edge,P2_single_edge|P3_bridge|P4_confusable,0,补第二条正式关系，形成最小学习语境,
2324,sensibilisation,NOM,B2,4.389,1,1,0,0,0,6,1,1,2,2,P2_single_edge,P2_single_edge|P3_bridge|P4_confusable|P5_b2c1_synset,0,补第二条正式关系，形成最小学习语境,感光；感知
2325,imposant,ADJ,B1,4.3853,1,1,0,0,0,3,1,1,2,2,P2_single_edge,P2_single_edge|P4_confusable,0,补第二条正式关系，形成最小学习语境,威猛；威风
2326,correspondant,NOM,B2,4.3784,1,1,0,0,0,6,1,1,3,3,P2_single_edge,P2_single_edge|P3_bridge|P4_confusable|P5_b2c1_synset,0,补第二条正式关系，形成最小学习语境,相应；访客
2327,vieillard,NOM,B1,4.3754,1,1,0,0,0,2,1,1,1,1,P2_single_edge,P2_single_edge|P4_confusable,0,补第二条正式关系，形成最小学习语境,丈人；老人
2328,purement,ADV,B2,4.3749,1,1,0,0,0,5,1,1,3,3,P2_single_edge,P2_single_edge|P3_bridge|P4_confusable|P5_b2c1_synset,0,补第二条正式关系，形成最小学习语境,单纯
2329,musculaire,ADJ,B2,4.3661,1,1,0,0,0,2,1,1,3,3,P2_single_edge,P2_single_edge|P4_confusable|P5_b2c1_synset,0,补第二条正式关系，形成最小学习语境,
2330,polémique,NOM,B2,4.3456,1,0,1,0,0,1,1,0,2,1,P2_single_edge,P2_single_edge|P4_confusable,0,补第二条正式关系，形成最小学习语境,争议
2331,gros,ADV,B2,4.3395,1,1,0,0,0,3,1,4,2,2,P2_single_edge,P2_single_edge|P4_confusable|P5_b2c1_synset,0,补第二条正式关系，形成最小学习语境,肥大；肥胖
2332,pittoresque,ADJ,B2,4.3347,1,1,0,0,0,4,1,0,1,1,P2_single_edge,P2_single_edge|P3_bridge|P4_confusable|P5_b2c1_synset,0,补第二条正式关系，形成最小学习语境,如画
2333,gênant,ADJ,B1,4.33,1,1,0,0,0,2,1,1,0,2,P2_single_edge,P2_single_edge|P4_confusable,0,补第二条正式关系，形成最小学习语境,不便；伤脑筋
2334,invite,NOM,B1,4.3207,1,1,0,0,0,5,1,1,1,2,P2_single_edge,P2_single_edge|P3_bridge|P4_confusable,0,补第二条正式关系，形成最小学习语境,
2335,match,NOM,B1,4.3206,1,0,1,0,0,1,1,0,1,1,P2_single_edge,P2_single_edge|P4_confusable,0,补第二条正式关系，形成最小学习语境,对抗赛；比赛
2336,dramaturge,NOM,B1,4.3201,1,1,0,0,0,2,1,1,2,1,P2_single_edge,P2_single_edge|P4_confusable,0,补第二条正式关系，形成最小学习语境,
2337,gain,NOM,B2,4.3136,1,1,0,0,0,4,1,2,3,0,P2_single_edge,P2_single_edge|P3_bridge|P4_confusable|P5_b2c1_synset,0,补第二条正式关系，形成最小学习语境,便宜；增益
2338,logique,ADJ,B2,4.3027,1,1,0,0,0,1,1,1,2,3,P2_single_edge,P2_single_edge|P4_confusable|P5_b2c1_synset,0,补第二条正式关系，形成最小学习语境,眉目；逻辑
2339,équipage,NOM,B1,4.2985,1,1,0,0,0,9,1,1,2,2,P2_single_edge,P2_single_edge|P3_bridge|P4_confusable,0,补第二条正式关系，形成最小学习语境,人员；剧组
2340,frissonner,VER,B1,4.2984,1,0,1,0,0,3,1,0,0,0,P2_single_edge,P2_single_edge,0,补第二条正式关系，形成最小学习语境,发抖；哆嗦
2341,tabagisme,NOM,B2,4.2984,1,1,0,0,0,2,1,1,0,0,P2_single_edge,P2_single_edge|P5_b2c1_synset,0,补第二条正式关系，形成最小学习语境,吸烟
2342,différemment,ADV,B1,4.2883,1,0,1,0,0,2,1,1,2,2,P2_single_edge,P2_single_edge|P4_confusable,0,补第二条正式关系，形成最小学习语境,
2343,pêcher,VER,B1,4.2737,1,1,0,0,0,4,1,1,2,1,P2_single_edge,P2_single_edge|P3_bridge|P4_confusable,0,补第二条正式关系，形成最小学习语境,捕捞；捕鱼
2344,acharner,VER,B2,4.2708,1,1,0,0,0,5,1,1,3,2,P2_single_edge,P2_single_edge|P3_bridge|P4_confusable|P5_b2c1_synset,0,补第二条正式关系，形成最小学习语境,
2345,demi-siècle,NOM,B2,4.2688,1,1,0,0,0,1,1,1,1,1,P2_single_edge,P2_single_edge|P4_confusable|P5_b2c1_synset,0,补第二条正式关系，形成最小学习语境,
2346,étrange,NOM,B1,4.2603,1,1,0,0,0,0,0,2,3,2,P2_single_edge,P2_single_edge|P4_confusable,0,补第二条正式关系，形成最小学习语境,古怪；奇异
2347,aiguille,NOM,B1,4.2602,1,1,0,0,0,19,1,1,3,1,P2_single_edge,P2_single_edge|P3_bridge|P4_confusable,0,补第二条正式关系，形成最小学习语境,箴；针
2348,permission,NOM,B1,4.2557,1,0,1,0,0,2,1,1,1,1,P2_single_edge,P2_single_edge|P4_confusable,0,补第二条正式关系，形成最小学习语境,准许
2349,étaler,VER,B2,4.2474,1,0,1,0,0,8,1,0,2,1,P2_single_edge,P2_single_edge|P3_bridge|P4_confusable,0,补第二条正式关系，形成最小学习语境,展开；展示
2350,axe,NOM,B2,4.24,1,1,0,0,0,10,1,1,2,2,P2_single_edge,P2_single_edge|P3_bridge|P4_confusable|P5_b2c1_synset,0,补第二条正式关系，形成最小学习语境,轴心
2351,dissimuler,VER,B2,4.2377,1,0,1,0,0,5,1,1,3,2,P2_single_edge,P2_single_edge|P3_bridge|P4_confusable,0,补第二条正式关系，形成最小学习语境,掩盖；掩藏
2352,science-fiction,NOM,B1,4.2371,1,0,1,0,0,3,1,0,3,3,P2_single_edge,P2_single_edge|P4_confusable,0,补第二条正式关系，形成最小学习语境,科幻
2353,recommandation,NOM,B2,4.2347,1,1,0,0,0,5,1,1,1,1,P2_single_edge,P2_single_edge|P3_bridge|P4_confusable|P5_b2c1_synset,0,补第二条正式关系，形成最小学习语境,介绍；建议
2354,réfugier,VER,B2,4.223,1,1,0,0,0,3,1,0,1,0,P2_single_edge,P2_single_edge|P4_confusable|P5_b2c1_synset,0,补第二条正式关系，形成最小学习语境,躲藏
2355,lueur,NOM,B2,4.2212,1,1,0,0,0,2,1,0,1,2,P2_single_edge,P2_single_edge|P4_confusable|P5_b2c1_synset,0,补第二条正式关系，形成最小学习语境,微光
2356,travailleur,ADJ,B1,4.22,1,0,1,0,0,1,1,1,1,1,P2_single_edge,P2_single_edge|P4_confusable,0,补第二条正式关系，形成最小学习语境,劳动者；劳工
2357,proportionnel,ADJ,B2,4.2136,1,1,0,0,0,0,0,1,1,1,P2_single_edge,P2_single_edge|P4_confusable,0,补第二条正式关系，形成最小学习语境,
2358,caractéristique,ADJ,B2,4.2123,1,1,0,0,0,0,0,1,3,3,P2_single_edge,P2_single_edge|P4_confusable,0,补第二条正式关系，形成最小学习语境,典型；各别
2359,filière,NOM,B2,4.2117,1,1,0,0,0,18,1,1,1,2,P2_single_edge,P2_single_edge|P3_bridge|P4_confusable|P5_b2c1_synset,0,补第二条正式关系，形成最小学习语境,板牙
2360,humain,NOM,B1,4.2051,1,0,1,0,0,3,1,5,2,1,P2_single_edge,P2_single_edge|P4_confusable,0,补第二条正式关系，形成最小学习语境,人情味；人道
2361,gouverner,VER,B2,4.2015,1,1,0,0,0,7,1,3,3,3,P2_single_edge,P2_single_edge|P3_bridge|P4_confusable|P5_b2c1_synset,0,补第二条正式关系，形成最小学习语境,当世；执政
2362,déchaîner,VER,B2,4.2001,1,0,0,1,0,2,1,1,2,1,P2_single_edge,P2_single_edge|P4_confusable,0,补第二条正式关系，形成最小学习语境,
2363,gaspard,NOM,B2,4.1986,1,0,1,0,0,2,1,0,1,1,P2_single_edge,P2_single_edge|P4_confusable,0,补第二条正式关系，形成最小学习语境,
2364,éclatant,ADJ,B2,4.1966,1,1,0,0,0,3,1,1,2,2,P2_single_edge,P2_single_edge|P4_confusable|P5_b2c1_synset,0,补第二条正式关系，形成最小学习语境,光辉；响亮
2365,décerner,VER,B1,4.1877,1,0,1,0,0,2,1,1,1,3,P2_single_edge,P2_single_edge|P4_confusable,0,补第二条正式关系，形成最小学习语境,授予；颁发
2366,cap,NOM,B2,4.1838,1,0,1,0,0,12,1,3,0,1,P2_single_edge,P2_single_edge|P3_bridge|P4_confusable,0,补第二条正式关系，形成最小学习语境,头部
2367,sueur,NOM,B2,4.1761,1,1,0,0,0,3,1,1,2,2,P2_single_edge,P2_single_edge|P4_confusable|P5_b2c1_synset,0,补第二条正式关系，形成最小学习语境,汗水
2368,paresseux,ADJ,B1,4.1702,1,1,0,0,0,4,1,1,1,2,P2_single_edge,P2_single_edge|P3_bridge|P4_confusable,0,补第二条正式关系，形成最小学习语境,懒人；懒惰
2369,librairie,NOM,B2,4.1676,1,1,0,0,0,4,1,1,1,2,P2_single_edge,P2_single_edge|P3_bridge|P4_confusable|P5_b2c1_synset,0,补第二条正式关系，形成最小学习语境,书店
2370,préalable,ADJ,B2,4.1638,1,1,0,0,0,1,1,1,3,3,P2_single_edge,P2_single_edge|P4_confusable|P5_b2c1_synset,0,补第二条正式关系，形成最小学习语境,
2371,advenir,VER,B2,4.1622,1,1,0,0,0,4,1,1,2,2,P2_single_edge,P2_single_edge|P3_bridge|P4_confusable|P5_b2c1_synset,0,补第二条正式关系，形成最小学习语境,临头
2372,meubler,VER,B2,4.1545,1,1,0,0,0,7,1,1,3,3,P2_single_edge,P2_single_edge|P3_bridge|P4_confusable|P5_b2c1_synset,0,补第二条正式关系，形成最小学习语境,
2373,festif,ADJ,B2,4.1505,1,1,0,0,0,1,1,1,2,2,P2_single_edge,P2_single_edge|P4_confusable|P5_b2c1_synset,0,补第二条正式关系，形成最小学习语境,喜庆
2374,désarmer,VER,B1,4.1376,1,0,0,1,0,13,1,1,1,0,P2_single_edge,P2_single_edge|P3_bridge|P4_confusable,0,补第二条正式关系，形成最小学习语境,缓和
2375,concurrencer,VER,B2,4.1337,1,1,0,0,0,1,1,1,3,3,P2_single_edge,P2_single_edge|P4_confusable|P5_b2c1_synset,0,补第二条正式关系，形成最小学习语境,抗衡；攀比
2376,tempérer,VER,B2,4.1302,1,0,1,0,0,2,1,0,3,0,P2_single_edge,P2_single_edge|P4_confusable,0,补第二条正式关系，形成最小学习语境,砥砺
2377,mentalité,NOM,B2,4.1295,1,0,1,0,0,1,1,0,3,2,P2_single_edge,P2_single_edge|P4_confusable,0,补第二条正式关系，形成最小学习语境,品行；精神状态
2378,maillot,NOM,B1,4.1161,1,0,1,0,0,6,1,0,0,1,P2_single_edge,P2_single_edge|P3_bridge|P4_confusable,0,补第二条正式关系，形成最小学习语境,球衣；裤头
2379,arabe,ADJ,B2,4.1138,1,1,0,0,0,7,1,0,3,1,P2_single_edge,P2_single_edge|P3_bridge|P4_confusable|P5_b2c1_synset,0,补第二条正式关系，形成最小学习语境,阿拉伯
2380,pâlir,VER,B2,4.1124,1,1,0,0,0,4,1,1,3,2,P2_single_edge,P2_single_edge|P3_bridge|P4_confusable|P5_b2c1_synset,0,补第二条正式关系，形成最小学习语境,发白；失色
2381,indéniable,ADJ,B2,4.1073,1,0,1,0,0,1,1,1,0,0,P2_single_edge,P2_single_edge,0,补第二条正式关系，形成最小学习语境,不争
2382,thérapeutique,ADJ,B2,4.1056,1,1,0,0,0,2,1,0,2,2,P2_single_edge,P2_single_edge|P4_confusable|P5_b2c1_synset,0,补第二条正式关系，形成最小学习语境,
2383,habitat,NOM,B2,4.0983,1,1,0,0,0,3,1,1,1,1,P2_single_edge,P2_single_edge|P4_confusable|P5_b2c1_synset,0,补第二条正式关系，形成最小学习语境,栖地
2384,patiemment,ADV,B1,4.0953,1,1,0,0,0,1,1,2,0,1,P2_single_edge,P2_single_edge|P4_confusable,0,补第二条正式关系，形成最小学习语境,
2385,fouiller,VER,B2,4.0915,1,1,0,0,0,0,0,1,2,1,P2_single_edge,P2_single_edge|P4_confusable,0,补第二条正式关系，形成最小学习语境,开挖；截查
2386,bénévolat,NOM,B2,4.0826,1,1,0,0,0,1,1,2,2,2,P2_single_edge,P2_single_edge|P4_confusable|P5_b2c1_synset,0,补第二条正式关系，形成最小学习语境,义务；义工
2387,pneu,NOM,B1,4.0812,1,0,1,0,0,2,1,0,1,1,P2_single_edge,P2_single_edge|P4_confusable,0,补第二条正式关系，形成最小学习语境,带；胎
2388,chirurgien,NOM,B2,4.0733,1,1,0,0,0,3,1,1,1,1,P2_single_edge,P2_single_edge|P4_confusable|P5_b2c1_synset,0,补第二条正式关系，形成最小学习语境,
2389,documentaire,NOM,B1,4.0636,1,1,0,0,0,1,1,1,2,2,P2_single_edge,P2_single_edge|P4_confusable,0,补第二条正式关系，形成最小学习语境,纪实；纪录片
2390,respiration,NOM,B1,4.0582,1,1,0,0,0,2,1,1,3,3,P2_single_edge,P2_single_edge|P4_confusable,0,补第二条正式关系，形成最小学习语境,喁
2391,nuisance,NOM,B2,4.0556,1,1,0,0,0,1,1,1,2,3,P2_single_edge,P2_single_edge|P4_confusable|P5_b2c1_synset,0,补第二条正式关系，形成最小学习语境,劳什子
2392,incrédule,ADJ,B2,4.0549,1,0,1,0,0,2,1,1,0,0,P2_single_edge,P2_single_edge,0,补第二条正式关系，形成最小学习语境,
2393,baccalauréat,NOM,B1,4.0535,1,0,1,0,0,4,1,0,1,1,P2_single_edge,P2_single_edge|P3_bridge|P4_confusable,0,补第二条正式关系，形成最小学习语境,学士学位
2394,sociabilité,NOM,B2,4.0527,1,1,0,0,0,2,1,1,2,2,P2_single_edge,P2_single_edge|P4_confusable|P5_b2c1_synset,0,补第二条正式关系，形成最小学习语境,
2395,caresse,NOM,B1,4.0507,1,1,0,0,0,4,1,1,2,1,P2_single_edge,P2_single_edge|P3_bridge|P4_confusable,0,补第二条正式关系，形成最小学习语境,爱抚
2396,escalader,VER,B2,4.0395,1,1,0,0,0,4,1,1,3,3,P2_single_edge,P2_single_edge|P3_bridge|P4_confusable|P5_b2c1_synset,0,补第二条正式关系，形成最小学习语境,升级；攀援
2397,cendrillon,NOM,B1,4.0289,1,1,0,0,0,3,1,1,1,2,P2_single_edge,P2_single_edge|P4_confusable,0,补第二条正式关系，形成最小学习语境,灰姑娘
2398,nommé,ADJ,B1,4.0257,1,1,0,0,0,2,1,1,2,3,P2_single_edge,P2_single_edge|P4_confusable,0,补第二条正式关系，形成最小学习语境,名为；得名
2399,immobilier,NOM,B2,4.0142,1,1,0,0,0,2,1,2,2,3,P2_single_edge,P2_single_edge|P4_confusable|P5_b2c1_synset,0,补第二条正式关系，形成最小学习语境,房产；房地产
2400,coton,NOM,B1,4.0131,1,0,1,0,0,8,1,0,2,0,P2_single_edge,P2_single_edge|P3_bridge|P4_confusable,0,补第二条正式关系，形成最小学习语境,棉花
2401,parlementaire,ADJ,B2,4.0018,1,1,0,0,0,4,1,2,2,2,P2_single_edge,P2_single_edge|P3_bridge|P4_confusable|P5_b2c1_synset,0,补第二条正式关系，形成最小学习语境,议员
2402,lectorat,NOM,B2,3.9993,1,1,0,0,0,2,1,1,2,3,P2_single_edge,P2_single_edge|P4_confusable|P5_b2c1_synset,0,补第二条正式关系，形成最小学习语境,
2403,rentabilité,NOM,B2,3.9944,1,1,0,0,0,1,1,1,3,3,P2_single_edge,P2_single_edge|P4_confusable|P5_b2c1_synset,0,补第二条正式关系，形成最小学习语境,效益
2404,racheter,VER,B2,3.9933,1,1,0,0,0,7,1,1,2,2,P2_single_edge,P2_single_edge|P3_bridge|P4_confusable|P5_b2c1_synset,0,补第二条正式关系，形成最小学习语境,买断；再买
2405,insertion,NOM,B2,3.9898,1,1,0,0,0,3,1,1,2,1,P2_single_edge,P2_single_edge|P4_confusable|P5_b2c1_synset,0,补第二条正式关系，形成最小学习语境,
2406,confidence,NOM,B2,3.977,1,1,0,0,0,2,1,1,2,2,P2_single_edge,P2_single_edge|P4_confusable|P5_b2c1_synset,0,补第二条正式关系，形成最小学习语境,秘密
2407,prélèvement,NOM,B2,3.9603,1,1,0,0,0,5,1,2,2,1,P2_single_edge,P2_single_edge|P3_bridge|P4_confusable|P5_b2c1_synset,0,补第二条正式关系，形成最小学习语境,
2408,recréer,VER,B2,3.9593,1,0,1,0,0,2,1,1,1,1,P2_single_edge,P2_single_edge|P4_confusable,0,补第二条正式关系，形成最小学习语境,
2409,vignoble,NOM,B2,3.9519,1,0,1,0,0,2,1,1,3,1,P2_single_edge,P2_single_edge|P4_confusable,0,补第二条正式关系，形成最小学习语境,
2410,fourmi,NOM,B2,3.9477,1,1,0,0,0,3,1,0,1,1,P2_single_edge,P2_single_edge|P4_confusable|P5_b2c1_synset,0,补第二条正式关系，形成最小学习语境,蚂蚁
2411,souper,NOM,B1,3.9419,1,1,0,0,0,2,1,1,1,2,P2_single_edge,P2_single_edge|P4_confusable,0,补第二条正式关系，形成最小学习语境,夜宵；夜消
2412,couronner,VER,B2,3.9224,1,1,0,0,0,13,1,1,3,1,P2_single_edge,P2_single_edge|P3_bridge|P4_confusable|P5_b2c1_synset,0,补第二条正式关系，形成最小学习语境,冠
2413,crever,VER,B2,3.9078,1,1,0,0,0,6,1,1,3,2,P2_single_edge,P2_single_edge|P3_bridge|P4_confusable|P5_b2c1_synset,0,补第二条正式关系，形成最小学习语境,破灭
2414,manoeuvre,NOM,B2,3.9053,1,1,0,0,0,0,0,1,2,1,P2_single_edge,P2_single_edge|P4_confusable,0,补第二条正式关系，形成最小学习语境,演练
2415,mentionner,VER,B2,3.9032,1,1,0,0,0,1,1,0,2,2,P2_single_edge,P2_single_edge|P4_confusable|P5_b2c1_synset,0,补第二条正式关系，形成最小学习语境,提到；提及
2416,mille,NOM,B1,3.8984,1,1,0,0,0,7,1,2,3,0,P2_single_edge,P2_single_edge|P3_bridge|P4_confusable,0,补第二条正式关系，形成最小学习语境,一千；英里
2417,design,NOM,B1,3.8936,1,0,1,0,0,2,1,0,3,0,P2_single_edge,P2_single_edge|P4_confusable,0,补第二条正式关系，形成最小学习语境,图案；外观设计
2418,immobilier,ADJ,B1,3.8812,1,0,0,1,0,2,1,2,2,3,P2_single_edge,P2_single_edge|P4_confusable,0,补第二条正式关系，形成最小学习语境,房产；房地产
2419,défilé,NOM,B2,3.8803,1,1,0,0,0,5,1,1,3,3,P2_single_edge,P2_single_edge|P3_bridge|P4_confusable|P5_b2c1_synset,0,补第二条正式关系，形成最小学习语境,巡游
2420,parfumer,VER,B2,3.8732,1,1,0,0,0,1,1,1,3,3,P2_single_edge,P2_single_edge|P4_confusable|P5_b2c1_synset,0,补第二条正式关系，形成最小学习语境,
2421,étang,NOM,B2,3.8715,1,0,1,0,0,1,1,1,2,3,P2_single_edge,P2_single_edge|P4_confusable,0,补第二条正式关系，形成最小学习语境,塘堰；水塘
2422,marteau,NOM,B1,3.8599,1,1,0,0,0,13,1,1,3,0,P2_single_edge,P2_single_edge|P3_bridge|P4_confusable,0,补第二条正式关系，形成最小学习语境,锤子
2423,mets,NOM,B1,3.8511,1,0,1,0,0,1,1,0,0,0,P2_single_edge,P2_single_edge,0,补第二条正式关系，形成最小学习语境,小菜；炼珍
2424,brouillard,NOM,B1,3.8472,1,0,1,0,0,7,1,0,3,2,P2_single_edge,P2_single_edge|P3_bridge|P4_confusable,0,补第二条正式关系，形成最小学习语境,大雾；浓雾
2425,simplicité,NOM,B1,3.8393,1,0,0,1,0,5,1,2,3,2,P2_single_edge,P2_single_edge|P3_bridge|P4_confusable,0,补第二条正式关系，形成最小学习语境,简朴
2426,économiser,VER,B1,3.8247,1,0,1,0,0,3,1,0,3,3,P2_single_edge,P2_single_edge|P4_confusable,0,补第二条正式关系，形成最小学习语境,省去；节省
2427,feuillage,NOM,B1,3.8227,1,1,0,0,0,4,1,1,2,2,P2_single_edge,P2_single_edge|P3_bridge|P4_confusable,0,补第二条正式关系，形成最小学习语境,
2428,gagnant,NOM,B1,3.8191,1,0,1,0,0,3,1,1,3,1,P2_single_edge,P2_single_edge|P4_confusable,0,补第二条正式关系，形成最小学习语境,成功者；胜者
2429,socialement,ADV,B2,3.8038,1,1,0,0,0,3,1,1,1,1,P2_single_edge,P2_single_edge|P4_confusable|P5_b2c1_synset,0,补第二条正式关系，形成最小学习语境,
2430,recourir,VER,B2,3.7844,1,1,0,0,0,4,1,1,3,3,P2_single_edge,P2_single_edge|P3_bridge|P4_confusable|P5_b2c1_synset,0,补第二条正式关系，形成最小学习语境,运用
2431,primordial,ADJ,B2,3.7814,1,0,1,0,0,3,1,2,2,2,P2_single_edge,P2_single_edge|P4_confusable,0,补第二条正式关系，形成最小学习语境,首要
2432,pacifique,ADJ,B2,3.772,1,0,0,1,0,4,1,1,0,1,P2_single_edge,P2_single_edge|P3_bridge|P4_confusable,0,补第二条正式关系，形成最小学习语境,和平；安静
2433,somptueux,ADJ,B2,3.753,1,0,1,0,0,1,1,0,0,0,P2_single_edge,P2_single_edge,0,补第二条正式关系，形成最小学习语境,华丽；华美
2434,vice,NOM,B2,3.7401,1,0,0,1,0,5,1,1,3,2,P2_single_edge,P2_single_edge|P3_bridge|P4_confusable,0,补第二条正式关系，形成最小学习语境,弊病；恶习
2435,glacier,NOM,B2,3.7345,1,1,0,0,0,4,1,1,3,3,P2_single_edge,P2_single_edge|P3_bridge|P4_confusable|P5_b2c1_synset,0,补第二条正式关系，形成最小学习语境,冰川；冰河
2436,relater,VER,B2,3.7243,1,0,1,0,0,1,1,1,3,3,P2_single_edge,P2_single_edge|P4_confusable,0,补第二条正式关系，形成最小学习语境,详述；连通
2437,guichet,NOM,B2,3.724,1,0,1,0,0,10,1,0,1,0,P2_single_edge,P2_single_edge|P3_bridge|P4_confusable,0,补第二条正式关系，形成最小学习语境,小门；拦柜
2438,croisade,NOM,B2,3.7189,1,1,0,0,0,5,1,1,0,1,P2_single_edge,P2_single_edge|P3_bridge|P4_confusable|P5_b2c1_synset,0,补第二条正式关系，形成最小学习语境,十字军
2439,tournée,NOM,B1,3.7168,1,1,0,0,0,4,1,1,2,3,P2_single_edge,P2_single_edge|P3_bridge|P4_confusable,0,补第二条正式关系，形成最小学习语境,
2440,dissiper,VER,B1,3.7124,1,0,1,0,0,4,1,0,2,2,P2_single_edge,P2_single_edge|P3_bridge|P4_confusable,0,补第二条正式关系，形成最小学习语境,化解；打消
2441,carbonique,ADJ,B2,3.7111,1,1,0,0,0,1,1,1,3,0,P2_single_edge,P2_single_edge|P4_confusable|P5_b2c1_synset,0,补第二条正式关系，形成最小学习语境,
2442,robotique,NOM,B1,3.7106,1,1,0,0,0,1,1,0,1,1,P2_single_edge,P2_single_edge|P4_confusable,0,补第二条正式关系，形成最小学习语境,
2443,pharmacien,NOM,B2,3.7046,1,1,0,0,0,2,1,1,3,2,P2_single_edge,P2_single_edge|P4_confusable|P5_b2c1_synset,0,补第二条正式关系，形成最小学习语境,司药；药师
2444,sombrer,VER,B2,3.7041,1,0,1,0,0,5,1,1,3,3,P2_single_edge,P2_single_edge|P3_bridge|P4_confusable,0,补第二条正式关系，形成最小学习语境,下沉；陷于
2445,barreau,NOM,B1,3.7032,1,0,1,0,0,9,1,1,3,1,P2_single_edge,P2_single_edge|P3_bridge|P4_confusable,0,补第二条正式关系，形成最小学习语境,挡；栊
2446,complexe,NOM,B2,3.681,1,1,0,0,0,5,1,1,3,2,P2_single_edge,P2_single_edge|P3_bridge|P4_confusable|P5_b2c1_synset,0,补第二条正式关系，形成最小学习语境,复杂；情结
2447,hébergement,NOM,B2,3.675,1,1,0,0,0,2,1,1,1,1,P2_single_edge,P2_single_edge|P4_confusable|P5_b2c1_synset,0,补第二条正式关系，形成最小学习语境,住宿
2448,jardinier,NOM,B2,3.6742,1,1,0,0,0,3,1,1,2,2,P2_single_edge,P2_single_edge|P4_confusable|P5_b2c1_synset,0,补第二条正式关系，形成最小学习语境,园丁
2449,vitalité,NOM,B2,3.6725,1,1,0,0,0,3,1,1,2,2,P2_single_edge,P2_single_edge|P4_confusable|P5_b2c1_synset,0,补第二条正式关系，形成最小学习语境,朝气；活力
2450,surmonter,VER,B1,3.6696,1,0,1,0,0,4,1,1,0,0,P2_single_edge,P2_single_edge|P3_bridge,0,补第二条正式关系，形成最小学习语境,克服；突破
2451,littoral,NOM,B1,3.6691,1,0,1,0,0,2,1,0,3,2,P2_single_edge,P2_single_edge|P4_confusable,0,补第二条正式关系，形成最小学习语境,沿岸；沿海
2452,guerrier,ADJ,B1,3.6679,1,0,1,0,0,3,1,1,3,2,P2_single_edge,P2_single_edge|P4_confusable,0,补第二条正式关系，形成最小学习语境,兵士；战士
2453,prospérité,NOM,B2,3.6655,1,1,0,0,0,2,1,1,2,1,P2_single_edge,P2_single_edge|P4_confusable|P5_b2c1_synset,0,补第二条正式关系，形成最小学习语境,景气
2454,banaliser,VER,B2,3.6631,1,1,0,0,0,2,1,1,3,2,P2_single_edge,P2_single_edge|P4_confusable|P5_b2c1_synset,0,补第二条正式关系，形成最小学习语境,淡化
2455,orthographe,NOM,B1,3.6622,1,0,1,0,0,2,1,0,3,2,P2_single_edge,P2_single_edge|P4_confusable,0,补第二条正式关系，形成最小学习语境,写法；正词法
2456,poubelle,NOM,B1,3.6614,1,0,1,0,0,3,1,0,0,0,P2_single_edge,P2_single_edge,0,补第二条正式关系，形成最小学习语境,垃圾桶；垃圾箱
2457,littéralement,ADV,B1,3.6555,1,0,1,0,0,2,1,1,3,1,P2_single_edge,P2_single_edge|P4_confusable,0,补第二条正式关系，形成最小学习语境,
2458,prose,NOM,B2,3.6434,1,0,0,1,0,0,0,0,3,3,P2_single_edge,P2_single_edge|P4_confusable,0,补第二条正式关系，形成最小学习语境,散文；笔调
2459,mobylette,NOM,B1,3.6391,1,1,0,0,0,1,1,0,0,0,P2_single_edge,P2_single_edge,0,补第二条正式关系，形成最小学习语境,
2460,approfondir,VER,B2,3.637,1,1,0,0,0,3,1,1,1,3,P2_single_edge,P2_single_edge|P4_confusable|P5_b2c1_synset,0,补第二条正式关系，形成最小学习语境,加深；深入（研究）
2461,conjuguer,VER,B2,3.6352,1,0,1,0,0,2,1,1,2,2,P2_single_edge,P2_single_edge|P4_confusable,0,补第二条正式关系，形成最小学习语境,
2462,goûter,NOM,B1,3.6333,1,1,0,0,0,2,1,1,3,3,P2_single_edge,P2_single_edge|P4_confusable,0,补第二条正式关系，形成最小学习语境,
2463,engin,NOM,B2,3.6319,1,0,1,0,0,10,1,0,1,0,P2_single_edge,P2_single_edge|P3_bridge|P4_confusable,0,补第二条正式关系，形成最小学习语境,
2464,lourdement,ADV,B1,3.631,1,1,0,0,0,4,1,1,1,1,P2_single_edge,P2_single_edge|P3_bridge|P4_confusable,0,补第二条正式关系，形成最小学习语境,
2465,démunir,VER,B2,3.6303,1,1,0,0,0,2,1,1,2,1,P2_single_edge,P2_single_edge|P4_confusable|P5_b2c1_synset,0,补第二条正式关系，形成最小学习语境,
2466,expert,ADJ,B2,3.6243,1,1,0,0,0,1,1,1,2,2,P2_single_edge,P2_single_edge|P4_confusable|P5_b2c1_synset,0,补第二条正式关系，形成最小学习语境,一把好手；专业人才
2467,champignon,NOM,B1,3.6224,1,0,1,0,0,13,1,2,2,0,P2_single_edge,P2_single_edge|P3_bridge|P4_confusable,0,补第二条正式关系，形成最小学习语境,真菌；菇蕈
2468,organisateur,NOM,B2,3.6195,1,1,0,0,0,1,1,1,3,3,P2_single_edge,P2_single_edge|P4_confusable|P5_b2c1_synset,0,补第二条正式关系，形成最小学习语境,召集人；组织者
2469,inéluctable,ADJ,B2,3.6165,1,0,1,0,0,1,1,0,0,0,P2_single_edge,P2_single_edge,0,补第二条正式关系，形成最小学习语境,不可避免
2470,halte,NOM,B1,3.611,1,0,1,0,0,4,1,0,2,0,P2_single_edge,P2_single_edge|P3_bridge|P4_confusable,0,补第二条正式关系，形成最小学习语境,站住
2471,pointer,VER,B2,3.6076,1,1,0,0,0,11,1,2,3,3,P2_single_edge,P2_single_edge|P3_bridge|P4_confusable|P5_b2c1_synset,0,补第二条正式关系，形成最小学习语境,指针；枪口
2472,valider,VER,B2,3.6037,1,1,0,0,0,2,1,1,2,2,P2_single_edge,P2_single_edge|P4_confusable|P5_b2c1_synset,0,补第二条正式关系，形成最小学习语境,验证
2473,grisaille,NOM,B2,3.599,1,1,0,0,0,7,1,1,1,0,P2_single_edge,P2_single_edge|P3_bridge|P4_confusable|P5_b2c1_synset,0,补第二条正式关系，形成最小学习语境,
2474,savoir-vivre,NOM,B2,3.5975,1,0,1,0,0,1,1,2,0,2,P2_single_edge,P2_single_edge|P4_confusable,0,补第二条正式关系，形成最小学习语境,世故
2475,réputé,ADJ,B2,3.5959,1,1,0,0,0,0,0,1,3,3,P2_single_edge,P2_single_edge|P4_confusable,0,补第二条正式关系，形成最小学习语境,出名；有名
2476,constatation,NOM,B2,3.5951,1,1,0,0,0,1,1,1,2,2,P2_single_edge,P2_single_edge|P4_confusable|P5_b2c1_synset,0,补第二条正式关系，形成最小学习语境,
2477,inévitable,ADJ,B2,3.59,1,0,1,0,0,2,1,1,0,0,P2_single_edge,P2_single_edge,0,补第二条正式关系，形成最小学习语境,不免；不可避免
2478,contester,VER,B2,3.5874,1,0,1,0,0,2,1,1,2,3,P2_single_edge,P2_single_edge|P4_confusable,0,补第二条正式关系，形成最小学习语境,争辩
2479,fibre,NOM,B2,3.581,1,0,1,0,0,9,1,0,3,1,P2_single_edge,P2_single_edge|P3_bridge|P4_confusable,0,补第二条正式关系，形成最小学习语境,纤维
2480,hâte,NOM,B2,3.5779,1,1,0,0,0,1,1,1,1,2,P2_single_edge,P2_single_edge|P4_confusable|P5_b2c1_synset,0,补第二条正式关系，形成最小学习语境,忙不迭；急忙
2481,opportunité,NOM,B2,3.573,1,0,0,1,0,2,1,1,2,2,P2_single_edge,P2_single_edge|P4_confusable,0,补第二条正式关系，形成最小学习语境,事宜；机会
2482,isolé,ADJ,B1,3.5668,1,1,0,0,0,7,1,1,2,1,P2_single_edge,P2_single_edge|P3_bridge|P4_confusable,0,补第二条正式关系，形成最小学习语境,孤独；孤立
2483,séminaire,NOM,B2,3.5663,1,0,1,0,0,6,1,1,2,1,P2_single_edge,P2_single_edge|P3_bridge|P4_confusable,0,补第二条正式关系，形成最小学习语境,交流会；研讨会
2484,indemnité,NOM,B2,3.5629,1,0,1,0,0,3,1,1,3,3,P2_single_edge,P2_single_edge|P4_confusable,0,补第二条正式关系，形成最小学习语境,求偿；赔偿金
2485,préservation,NOM,B2,3.5626,1,1,0,0,0,1,1,1,2,3,P2_single_edge,P2_single_edge|P4_confusable|P5_b2c1_synset,0,补第二条正式关系，形成最小学习语境,养护；持续
2486,subtil,ADJ,B2,3.5572,1,1,0,0,0,7,1,1,1,2,P2_single_edge,P2_single_edge|P3_bridge|P4_confusable|P5_b2c1_synset,0,补第二条正式关系，形成最小学习语境,微妙；精细
2487,engendrer,VER,B2,3.5562,1,0,1,0,0,4,1,1,1,1,P2_single_edge,P2_single_edge|P3_bridge|P4_confusable,0,补第二条正式关系，形成最小学习语境,孕育；生育
2488,spatial,ADJ,B1,3.5552,1,0,0,1,0,3,1,1,0,1,P2_single_edge,P2_single_edge|P4_confusable,0,补第二条正式关系，形成最小学习语境,太空
2489,salarier,VER,B2,3.5546,1,1,0,0,0,1,1,1,3,2,P2_single_edge,P2_single_edge|P4_confusable|P5_b2c1_synset,0,补第二条正式关系，形成最小学习语境,佣
2490,grandiose,ADJ,B2,3.554,1,0,1,0,0,1,1,1,0,0,P2_single_edge,P2_single_edge,0,补第二条正式关系，形成最小学习语境,伟大；壮观
2491,cadavre,NOM,B2,3.5513,1,0,1,0,0,5,1,0,0,0,P2_single_edge,P2_single_edge|P3_bridge,0,补第二条正式关系，形成最小学习语境,尸体；死尸
2492,implication,NOM,B2,3.5478,1,1,0,0,0,3,1,1,2,1,P2_single_edge,P2_single_edge|P4_confusable|P5_b2c1_synset,0,补第二条正式关系，形成最小学习语境,推衍；涵义
2493,récolte,NOM,B2,3.5462,1,1,0,0,0,3,1,0,3,1,P2_single_edge,P2_single_edge|P4_confusable|P5_b2c1_synset,0,补第二条正式关系，形成最小学习语境,作物；农作物
2494,reflet,NOM,B2,3.5417,1,1,0,0,0,4,1,1,2,1,P2_single_edge,P2_single_edge|P3_bridge|P4_confusable|P5_b2c1_synset,0,补第二条正式关系，形成最小学习语境,倒影；反映
2495,restituer,VER,B2,3.5313,1,1,0,0,0,7,1,1,3,3,P2_single_edge,P2_single_edge|P3_bridge|P4_confusable|P5_b2c1_synset,0,补第二条正式关系，形成最小学习语境,复原；恢复
2496,abolition,NOM,B2,3.5282,1,1,0,0,0,3,1,1,1,1,P2_single_edge,P2_single_edge|P4_confusable|P5_b2c1_synset,0,补第二条正式关系，形成最小学习语境,
2497,institutionnel,ADJ,B2,3.5281,1,0,1,0,0,1,1,1,3,2,P2_single_edge,P2_single_edge|P4_confusable,0,补第二条正式关系，形成最小学习语境,
2498,épanouir,VER,B2,3.5281,1,1,0,0,0,6,1,1,2,1,P2_single_edge,P2_single_edge|P3_bridge|P4_confusable|P5_b2c1_synset,0,补第二条正式关系，形成最小学习语境,开放；盛开
2499,impasse,NOM,B2,3.5242,1,0,0,1,0,3,1,1,1,1,P2_single_edge,P2_single_edge|P4_confusable,0,补第二条正式关系，形成最小学习语境,僵局；死局
2500,mac,NOM,B1,3.5215,1,0,1,0,0,6,1,0,2,0,P2_single_edge,P2_single_edge|P3_bridge|P4_confusable,0,补第二条正式关系，形成最小学习语境,三七仔
2501,propreté,NOM,B1,3.5103,1,0,0,1,0,2,1,1,3,2,P2_single_edge,P2_single_edge|P4_confusable,0,补第二条正式关系，形成最小学习语境,
2502,pique-niquer,VER,B1,3.5075,1,1,0,0,0,2,1,1,2,2,P2_single_edge,P2_single_edge|P4_confusable,0,补第二条正式关系，形成最小学习语境,
2503,tombée,NOM,B1,3.5073,1,1,0,0,0,7,1,1,3,3,P2_single_edge,P2_single_edge|P3_bridge|P4_confusable,0,补第二条正式关系，形成最小学习语境,
2504,formulaire,NOM,B2,3.5049,1,1,0,0,0,5,1,1,3,3,P2_single_edge,P2_single_edge|P3_bridge|P4_confusable|P5_b2c1_synset,0,补第二条正式关系，形成最小学习语境,窗体；表单
2505,microprocesseur,NOM,B2,3.5038,1,1,0,0,0,1,1,1,2,0,P2_single_edge,P2_single_edge|P4_confusable|P5_b2c1_synset,0,补第二条正式关系，形成最小学习语境,微处理器
2506,plate-forme,NOM,B2,3.5,1,1,0,0,0,18,1,2,1,2,P2_single_edge,P2_single_edge|P3_bridge|P4_confusable|P5_b2c1_synset,0,补第二条正式关系，形成最小学习语境,平台；路基
2507,intrigue,NOM,B2,3.4992,1,1,0,0,0,3,1,1,2,1,P2_single_edge,P2_single_edge|P4_confusable|P5_b2c1_synset,0,补第二条正式关系，形成最小学习语境,剧情；情节
2508,négliger,VER,B2,3.4936,1,0,0,1,0,6,1,1,1,1,P2_single_edge,P2_single_edge|P3_bridge|P4_confusable,0,补第二条正式关系，形成最小学习语境,忽略；忽视
2509,nuance,NOM,B2,3.4911,1,0,1,0,0,4,1,0,2,2,P2_single_edge,P2_single_edge|P3_bridge|P4_confusable,0,补第二条正式关系，形成最小学习语境,色调
2510,protestant,NOM,B1,3.4908,1,0,0,1,0,1,1,1,3,3,P2_single_edge,P2_single_edge|P4_confusable,0,补第二条正式关系，形成最小学习语境,
2511,choeur,NOM,B2,3.4863,1,0,1,0,0,0,0,1,2,0,P2_single_edge,P2_single_edge|P4_confusable,0,补第二条正式关系，形成最小学习语境,合唱团；合音
2512,couvercle,NOM,B1,3.4792,1,0,1,0,0,2,1,1,2,3,P2_single_edge,P2_single_edge|P4_confusable,0,补第二条正式关系，形成最小学习语境,盖子
2513,arcade,NOM,B2,3.4776,1,1,0,0,0,7,1,1,2,2,P2_single_edge,P2_single_edge|P3_bridge|P4_confusable|P5_b2c1_synset,0,补第二条正式关系，形成最小学习语境,
2514,gré,NOM,B2,3.4735,1,1,0,0,0,4,1,3,3,2,P2_single_edge,P2_single_edge|P3_bridge|P4_confusable|P5_b2c1_synset,0,补第二条正式关系，形成最小学习语境,
2515,intensif,ADJ,B1,3.4733,1,1,0,0,0,3,1,1,2,2,P2_single_edge,P2_single_edge|P4_confusable,0,补第二条正式关系，形成最小学习语境,强势
2516,évasion,NOM,B2,3.4637,1,1,0,0,0,1,1,1,1,1,P2_single_edge,P2_single_edge|P4_confusable|P5_b2c1_synset,0,补第二条正式关系，形成最小学习语境,越狱；逃出
2517,ruelle,NOM,B2,3.4598,1,1,0,0,0,4,1,0,3,1,P2_single_edge,P2_single_edge|P3_bridge|P4_confusable|P5_b2c1_synset,0,补第二条正式关系，形成最小学习语境,小巷；巷子
2518,rongeur,NOM,B2,3.4566,1,0,1,0,0,4,1,0,1,0,P2_single_edge,P2_single_edge|P3_bridge|P4_confusable,0,补第二条正式关系，形成最小学习语境,啮齿动物；啮齿目
2519,visuel,ADJ,B2,3.4451,1,1,0,0,0,2,1,1,3,3,P2_single_edge,P2_single_edge|P4_confusable|P5_b2c1_synset,0,补第二条正式关系，形成最小学习语境,
2520,étiquette,NOM,B1,3.4429,1,0,1,0,0,7,1,0,1,2,P2_single_edge,P2_single_edge|P3_bridge|P4_confusable,0,补第二条正式关系，形成最小学习语境,吊牌；招牌纸
2521,sortir,NOM,B2,3.4359,1,1,0,0,0,0,0,1,2,3,P2_single_edge,P2_single_edge|P4_confusable,0,补第二条正式关系，形成最小学习语境,出去；出外
2522,halle,NOM,B2,3.4297,1,0,1,0,0,7,1,0,3,2,P2_single_edge,P2_single_edge|P3_bridge|P4_confusable,0,补第二条正式关系，形成最小学习语境,
2523,hériter,VER,B2,3.4289,1,1,0,0,0,3,1,1,2,2,P2_single_edge,P2_single_edge|P4_confusable|P5_b2c1_synset,0,补第二条正式关系，形成最小学习语境,传承；继承
2524,bronze,NOM,B1,3.4284,1,1,0,0,0,9,1,1,1,2,P2_single_edge,P2_single_edge|P3_bridge|P4_confusable,0,补第二条正式关系，形成最小学习语境,青铜
2525,tome,NOM,B2,3.4272,1,0,1,0,0,3,1,2,2,1,P2_single_edge,P2_single_edge|P4_confusable,0,补第二条正式关系，形成最小学习语境,册；卷
2526,tendrement,ADV,B1,3.4266,1,1,0,0,0,3,1,2,3,2,P2_single_edge,P2_single_edge|P4_confusable,0,补第二条正式关系，形成最小学习语境,
2527,crayon,NOM,B1,3.4252,1,0,1,0,0,15,1,0,3,1,P2_single_edge,P2_single_edge|P3_bridge|P4_confusable,0,补第二条正式关系，形成最小学习语境,铅笔
2528,gravir,VER,B2,3.4243,1,0,0,1,0,2,1,0,3,2,P2_single_edge,P2_single_edge|P4_confusable,0,补第二条正式关系，形成最小学习语境,陟
2529,frite,NOM,B1,3.4239,1,1,0,0,0,4,1,1,3,3,P2_single_edge,P2_single_edge|P3_bridge|P4_confusable,0,补第二条正式关系，形成最小学习语境,薯条
2530,angoisser,VER,B2,3.4096,1,1,0,0,0,1,1,1,1,1,P2_single_edge,P2_single_edge|P4_confusable|P5_b2c1_synset,0,补第二条正式关系，形成最小学习语境,
2531,hexagonal,ADJ,B2,3.4056,1,1,0,0,0,3,1,0,1,1,P2_single_edge,P2_single_edge|P4_confusable|P5_b2c1_synset,0,补第二条正式关系，形成最小学习语境,六方
2532,neutre,ADJ,B2,3.4056,1,0,0,1,0,12,1,0,0,1,P2_single_edge,P2_single_edge|P3_bridge|P4_confusable,0,补第二条正式关系，形成最小学习语境,中性；中立
2533,pureté,NOM,B1,3.4035,1,1,0,0,0,6,1,1,3,3,P2_single_edge,P2_single_edge|P3_bridge|P4_confusable,0,补第二条正式关系，形成最小学习语境,纯度；纯正
2534,parallèle,ADJ,B2,3.393,1,1,0,0,0,12,1,0,2,2,P2_single_edge,P2_single_edge|P3_bridge|P4_confusable|P5_b2c1_synset,0,补第二条正式关系，形成最小学习语境,平行
2535,prêt,NOM,B1,3.3788,1,0,1,0,0,3,1,2,3,2,P2_single_edge,P2_single_edge|P4_confusable,0,补第二条正式关系，形成最小学习语境,外借；齐备
2536,serrure,NOM,B1,3.3711,1,0,1,0,0,2,1,1,1,0,P2_single_edge,P2_single_edge|P4_confusable,0,补第二条正式关系，形成最小学习语境,楗；钥
2537,sucrer,VER,B1,3.3677,1,1,0,0,0,7,1,1,2,2,P2_single_edge,P2_single_edge|P3_bridge|P4_confusable,0,补第二条正式关系，形成最小学习语境,
2538,élancer,VER,B2,3.3672,1,1,0,0,0,2,1,1,3,1,P2_single_edge,P2_single_edge|P4_confusable|P5_b2c1_synset,0,补第二条正式关系，形成最小学习语境,突
2539,ménestrel,NOM,B1,3.3655,1,0,1,0,0,2,1,0,1,0,P2_single_edge,P2_single_edge|P4_confusable,0,补第二条正式关系，形成最小学习语境,
2540,capteur,NOM,B2,3.3537,1,1,0,0,0,8,1,1,3,2,P2_single_edge,P2_single_edge|P3_bridge|P4_confusable|P5_b2c1_synset,0,补第二条正式关系，形成最小学习语境,传感器；感应器
2541,existant,ADJ,B2,3.3306,1,1,0,0,0,1,1,1,3,3,P2_single_edge,P2_single_edge|P4_confusable|P5_b2c1_synset,0,补第二条正式关系，形成最小学习语境,已有；既有
2542,stresser,VER,B2,3.3295,1,1,0,0,0,2,1,0,2,2,P2_single_edge,P2_single_edge|P4_confusable|P5_b2c1_synset,0,补第二条正式关系，形成最小学习语境,
2543,détermination,NOM,B2,3.329,1,1,0,0,0,4,1,1,3,3,P2_single_edge,P2_single_edge|P3_bridge|P4_confusable|P5_b2c1_synset,0,补第二条正式关系，形成最小学习语境,决定；决断
2544,sincérité,NOM,B2,3.3257,1,1,0,0,0,1,1,1,2,1,P2_single_edge,P2_single_edge|P4_confusable|P5_b2c1_synset,0,补第二条正式关系，形成最小学习语境,直率；真挚
2545,coureur,NOM,B2,3.324,1,1,0,0,0,7,1,1,1,0,P2_single_edge,P2_single_edge|P3_bridge|P4_confusable|P5_b2c1_synset,0,补第二条正式关系，形成最小学习语境,
2546,béret,NOM,B2,3.3216,1,0,1,0,0,3,1,0,2,1,P2_single_edge,P2_single_edge|P4_confusable,0,补第二条正式关系，形成最小学习语境,
2547,séisme,NOM,B2,3.319,1,1,0,0,0,2,1,0,2,1,P2_single_edge,P2_single_edge|P4_confusable|P5_b2c1_synset,0,补第二条正式关系，形成最小学习语境,地震
2548,dur,NOM,B1,3.3142,1,1,0,0,0,7,1,4,3,3,P2_single_edge,P2_single_edge|P3_bridge|P4_confusable,0,补第二条正式关系，形成最小学习语境,严厉；严峻
2549,aspirateur,NOM,B1,3.3141,1,1,0,0,0,2,1,1,2,2,P2_single_edge,P2_single_edge|P4_confusable,0,补第二条正式关系，形成最小学习语境,吸尘器
2550,asile,NOM,B2,3.3108,1,0,1,0,0,9,1,0,2,0,P2_single_edge,P2_single_edge|P3_bridge|P4_confusable,0,补第二条正式关系，形成最小学习语境,
2551,monoparental,ADJ,B2,3.3066,1,1,0,0,0,1,1,2,1,1,P2_single_edge,P2_single_edge|P4_confusable|P5_b2c1_synset,0,补第二条正式关系，形成最小学习语境,
2552,joyeusement,ADV,B1,3.3057,1,1,0,0,0,2,1,1,1,1,P2_single_edge,P2_single_edge|P4_confusable,0,补第二条正式关系，形成最小学习语境,兴冲冲；痛快
2553,blessé,NOM,B2,3.3028,1,1,0,0,0,0,0,1,3,3,P2_single_edge,P2_single_edge|P4_confusable,0,补第二条正式关系，形成最小学习语境,伤员；伤感
2554,inverser,VER,B2,3.3015,1,1,0,0,0,2,1,1,3,3,P2_single_edge,P2_single_edge|P4_confusable|P5_b2c1_synset,0,补第二条正式关系，形成最小学习语境,反超；反转
2555,fédérer,VER,B2,3.2929,1,1,0,0,0,2,1,2,3,3,P2_single_edge,P2_single_edge|P4_confusable|P5_b2c1_synset,0,补第二条正式关系，形成最小学习语境,
2556,choquant,ADJ,B1,3.2848,1,1,0,0,0,1,1,1,2,1,P2_single_edge,P2_single_edge|P4_confusable,0,补第二条正式关系，形成最小学习语境,不像话；爆炸性
2557,respectivement,ADV,B2,3.2765,1,1,0,0,0,2,1,1,2,3,P2_single_edge,P2_single_edge|P4_confusable|P5_b2c1_synset,0,补第二条正式关系，形成最小学习语境,分别；各自
2558,squelette,NOM,B2,3.2764,1,0,1,0,0,7,1,0,1,0,P2_single_edge,P2_single_edge|P3_bridge|P4_confusable,0,补第二条正式关系，形成最小学习语境,尸骨；骨骸
2559,pédagogie,NOM,B2,3.2723,1,1,0,0,0,4,1,0,3,3,P2_single_edge,P2_single_edge|P3_bridge|P4_confusable|P5_b2c1_synset,0,补第二条正式关系，形成最小学习语境,学法；教学法
2560,émancipation,NOM,B2,3.2683,1,1,0,0,0,3,1,1,1,1,P2_single_edge,P2_single_edge|P4_confusable|P5_b2c1_synset,0,补第二条正式关系，形成最小学习语境,使能够；使自主
2561,bizarrement,ADV,B1,3.2518,1,0,1,0,0,1,1,0,0,0,P2_single_edge,P2_single_edge,0,补第二条正式关系，形成最小学习语境,
2562,conventionnel,ADJ,B2,3.2499,1,1,0,0,0,4,1,1,1,1,P2_single_edge,P2_single_edge|P3_bridge|P4_confusable|P5_b2c1_synset,0,补第二条正式关系，形成最小学习语境,传统
2563,coincer,VER,B2,3.2342,1,0,1,0,0,7,1,1,1,1,P2_single_edge,P2_single_edge|P3_bridge|P4_confusable,0,补第二条正式关系，形成最小学习语境,卡住
2564,balayer,VER,B2,3.2326,1,1,0,0,0,6,1,1,1,2,P2_single_edge,P2_single_edge|P3_bridge|P4_confusable|P5_b2c1_synset,0,补第二条正式关系，形成最小学习语境,席卷；打扫
2565,impuissant,ADJ,B2,3.2297,1,1,0,0,0,3,1,1,2,3,P2_single_edge,P2_single_edge|P4_confusable|P5_b2c1_synset,0,补第二条正式关系，形成最小学习语境,无权
2566,durcir,VER,B1,3.228,1,0,0,1,0,4,1,2,0,0,P2_single_edge,P2_single_edge|P3_bridge,0,补第二条正式关系，形成最小学习语境,硬化
2567,enseignant,ADJ,B2,3.2266,1,1,0,0,0,2,1,1,1,3,P2_single_edge,P2_single_edge|P4_confusable|P5_b2c1_synset,0,补第二条正式关系，形成最小学习语境,师尊；教员
2568,instabilité,NOM,B2,3.2168,1,1,0,0,0,3,1,1,3,3,P2_single_edge,P2_single_edge|P4_confusable|P5_b2c1_synset,0,补第二条正式关系，形成最小学习语境,
2569,compenser,VER,B2,3.2116,1,1,0,0,0,2,1,3,3,3,P2_single_edge,P2_single_edge|P4_confusable|P5_b2c1_synset,0,补第二条正式关系，形成最小学习语境,折抵；折罪
2570,pertinence,NOM,B2,3.2097,1,1,0,0,0,1,1,0,2,1,P2_single_edge,P2_single_edge|P4_confusable|P5_b2c1_synset,0,补第二条正式关系，形成最小学习语境,
2571,distinct,ADJ,B2,3.2057,1,0,0,1,0,0,0,4,3,3,P2_single_edge,P2_single_edge|P4_confusable,0,补第二条正式关系，形成最小学习语境,分明；别处
2572,quotidiennement,ADV,B1,3.2032,1,1,0,0,0,1,1,1,3,2,P2_single_edge,P2_single_edge|P4_confusable,0,补第二条正式关系，形成最小学习语境,天天；每一天
2573,interrogation,NOM,B2,3.2007,1,0,1,0,0,2,1,6,3,2,P2_single_edge,P2_single_edge|P4_confusable,0,补第二条正式关系，形成最小学习语境,情况汇报
2574,frustration,NOM,B2,3.1945,1,1,0,0,0,1,1,1,2,1,P2_single_edge,P2_single_edge|P4_confusable|P5_b2c1_synset,0,补第二条正式关系，形成最小学习语境,
2575,climatisation,NOM,B2,3.1904,1,0,0,1,0,3,1,0,3,3,P2_single_edge,P2_single_edge|P4_confusable,0,补第二条正式关系，形成最小学习语境,冷气；空调系统
2576,aérer,VER,B1,3.1876,1,0,1,0,0,3,1,2,3,3,P2_single_edge,P2_single_edge|P4_confusable,0,补第二条正式关系，形成最小学习语境,吹风；通气
2577,carotte,NOM,B2,3.1875,1,0,1,0,0,15,1,0,1,3,P2_single_edge,P2_single_edge|P3_bridge|P4_confusable,0,补第二条正式关系，形成最小学习语境,胡萝卜
2578,moralité,NOM,B1,3.1752,1,1,0,0,0,6,1,2,3,3,P2_single_edge,P2_single_edge|P3_bridge|P4_confusable,0,补第二条正式关系，形成最小学习语境,德性；德行
2579,guerrier,NOM,B1,3.1729,1,0,1,0,0,2,1,1,3,2,P2_single_edge,P2_single_edge|P4_confusable,0,补第二条正式关系，形成最小学习语境,兵士；战士
2580,parier,VER,B1,3.1723,1,1,0,0,0,5,1,1,1,1,P2_single_edge,P2_single_edge|P3_bridge|P4_confusable,0,补第二条正式关系，形成最小学习语境,下注；打赌
2581,rajouter,VER,B2,3.1703,1,1,0,0,0,2,1,1,1,1,P2_single_edge,P2_single_edge|P4_confusable|P5_b2c1_synset,0,补第二条正式关系，形成最小学习语境,
2582,trompette,NOM,B2,3.1621,1,1,0,0,0,8,1,0,2,2,P2_single_edge,P2_single_edge|P3_bridge|P4_confusable|P5_b2c1_synset,0,补第二条正式关系，形成最小学习语境,喇叭；小号
2583,toxique,ADJ,B2,3.1619,1,0,1,0,0,3,1,0,1,1,P2_single_edge,P2_single_edge|P4_confusable,0,补第二条正式关系，形成最小学习语境,有害；有毒
2584,attachant,ADJ,B2,3.1611,1,1,0,0,0,1,1,1,2,3,P2_single_edge,P2_single_edge|P4_confusable|P5_b2c1_synset,0,补第二条正式关系，形成最小学习语境,
2585,antérieur,ADJ,B2,3.1591,1,0,1,0,0,3,1,0,1,3,P2_single_edge,P2_single_edge|P4_confusable,0,补第二条正式关系，形成最小学习语境,先有；在先
2586,injuste,ADJ,B1,3.156,1,1,0,0,0,2,1,2,1,1,P2_single_edge,P2_single_edge|P4_confusable,0,补第二条正式关系，形成最小学习语境,僻
2587,suprême,ADJ,B2,3.1512,1,1,0,0,0,2,1,0,1,1,P2_single_edge,P2_single_edge|P4_confusable|P5_b2c1_synset,0,补第二条正式关系，形成最小学习语境,无上；最高
2588,métallique,ADJ,B1,3.1474,1,1,0,0,0,0,0,1,2,3,P2_single_edge,P2_single_edge|P4_confusable,0,补第二条正式关系，形成最小学习语境,
2589,provision,NOM,B1,3.1456,1,1,0,0,0,6,1,1,2,2,P2_single_edge,P2_single_edge|P3_bridge|P4_confusable,0,补第二条正式关系，形成最小学习语境,储藏
2590,provocateur,ADJ,B2,3.145,1,1,0,0,0,1,1,1,1,2,P2_single_edge,P2_single_edge|P4_confusable|P5_b2c1_synset,0,补第二条正式关系，形成最小学习语境,刺激性；火辣
2591,plomb,NOM,B2,3.1444,1,0,1,0,0,14,1,3,0,3,P2_single_edge,P2_single_edge|P3_bridge|P4_confusable,0,补第二条正式关系，形成最小学习语境,保险丝
2592,élucider,VER,B2,3.1372,1,0,1,0,0,2,1,1,3,3,P2_single_edge,P2_single_edge|P4_confusable,0,补第二条正式关系，形成最小学习语境,弄清楚；破获
2593,proche,NOM,B2,3.1285,1,1,0,0,0,0,0,5,3,3,P2_single_edge,P2_single_edge|P4_confusable,0,补第二条正式关系，形成最小学习语境,不远；亲眷
2594,précédent,NOM,B2,3.1248,1,1,0,0,0,2,1,1,2,1,P2_single_edge,P2_single_edge|P4_confusable|P5_b2c1_synset,0,补第二条正式关系，形成最小学习语境,上一个；上个
2595,escalade,NOM,B1,3.1245,1,1,0,0,0,8,1,3,3,3,P2_single_edge,P2_single_edge|P3_bridge|P4_confusable,0,补第二条正式关系，形成最小学习语境,攀升；攀岩
2596,exprès,ADV,B1,3.1245,1,0,1,0,0,1,1,1,1,3,P2_single_edge,P2_single_edge|P4_confusable,0,补第二条正式关系，形成最小学习语境,成心；故意
2597,condamnation,NOM,B1,3.1226,1,1,0,0,0,7,1,1,1,1,P2_single_edge,P2_single_edge|P3_bridge|P4_confusable,0,补第二条正式关系，形成最小学习语境,刑罚；判刑
2598,phonétique,ADJ,B2,3.1222,1,0,1,0,0,3,1,0,1,2,P2_single_edge,P2_single_edge|P4_confusable,0,补第二条正式关系，形成最小学习语境,自然发音；自然拼读
2599,hall,NOM,B1,3.1204,1,0,1,0,0,1,1,0,2,0,P2_single_edge,P2_single_edge|P4_confusable,0,补第二条正式关系，形成最小学习语境,厅堂；大厅
2600,inclure,VER,B1,3.1106,1,0,1,0,0,1,1,0,1,1,P2_single_edge,P2_single_edge|P4_confusable,0,补第二条正式关系，形成最小学习语境,内含；包括
2601,propagation,NOM,B2,3.1075,1,0,1,0,0,3,1,1,2,2,P2_single_edge,P2_single_edge|P4_confusable,0,补第二条正式关系，形成最小学习语境,散逸
2602,fric,NOM,B2,3.1064,1,0,1,0,0,1,1,0,1,3,P2_single_edge,P2_single_edge|P4_confusable,0,补第二条正式关系，形成最小学习语境,
2603,inspiration,NOM,B2,3.1057,1,0,1,0,0,4,1,1,1,3,P2_single_edge,P2_single_edge|P3_bridge|P4_confusable,0,补第二条正式关系，形成最小学习语境,发想；吸入
2604,gueule,NOM,B2,3.1055,1,0,1,0,0,8,1,1,1,2,P2_single_edge,P2_single_edge|P3_bridge|P4_confusable,0,补第二条正式关系，形成最小学习语境,
2605,redécouvrir,VER,B2,3.1052,1,1,0,0,0,3,1,1,1,1,P2_single_edge,P2_single_edge|P4_confusable|P5_b2c1_synset,0,补第二条正式关系，形成最小学习语境,
2606,pigeon,NOM,B2,3.1025,1,0,1,0,0,10,1,0,1,1,P2_single_edge,P2_single_edge|P3_bridge|P4_confusable,0,补第二条正式关系，形成最小学习语境,鸽子
2607,look,NOM,B2,3.0986,1,0,1,0,0,3,1,0,2,1,P2_single_edge,P2_single_edge|P4_confusable,0,补第二条正式关系，形成最小学习语境,外观设计；妆容
2608,découler,VER,B2,3.094,1,0,1,0,0,2,1,1,2,2,P2_single_edge,P2_single_edge|P4_confusable,0,补第二条正式关系，形成最小学习语境,引出
2609,réacteur,NOM,B2,3.087,1,1,0,0,0,4,1,1,1,2,P2_single_edge,P2_single_edge|P3_bridge|P4_confusable|P5_b2c1_synset,0,补第二条正式关系，形成最小学习语境,反应炉
2610,épingle,NOM,B1,3.0844,1,1,0,0,0,9,1,1,3,2,P2_single_edge,P2_single_edge|P3_bridge|P4_confusable,0,补第二条正式关系，形成最小学习语境,别子；夹子
2611,regagner,VER,B1,3.0717,1,1,0,0,0,6,1,1,1,2,P2_single_edge,P2_single_edge|P3_bridge|P4_confusable,0,补第二条正式关系，形成最小学习语境,回到；返回
2612,collier,NOM,B2,3.0713,1,1,0,0,0,12,1,1,1,1,P2_single_edge,P2_single_edge|P3_bridge|P4_confusable|P5_b2c1_synset,0,补第二条正式关系，形成最小学习语境,项链
2613,huître,NOM,B2,3.067,1,0,1,0,0,4,1,0,3,1,P2_single_edge,P2_single_edge|P3_bridge|P4_confusable,0,补第二条正式关系，形成最小学习语境,
2614,électronique,NOM,B2,3.0668,1,1,0,0,0,3,1,0,3,1,P2_single_edge,P2_single_edge|P4_confusable|P5_b2c1_synset,0,补第二条正式关系，形成最小学习语境,电子
2615,moqueur,ADJ,B2,3.0646,1,1,0,0,0,1,1,1,1,1,P2_single_edge,P2_single_edge|P4_confusable|P5_b2c1_synset,0,补第二条正式关系，形成最小学习语境,
2616,allumette,NOM,B2,3.0637,1,1,0,0,0,4,1,1,2,1,P2_single_edge,P2_single_edge|P3_bridge|P4_confusable|P5_b2c1_synset,0,补第二条正式关系，形成最小学习语境,取灯儿；火柴
2617,oxyde,NOM,B2,3.06,1,1,0,0,0,1,1,0,1,2,P2_single_edge,P2_single_edge|P4_confusable|P5_b2c1_synset,0,补第二条正式关系，形成最小学习语境,氧化物
2618,architectural,ADJ,B2,3.0587,1,1,0,0,0,1,1,1,1,1,P2_single_edge,P2_single_edge|P4_confusable|P5_b2c1_synset,0,补第二条正式关系，形成最小学习语境,建筑学
2619,cuisiner,VER,B2,3.0573,1,1,0,0,0,3,1,1,3,1,P2_single_edge,P2_single_edge|P4_confusable|P5_b2c1_synset,0,补第二条正式关系，形成最小学习语境,下厨；做菜
2620,relief,NOM,B2,3.0555,1,0,0,1,0,8,1,0,2,1,P2_single_edge,P2_single_edge|P3_bridge|P4_confusable,0,补第二条正式关系，形成最小学习语境,地热；浮雕
2621,malédiction,NOM,B2,3.0476,1,1,0,0,0,2,1,2,1,1,P2_single_edge,P2_single_edge|P4_confusable|P5_b2c1_synset,0,补第二条正式关系，形成最小学习语境,不幸；见鬼
2622,théâtral,ADJ,B2,3.0456,1,0,1,0,0,2,1,0,0,0,P2_single_edge,P2_single_edge,0,补第二条正式关系，形成最小学习语境,
2623,restant,ADJ,B2,3.0405,1,1,0,0,0,1,1,1,1,3,P2_single_edge,P2_single_edge|P4_confusable|P5_b2c1_synset,0,补第二条正式关系，形成最小学习语境,余下；余额
2624,préférable,ADJ,B2,3.0334,1,1,0,0,0,1,1,1,0,1,P2_single_edge,P2_single_edge|P4_confusable|P5_b2c1_synset,0,补第二条正式关系，形成最小学习语境,宁
2625,fonte,NOM,B2,3.0314,1,1,0,0,0,15,1,1,0,3,P2_single_edge,P2_single_edge|P3_bridge|P4_confusable|P5_b2c1_synset,0,补第二条正式关系，形成最小学习语境,解冻；铣铁
2626,européen,NOM,B2,3.0228,1,0,1,0,0,4,1,0,0,0,P2_single_edge,P2_single_edge|P3_bridge,0,补第二条正式关系，形成最小学习语境,欧洲人
2627,vieillesse,NOM,B2,3.0192,1,1,0,0,0,3,1,1,3,1,P2_single_edge,P2_single_edge|P4_confusable|P5_b2c1_synset,0,补第二条正式关系，形成最小学习语境,晚年；暮岁
2628,répertorier,VER,B2,3.0105,1,1,0,0,0,2,1,0,1,0,P2_single_edge,P2_single_edge|P4_confusable|P5_b2c1_synset,0,补第二条正式关系，形成最小学习语境,
2629,intact,ADJ,B1,3.0098,1,0,1,0,0,7,1,0,0,1,P2_single_edge,P2_single_edge|P3_bridge|P4_confusable,0,补第二条正式关系，形成最小学习语境,全须全尾儿；完好
2630,bailleur,NOM,B2,3.0093,1,0,0,1,0,2,1,0,2,3,P2_single_edge,P2_single_edge|P4_confusable,0,补第二条正式关系，形成最小学习语境,
2631,consécutif,ADJ,B2,3.0085,1,0,1,0,0,4,1,1,3,1,P2_single_edge,P2_single_edge|P3_bridge|P4_confusable,0,补第二条正式关系，形成最小学习语境,
2632,méchant,NOM,B1,3.0079,1,0,1,0,0,3,1,1,3,3,P2_single_edge,P2_single_edge|P4_confusable,0,补第二条正式关系，形成最小学习语境,不善；坏人
2633,recrutement,NOM,B2,3.0047,1,1,0,0,0,1,1,1,3,2,P2_single_edge,P2_single_edge|P4_confusable|P5_b2c1_synset,0,补第二条正式关系，形成最小学习语境,招工；招生
2634,flotter,VER,B2,2.9916,1,1,0,0,0,8,1,1,3,2,P2_single_edge,P2_single_edge|P3_bridge|P4_confusable|P5_b2c1_synset,0,补第二条正式关系，形成最小学习语境,上浮；扑扇
2635,dose,NOM,B2,2.9897,1,0,1,0,0,0,0,0,1,0,P2_single_edge,P2_single_edge|P4_confusable,0,补第二条正式关系，形成最小学习语境,剂量；用量
2636,circulaire,ADJ,B2,2.9851,1,1,0,0,0,3,1,1,3,2,P2_single_edge,P2_single_edge|P4_confusable|P5_b2c1_synset,0,补第二条正式关系，形成最小学习语境,回转；圆形
2637,méconnaître,VER,B2,2.9846,1,0,0,1,0,4,1,1,1,1,P2_single_edge,P2_single_edge|P3_bridge|P4_confusable,0,补第二条正式关系，形成最小学习语境,
2638,pleinement,ADV,B2,2.9784,1,0,1,0,0,1,1,0,3,1,P2_single_edge,P2_single_edge|P4_confusable,0,补第二条正式关系，形成最小学习语境,满怀
2639,jambon,NOM,B1,2.9742,1,1,0,0,0,2,1,1,1,1,P2_single_edge,P2_single_edge|P4_confusable,0,补第二条正式关系，形成最小学习语境,火腿
2640,présumer,VER,B2,2.9725,1,0,1,0,0,2,1,1,3,2,P2_single_edge,P2_single_edge|P4_confusable,0,补第二条正式关系，形成最小学习语境,忖度；推测
2641,fascinant,ADJ,B2,2.9637,1,1,0,0,0,1,1,1,2,2,P2_single_edge,P2_single_edge|P4_confusable|P5_b2c1_synset,0,补第二条正式关系，形成最小学习语境,妖娆；引人入胜
2642,stock,NOM,B2,2.9636,1,1,0,0,0,4,1,0,2,0,P2_single_edge,P2_single_edge|P3_bridge|P4_confusable|P5_b2c1_synset,0,补第二条正式关系，形成最小学习语境,存货；库存
2643,naturel,NOM,B2,2.9615,1,1,0,0,0,3,1,1,3,3,P2_single_edge,P2_single_edge|P4_confusable|P5_b2c1_synset,0,补第二条正式关系，形成最小学习语境,固有；大方
2644,doctorat,NOM,B1,2.9592,1,1,0,0,0,2,1,1,2,2,P2_single_edge,P2_single_edge|P4_confusable,0,补第二条正式关系，形成最小学习语境,博士；博士学位
2645,brûlant,ADJ,B1,2.959,1,1,0,0,0,3,1,1,1,1,P2_single_edge,P2_single_edge|P4_confusable,0,补第二条正式关系，形成最小学习语境,
2646,décharge,NOM,B1,2.9521,1,0,0,1,0,18,1,1,2,2,P2_single_edge,P2_single_edge|P3_bridge|P4_confusable,0,补第二条正式关系，形成最小学习语境,
2647,stabilité,NOM,B1,2.9503,1,1,0,0,0,2,1,4,3,3,P2_single_edge,P2_single_edge|P4_confusable,0,补第二条正式关系，形成最小学习语境,稳定性
2648,renforcement,NOM,B2,2.9486,1,1,0,0,0,1,1,1,2,1,P2_single_edge,P2_single_edge|P4_confusable|P5_b2c1_synset,0,补第二条正式关系，形成最小学习语境,
2649,féministe,ADJ,B1,2.9451,1,1,0,0,0,1,1,1,3,2,P2_single_edge,P2_single_edge|P4_confusable,0,补第二条正式关系，形成最小学习语境,
2650,enrager,VER,B2,2.9439,1,0,1,0,0,3,1,1,2,0,P2_single_edge,P2_single_edge|P4_confusable,0,补第二条正式关系，形成最小学习语境,发怒
2651,oeuvrer,VER,B2,2.9421,1,1,0,0,0,0,0,1,3,1,P2_single_edge,P2_single_edge|P4_confusable,0,补第二条正式关系，形成最小学习语境,
2652,tisser,VER,B2,2.9407,1,1,0,0,0,4,1,1,2,1,P2_single_edge,P2_single_edge|P3_bridge|P4_confusable|P5_b2c1_synset,0,补第二条正式关系，形成最小学习语境,织造；编织
2653,chrétien,NOM,B2,2.938,1,1,0,0,0,3,1,0,2,1,P2_single_edge,P2_single_edge|P4_confusable|P5_b2c1_synset,0,补第二条正式关系，形成最小学习语境,基督徒
2654,civique,ADJ,B2,2.9283,1,1,0,0,0,1,1,1,3,3,P2_single_edge,P2_single_edge|P4_confusable|P5_b2c1_synset,0,补第二条正式关系，形成最小学习语境,
2655,prairie,NOM,B1,2.9264,1,0,1,0,0,0,0,0,0,2,P2_single_edge,P2_single_edge|P4_confusable,0,补第二条正式关系，形成最小学习语境,大草原；草原
2656,exposé,NOM,B2,2.9176,1,0,1,0,0,3,1,1,3,3,P2_single_edge,P2_single_edge|P4_confusable,0,补第二条正式关系，形成最小学习语境,口述；外露
2657,appelant,NOM,B2,2.9146,1,1,0,0,0,3,1,1,3,3,P2_single_edge,P2_single_edge|P4_confusable|P5_b2c1_synset,0,补第二条正式关系，形成最小学习语境,
2658,stupéfaire,VER,B2,2.9145,1,1,0,0,0,1,1,0,3,3,P2_single_edge,P2_single_edge|P4_confusable|P5_b2c1_synset,0,补第二条正式关系，形成最小学习语境,
2659,acheteur,NOM,B2,2.9106,1,0,1,0,0,3,1,1,2,2,P2_single_edge,P2_single_edge|P4_confusable,0,补第二条正式关系，形成最小学习语境,买主；买家
2660,saigner,VER,B2,2.9075,1,0,1,0,0,8,1,1,2,3,P2_single_edge,P2_single_edge|P3_bridge|P4_confusable,0,补第二条正式关系，形成最小学习语境,流血
2661,triomphant,ADJ,B2,2.9043,1,1,0,0,0,4,1,1,2,2,P2_single_edge,P2_single_edge|P3_bridge|P4_confusable|P5_b2c1_synset,0,补第二条正式关系，形成最小学习语境,凯
2662,patienter,VER,B1,2.9037,1,1,0,0,0,1,1,2,3,3,P2_single_edge,P2_single_edge|P4_confusable,0,补第二条正式关系，形成最小学习语境,
2663,façonner,VER,B2,2.9014,1,1,0,0,0,2,1,1,1,0,P2_single_edge,P2_single_edge|P4_confusable|P5_b2c1_synset,0,补第二条正式关系，形成最小学习语境,加工
2664,pub,NOM,B2,2.9002,1,1,0,0,0,2,1,0,1,1,P2_single_edge,P2_single_edge|P4_confusable|P5_b2c1_synset,0,补第二条正式关系，形成最小学习语境,酒馆
2665,maximum,NOM,B2,2.8897,1,1,0,0,0,0,0,0,1,1,P2_single_edge,P2_single_edge|P4_confusable,0,补第二条正式关系，形成最小学习语境,最大
2666,puzzle,NOM,B2,2.888,1,0,1,0,0,2,1,0,1,2,P2_single_edge,P2_single_edge|P4_confusable,0,补第二条正式关系，形成最小学习语境,拼图；益智
2667,fillette,NOM,B1,2.8837,1,0,1,0,0,6,1,2,1,0,P2_single_edge,P2_single_edge|P3_bridge|P4_confusable,0,补第二条正式关系，形成最小学习语境,丫头；妹子
2668,chaussette,NOM,B2,2.8813,1,0,1,0,0,7,1,1,0,0,P2_single_edge,P2_single_edge|P3_bridge,0,补第二条正式关系，形成最小学习语境,袜子
2669,entraînement,NOM,B2,2.8791,1,1,0,0,0,4,1,1,2,1,P2_single_edge,P2_single_edge|P3_bridge|P4_confusable|P5_b2c1_synset,0,补第二条正式关系，形成最小学习语境,
2670,délégué,NOM,B2,2.8783,1,1,0,0,0,1,1,1,3,3,P2_single_edge,P2_single_edge|P4_confusable|P5_b2c1_synset,0,补第二条正式关系，形成最小学习语境,代表；管事
2671,nullement,ADV,B2,2.8728,1,0,0,1,0,1,1,1,0,0,P2_single_edge,P2_single_edge,0,补第二条正式关系，形成最小学习语境,
2672,square,NOM,B1,2.8722,1,0,1,0,0,2,1,0,1,0,P2_single_edge,P2_single_edge|P4_confusable,0,补第二条正式关系，形成最小学习语境,
2673,spontanément,ADV,B2,2.869,1,0,0,1,0,2,1,1,2,2,P2_single_edge,P2_single_edge|P4_confusable,0,补第二条正式关系，形成最小学习语境,
2674,documentaire,ADJ,B2,2.843,1,1,0,0,0,1,1,1,2,2,P2_single_edge,P2_single_edge|P4_confusable|P5_b2c1_synset,0,补第二条正式关系，形成最小学习语境,纪实；纪录片
2675,infrastructure,NOM,B2,2.8387,1,0,1,0,0,4,1,1,3,2,P2_single_edge,P2_single_edge|P3_bridge|P4_confusable,0,补第二条正式关系，形成最小学习语境,基建；基础建设
2676,téléphonie,NOM,B2,2.8381,1,1,0,0,0,5,1,1,3,2,P2_single_edge,P2_single_edge|P3_bridge|P4_confusable|P5_b2c1_synset,0,补第二条正式关系，形成最小学习语境,
2677,injecter,VER,B2,2.8364,1,1,0,0,0,2,1,1,1,1,P2_single_edge,P2_single_edge|P4_confusable|P5_b2c1_synset,0,补第二条正式关系，形成最小学习语境,施打；注射
2678,insérer,VER,B2,2.8316,1,1,0,0,0,2,1,1,3,3,P2_single_edge,P2_single_edge|P4_confusable|P5_b2c1_synset,0,补第二条正式关系，形成最小学习语境,插上；插入
2679,filtre,NOM,B1,2.8289,1,1,0,0,0,9,1,3,3,3,P2_single_edge,P2_single_edge|P3_bridge|P4_confusable,0,补第二条正式关系，形成最小学习语境,滤光镜；滤嘴
2680,mathématicien,NOM,B2,2.827,1,1,0,0,0,1,1,1,2,1,P2_single_edge,P2_single_edge|P4_confusable|P5_b2c1_synset,0,补第二条正式关系，形成最小学习语境,数学家
2681,intimement,ADV,B2,2.812,1,1,0,0,0,3,1,1,1,1,P2_single_edge,P2_single_edge|P4_confusable|P5_b2c1_synset,0,补第二条正式关系，形成最小学习语境,
2682,verbe,NOM,B2,2.8107,1,1,0,0,0,3,1,2,3,2,P2_single_edge,P2_single_edge|P4_confusable|P5_b2c1_synset,0,补第二条正式关系，形成最小学习语境,动词
2683,interrogatoire,NOM,B2,2.8045,1,0,1,0,0,3,1,1,3,2,P2_single_edge,P2_single_edge|P4_confusable,0,补第二条正式关系，形成最小学习语境,审讯；审问
2684,fertile,ADJ,B2,2.7924,1,0,1,0,0,5,1,0,0,0,P2_single_edge,P2_single_edge|P3_bridge,0,补第二条正式关系，形成最小学习语境,果实累累；肥沃
2685,rebelle,NOM,B2,2.7916,1,1,0,0,0,2,1,2,3,2,P2_single_edge,P2_single_edge|P4_confusable|P5_b2c1_synset,0,补第二条正式关系，形成最小学习语境,反叛分子
2686,crucial,ADJ,B2,2.7889,1,0,1,0,0,2,1,1,0,0,P2_single_edge,P2_single_edge,0,补第二条正式关系，形成最小学习语境,关键；紧要
2687,ficelle,NOM,B2,2.7768,1,0,1,0,0,10,1,0,0,0,P2_single_edge,P2_single_edge|P3_bridge,0,补第二条正式关系，形成最小学习语境,绳子
2688,colloque,NOM,B2,2.7751,1,0,1,0,0,3,1,0,1,2,P2_single_edge,P2_single_edge|P4_confusable,0,补第二条正式关系，形成最小学习语境,讨论会
2689,durablement,ADV,B2,2.773,1,1,0,0,0,2,1,1,1,1,P2_single_edge,P2_single_edge|P4_confusable|P5_b2c1_synset,0,补第二条正式关系，形成最小学习语境,
2690,respiratoire,ADJ,B2,2.773,1,1,0,0,0,1,1,1,2,2,P2_single_edge,P2_single_edge|P4_confusable|P5_b2c1_synset,0,补第二条正式关系，形成最小学习语境,
2691,respectable,ADJ,B2,2.7725,1,1,0,0,0,3,1,1,3,3,P2_single_edge,P2_single_edge|P4_confusable|P5_b2c1_synset,0,补第二条正式关系，形成最小学习语境,可敬；尊贵
2692,éthique,NOM,B2,2.764,1,0,1,0,0,2,1,0,1,3,P2_single_edge,P2_single_edge|P4_confusable,0,补第二条正式关系，形成最小学习语境,伦理；道德
2693,citoyenneté,NOM,B2,2.7376,1,1,0,0,0,3,1,1,3,2,P2_single_edge,P2_single_edge|P4_confusable|P5_b2c1_synset,0,补第二条正式关系，形成最小学习语境,公民
2694,selle,NOM,B2,2.7316,1,0,1,0,0,11,1,0,2,3,P2_single_edge,P2_single_edge|P3_bridge|P4_confusable,0,补第二条正式关系，形成最小学习语境,马鞍
2695,mauve,ADJ,B2,2.7207,1,0,1,0,0,1,1,0,3,3,P2_single_edge,P2_single_edge|P4_confusable,0,补第二条正式关系，形成最小学习语境,三月花葵
2696,fiable,ADJ,B2,2.7203,1,1,0,0,0,1,1,1,1,1,P2_single_edge,P2_single_edge|P4_confusable|P5_b2c1_synset,0,补第二条正式关系，形成最小学习语境,信得过；可信
2697,flash,NOM,B1,2.7191,1,0,1,0,0,8,1,0,1,2,P2_single_edge,P2_single_edge|P3_bridge|P4_confusable,0,补第二条正式关系，形成最小学习语境,掣电
2698,lucide,ADJ,B2,2.6979,1,1,0,0,0,4,1,2,2,2,P2_single_edge,P2_single_edge|P3_bridge|P4_confusable|P5_b2c1_synset,0,补第二条正式关系，形成最小学习语境,精辟
2699,raccrocher,VER,B2,2.6963,1,1,0,0,0,8,1,0,2,2,P2_single_edge,P2_single_edge|P3_bridge|P4_confusable|P5_b2c1_synset,0,补第二条正式关系，形成最小学习语境,挂断；挂机
2700,redonner,VER,B1,2.6958,1,1,0,0,0,6,1,1,0,3,P2_single_edge,P2_single_edge|P3_bridge|P4_confusable,0,补第二条正式关系，形成最小学习语境,
2701,féministe,NOM,B2,2.6893,1,1,0,0,0,1,1,1,3,2,P2_single_edge,P2_single_edge|P4_confusable|P5_b2c1_synset,0,补第二条正式关系，形成最小学习语境,
2702,visibilité,NOM,B2,2.6893,1,1,0,0,0,6,1,1,1,2,P2_single_edge,P2_single_edge|P3_bridge|P4_confusable|P5_b2c1_synset,0,补第二条正式关系，形成最小学习语境,曝光；能见度
2703,collégien,NOM,B2,2.6753,1,1,0,0,0,1,1,1,1,1,P2_single_edge,P2_single_edge|P4_confusable|P5_b2c1_synset,0,补第二条正式关系，形成最小学习语境,
2704,méthodique,ADJ,B2,2.6726,1,1,0,0,0,3,1,1,3,2,P2_single_edge,P2_single_edge|P4_confusable|P5_b2c1_synset,0,补第二条正式关系，形成最小学习语境,一板一眼；有条不紊
2705,organique,ADJ,B2,2.6578,1,1,0,0,0,8,1,1,2,3,P2_single_edge,P2_single_edge|P3_bridge|P4_confusable|P5_b2c1_synset,0,补第二条正式关系，形成最小学习语境,有机
2706,pressé,ADJ,B1,2.651,1,0,1,0,0,6,1,1,3,3,P2_single_edge,P2_single_edge|P3_bridge|P4_confusable,0,补第二条正式关系，形成最小学习语境,急促；急匆匆
2707,thématique,NOM,B2,2.6465,1,1,0,0,0,1,1,0,3,2,P2_single_edge,P2_single_edge|P4_confusable|P5_b2c1_synset,0,补第二条正式关系，形成最小学习语境,
2708,spacieux,ADJ,B1,2.6417,1,1,0,0,0,1,1,1,1,1,P2_single_edge,P2_single_edge|P4_confusable,0,补第二条正式关系，形成最小学习语境,宽敞
2709,subventionner,VER,B1,2.6341,1,1,0,0,0,1,1,1,2,1,P2_single_edge,P2_single_edge|P4_confusable,0,补第二条正式关系，形成最小学习语境,搭补；补助
2710,concourir,VER,B2,2.6309,1,1,0,0,0,4,1,1,2,3,P2_single_edge,P2_single_edge|P3_bridge|P4_confusable|P5_b2c1_synset,0,补第二条正式关系，形成最小学习语境,竞争；较劲
2711,creuset,NOM,B2,2.6264,1,1,0,0,0,2,1,2,1,3,P2_single_edge,P2_single_edge|P4_confusable|P5_b2c1_synset,0,补第二条正式关系，形成最小学习语境,坩；埚
2712,inséparable,ADJ,B2,2.623,1,1,0,0,0,3,1,0,1,2,P2_single_edge,P2_single_edge|P4_confusable|P5_b2c1_synset,0,补第二条正式关系，形成最小学习语境,不可分；不可分割
2713,tonneau,NOM,B1,2.6215,1,0,1,0,0,15,1,1,1,2,P2_single_edge,P2_single_edge|P3_bridge|P4_confusable,0,补第二条正式关系，形成最小学习语境,木桶；酒桶
2714,satisfaisant,ADJ,B2,2.6173,1,1,0,0,0,1,1,1,2,2,P2_single_edge,P2_single_edge|P4_confusable|P5_b2c1_synset,0,补第二条正式关系，形成最小学习语境,令人满意；圆满
2715,prolongement,NOM,B2,2.6172,1,1,0,0,0,2,1,2,2,3,P2_single_edge,P2_single_edge|P4_confusable|P5_b2c1_synset,0,补第二条正式关系，形成最小学习语境,
2716,postier,NOM,B2,2.6061,1,1,0,0,0,2,1,1,3,2,P2_single_edge,P2_single_edge|P4_confusable|P5_b2c1_synset,0,补第二条正式关系，形成最小学习语境,
2717,carburer,VER,B1,2.601,1,1,0,0,0,6,1,1,2,1,P2_single_edge,P2_single_edge|P3_bridge|P4_confusable,0,补第二条正式关系，形成最小学习语境,
2718,show,NOM,B2,2.5978,1,0,1,0,0,1,1,0,2,2,P2_single_edge,P2_single_edge|P4_confusable,0,补第二条正式关系，形成最小学习语境,演出
2719,rigoureux,ADJ,B2,2.5935,1,1,0,0,0,7,1,1,3,2,P2_single_edge,P2_single_edge|P3_bridge|P4_confusable|P5_b2c1_synset,0,补第二条正式关系，形成最小学习语境,严密；严酷
2720,rallonger,VER,B2,2.5855,1,0,0,1,0,2,1,2,3,2,P2_single_edge,P2_single_edge|P4_confusable,0,补第二条正式关系，形成最小学习语境,扩展
2721,épanouissement,NOM,B2,2.5855,1,1,0,0,0,1,1,1,1,1,P2_single_edge,P2_single_edge|P4_confusable|P5_b2c1_synset,0,补第二条正式关系，形成最小学习语境,怒放
2722,enclin,ADJ,B2,2.5843,1,0,0,1,0,1,1,1,2,3,P2_single_edge,P2_single_edge|P4_confusable,0,补第二条正式关系，形成最小学习语境,
2723,concession,NOM,B2,2.5821,1,1,0,0,0,8,1,1,3,1,P2_single_edge,P2_single_edge|P3_bridge|P4_confusable|P5_b2c1_synset,0,补第二条正式关系，形成最小学习语境,特许；特许权
2724,remarier,VER,B1,2.5794,1,1,0,0,0,2,1,1,3,3,P2_single_edge,P2_single_edge|P4_confusable,0,补第二条正式关系，形成最小学习语境,
2725,entraide,NOM,B2,2.579,1,1,0,0,0,1,1,1,3,2,P2_single_edge,P2_single_edge|P4_confusable|P5_b2c1_synset,0,补第二条正式关系，形成最小学习语境,
2726,révélateur,ADJ,B2,2.579,1,1,0,0,0,1,1,0,2,2,P2_single_edge,P2_single_edge|P4_confusable|P5_b2c1_synset,0,补第二条正式关系，形成最小学习语境,
2727,intéressé,ADJ,B2,2.5755,1,0,1,0,0,4,1,1,3,2,P2_single_edge,P2_single_edge|P3_bridge|P4_confusable,0,补第二条正式关系，形成最小学习语境,挂念；有关
2728,tripler,VER,B2,2.5734,1,1,0,0,0,3,1,1,3,2,P2_single_edge,P2_single_edge|P4_confusable|P5_b2c1_synset,0,补第二条正式关系，形成最小学习语境,
2729,excepter,VER,B2,2.5732,1,1,0,0,0,1,1,1,3,1,P2_single_edge,P2_single_edge|P4_confusable|P5_b2c1_synset,0,补第二条正式关系，形成最小学习语境,
2730,tunnel,NOM,B2,2.5722,1,0,1,0,0,5,1,0,0,0,P2_single_edge,P2_single_edge|P3_bridge,0,补第二条正式关系，形成最小学习语境,地道；坑道
2731,finale,NOM,B2,2.567,1,1,0,0,0,7,1,1,3,3,P2_single_edge,P2_single_edge|P3_bridge|P4_confusable|P5_b2c1_synset,0,补第二条正式关系，形成最小学习语境,决赛；总决赛
2732,enrichissement,NOM,B2,2.5616,1,1,0,0,0,0,0,1,2,2,P2_single_edge,P2_single_edge|P4_confusable,0,补第二条正式关系，形成最小学习语境,致富
2733,nostalgique,ADJ,B2,2.5615,1,1,0,0,0,5,1,1,2,2,P2_single_edge,P2_single_edge|P3_bridge|P4_confusable|P5_b2c1_synset,0,补第二条正式关系，形成最小学习语境,想家
2734,allongement,NOM,B2,2.5556,1,0,1,0,0,5,1,2,3,1,P2_single_edge,P2_single_edge|P3_bridge|P4_confusable,0,补第二条正式关系，形成最小学习语境,
2735,format,NOM,B2,2.5548,1,0,1,0,0,8,1,1,3,2,P2_single_edge,P2_single_edge|P3_bridge|P4_confusable,0,补第二条正式关系，形成最小学习语境,制式；开本
2736,vertige,NOM,B2,2.5514,1,0,1,0,0,4,1,0,2,3,P2_single_edge,P2_single_edge|P3_bridge|P4_confusable,0,补第二条正式关系，形成最小学习语境,头昏；头晕
2737,plaie,NOM,B2,2.549,1,0,1,0,0,5,1,0,1,2,P2_single_edge,P2_single_edge|P3_bridge|P4_confusable,0,补第二条正式关系，形成最小学习语境,伤口；伤害
2738,futuriste,ADJ,B2,2.5483,1,0,1,0,0,2,1,0,1,0,P2_single_edge,P2_single_edge|P4_confusable,0,补第二条正式关系，形成最小学习语境,
2739,paradoxe,NOM,B2,2.5449,1,1,0,0,0,2,1,0,2,2,P2_single_edge,P2_single_edge|P4_confusable|P5_b2c1_synset,0,补第二条正式关系，形成最小学习语境,悖
2740,idéaliser,VER,B2,2.5435,1,1,0,0,0,1,1,1,2,2,P2_single_edge,P2_single_edge|P4_confusable|P5_b2c1_synset,0,补第二条正式关系，形成最小学习语境,
2741,fantasme,NOM,B2,2.5431,1,0,1,0,0,3,1,0,2,1,P2_single_edge,P2_single_edge|P4_confusable,0,补第二条正式关系，形成最小学习语境,幻影；幻想
2742,balader,VER,B2,2.5423,1,1,0,0,0,5,1,1,1,2,P2_single_edge,P2_single_edge|P3_bridge|P4_confusable|P5_b2c1_synset,0,补第二条正式关系，形成最小学习语境,
2743,demi,ADV,B2,2.542,1,1,0,0,0,1,1,0,2,3,P2_single_edge,P2_single_edge|P4_confusable|P5_b2c1_synset,0,补第二条正式关系，形成最小学习语境,半
2744,anthropologique,ADJ,B2,2.5415,1,1,0,0,0,1,1,0,1,1,P2_single_edge,P2_single_edge|P4_confusable|P5_b2c1_synset,0,补第二条正式关系，形成最小学习语境,
2745,absurde,NOM,B2,2.5411,1,1,0,0,0,1,1,0,1,1,P2_single_edge,P2_single_edge|P4_confusable|P5_b2c1_synset,0,补第二条正式关系，形成最小学习语境,不知所谓；悠悠
2746,chef-lieu,NOM,B2,2.5402,1,0,1,0,0,2,1,1,0,2,P2_single_edge,P2_single_edge|P4_confusable,0,补第二条正式关系，形成最小学习语境,县城；省会
2747,moine,NOM,B2,2.5319,1,0,1,0,0,10,1,1,3,2,P2_single_edge,P2_single_edge|P3_bridge|P4_confusable,0,补第二条正式关系，形成最小学习语境,僧人；出家人
2748,orchestrer,VER,B2,2.528,1,1,0,0,0,2,1,1,1,1,P2_single_edge,P2_single_edge|P4_confusable|P5_b2c1_synset,0,补第二条正式关系，形成最小学习语境,主使
2749,cumuler,VER,B2,2.5229,1,0,1,0,0,2,1,0,2,2,P2_single_edge,P2_single_edge|P4_confusable,0,补第二条正式关系，形成最小学习语境,兼任
2750,premièrement,ADV,B1,2.5216,1,1,0,0,0,1,1,1,2,1,P2_single_edge,P2_single_edge|P4_confusable,0,补第二条正式关系，形成最小学习语境,其一；第一
2751,promoteur,NOM,B2,2.5209,1,1,0,0,0,6,1,1,2,2,P2_single_edge,P2_single_edge|P3_bridge|P4_confusable|P5_b2c1_synset,0,补第二条正式关系，形成最小学习语境,
2752,honnêteté,NOM,B2,2.5185,1,1,0,0,0,7,1,1,2,1,P2_single_edge,P2_single_edge|P3_bridge|P4_confusable|P5_b2c1_synset,0,补第二条正式关系，形成最小学习语境,正直；诚实
2753,vestimentaire,ADJ,B2,2.5161,1,1,0,0,0,1,1,1,3,1,P2_single_edge,P2_single_edge|P4_confusable|P5_b2c1_synset,0,补第二条正式关系，形成最小学习语境,
2754,arc,NOM,B2,2.5149,1,1,0,0,0,9,1,2,1,2,P2_single_edge,P2_single_edge|P3_bridge|P4_confusable|P5_b2c1_synset,0,补第二条正式关系，形成最小学习语境,圆弧；弧形
2755,indemne,ADJ,B1,2.5149,1,1,0,0,0,2,1,3,3,3,P2_single_edge,P2_single_edge|P4_confusable,0,补第二条正式关系，形成最小学习语境,
2756,poster,VER,B2,2.5108,1,1,0,0,0,4,1,1,3,3,P2_single_edge,P2_single_edge|P3_bridge|P4_confusable|P5_b2c1_synset,0,补第二条正式关系，形成最小学习语境,发信；提出
2757,coordinateur,NOM,B2,2.5091,1,1,0,0,0,2,1,1,3,2,P2_single_edge,P2_single_edge|P4_confusable|P5_b2c1_synset,0,补第二条正式关系，形成最小学习语境,责任人
2758,dignité,NOM,B2,2.5088,1,1,0,0,0,4,1,1,1,1,P2_single_edge,P2_single_edge|P3_bridge|P4_confusable|P5_b2c1_synset,0,补第二条正式关系，形成最小学习语境,体面；尊严
2759,juste,NOM,B1,2.5084,1,1,0,0,0,6,1,6,3,3,P2_single_edge,P2_single_edge|P3_bridge|P4_confusable,0,补第二条正式关系，形成最小学习语境,公允；公平
2760,imprimerie,NOM,B2,2.5078,1,1,0,0,0,4,1,1,2,0,P2_single_edge,P2_single_edge|P3_bridge|P4_confusable|P5_b2c1_synset,0,补第二条正式关系，形成最小学习语境,列印；印刷厂
2761,gazon,NOM,B2,2.5074,1,0,1,0,0,7,1,0,1,3,P2_single_edge,P2_single_edge|P3_bridge|P4_confusable,0,补第二条正式关系，形成最小学习语境,草地
2762,graine,NOM,B2,2.5065,1,0,1,0,0,6,1,1,2,1,P2_single_edge,P2_single_edge|P3_bridge|P4_confusable,0,补第二条正式关系，形成最小学习语境,种子；种实
2763,détestable,ADJ,B2,2.5006,1,0,0,1,0,2,1,1,2,2,P2_single_edge,P2_single_edge|P4_confusable,0,补第二条正式关系，形成最小学习语境,可恨；可恶
2764,crédibilité,NOM,B2,2.4974,1,0,1,0,0,1,1,1,1,1,P2_single_edge,P2_single_edge|P4_confusable,0,补第二条正式关系，形成最小学习语境,
2765,implacable,ADJ,B2,2.4938,1,0,1,0,0,2,1,0,3,2,P2_single_edge,P2_single_edge|P4_confusable,0,补第二条正式关系，形成最小学习语境,
2766,génétique,NOM,B2,2.4931,1,1,0,0,0,2,1,1,1,2,P2_single_edge,P2_single_edge|P4_confusable|P5_b2c1_synset,0,补第二条正式关系，形成最小学习语境,基因
2767,survoler,VER,B2,2.4918,1,1,0,0,0,4,1,1,1,1,P2_single_edge,P2_single_edge|P3_bridge|P4_confusable|P5_b2c1_synset,0,补第二条正式关系，形成最小学习语境,浏览；飞起
2768,bourgade,NOM,B1,2.4917,1,0,1,0,0,1,1,1,2,1,P2_single_edge,P2_single_edge|P4_confusable,0,补第二条正式关系，形成最小学习语境,小镇；市集
2769,rallumer,VER,B1,2.4888,1,0,1,0,0,3,1,1,3,2,P2_single_edge,P2_single_edge|P4_confusable,0,补第二条正式关系，形成最小学习语境,
2770,intégré,ADJ,B2,2.4858,1,1,0,0,0,1,1,1,3,3,P2_single_edge,P2_single_edge|P4_confusable|P5_b2c1_synset,0,补第二条正式关系，形成最小学习语境,集成
2771,psychologie,NOM,B2,2.485,1,1,0,0,0,3,1,0,3,3,P2_single_edge,P2_single_edge|P4_confusable|P5_b2c1_synset,0,补第二条正式关系，形成最小学习语境,心理学
2772,notoriété,NOM,B2,2.4847,1,0,1,0,0,3,1,1,0,0,P2_single_edge,P2_single_edge,0,补第二条正式关系，形成最小学习语境,名望
2773,percher,VER,B2,2.482,1,1,0,0,0,5,1,1,2,1,P2_single_edge,P2_single_edge|P3_bridge|P4_confusable|P5_b2c1_synset,0,补第二条正式关系，形成最小学习语境,
2774,aîné,ADJ,B2,2.4786,1,0,0,1,0,3,1,1,2,1,P2_single_edge,P2_single_edge|P4_confusable,0,补第二条正式关系，形成最小学习语境,
2775,celtique,ADJ,B1,2.4774,1,0,1,0,0,1,1,1,1,3,P2_single_edge,P2_single_edge|P4_confusable,0,补第二条正式关系，形成最小学习语境,
2776,inexistant,ADJ,B2,2.4767,1,1,0,0,0,2,1,1,3,3,P2_single_edge,P2_single_edge|P4_confusable|P5_b2c1_synset,0,补第二条正式关系，形成最小学习语境,不存在
2777,rémunérer,VER,B2,2.4767,1,1,0,0,0,2,1,1,3,1,P2_single_edge,P2_single_edge|P4_confusable|P5_b2c1_synset,0,补第二条正式关系，形成最小学习语境,赚钱
2778,descendant,NOM,B2,2.4748,1,0,0,1,0,5,1,1,3,3,P2_single_edge,P2_single_edge|P3_bridge|P4_confusable,0,补第二条正式关系，形成最小学习语境,传人
2779,positivement,ADV,B2,2.4744,1,1,0,0,0,4,1,2,0,3,P2_single_edge,P2_single_edge|P3_bridge|P4_confusable|P5_b2c1_synset,0,补第二条正式关系，形成最小学习语境,
2780,opter,VER,B2,2.4738,1,1,0,0,0,2,1,4,0,1,P2_single_edge,P2_single_edge|P4_confusable|P5_b2c1_synset,0,补第二条正式关系，形成最小学习语境,选定
2781,écologiste,ADJ,B2,2.4735,1,1,0,0,0,1,1,0,3,3,P2_single_edge,P2_single_edge|P4_confusable|P5_b2c1_synset,0,补第二条正式关系，形成最小学习语境,
2782,mélodie,NOM,B1,2.4722,1,1,0,0,0,4,1,1,2,1,P2_single_edge,P2_single_edge|P3_bridge|P4_confusable,0,补第二条正式关系，形成最小学习语境,唱腔；旋律
2783,business,NOM,B2,2.4716,1,0,1,0,0,2,1,0,1,1,P2_single_edge,P2_single_edge|P4_confusable,0,补第二条正式关系，形成最小学习语境,买卖；事儿
2784,piéton,NOM,B2,2.4692,1,0,1,0,0,3,1,1,1,3,P2_single_edge,P2_single_edge|P4_confusable,0,补第二条正式关系，形成最小学习语境,步行者；行人
2785,productivité,NOM,B2,2.4691,1,0,1,0,0,3,1,1,0,2,P2_single_edge,P2_single_edge|P4_confusable,0,补第二条正式关系，形成最小学习语境,生产力；生产率
2786,réticence,NOM,B2,2.4667,1,0,0,1,0,4,1,1,1,1,P2_single_edge,P2_single_edge|P3_bridge|P4_confusable,0,补第二条正式关系，形成最小学习语境,不情愿；不愿
2787,peupler,VER,B2,2.4663,1,1,0,0,0,8,1,1,2,1,P2_single_edge,P2_single_edge|P3_bridge|P4_confusable|P5_b2c1_synset,0,补第二条正式关系，形成最小学习语境,
2788,savoureux,ADJ,B1,2.4661,1,1,0,0,0,2,1,1,2,1,P2_single_edge,P2_single_edge|P4_confusable,0,补第二条正式关系，形成最小学习语境,可口；好吃
2789,timidement,ADV,B2,2.4652,1,1,0,0,0,1,1,1,2,1,P2_single_edge,P2_single_edge|P4_confusable|P5_b2c1_synset,0,补第二条正式关系，形成最小学习语境,
2790,obséder,VER,B2,2.4649,1,1,0,0,0,4,1,2,0,0,P2_single_edge,P2_single_edge|P3_bridge|P5_b2c1_synset,0,补第二条正式关系，形成最小学习语境,
2791,thématique,ADJ,B2,2.4631,1,1,0,0,0,4,1,0,3,3,P2_single_edge,P2_single_edge|P3_bridge|P4_confusable|P5_b2c1_synset,0,补第二条正式关系，形成最小学习语境,
2792,transparent,ADJ,B1,2.4631,1,1,0,0,0,4,1,1,1,1,P2_single_edge,P2_single_edge|P3_bridge|P4_confusable,0,补第二条正式关系，形成最小学习语境,清澈；透亮
2793,hospitaliser,VER,B2,2.4624,1,1,0,0,0,2,1,1,1,1,P2_single_edge,P2_single_edge|P4_confusable|P5_b2c1_synset,0,补第二条正式关系，形成最小学习语境,
2794,déesse,NOM,B1,2.4613,1,0,1,0,0,4,1,0,0,1,P2_single_edge,P2_single_edge|P3_bridge|P4_confusable,0,补第二条正式关系，形成最小学习语境,天仙；女神
2795,renaître,VER,B2,2.4604,1,1,0,0,0,5,1,1,3,1,P2_single_edge,P2_single_edge|P3_bridge|P4_confusable|P5_b2c1_synset,0,补第二条正式关系，形成最小学习语境,再生
2796,chausser,VER,B1,2.4581,1,1,0,0,0,9,1,3,3,3,P2_single_edge,P2_single_edge|P3_bridge|P4_confusable,0,补第二条正式关系，形成最小学习语境,培土
2797,biologiste,NOM,B2,2.4563,1,1,0,0,0,2,1,1,3,3,P2_single_edge,P2_single_edge|P4_confusable|P5_b2c1_synset,0,补第二条正式关系，形成最小学习语境,
2798,surgeler,VER,B1,2.453,1,1,0,0,0,1,1,1,1,2,P2_single_edge,P2_single_edge|P4_confusable,0,补第二条正式关系，形成最小学习语境,
2799,avantageux,ADJ,B2,2.4511,1,1,0,0,0,5,1,2,1,1,P2_single_edge,P2_single_edge|P3_bridge|P4_confusable|P5_b2c1_synset,0,补第二条正式关系，形成最小学习语境,优越；划算
2800,sophistiqué,ADJ,B2,2.4497,1,0,0,1,0,4,1,0,0,1,P2_single_edge,P2_single_edge|P3_bridge|P4_confusable,0,补第二条正式关系，形成最小学习语境,
2801,succomber,VER,B2,2.4492,1,0,0,1,0,4,1,0,0,0,P2_single_edge,P2_single_edge|P3_bridge,0,补第二条正式关系，形成最小学习语境,
2802,atmosphérique,ADJ,B2,2.4488,1,1,0,0,0,0,0,1,1,1,P2_single_edge,P2_single_edge|P4_confusable,0,补第二条正式关系，形成最小学习语境,天电
2803,osciller,VER,B2,2.4487,1,1,0,0,0,2,1,1,2,1,P2_single_edge,P2_single_edge|P4_confusable|P5_b2c1_synset,0,补第二条正式关系，形成最小学习语境,动摇；摆动
2804,flamber,VER,B2,2.4483,1,1,0,0,0,6,1,1,3,3,P2_single_edge,P2_single_edge|P3_bridge|P4_confusable|P5_b2c1_synset,0,补第二条正式关系，形成最小学习语境,火燎
2805,commentateur,NOM,B2,2.445,1,1,0,0,0,2,1,1,0,0,P2_single_edge,P2_single_edge|P5_b2c1_synset,0,补第二条正式关系，形成最小学习语境,评论员
2806,écolier,NOM,B2,2.4444,1,0,1,0,0,2,1,2,1,1,P2_single_edge,P2_single_edge|P4_confusable,0,补第二条正式关系，形成最小学习语境,学生；学童
2807,primitif,ADJ,B2,2.4443,1,0,1,0,0,6,1,2,1,1,P2_single_edge,P2_single_edge|P3_bridge|P4_confusable,0,补第二条正式关系，形成最小学习语境,原始；原来
2808,pathologie,NOM,B2,2.4442,1,0,1,0,0,2,1,0,2,1,P2_single_edge,P2_single_edge|P4_confusable,0,补第二条正式关系，形成最小学习语境,病理
2809,boiser,VER,B2,2.4439,1,1,0,0,0,3,1,1,3,0,P2_single_edge,P2_single_edge|P4_confusable|P5_b2c1_synset,0,补第二条正式关系，形成最小学习语境,造林
2810,attarder,VER,B2,2.4414,1,1,0,0,0,1,1,1,2,2,P2_single_edge,P2_single_edge|P4_confusable|P5_b2c1_synset,0,补第二条正式关系，形成最小学习语境,延迟；流连忘返
2811,participant,ADJ,B1,2.4407,1,1,0,0,0,1,1,1,3,2,P2_single_edge,P2_single_edge|P4_confusable,0,补第二条正式关系，形成最小学习语境,参与者；参加者
2812,grandissant,ADJ,B2,2.4404,1,1,0,0,0,1,1,1,2,1,P2_single_edge,P2_single_edge|P4_confusable|P5_b2c1_synset,0,补第二条正式关系，形成最小学习语境,
2813,contraster,VER,B2,2.4399,1,1,0,0,0,2,1,1,1,3,P2_single_edge,P2_single_edge|P4_confusable|P5_b2c1_synset,0,补第二条正式关系，形成最小学习语境,
2814,égoïsme,NOM,B2,2.4393,1,0,0,1,0,1,1,0,2,3,P2_single_edge,P2_single_edge|P4_confusable,0,补第二条正式关系，形成最小学习语境,私心
2815,bilingue,ADJ,B2,2.4382,1,1,0,0,0,4,1,1,2,1,P2_single_edge,P2_single_edge|P3_bridge|P4_confusable|P5_b2c1_synset,0,补第二条正式关系，形成最小学习语境,双语
2816,sanguin,ADJ,B2,2.4378,1,1,0,0,0,4,1,1,1,1,P2_single_edge,P2_single_edge|P3_bridge|P4_confusable|P5_b2c1_synset,0,补第二条正式关系，形成最小学习语境,
2817,menotte,NOM,B2,2.4375,1,1,0,0,0,3,1,1,0,0,P2_single_edge,P2_single_edge|P5_b2c1_synset,0,补第二条正式关系，形成最小学习语境,
2818,automobiliste,NOM,B1,2.4288,1,1,0,0,0,1,1,2,2,2,P2_single_edge,P2_single_edge|P4_confusable,0,补第二条正式关系，形成最小学习语境,
2819,concentration,NOM,B2,2.4266,1,1,0,0,0,5,1,1,1,2,P2_single_edge,P2_single_edge|P3_bridge|P4_confusable|P5_b2c1_synset,0,补第二条正式关系，形成最小学习语境,专心；对对碰
2820,aventurier,NOM,B1,2.424,1,1,0,0,0,4,1,1,3,3,P2_single_edge,P2_single_edge|P3_bridge|P4_confusable,0,补第二条正式关系，形成最小学习语境,冒险者
2821,desservir,VER,B2,2.4224,1,1,0,0,0,4,1,1,3,3,P2_single_edge,P2_single_edge|P3_bridge|P4_confusable|P5_b2c1_synset,0,补第二条正式关系，形成最小学习语境,
2822,anonymat,NOM,B2,2.4101,1,1,0,0,0,0,0,0,2,2,P2_single_edge,P2_single_edge|P4_confusable,0,补第二条正式关系，形成最小学习语境,匿名
2823,complicité,NOM,B2,2.4092,1,1,0,0,0,2,1,2,3,3,P2_single_edge,P2_single_edge|P4_confusable|P5_b2c1_synset,0,补第二条正式关系，形成最小学习语境,默契
2824,effectif,NOM,B2,2.405,1,0,1,0,0,4,1,1,2,2,P2_single_edge,P2_single_edge|P3_bridge|P4_confusable,0,补第二条正式关系，形成最小学习语境,名额；好用
2825,livret,NOM,B2,2.4042,1,0,1,0,0,11,1,1,3,3,P2_single_edge,P2_single_edge|P3_bridge|P4_confusable,0,补第二条正式关系，形成最小学习语境,小册子；说明书
2826,quiche,NOM,B2,2.4028,1,0,1,0,0,6,1,0,1,1,P2_single_edge,P2_single_edge|P3_bridge|P4_confusable,0,补第二条正式关系，形成最小学习语境,
2827,chouette,ADJ,B2,2.4024,1,0,0,1,0,2,1,0,3,1,P2_single_edge,P2_single_edge|P4_confusable,0,补第二条正式关系，形成最小学习语境,鵩
2828,extravagant,ADJ,B2,2.3922,1,0,1,0,0,1,1,2,0,0,P2_single_edge,P2_single_edge,0,补第二条正式关系，形成最小学习语境,厚重；豪奢
2829,collaboration,NOM,B2,2.391,1,1,0,0,0,3,1,1,3,3,P2_single_edge,P2_single_edge|P4_confusable|P5_b2c1_synset,0,补第二条正式关系，形成最小学习语境,协作；左右手
2830,finement,ADV,B2,2.3886,1,1,0,0,0,1,1,1,2,1,P2_single_edge,P2_single_edge|P4_confusable|P5_b2c1_synset,0,补第二条正式关系，形成最小学习语境,
2831,apprêter,VER,B2,2.3833,1,0,1,0,0,2,1,1,3,1,P2_single_edge,P2_single_edge|P4_confusable,0,补第二条正式关系，形成最小学习语境,
2832,parent,ADJ,B2,2.3823,1,1,0,0,0,1,1,4,3,3,P2_single_edge,P2_single_edge|P4_confusable|P5_b2c1_synset,0,补第二条正式关系，形成最小学习语境,亲戚；亲眷
2833,tenant,NOM,B2,2.3813,1,1,0,0,0,6,1,1,2,3,P2_single_edge,P2_single_edge|P3_bridge|P4_confusable|P5_b2c1_synset,0,补第二条正式关系，形成最小学习语境,
2834,intenter,VER,B2,2.3799,1,1,0,0,0,1,1,0,2,3,P2_single_edge,P2_single_edge|P4_confusable|P5_b2c1_synset,0,补第二条正式关系，形成最小学习语境,
2835,intensité,NOM,B2,2.3757,1,1,0,0,0,8,1,1,3,1,P2_single_edge,P2_single_edge|P3_bridge|P4_confusable|P5_b2c1_synset,0,补第二条正式关系，形成最小学习语境,力度；厚度
2836,neuronal,ADJ,B2,2.3738,1,1,0,0,0,1,1,1,1,1,P2_single_edge,P2_single_edge|P4_confusable|P5_b2c1_synset,0,补第二条正式关系，形成最小学习语境,
2837,shopping,NOM,B2,2.3667,1,0,1,0,0,1,1,0,2,1,P2_single_edge,P2_single_edge|P4_confusable,0,补第二条正式关系，形成最小学习语境,瞎拼；血拼
2838,saurer,VER,B2,2.3647,1,0,1,0,0,1,1,0,1,1,P2_single_edge,P2_single_edge|P4_confusable,0,补第二条正式关系，形成最小学习语境,
2839,pionnier,NOM,B2,2.3646,1,1,0,0,0,5,1,1,2,0,P2_single_edge,P2_single_edge|P3_bridge|P4_confusable|P5_b2c1_synset,0,补第二条正式关系，形成最小学习语境,先行者；先锋
2840,promeneur,NOM,B2,2.3611,1,0,1,0,0,3,1,1,3,1,P2_single_edge,P2_single_edge|P4_confusable,0,补第二条正式关系，形成最小学习语境,
2841,tremblant,ADJ,B1,2.3494,1,1,0,0,0,1,1,1,2,3,P2_single_edge,P2_single_edge|P4_confusable,0,补第二条正式关系，形成最小学习语境,栗然
2842,baraque,NOM,B2,2.3477,1,0,1,0,0,8,1,0,3,1,P2_single_edge,P2_single_edge|P3_bridge|P4_confusable,0,补第二条正式关系，形成最小学习语境,
2843,tambourin,NOM,B1,2.3466,1,0,1,0,0,4,1,1,1,1,P2_single_edge,P2_single_edge|P3_bridge|P4_confusable,0,补第二条正式关系，形成最小学习语境,
2844,horriblement,ADV,B2,2.3442,1,0,1,0,0,3,1,0,1,1,P2_single_edge,P2_single_edge|P4_confusable,0,补第二条正式关系，形成最小学习语境,
2845,réciter,VER,B2,2.3373,1,1,0,0,0,2,1,1,3,2,P2_single_edge,P2_single_edge|P4_confusable|P5_b2c1_synset,0,补第二条正式关系，形成最小学习语境,背诵；诵读
2846,préparatif,NOM,B2,2.337,1,1,0,0,0,1,1,1,3,2,P2_single_edge,P2_single_edge|P4_confusable|P5_b2c1_synset,0,补第二条正式关系，形成最小学习语境,
2847,densité,NOM,B2,2.3368,1,1,0,0,0,0,0,1,2,0,P2_single_edge,P2_single_edge|P4_confusable,0,补第二条正式关系，形成最小学习语境,密度；浓度
2848,éventuellement,ADV,B2,2.3347,1,0,0,1,0,2,1,1,3,3,P2_single_edge,P2_single_edge|P4_confusable,0,补第二条正式关系，形成最小学习语境,万一
2849,archéologie,NOM,B2,2.3282,1,1,0,0,0,1,1,1,3,3,P2_single_edge,P2_single_edge|P4_confusable|P5_b2c1_synset,0,补第二条正式关系，形成最小学习语境,考古；考古学家
2850,glorieux,ADJ,B2,2.3279,1,1,0,0,0,6,1,1,1,0,P2_single_edge,P2_single_edge|P3_bridge|P4_confusable|P5_b2c1_synset,0,补第二条正式关系，形成最小学习语境,光彩；光荣
2851,cohabiter,VER,B2,2.3197,1,1,0,0,0,4,1,1,1,1,P2_single_edge,P2_single_edge|P3_bridge|P4_confusable|P5_b2c1_synset,0,补第二条正式关系，形成最小学习语境,
2852,catalogue,NOM,B2,2.3182,1,0,1,0,0,4,1,0,2,2,P2_single_edge,P2_single_edge|P3_bridge|P4_confusable,0,补第二条正式关系，形成最小学习语境,书目；目录
2853,océanique,ADJ,B2,2.3126,1,1,0,0,0,1,1,0,1,1,P2_single_edge,P2_single_edge|P4_confusable|P5_b2c1_synset,0,补第二条正式关系，形成最小学习语境,
2854,clinique,ADJ,B2,2.3105,1,1,0,0,0,2,1,0,2,1,P2_single_edge,P2_single_edge|P4_confusable|P5_b2c1_synset,0,补第二条正式关系，形成最小学习语境,临床；倩碧
2855,routine,NOM,B2,2.3088,1,0,0,1,0,5,1,1,2,1,P2_single_edge,P2_single_edge|P3_bridge|P4_confusable,0,补第二条正式关系，形成最小学习语境,例行；常规
2856,indifférence,NOM,B1,2.3085,1,1,0,0,0,4,1,1,3,2,P2_single_edge,P2_single_edge|P3_bridge|P4_confusable,0,补第二条正式关系，形成最小学习语境,
2857,végétal,NOM,B2,2.3082,1,0,0,1,0,2,1,1,2,2,P2_single_edge,P2_single_edge|P4_confusable,0,补第二条正式关系，形成最小学习语境,植
2858,énigmatique,ADJ,B1,2.3025,1,1,0,0,0,2,1,1,2,2,P2_single_edge,P2_single_edge|P4_confusable,0,补第二条正式关系，形成最小学习语境,神奥；莫名
2859,secrètement,ADV,B1,2.3024,1,1,0,0,0,2,1,1,3,2,P2_single_edge,P2_single_edge|P4_confusable,0,补第二条正式关系，形成最小学习语境,暗地；暗地里
2860,financièrement,ADV,B2,2.2976,1,1,0,0,0,2,1,1,2,0,P2_single_edge,P2_single_edge|P4_confusable|P5_b2c1_synset,0,补第二条正式关系，形成最小学习语境,
2861,féroce,ADJ,B2,2.2961,1,1,0,0,0,5,1,1,1,1,P2_single_edge,P2_single_edge|P3_bridge|P4_confusable|P5_b2c1_synset,0,补第二条正式关系，形成最小学习语境,凶残；凶狠
2862,styliste,NOM,B2,2.2899,1,0,1,0,0,1,1,1,2,1,P2_single_edge,P2_single_edge|P4_confusable,0,补第二条正式关系，形成最小学习语境,造型师
2863,bille,NOM,B2,2.2795,1,0,1,0,0,16,1,4,2,1,P2_single_edge,P2_single_edge|P3_bridge|P4_confusable,0,补第二条正式关系，形成最小学习语境,弹子
2864,souhaitable,ADJ,B2,2.2768,1,1,0,0,0,1,1,1,2,1,P2_single_edge,P2_single_edge|P4_confusable|P5_b2c1_synset,0,补第二条正式关系，形成最小学习语境,可取；可喜
2865,réduit,ADJ,B2,2.2743,1,1,0,0,0,2,1,1,2,2,P2_single_edge,P2_single_edge|P4_confusable|P5_b2c1_synset,0,补第二条正式关系，形成最小学习语境,
2866,arrondir,VER,B2,2.2716,1,1,0,0,0,6,1,2,1,1,P2_single_edge,P2_single_edge|P3_bridge|P4_confusable|P5_b2c1_synset,0,补第二条正式关系，形成最小学习语境,
2867,gémissement,NOM,B2,2.2639,1,1,0,0,0,3,1,1,3,2,P2_single_edge,P2_single_edge|P4_confusable|P5_b2c1_synset,0,补第二条正式关系，形成最小学习语境,偯
2868,escale,NOM,B2,2.2596,1,0,1,0,0,3,1,1,3,3,P2_single_edge,P2_single_edge|P4_confusable,0,补第二条正式关系，形成最小学习语境,
2869,météo,NOM,B2,2.2543,1,0,1,0,0,4,1,0,2,2,P2_single_edge,P2_single_edge|P3_bridge|P4_confusable,0,补第二条正式关系，形成最小学习语境,天儿；天气
2870,trahison,NOM,B2,2.2467,1,1,0,0,0,1,1,1,1,1,P2_single_edge,P2_single_edge|P4_confusable|P5_b2c1_synset,0,补第二条正式关系，形成最小学习语境,叛逆
2871,majestueux,ADJ,B2,2.2437,1,1,0,0,0,2,1,1,3,2,P2_single_edge,P2_single_edge|P4_confusable|P5_b2c1_synset,0,补第二条正式关系，形成最小学习语境,堂堂；威风
2872,smoking,NOM,B1,2.2432,1,0,1,0,0,1,1,0,0,2,P2_single_edge,P2_single_edge|P4_confusable,0,补第二条正式关系，形成最小学习语境,
2873,confesser,VER,B2,2.2427,1,1,0,0,0,6,1,1,3,2,P2_single_edge,P2_single_edge|P3_bridge|P4_confusable|P5_b2c1_synset,0,补第二条正式关系，形成最小学习语境,交代；交待
2874,imposition,NOM,B2,2.2285,1,1,0,0,0,6,1,1,2,3,P2_single_edge,P2_single_edge|P3_bridge|P4_confusable|P5_b2c1_synset,0,补第二条正式关系，形成最小学习语境,
2875,obligé,ADJ,B2,2.2285,1,1,0,0,0,5,1,1,3,3,P2_single_edge,P2_single_edge|P3_bridge|P4_confusable|P5_b2c1_synset,0,补第二条正式关系，形成最小学习语境,
2876,exonérer,VER,B2,2.2273,1,0,1,0,0,3,1,1,1,1,P2_single_edge,P2_single_edge|P4_confusable,0,补第二条正式关系，形成最小学习语境,减免
2877,plastique,ADJ,B2,2.2208,1,1,0,0,0,8,1,1,2,1,P2_single_edge,P2_single_edge|P3_bridge|P4_confusable|P5_b2c1_synset,0,补第二条正式关系，形成最小学习语境,整形
2878,tempo,NOM,B2,2.2206,1,0,1,0,0,4,1,0,1,1,P2_single_edge,P2_single_edge|P3_bridge|P4_confusable,0,补第二条正式关系，形成最小学习语境,
2879,matrimonial,ADJ,B2,2.2177,1,0,1,0,0,2,1,1,1,0,P2_single_edge,P2_single_edge|P4_confusable,0,补第二条正式关系，形成最小学习语境,
2880,mannequin,NOM,B2,2.2138,1,0,1,0,0,9,1,0,3,1,P2_single_edge,P2_single_edge|P3_bridge|P4_confusable,0,补第二条正式关系，形成最小学习语境,模特
2881,odorat,NOM,B2,2.2135,1,1,0,0,0,2,1,1,1,1,P2_single_edge,P2_single_edge|P4_confusable|P5_b2c1_synset,0,补第二条正式关系，形成最小学习语境,嗅到；嗅觉
2882,miser,VER,B2,2.2128,1,1,0,0,0,2,1,0,3,3,P2_single_edge,P2_single_edge|P4_confusable|P5_b2c1_synset,0,补第二条正式关系，形成最小学习语境,赌博；赌钱
2883,potentiel,NOM,B2,2.2128,1,1,0,0,0,3,1,1,3,1,P2_single_edge,P2_single_edge|P4_confusable|P5_b2c1_synset,0,补第二条正式关系，形成最小学习语境,有希望；潜力
2884,embryon,NOM,B2,2.2072,1,0,1,0,0,0,0,0,3,1,P2_single_edge,P2_single_edge|P4_confusable,0,补第二条正式关系，形成最小学习语境,胚胎；雏形
2885,dorénavant,ADV,B2,2.2058,1,0,1,0,0,2,1,0,2,2,P2_single_edge,P2_single_edge|P4_confusable,0,补第二条正式关系，形成最小学习语境,往后
2886,baroque,ADJ,B2,2.202,1,1,0,0,0,4,1,0,3,3,P2_single_edge,P2_single_edge|P3_bridge|P4_confusable|P5_b2c1_synset,0,补第二条正式关系，形成最小学习语境,巴洛克
2887,retardataire,NOM,B2,2.1986,1,1,0,0,0,0,0,1,2,1,P2_single_edge,P2_single_edge|P4_confusable,0,补第二条正式关系，形成最小学习语境,
2888,empresser,VER,B2,2.1935,1,1,0,0,0,4,1,1,2,3,P2_single_edge,P2_single_edge|P3_bridge|P4_confusable|P5_b2c1_synset,0,补第二条正式关系，形成最小学习语境,急忙
2889,combustible,NOM,B2,2.1926,1,0,1,0,0,3,1,0,0,0,P2_single_edge,P2_single_edge,0,补第二条正式关系，形成最小学习语境,燃料；燃油
2890,médiatiser,VER,B2,2.1791,1,1,0,0,0,2,1,0,3,3,P2_single_edge,P2_single_edge|P4_confusable|P5_b2c1_synset,0,补第二条正式关系，形成最小学习语境,
2891,textile,NOM,B2,2.1791,1,0,1,0,0,3,1,0,1,2,P2_single_edge,P2_single_edge|P4_confusable,0,补第二条正式关系，形成最小学习语境,纺织品；织物
2892,chevaucher,VER,B2,2.1765,1,1,0,0,0,8,1,1,2,3,P2_single_edge,P2_single_edge|P3_bridge|P4_confusable|P5_b2c1_synset,0,补第二条正式关系，形成最小学习语境,覆叠；骑坐
2893,démon,NOM,B2,2.1748,1,1,0,0,0,9,1,1,3,3,P2_single_edge,P2_single_edge|P3_bridge|P4_confusable|P5_b2c1_synset,0,补第二条正式关系，形成最小学习语境,凶神；恶神
2894,sorcier,NOM,B2,2.1729,1,0,1,0,0,3,1,2,0,0,P2_single_edge,P2_single_edge,0,补第二条正式关系，形成最小学习语境,妖术师；巫师
2895,convoquer,VER,B2,2.1725,1,1,0,0,0,2,1,2,3,3,P2_single_edge,P2_single_edge|P4_confusable|P5_b2c1_synset,0,补第二条正式关系，形成最小学习语境,举行；召开
2896,intimider,VER,B2,2.1692,1,0,1,0,0,1,1,1,3,2,P2_single_edge,P2_single_edge|P4_confusable,0,补第二条正式关系，形成最小学习语境,恐吓；震慑
2897,fragrance,NOM,B2,2.1656,1,0,1,0,0,2,1,0,2,1,P2_single_edge,P2_single_edge|P4_confusable,0,补第二条正式关系，形成最小学习语境,香味；香气
2898,complément,NOM,B2,2.1618,1,1,0,0,0,8,1,1,3,2,P2_single_edge,P2_single_edge|P3_bridge|P4_confusable|P5_b2c1_synset,0,补第二条正式关系，形成最小学习语境,
2899,fissure,NOM,B2,2.1509,1,0,1,0,0,4,1,0,1,0,P2_single_edge,P2_single_edge|P3_bridge|P4_confusable,0,补第二条正式关系，形成最小学习语境,夹缝；缝隙
2900,détention,NOM,B2,2.1505,1,1,0,0,0,3,1,1,3,2,P2_single_edge,P2_single_edge|P4_confusable|P5_b2c1_synset,0,补第二条正式关系，形成最小学习语境,受阻
2901,armé,ADJ,B2,2.1471,1,1,0,0,0,4,1,1,3,3,P2_single_edge,P2_single_edge|P3_bridge|P4_confusable|P5_b2c1_synset,0,补第二条正式关系，形成最小学习语境,
2902,facette,NOM,B2,2.1447,1,1,0,0,0,5,1,1,2,3,P2_single_edge,P2_single_edge|P3_bridge|P4_confusable|P5_b2c1_synset,0,补第二条正式关系，形成最小学习语境,
2903,télécommande,NOM,B1,2.144,1,1,0,0,0,2,1,1,0,2,P2_single_edge,P2_single_edge|P4_confusable,0,补第二条正式关系，形成最小学习语境,遥控；遥控器
2904,politiquement,ADV,B2,2.1412,1,1,0,0,0,2,1,0,3,2,P2_single_edge,P2_single_edge|P4_confusable|P5_b2c1_synset,0,补第二条正式关系，形成最小学习语境,
2905,statistique,ADJ,B2,2.1409,1,1,0,0,0,1,1,0,2,2,P2_single_edge,P2_single_edge|P4_confusable|P5_b2c1_synset,0,补第二条正式关系，形成最小学习语境,统计；统计学
2906,inadapté,ADJ,B2,2.1401,1,1,0,0,0,2,1,1,3,3,P2_single_edge,P2_single_edge|P4_confusable|P5_b2c1_synset,0,补第二条正式关系，形成最小学习语境,不适应
2907,frire,VER,B1,2.1375,1,1,0,0,0,3,1,1,3,2,P2_single_edge,P2_single_edge|P4_confusable,0,补第二条正式关系，形成最小学习语境,油炸
2908,graisse,NOM,B2,2.1337,1,1,0,0,0,8,1,0,3,2,P2_single_edge,P2_single_edge|P3_bridge|P4_confusable|P5_b2c1_synset,0,补第二条正式关系，形成最小学习语境,油水；油脂
2909,justesse,NOM,B2,2.1307,1,1,0,0,0,3,1,2,2,2,P2_single_edge,P2_single_edge|P4_confusable|P5_b2c1_synset,0,补第二条正式关系，形成最小学习语境,
2910,brève,NOM,B2,2.1297,1,1,0,0,0,7,1,2,1,3,P2_single_edge,P2_single_edge|P3_bridge|P4_confusable|P5_b2c1_synset,0,补第二条正式关系，形成最小学习语境,
2911,nègre,ADJ,B2,2.1245,1,0,1,0,0,2,1,0,1,3,P2_single_edge,P2_single_edge|P4_confusable,0,补第二条正式关系，形成最小学习语境,
2912,tabou,NOM,B2,2.1245,1,0,1,0,0,2,1,0,2,2,P2_single_edge,P2_single_edge|P4_confusable,0,补第二条正式关系，形成最小学习语境,忌讳；禁忌
2913,comporte,NOM,B2,2.1221,1,0,1,0,0,1,1,1,2,3,P2_single_edge,P2_single_edge|P4_confusable,0,补第二条正式关系，形成最小学习语境,
2914,doré,ADJ,B1,2.1219,1,1,0,0,0,7,1,1,2,2,P2_single_edge,P2_single_edge|P3_bridge|P4_confusable,0,补第二条正式关系，形成最小学习语境,金色；金黄
2915,modalité,NOM,B2,2.1218,1,1,0,0,0,6,1,1,1,1,P2_single_edge,P2_single_edge|P3_bridge|P4_confusable|P5_b2c1_synset,0,补第二条正式关系，形成最小学习语境,形态
2916,actionnaire,NOM,B2,2.1183,1,1,0,0,0,1,1,1,2,3,P2_single_edge,P2_single_edge|P4_confusable|P5_b2c1_synset,0,补第二条正式关系，形成最小学习语境,公司股东；股东
2917,indirect,ADJ,B2,2.1178,1,0,0,1,0,3,1,2,2,2,P2_single_edge,P2_single_edge|P4_confusable,0,补第二条正式关系，形成最小学习语境,间接
2918,subsister,VER,B2,2.1136,1,1,0,0,0,3,1,1,1,1,P2_single_edge,P2_single_edge|P4_confusable|P5_b2c1_synset,0,补第二条正式关系，形成最小学习语境,生存
2919,instant,ADJ,B2,2.1101,1,0,1,0,0,2,1,1,3,2,P2_single_edge,P2_single_edge|P4_confusable,0,补第二条正式关系，形成最小学习语境,刹那；弹指
2920,industrialiser,VER,B2,2.1007,1,1,0,0,0,2,1,1,3,3,P2_single_edge,P2_single_edge|P4_confusable|P5_b2c1_synset,0,补第二条正式关系，形成最小学习语境,产业化
2921,rasoir,NOM,B2,2.1003,1,1,0,0,0,6,1,1,1,1,P2_single_edge,P2_single_edge|P3_bridge|P4_confusable|P5_b2c1_synset,0,补第二条正式关系，形成最小学习语境,
2922,affectueux,ADJ,B2,2.0858,1,0,1,0,0,1,1,1,1,1,P2_single_edge,P2_single_edge|P4_confusable,0,补第二条正式关系，形成最小学习语境,亲切；多情
2923,sirène,NOM,B1,2.0839,1,0,1,0,0,15,1,0,1,0,P2_single_edge,P2_single_edge|P3_bridge|P4_confusable,0,补第二条正式关系，形成最小学习语境,人鱼；美人鱼
2924,expérimental,ADJ,B2,2.0827,1,1,0,0,0,2,1,1,3,3,P2_single_edge,P2_single_edge|P4_confusable|P5_b2c1_synset,0,补第二条正式关系，形成最小学习语境,试验
2925,cibler,VER,B2,2.0754,1,1,0,0,0,3,1,1,2,1,P2_single_edge,P2_single_edge|P4_confusable|P5_b2c1_synset,0,补第二条正式关系，形成最小学习语境,
2926,soucieux,ADJ,B2,2.0696,1,1,0,0,0,3,1,1,3,2,P2_single_edge,P2_single_edge|P4_confusable|P5_b2c1_synset,0,补第二条正式关系，形成最小学习语境,揪心
2927,intimité,NOM,B2,2.0695,1,1,0,0,0,3,1,1,2,3,P2_single_edge,P2_single_edge|P4_confusable|P5_b2c1_synset,0,补第二条正式关系，形成最小学习语境,私生活
2928,rocheux,ADJ,B2,2.0685,1,1,0,0,0,1,1,1,0,0,P2_single_edge,P2_single_edge|P5_b2c1_synset,0,补第二条正式关系，形成最小学习语境,嵬；磈
2929,authenticité,NOM,B2,2.0671,1,1,0,0,0,4,1,1,3,1,P2_single_edge,P2_single_edge|P3_bridge|P4_confusable|P5_b2c1_synset,0,补第二条正式关系，形成最小学习语境,真实性
2930,manquant,ADJ,B2,2.0648,1,1,0,0,0,1,1,0,2,2,P2_single_edge,P2_single_edge|P4_confusable|P5_b2c1_synset,0,补第二条正式关系，形成最小学习语境,走失
2931,télécommunication,NOM,B2,2.061,1,1,0,0,0,1,1,1,2,1,P2_single_edge,P2_single_edge|P4_confusable|P5_b2c1_synset,0,补第二条正式关系，形成最小学习语境,
2932,charrette,NOM,B2,2.0536,1,1,0,0,0,7,1,1,2,2,P2_single_edge,P2_single_edge|P3_bridge|P4_confusable|P5_b2c1_synset,0,补第二条正式关系，形成最小学习语境,
2933,sacré,NOM,B2,2.0523,1,0,0,1,0,2,1,1,3,3,P2_single_edge,P2_single_edge|P4_confusable,0,补第二条正式关系，形成最小学习语境,神圣；神圣不可侵犯
2934,plongeur,NOM,B1,2.0517,1,1,0,0,0,5,1,1,3,1,P2_single_edge,P2_single_edge|P3_bridge|P4_confusable,0,补第二条正式关系，形成最小学习语境,海人
2935,ténèbre,NOM,B2,2.0499,1,1,0,0,0,1,1,0,2,0,P2_single_edge,P2_single_edge|P4_confusable|P5_b2c1_synset,0,补第二条正式关系，形成最小学习语境,
2936,externe,ADJ,B2,2.0489,1,0,0,1,0,0,0,0,3,2,P2_single_edge,P2_single_edge|P4_confusable,0,补第二条正式关系，形成最小学习语境,外在；外来
2937,inacceptable,ADJ,B2,2.0489,1,1,0,0,0,1,1,1,1,2,P2_single_edge,P2_single_edge|P4_confusable|P5_b2c1_synset,0,补第二条正式关系，形成最小学习语境,使不得
2938,fourchette,NOM,B1,2.047,1,0,1,0,0,14,1,0,0,3,P2_single_edge,P2_single_edge|P3_bridge|P4_confusable,0,补第二条正式关系，形成最小学习语境,叉子
2939,conférer,VER,B2,2.0465,1,1,0,0,0,3,1,1,3,3,P2_single_edge,P2_single_edge|P4_confusable|P5_b2c1_synset,0,补第二条正式关系，形成最小学习语境,商议；授予
2940,assistance,NOM,B2,2.0439,1,0,1,0,0,4,1,0,3,1,P2_single_edge,P2_single_edge|P3_bridge|P4_confusable,0,补第二条正式关系，形成最小学习语境,助力；听众
2941,héberger,VER,B1,2.0422,1,1,0,0,0,2,1,3,2,2,P2_single_edge,P2_single_edge|P4_confusable,0,补第二条正式关系，形成最小学习语境,住宿；收留
2942,extrait,NOM,B2,2.0413,1,1,0,0,0,5,1,1,1,3,P2_single_edge,P2_single_edge|P3_bridge|P4_confusable|P5_b2c1_synset,0,补第二条正式关系，形成最小学习语境,提取；摘录
2943,simultanément,ADV,B2,2.0413,1,0,1,0,0,1,1,0,2,1,P2_single_edge,P2_single_edge|P4_confusable,0,补第二条正式关系，形成最小学习语境,一齐；同日
2944,superflu,ADJ,B2,2.041,1,0,1,0,0,1,1,1,2,3,P2_single_edge,P2_single_edge|P4_confusable,0,补第二条正式关系，形成最小学习语境,多余
2945,bandeau,NOM,B2,2.0375,1,1,0,0,0,0,0,1,3,2,P2_single_edge,P2_single_edge|P4_confusable,0,补第二条正式关系，形成最小学习语境,发箍
2946,réciprocité,NOM,B2,2.0375,1,1,0,0,0,1,1,0,3,2,P2_single_edge,P2_single_edge|P4_confusable|P5_b2c1_synset,0,补第二条正式关系，形成最小学习语境,互惠；对等
2947,mourant,ADJ,B1,2.029,1,1,0,0,0,2,1,1,1,2,P2_single_edge,P2_single_edge|P4_confusable,0,补第二条正式关系，形成最小学习语境,不行了；临死
2948,esthétique,NOM,B2,2.0282,1,1,0,0,0,2,1,1,2,2,P2_single_edge,P2_single_edge|P4_confusable|P5_b2c1_synset,0,补第二条正式关系，形成最小学习语境,唯美；审美
2949,engrais,NOM,B2,2.0251,1,1,0,0,0,3,1,1,3,1,P2_single_edge,P2_single_edge|P4_confusable|P5_b2c1_synset,0,补第二条正式关系，形成最小学习语境,化学肥料；肥料
2950,camionnette,NOM,B1,2.0244,1,1,0,0,0,1,1,1,1,1,P2_single_edge,P2_single_edge|P4_confusable,0,补第二条正式关系，形成最小学习语境,
2951,pieux,ADJ,B2,2.0243,1,1,0,0,0,5,1,1,2,1,P2_single_edge,P2_single_edge|P3_bridge|P4_confusable|P5_b2c1_synset,0,补第二条正式关系，形成最小学习语境,虔诚
2952,entonner,VER,B2,2.0222,1,1,0,0,0,6,1,1,3,3,P2_single_edge,P2_single_edge|P3_bridge|P4_confusable|P5_b2c1_synset,0,补第二条正式关系，形成最小学习语境,
2953,révolutionnaire,NOM,B2,2.022,1,1,0,0,0,1,1,1,3,3,P2_single_edge,P2_single_edge|P4_confusable|P5_b2c1_synset,0,补第二条正式关系，形成最小学习语境,革命；革命性
2954,géométrie,NOM,B2,2.0179,1,1,0,0,0,7,1,1,1,1,P2_single_edge,P2_single_edge|P3_bridge|P4_confusable|P5_b2c1_synset,0,补第二条正式关系，形成最小学习语境,内摆线；几何
2955,contraste,NOM,B2,2.0172,1,1,0,0,0,1,1,1,1,3,P2_single_edge,P2_single_edge|P4_confusable|P5_b2c1_synset,0,补第二条正式关系，形成最小学习语境,反差；对比
2956,recopier,VER,B2,2.0145,1,1,0,0,0,1,1,1,3,1,P2_single_edge,P2_single_edge|P4_confusable|P5_b2c1_synset,0,补第二条正式关系，形成最小学习语境,复制
2957,entraîneur,NOM,B1,2.0137,1,0,1,0,0,4,1,2,2,2,P2_single_edge,P2_single_edge|P3_bridge|P4_confusable,0,补第二条正式关系，形成最小学习语境,
2958,compétent,ADJ,B2,2.0116,1,1,0,0,0,6,1,2,3,2,P2_single_edge,P2_single_edge|P3_bridge|P4_confusable|P5_b2c1_synset,0,补第二条正式关系，形成最小学习语境,得力；称职
2959,sommer,VER,B2,2.0112,1,1,0,0,0,3,1,1,3,2,P2_single_edge,P2_single_edge|P4_confusable|P5_b2c1_synset,0,补第二条正式关系，形成最小学习语境,吩咐
2960,aviation,NOM,B2,2.0074,1,1,0,0,0,3,1,1,2,3,P2_single_edge,P2_single_edge|P4_confusable|P5_b2c1_synset,0,补第二条正式关系，形成最小学习语境,航空；飞行
2961,colis,NOM,B2,2.0031,1,0,1,0,0,3,1,0,2,2,P2_single_edge,P2_single_edge|P4_confusable,0,补第二条正式关系，形成最小学习语境,包裹
2962,vieillissant,ADJ,B2,2.0004,1,1,0,0,0,1,1,1,2,2,P2_single_edge,P2_single_edge|P4_confusable|P5_b2c1_synset,0,补第二条正式关系，形成最小学习语境,
2963,bohémien,ADJ,B1,1.9976,1,1,0,0,0,1,1,1,2,1,P2_single_edge,P2_single_edge|P4_confusable,0,补第二条正式关系，形成最小学习语境,
2964,atome,NOM,B2,1.9968,1,1,0,0,0,6,1,1,2,1,P2_single_edge,P2_single_edge|P3_bridge|P4_confusable|P5_b2c1_synset,0,补第二条正式关系，形成最小学习语境,原子；微粒
2965,gastronomie,NOM,B2,1.9956,1,1,0,0,0,1,1,0,3,2,P2_single_edge,P2_single_edge|P4_confusable|P5_b2c1_synset,0,补第二条正式关系，形成最小学习语境,美食
2966,demi-tour,NOM,B2,1.9908,1,1,0,0,0,2,1,1,0,3,P2_single_edge,P2_single_edge|P4_confusable|P5_b2c1_synset,0,补第二条正式关系，形成最小学习语境,U形转弯
2967,bourreau,NOM,B2,1.9896,1,0,0,1,0,7,1,1,2,1,P2_single_edge,P2_single_edge|P3_bridge|P4_confusable,0,补第二条正式关系，形成最小学习语境,刽子手；执行人
2968,fuseau,NOM,B2,1.9856,1,0,1,0,0,12,1,1,3,1,P2_single_edge,P2_single_edge|P3_bridge|P4_confusable,0,补第二条正式关系，形成最小学习语境,筦
2969,soigné,ADJ,B1,1.9849,1,1,0,0,0,1,1,1,3,3,P2_single_edge,P2_single_edge|P4_confusable,0,补第二条正式关系，形成最小学习语境,周密；工整
2970,papi,NOM,B1,1.9829,1,0,0,1,0,1,1,0,2,3,P2_single_edge,P2_single_edge|P4_confusable,0,补第二条正式关系，形成最小学习语境,
2971,incliner,VER,B2,1.9799,1,1,0,0,0,8,1,1,2,2,P2_single_edge,P2_single_edge|P3_bridge|P4_confusable|P5_b2c1_synset,0,补第二条正式关系，形成最小学习语境,倾斜；弓腰
2972,rigolo,ADJ,B2,1.9784,1,1,0,0,0,0,0,1,2,1,P2_single_edge,P2_single_edge|P4_confusable,0,补第二条正式关系，形成最小学习语境,
2973,rouge,NOM,B2,1.9759,1,0,1,0,0,17,1,3,3,3,P2_single_edge,P2_single_edge|P3_bridge|P4_confusable,0,补第二条正式关系，形成最小学习语境,红色
2974,sacrifier,VER,B2,1.9731,1,1,0,0,0,7,1,0,1,1,P2_single_edge,P2_single_edge|P3_bridge|P4_confusable|P5_b2c1_synset,0,补第二条正式关系，形成最小学习语境,牲礼；牺牲
2975,cadrer,VER,B1,1.9704,1,1,0,0,0,3,1,1,3,3,P2_single_edge,P2_single_edge|P4_confusable,0,补第二条正式关系，形成最小学习语境,
2976,corporation,NOM,B2,1.9623,1,0,1,0,0,4,1,1,0,0,P2_single_edge,P2_single_edge|P3_bridge,0,补第二条正式关系，形成最小学习语境,同业公会；大公司
2977,savourer,VER,B2,1.9582,1,1,0,0,0,3,1,1,3,1,P2_single_edge,P2_single_edge|P4_confusable|P5_b2c1_synset,0,补第二条正式关系，形成最小学习语境,咂摸；玩味
2978,scientifiquement,ADV,B2,1.9551,1,1,0,0,0,1,1,0,1,2,P2_single_edge,P2_single_edge|P4_confusable|P5_b2c1_synset,0,补第二条正式关系，形成最小学习语境,
2979,oreiller,NOM,B1,1.9549,1,1,0,0,0,1,1,1,2,0,P2_single_edge,P2_single_edge|P4_confusable,0,补第二条正式关系，形成最小学习语境,枕头
2980,déconseiller,VER,B2,1.9538,1,0,0,1,0,1,1,1,2,2,P2_single_edge,P2_single_edge|P4_confusable,0,补第二条正式关系，形成最小学习语境,劝阻
2981,dégoûter,VER,B2,1.9497,1,0,1,0,0,3,1,1,1,2,P2_single_edge,P2_single_edge|P4_confusable,0,补第二条正式关系，形成最小学习语境,
2982,neiger,VER,B1,1.9481,1,1,0,0,0,2,1,1,2,1,P2_single_edge,P2_single_edge|P4_confusable,0,补第二条正式关系，形成最小学习语境,下雪
2983,pile,ADV,B2,1.9449,1,0,1,0,0,1,1,2,3,3,P2_single_edge,P2_single_edge|P4_confusable,0,补第二条正式关系，形成最小学习语境,一堆
2984,émouvant,ADJ,B2,1.9443,1,1,0,0,0,1,1,1,0,1,P2_single_edge,P2_single_edge|P4_confusable|P5_b2c1_synset,0,补第二条正式关系，形成最小学习语境,动人；感人
2985,scier,VER,B2,1.9427,1,1,0,0,0,7,1,0,3,1,P2_single_edge,P2_single_edge|P3_bridge|P4_confusable|P5_b2c1_synset,0,补第二条正式关系，形成最小学习语境,锯开
2986,ennemi,ADJ,B2,1.9425,1,1,0,0,0,2,1,0,1,1,P2_single_edge,P2_single_edge|P4_confusable|P5_b2c1_synset,0,补第二条正式关系，形成最小学习语境,仇人；仇家
2987,homogène,ADJ,B2,1.9366,1,0,0,1,0,6,1,0,1,2,P2_single_edge,P2_single_edge|P3_bridge|P4_confusable,0,补第二条正式关系，形成最小学习语境,一色；同质
2988,paragraphe,NOM,B2,1.9336,1,0,1,0,0,3,1,0,2,1,P2_single_edge,P2_single_edge|P4_confusable,0,补第二条正式关系，形成最小学习语境,段落；自然段
2989,pétrolier,ADJ,B2,1.9293,1,1,0,0,0,1,1,1,2,1,P2_single_edge,P2_single_edge|P4_confusable|P5_b2c1_synset,0,补第二条正式关系，形成最小学习语境,
2990,référer,VER,B2,1.9282,1,1,0,0,0,7,1,1,3,2,P2_single_edge,P2_single_edge|P3_bridge|P4_confusable|P5_b2c1_synset,0,补第二条正式关系，形成最小学习语境,引证
2991,désarroi,NOM,B2,1.9248,1,0,1,0,0,2,1,0,1,1,P2_single_edge,P2_single_edge|P4_confusable,0,补第二条正式关系，形成最小学习语境,
2992,embellir,VER,B2,1.9236,1,1,0,0,0,4,1,2,1,1,P2_single_edge,P2_single_edge|P3_bridge|P4_confusable|P5_b2c1_synset,0,补第二条正式关系，形成最小学习语境,修饰；增色
2993,abord,NOM,B2,1.9214,1,1,0,0,0,5,1,1,3,2,P2_single_edge,P2_single_edge|P3_bridge|P4_confusable|P5_b2c1_synset,0,补第二条正式关系，形成最小学习语境,
2994,cirer,VER,B1,1.9167,1,1,0,0,0,3,1,1,2,2,P2_single_edge,P2_single_edge|P4_confusable,0,补第二条正式关系，形成最小学习语境,打蜡
2995,inédit,ADJ,B2,1.9133,1,1,0,0,0,3,1,2,3,3,P2_single_edge,P2_single_edge|P4_confusable|P5_b2c1_synset,0,补第二条正式关系，形成最小学习语境,
2996,prestige,NOM,B2,1.9114,1,1,0,0,0,5,1,0,3,2,P2_single_edge,P2_single_edge|P3_bridge|P4_confusable|P5_b2c1_synset,0,补第二条正式关系，形成最小学习语境,信誉；声望
2997,volcan,NOM,B1,1.9101,1,1,0,0,0,3,1,1,1,1,P2_single_edge,P2_single_edge|P4_confusable,0,补第二条正式关系，形成最小学习语境,火山
2998,messagerie,NOM,B2,1.9075,1,1,0,0,0,5,1,1,1,2,P2_single_edge,P2_single_edge|P3_bridge|P4_confusable|P5_b2c1_synset,0,补第二条正式关系，形成最小学习语境,
2999,solitaire,NOM,B2,1.9058,1,0,1,0,0,10,1,0,2,2,P2_single_edge,P2_single_edge|P3_bridge|P4_confusable,0,补第二条正式关系，形成最小学习语境,冷清；孤单
3000,périlleux,ADJ,B2,1.9057,1,1,0,0,0,1,1,1,1,1,P2_single_edge,P2_single_edge|P4_confusable|P5_b2c1_synset,0,补第二条正式关系，形成最小学习语境,危险；险恶
3001,extraction,NOM,B2,1.902,1,1,0,0,0,0,0,0,0,2,P2_single_edge,P2_single_edge|P4_confusable,0,补第二条正式关系，形成最小学习语境,萃取
3002,quinquagénaire,NOM,B2,1.9004,1,0,1,0,0,2,1,0,0,0,P2_single_edge,P2_single_edge,0,补第二条正式关系，形成最小学习语境,
3003,exportation,NOM,B2,1.8998,1,1,0,0,0,2,1,0,1,1,P2_single_edge,P2_single_edge|P4_confusable|P5_b2c1_synset,0,补第二条正式关系，形成最小学习语境,出口；出口商品
3004,controverse,NOM,B2,1.8972,1,0,1,0,0,2,1,0,1,1,P2_single_edge,P2_single_edge|P4_confusable,0,补第二条正式关系，形成最小学习语境,争端；争议
3005,saisonnier,ADJ,B2,1.897,1,1,0,0,0,1,1,1,1,0,P2_single_edge,P2_single_edge|P4_confusable|P5_b2c1_synset,0,补第二条正式关系，形成最小学习语境,季节性；当令
3006,académique,ADJ,B2,1.8951,1,1,0,0,0,7,1,1,3,2,P2_single_edge,P2_single_edge|P3_bridge|P4_confusable|P5_b2c1_synset,0,补第二条正式关系，形成最小学习语境,学术
3007,fragment,NOM,B2,1.8906,1,0,1,0,0,5,1,0,0,1,P2_single_edge,P2_single_edge|P3_bridge|P4_confusable,0,补第二条正式关系，形成最小学习语境,片断；片段
3008,manager,NOM,B2,1.8836,1,0,1,0,0,4,1,0,1,0,P2_single_edge,P2_single_edge|P3_bridge|P4_confusable,0,补第二条正式关系，形成最小学习语境,店长；经理
3009,poire,NOM,B1,1.8819,1,0,1,0,0,12,1,0,1,3,P2_single_edge,P2_single_edge|P3_bridge|P4_confusable,0,补第二条正式关系，形成最小学习语境,梨；棃
3010,metteur,NOM,B2,1.8795,1,1,0,0,0,1,1,1,2,1,P2_single_edge,P2_single_edge|P4_confusable|P5_b2c1_synset,0,补第二条正式关系，形成最小学习语境,
3011,escorter,VER,B2,1.8761,1,1,0,0,0,2,1,1,2,2,P2_single_edge,P2_single_edge|P4_confusable|P5_b2c1_synset,0,补第二条正式关系，形成最小学习语境,护卫；护送
3012,contraignant,ADJ,B2,1.8757,1,1,0,0,0,1,1,1,0,1,P2_single_edge,P2_single_edge|P4_confusable|P5_b2c1_synset,0,补第二条正式关系，形成最小学习语境,
3013,finesse,NOM,B2,1.8743,1,0,1,0,0,10,1,1,0,0,P2_single_edge,P2_single_edge|P3_bridge,0,补第二条正式关系，形成最小学习语境,精巧；纤细
3014,monastère,NOM,B1,1.872,1,0,1,0,0,1,1,1,0,0,P2_single_edge,P2_single_edge,0,补第二条正式关系，形成最小学习语境,修道院；寺庙
3015,brume,NOM,B1,1.8703,1,0,1,0,0,3,1,0,2,1,P2_single_edge,P2_single_edge|P4_confusable,0,补第二条正式关系，形成最小学习语境,云雾；薄雾
3016,celte,ADJ,B1,1.8697,1,0,1,0,0,2,1,1,1,3,P2_single_edge,P2_single_edge|P4_confusable,0,补第二条正式关系，形成最小学习语境,
3017,foncier,ADJ,B1,1.8675,1,1,0,0,0,2,1,1,2,0,P2_single_edge,P2_single_edge|P4_confusable,0,补第二条正式关系，形成最小学习语境,
3018,décréter,VER,B2,1.8646,1,1,0,0,0,3,1,1,3,0,P2_single_edge,P2_single_edge|P4_confusable|P5_b2c1_synset,0,补第二条正式关系，形成最小学习语境,功令；明令
3019,cosmopolite,ADJ,B2,1.8634,1,0,0,1,0,5,1,0,1,1,P2_single_edge,P2_single_edge|P3_bridge|P4_confusable,0,补第二条正式关系，形成最小学习语境,
3020,mention,NOM,B2,1.8627,1,1,0,0,0,2,1,0,3,2,P2_single_edge,P2_single_edge|P4_confusable|P5_b2c1_synset,0,补第二条正式关系，形成最小学习语境,记载；评语
3021,échéance,NOM,B2,1.8627,1,0,1,0,0,3,1,1,0,0,P2_single_edge,P2_single_edge,0,补第二条正式关系，形成最小学习语境,到期日；截止时间
3022,racial,ADJ,B2,1.8604,1,1,0,0,0,1,1,1,2,1,P2_single_edge,P2_single_edge|P4_confusable|P5_b2c1_synset,0,补第二条正式关系，形成最小学习语境,
3023,stupéfaction,NOM,B1,1.8535,1,1,0,0,0,1,1,1,3,3,P2_single_edge,P2_single_edge|P4_confusable,0,补第二条正式关系，形成最小学习语境,惊愕
3024,osseux,ADJ,B2,1.8487,1,1,0,0,0,2,1,1,1,0,P2_single_edge,P2_single_edge|P4_confusable|P5_b2c1_synset,0,补第二条正式关系，形成最小学习语境,瘦骨棱棱
3025,inactif,ADJ,B2,1.8475,1,0,0,1,0,2,1,1,1,1,P2_single_edge,P2_single_edge|P4_confusable,0,补第二条正式关系，形成最小学习语境,空闲
3026,villageois,NOM,B2,1.8475,1,1,0,0,0,4,1,2,3,2,P2_single_edge,P2_single_edge|P3_bridge|P4_confusable|P5_b2c1_synset,0,补第二条正式关系，形成最小学习语境,村民
3027,caillou,NOM,B1,1.8463,1,0,1,0,0,12,1,0,1,1,P2_single_edge,P2_single_edge|P3_bridge|P4_confusable,0,补第二条正式关系，形成最小学习语境,碎石
3028,protestant,ADJ,B2,1.8432,1,1,0,0,0,1,1,1,3,3,P2_single_edge,P2_single_edge|P4_confusable|P5_b2c1_synset,0,补第二条正式关系，形成最小学习语境,
3029,semer,VER,B2,1.8374,1,1,0,0,0,7,1,3,2,1,P2_single_edge,P2_single_edge|P3_bridge|P4_confusable|P5_b2c1_synset,0,补第二条正式关系，形成最小学习语境,撒播；播撒
3030,humaniste,ADJ,B2,1.8328,1,1,0,0,0,1,1,1,3,3,P2_single_edge,P2_single_edge|P4_confusable|P5_b2c1_synset,0,补第二条正式关系，形成最小学习语境,
3031,impressionner,VER,B2,1.8315,1,1,0,0,0,2,1,1,1,1,P2_single_edge,P2_single_edge|P4_confusable|P5_b2c1_synset,0,补第二条正式关系，形成最小学习语境,
3032,typiquement,ADV,B1,1.8277,1,1,0,0,0,1,1,1,3,2,P2_single_edge,P2_single_edge|P4_confusable,0,补第二条正式关系，形成最小学习语境,
3033,ressemblance,NOM,B2,1.8223,1,1,0,0,0,2,1,1,2,2,P2_single_edge,P2_single_edge|P4_confusable|P5_b2c1_synset,0,补第二条正式关系，形成最小学习语境,相似
3034,fléau,NOM,B2,1.8188,1,0,1,0,0,9,1,0,1,0,P2_single_edge,P2_single_edge|P3_bridge|P4_confusable,0,补第二条正式关系，形成最小学习语境,克星；妖孽
3035,énergétique,ADJ,B2,1.8137,1,1,0,0,0,1,1,1,0,2,P2_single_edge,P2_single_edge|P4_confusable|P5_b2c1_synset,0,补第二条正式关系，形成最小学习语境,好动
3036,artère,NOM,B2,1.8118,1,1,0,0,0,3,1,1,3,2,P2_single_edge,P2_single_edge|P4_confusable|P5_b2c1_synset,0,补第二条正式关系，形成最小学习语境,动脉；街道
3037,investigation,NOM,B2,1.8118,1,0,1,0,0,1,1,0,3,3,P2_single_edge,P2_single_edge|P4_confusable,0,补第二条正式关系，形成最小学习语境,
3038,socle,NOM,B2,1.8059,1,0,1,0,0,6,1,0,0,0,P2_single_edge,P2_single_edge|P3_bridge,0,补第二条正式关系，形成最小学习语境,支座
3039,légitimité,NOM,B2,1.8016,1,1,0,0,0,7,1,1,3,3,P2_single_edge,P2_single_edge|P3_bridge|P4_confusable|P5_b2c1_synset,0,补第二条正式关系，形成最小学习语境,合法性；合理性
3040,aveugle,ADJ,B1,1.8011,1,1,0,0,0,5,1,2,3,3,P2_single_edge,P2_single_edge|P3_bridge|P4_confusable,0,补第二条正式关系，形成最小学习语境,盲人；盲目
3041,résidu,NOM,B1,1.8007,1,0,1,0,0,7,1,0,0,0,P2_single_edge,P2_single_edge|P3_bridge,0,补第二条正式关系，形成最小学习语境,子环；废渣
3042,antichambre,NOM,B2,1.8003,1,0,1,0,0,3,1,0,1,2,P2_single_edge,P2_single_edge|P4_confusable,0,补第二条正式关系，形成最小学习语境,
3043,bastion,NOM,B2,1.7907,1,0,1,0,0,4,1,1,2,0,P2_single_edge,P2_single_edge|P3_bridge|P4_confusable,0,补第二条正式关系，形成最小学习语境,堡垒；窝子
3044,chaussée,NOM,B2,1.7884,1,0,1,0,0,8,1,0,3,3,P2_single_edge,P2_single_edge|P3_bridge|P4_confusable,0,补第二条正式关系，形成最小学习语境,车行道；铺面
3045,synchroniser,VER,B2,1.786,1,1,0,0,0,1,1,1,3,1,P2_single_edge,P2_single_edge|P4_confusable|P5_b2c1_synset,0,补第二条正式关系，形成最小学习语境,
3046,déménagement,NOM,B1,1.7746,1,1,0,0,0,1,1,1,3,3,P2_single_edge,P2_single_edge|P4_confusable,0,补第二条正式关系，形成最小学习语境,搬移
3047,tournant,ADJ,B2,1.7745,1,1,0,0,0,2,1,1,2,1,P2_single_edge,P2_single_edge|P4_confusable|P5_b2c1_synset,0,补第二条正式关系，形成最小学习语境,拐角；转折
3048,nouveau-né,NOM,B2,1.7648,1,0,1,0,0,1,1,2,2,2,P2_single_edge,P2_single_edge|P4_confusable,0,补第二条正式关系，形成最小学习语境,初生；婴儿
3049,piéger,VER,B2,1.7608,1,1,0,0,0,3,1,1,2,2,P2_single_edge,P2_single_edge|P4_confusable|P5_b2c1_synset,0,补第二条正式关系，形成最小学习语境,
3050,épicerie,NOM,B1,1.7536,1,1,0,0,0,6,1,1,2,2,P2_single_edge,P2_single_edge|P3_bridge|P4_confusable,0,补第二条正式关系，形成最小学习语境,杂货店
3051,fort,NOM,B2,1.7449,1,0,0,1,0,1,1,3,2,2,P2_single_edge,P2_single_edge|P4_confusable,0,补第二条正式关系，形成最小学习语境,健壮；厉害
3052,arrière,ADJ,B2,1.7389,1,1,0,0,0,1,1,3,3,3,P2_single_edge,P2_single_edge|P4_confusable|P5_b2c1_synset,0,补第二条正式关系，形成最小学习语境,后卫；后方
3053,menteur,NOM,B1,1.7258,1,0,1,0,0,2,1,1,1,1,P2_single_edge,P2_single_edge|P4_confusable,0,补第二条正式关系，形成最小学习语境,爱说谎；说谎
3054,gibier,NOM,B2,1.7256,1,0,1,0,0,3,1,0,0,0,P2_single_edge,P2_single_edge,0,补第二条正式关系，形成最小学习语境,猎物
3055,abonné,NOM,B2,1.7178,1,1,0,0,0,1,1,1,3,1,P2_single_edge,P2_single_edge|P4_confusable|P5_b2c1_synset,0,补第二条正式关系，形成最小学习语境,定户；用户
3056,survie,NOM,B2,1.7174,1,1,0,0,0,3,1,1,2,3,P2_single_edge,P2_single_edge|P4_confusable|P5_b2c1_synset,0,补第二条正式关系，形成最小学习语境,存活
3057,unanimité,NOM,B2,1.7132,1,1,0,0,0,2,1,1,3,3,P2_single_edge,P2_single_edge|P4_confusable|P5_b2c1_synset,0,补第二条正式关系，形成最小学习语境,
3058,grossesse,NOM,B2,1.7072,1,1,0,0,0,1,1,3,3,3,P2_single_edge,P2_single_edge|P4_confusable|P5_b2c1_synset,0,补第二条正式关系，形成最小学习语境,受孕；妊娠
3059,confrérie,NOM,B2,1.681,1,1,0,0,0,1,1,1,1,1,P2_single_edge,P2_single_edge|P4_confusable|P5_b2c1_synset,0,补第二条正式关系，形成最小学习语境,
3060,caniveau,NOM,B2,1.6802,1,0,1,0,0,4,1,0,2,1,P2_single_edge,P2_single_edge|P3_bridge|P4_confusable,0,补第二条正式关系，形成最小学习语境,天沟
3061,décisif,ADJ,B2,1.6793,1,1,0,0,0,4,1,3,1,1,P2_single_edge,P2_single_edge|P3_bridge|P4_confusable|P5_b2c1_synset,0,补第二条正式关系，形成最小学习语境,关键；决定性
3062,protecteur,NOM,B2,1.6785,1,0,1,0,0,6,1,1,2,2,P2_single_edge,P2_single_edge|P3_bridge|P4_confusable,0,补第二条正式关系，形成最小学习语境,卫士
3063,cantatrice,NOM,B2,1.6632,1,1,0,0,0,1,1,1,2,1,P2_single_edge,P2_single_edge|P4_confusable|P5_b2c1_synset,0,补第二条正式关系，形成最小学习语境,
3064,édit,NOM,B2,1.6591,1,1,0,0,0,2,1,1,3,3,P2_single_edge,P2_single_edge|P4_confusable|P5_b2c1_synset,0,补第二条正式关系，形成最小学习语境,敕
3065,entamer,VER,B2,1.6583,1,0,1,0,0,8,1,0,2,1,P2_single_edge,P2_single_edge|P3_bridge|P4_confusable,0,补第二条正式关系，形成最小学习语境,启用
3066,change,NOM,B1,1.6531,1,1,0,0,0,11,1,3,3,3,P2_single_edge,P2_single_edge|P3_bridge|P4_confusable,0,补第二条正式关系，形成最小学习语境,
3067,courageusement,ADV,B1,1.6513,1,1,0,0,0,1,1,1,1,3,P2_single_edge,P2_single_edge|P4_confusable,0,补第二条正式关系，形成最小学习语境,
3068,après-demain,ADV,B2,1.6479,1,0,0,1,0,1,1,1,0,0,P2_single_edge,P2_single_edge,0,补第二条正式关系，形成最小学习语境,后天
3069,dominical,ADJ,B1,1.6439,1,1,0,0,0,2,1,1,0,0,P2_single_edge,P2_single_edge,0,补第二条正式关系，形成最小学习语境,
3070,sociologie,NOM,B2,1.6322,1,1,0,0,0,1,1,0,3,3,P2_single_edge,P2_single_edge|P4_confusable|P5_b2c1_synset,0,补第二条正式关系，形成最小学习语境,社会学
3071,monture,NOM,B2,1.6279,1,1,0,0,0,6,1,1,0,0,P2_single_edge,P2_single_edge|P3_bridge|P5_b2c1_synset,0,补第二条正式关系，形成最小学习语境,坐骑
3072,carrer,VER,B2,1.6136,1,1,0,0,0,8,1,3,3,3,P2_single_edge,P2_single_edge|P3_bridge|P4_confusable|P5_b2c1_synset,0,补第二条正式关系，形成最小学习语境,
3073,impératif,NOM,B2,1.6114,1,0,1,0,0,3,1,3,3,3,P2_single_edge,P2_single_edge|P4_confusable,0,补第二条正式关系，形成最小学习语境,势在必行；急迫
3074,enchaîner,VER,B2,1.6084,1,0,0,1,0,4,1,1,2,0,P2_single_edge,P2_single_edge|P3_bridge|P4_confusable,0,补第二条正式关系，形成最小学习语境,
3075,intérimaire,ADJ,B2,1.6084,1,1,0,0,0,1,1,0,3,3,P2_single_edge,P2_single_edge|P4_confusable|P5_b2c1_synset,0,补第二条正式关系，形成最小学习语境,
3076,dentaire,ADJ,B2,1.6068,1,1,0,0,0,1,1,1,3,1,P2_single_edge,P2_single_edge|P4_confusable|P5_b2c1_synset,0,补第二条正式关系，形成最小学习语境,
3077,for,NOM,B2,1.6052,1,0,1,0,0,2,1,0,0,2,P2_single_edge,P2_single_edge|P4_confusable,0,补第二条正式关系，形成最小学习语境,
3078,mâle,NOM,B2,1.6052,1,0,0,1,0,3,1,0,3,3,P2_single_edge,P2_single_edge|P4_confusable,0,补第二条正式关系，形成最小学习语境,男同胞；雄性
3079,éventualité,NOM,B2,1.6052,1,1,0,0,0,1,1,1,3,3,P2_single_edge,P2_single_edge|P4_confusable|P5_b2c1_synset,0,补第二条正式关系，形成最小学习语境,不时之需
3080,empressement,NOM,B2,1.6033,1,1,0,0,0,1,1,1,2,1,P2_single_edge,P2_single_edge|P4_confusable|P5_b2c1_synset,0,补第二条正式关系，形成最小学习语境,殷勤
3081,immatériel,ADJ,B2,1.6033,1,1,0,0,0,3,1,2,2,3,P2_single_edge,P2_single_edge|P4_confusable|P5_b2c1_synset,0,补第二条正式关系，形成最小学习语境,非物质
3082,localiser,VER,B2,1.6033,1,1,0,0,0,6,1,2,3,2,P2_single_edge,P2_single_edge|P3_bridge|P4_confusable|P5_b2c1_synset,0,补第二条正式关系，形成最小学习语境,国产化
3083,optimisme,NOM,B2,1.6033,1,1,0,0,0,3,1,0,1,1,P2_single_edge,P2_single_edge|P4_confusable|P5_b2c1_synset,0,补第二条正式关系，形成最小学习语境,
3084,reléguer,VER,B2,1.6033,1,1,0,0,0,5,1,0,3,3,P2_single_edge,P2_single_edge|P3_bridge|P4_confusable|P5_b2c1_synset,0,补第二条正式关系，形成最小学习语境,
3085,alerte,NOM,B2,1.6029,1,1,0,0,0,1,1,1,2,2,P2_single_edge,P2_single_edge|P4_confusable|P5_b2c1_synset,0,补第二条正式关系，形成最小学习语境,警号；警报
3086,délibérer,VER,B2,1.6029,1,0,1,0,0,3,1,1,1,2,P2_single_edge,P2_single_edge|P4_confusable,0,补第二条正式关系，形成最小学习语境,商榷；商讨
3087,partition,NOM,B2,1.6029,1,1,0,0,0,11,1,1,1,1,P2_single_edge,P2_single_edge|P3_bridge|P4_confusable|P5_b2c1_synset,0,补第二条正式关系，形成最小学习语境,乐谱；分划
3088,endormissement,NOM,B2,1.6026,1,1,0,0,0,1,1,1,1,1,P2_single_edge,P2_single_edge|P4_confusable|P5_b2c1_synset,0,补第二条正式关系，形成最小学习语境,睡着
3089,radiation,NOM,B2,1.6026,1,0,1,0,0,9,1,0,2,1,P2_single_edge,P2_single_edge|P3_bridge|P4_confusable,0,补第二条正式关系，形成最小学习语境,
3090,surcoût,NOM,B2,1.6026,1,1,0,0,0,1,1,1,2,1,P2_single_edge,P2_single_edge|P4_confusable|P5_b2c1_synset,0,补第二条正式关系，形成最小学习语境,
3091,intolérance,NOM,B2,1.5987,1,0,0,1,0,2,1,1,0,3,P2_single_edge,P2_single_edge|P4_confusable,0,补第二条正式关系，形成最小学习语境,不耐受；忍无可忍
3092,collision,NOM,B2,1.5977,1,0,1,0,0,4,1,0,1,1,P2_single_edge,P2_single_edge|P3_bridge|P4_confusable,0,补第二条正式关系，形成最小学习语境,撞车；碰撞
3093,toux,NOM,B2,1.5973,1,1,0,0,0,1,1,1,2,1,P2_single_edge,P2_single_edge|P4_confusable|P5_b2c1_synset,0,补第二条正式关系，形成最小学习语境,咳嗽
3094,accélération,NOM,B2,1.5897,1,1,0,0,0,3,1,1,3,3,P2_single_edge,P2_single_edge|P4_confusable|P5_b2c1_synset,0,补第二条正式关系，形成最小学习语境,加速度
3095,décortiquer,VER,B2,1.5897,1,1,0,0,0,2,1,1,0,0,P2_single_edge,P2_single_edge|P5_b2c1_synset,0,补第二条正式关系，形成最小学习语境,碾
3096,solder,VER,B2,1.5891,1,1,0,0,0,5,1,0,2,2,P2_single_edge,P2_single_edge|P3_bridge|P4_confusable|P5_b2c1_synset,0,补第二条正式关系，形成最小学习语境,卖掉；处理
3097,déconnecter,VER,B2,1.5829,1,1,0,0,0,2,1,1,1,2,P2_single_edge,P2_single_edge|P4_confusable|P5_b2c1_synset,0,补第二条正式关系，形成最小学习语境,
3098,artériel,ADJ,B2,1.5825,1,1,0,0,0,2,1,1,3,3,P2_single_edge,P2_single_edge|P4_confusable|P5_b2c1_synset,0,补第二条正式关系，形成最小学习语境,
3099,astronome,NOM,B2,1.5822,1,1,0,0,0,1,1,1,3,1,P2_single_edge,P2_single_edge|P4_confusable|P5_b2c1_synset,0,补第二条正式关系，形成最小学习语境,
3100,ras,ADJ,B2,1.581,1,1,0,0,0,7,1,2,2,1,P2_single_edge,P2_single_edge|P3_bridge|P4_confusable|P5_b2c1_synset,0,补第二条正式关系，形成最小学习语境,
3101,renouvellement,NOM,B2,1.581,1,1,0,0,0,1,1,1,3,2,P2_single_edge,P2_single_edge|P4_confusable|P5_b2c1_synset,0,补第二条正式关系，形成最小学习语境,
3102,réapprendre,VER,B2,1.581,1,1,0,0,0,2,1,1,1,3,P2_single_edge,P2_single_edge|P4_confusable|P5_b2c1_synset,0,补第二条正式关系，形成最小学习语境,
3103,galaxie,NOM,B2,1.5798,1,0,1,0,0,0,0,0,0,1,P2_single_edge,P2_single_edge|P4_confusable,0,补第二条正式关系，形成最小学习语境,星系
3104,frustrer,VER,B2,1.5787,1,1,0,0,0,2,1,1,2,1,P2_single_edge,P2_single_edge|P4_confusable|P5_b2c1_synset,0,补第二条正式关系，形成最小学习语境,
3105,croyant,ADJ,B2,1.5781,1,1,0,0,0,1,1,1,2,2,P2_single_edge,P2_single_edge|P4_confusable|P5_b2c1_synset,0,补第二条正式关系，形成最小学习语境,教徒
3106,assouplir,VER,B2,1.5776,1,1,0,0,0,4,1,1,2,1,P2_single_edge,P2_single_edge|P3_bridge|P4_confusable|P5_b2c1_synset,0,补第二条正式关系，形成最小学习语境,软化
3107,bulbe,NOM,B2,1.5763,1,0,0,1,0,4,1,0,2,2,P2_single_edge,P2_single_edge|P3_bridge|P4_confusable,0,补第二条正式关系，形成最小学习语境,
3108,firme,NOM,B2,1.575,1,0,1,0,0,2,1,0,3,2,P2_single_edge,P2_single_edge|P4_confusable,0,补第二条正式关系，形成最小学习语境,公司；厂商
3109,oblique,ADJ,B2,1.5733,1,0,0,1,0,7,1,0,3,3,P2_single_edge,P2_single_edge|P3_bridge|P4_confusable,0,补第二条正式关系，形成最小学习语境,丿；仄
3110,provisoirement,ADV,B2,1.5732,1,0,1,0,0,2,1,1,2,1,P2_single_edge,P2_single_edge|P4_confusable,0,补第二条正式关系，形成最小学习语境,
3111,taxer,VER,B2,1.5732,1,1,0,0,0,5,1,1,2,2,P2_single_edge,P2_single_edge|P3_bridge|P4_confusable|P5_b2c1_synset,0,补第二条正式关系，形成最小学习语境,
3112,étrenne,NOM,B2,1.5719,1,0,1,0,0,3,1,0,2,1,P2_single_edge,P2_single_edge|P4_confusable,0,补第二条正式关系，形成最小学习语境,
3113,électroménager,NOM,B2,1.5718,1,1,0,0,0,2,1,2,1,1,P2_single_edge,P2_single_edge|P4_confusable|P5_b2c1_synset,0,补第二条正式关系，形成最小学习语境,家用电器；家电
3114,courtiser,VER,B2,1.5717,1,0,1,0,0,2,1,1,1,2,P2_single_edge,P2_single_edge|P4_confusable,0,补第二条正式关系，形成最小学习语境,
3115,breuvage,NOM,B2,1.5713,1,0,1,0,0,4,1,1,0,0,P2_single_edge,P2_single_edge|P3_bridge,0,补第二条正式关系，形成最小学习语境,饮料
3116,floraison,NOM,B2,1.5713,1,1,0,0,0,4,1,1,2,3,P2_single_edge,P2_single_edge|P3_bridge|P4_confusable|P5_b2c1_synset,0,补第二条正式关系，形成最小学习语境,
3117,apéro,NOM,B2,1.5698,1,1,0,0,0,1,1,1,3,1,P2_single_edge,P2_single_edge|P4_confusable|P5_b2c1_synset,0,补第二条正式关系，形成最小学习语境,
3118,hexagone,NOM,B2,1.5698,1,1,0,0,0,3,1,0,2,1,P2_single_edge,P2_single_edge|P4_confusable|P5_b2c1_synset,0,补第二条正式关系，形成最小学习语境,六角
3119,bienveillant,ADJ,B2,1.5689,1,0,0,1,0,1,1,2,2,1,P2_single_edge,P2_single_edge|P4_confusable,0,补第二条正式关系，形成最小学习语境,仁慈；宽厚
3120,formulation,NOM,B2,1.5671,1,1,0,0,0,2,1,1,3,3,P2_single_edge,P2_single_edge|P4_confusable|P5_b2c1_synset,0,补第二条正式关系，形成最小学习语境,提法
3121,variante,NOM,B2,1.5671,1,0,1,0,0,6,1,1,3,1,P2_single_edge,P2_single_edge|P3_bridge|P4_confusable,0,补第二条正式关系，形成最小学习语境,变种
3122,phobie,NOM,B2,1.567,1,0,1,0,0,2,1,0,0,1,P2_single_edge,P2_single_edge|P4_confusable,0,补第二条正式关系，形成最小学习语境,恐惧；最怕
3123,réparateur,ADJ,B2,1.5669,1,1,0,0,0,1,1,1,3,2,P2_single_edge,P2_single_edge|P4_confusable|P5_b2c1_synset,0,补第二条正式关系，形成最小学习语境,
3124,constitutionnel,ADJ,B2,1.5662,1,1,0,0,0,0,0,1,3,3,P2_single_edge,P2_single_edge|P4_confusable,0,补第二条正式关系，形成最小学习语境,
3125,dévastateur,ADJ,B2,1.5662,1,1,0,0,0,1,1,1,1,1,P2_single_edge,P2_single_edge|P4_confusable|P5_b2c1_synset,0,补第二条正式关系，形成最小学习语境,毁灭性
3126,encyclopédie,NOM,B2,1.5662,1,0,1,0,0,4,1,1,0,0,P2_single_edge,P2_single_edge|P3_bridge,0,补第二条正式关系，形成最小学习语境,百科；百科全书
3127,volupté,NOM,B2,1.5662,1,0,1,0,0,2,1,0,0,0,P2_single_edge,P2_single_edge,0,补第二条正式关系，形成最小学习语境,
3128,colossal,ADJ,B2,1.5659,1,0,0,1,0,1,1,0,0,0,P2_single_edge,P2_single_edge,0,补第二条正式关系，形成最小学习语境,斗大；魁梧
3129,loueur,NOM,B2,1.5647,1,1,0,0,0,4,1,1,2,1,P2_single_edge,P2_single_edge|P3_bridge|P4_confusable|P5_b2c1_synset,0,补第二条正式关系，形成最小学习语境,
3130,refouler,VER,B2,1.5645,1,0,1,0,0,11,1,1,2,1,P2_single_edge,P2_single_edge|P3_bridge|P4_confusable,0,补第二条正式关系，形成最小学习语境,
3131,merveilleusement,ADV,B2,1.5619,1,1,0,0,0,1,1,3,3,1,P2_single_edge,P2_single_edge|P4_confusable|P5_b2c1_synset,0,补第二条正式关系，形成最小学习语境,不平凡
3132,structurer,VER,B2,1.5619,1,1,0,0,0,1,1,1,2,2,P2_single_edge,P2_single_edge|P4_confusable|P5_b2c1_synset,0,补第二条正式关系，形成最小学习语境,
3133,artisanal,ADJ,B2,1.5612,1,1,0,0,0,4,1,1,3,2,P2_single_edge,P2_single_edge|P3_bridge|P4_confusable|P5_b2c1_synset,0,补第二条正式关系，形成最小学习语境,
3134,compatible,ADJ,B2,1.561,1,1,0,0,0,2,1,1,2,2,P2_single_edge,P2_single_edge|P4_confusable|P5_b2c1_synset,0,补第二条正式关系，形成最小学习语境,兼容；匹配
3135,spéculation,NOM,B2,1.561,1,1,0,0,0,0,0,0,1,1,P2_single_edge,P2_single_edge|P4_confusable,0,补第二条正式关系，形成最小学习语境,投机
3136,ambiguïté,NOM,B2,1.559,1,0,0,1,0,1,1,0,2,1,P2_single_edge,P2_single_edge|P4_confusable,0,补第二条正式关系，形成最小学习语境,
3137,verrouiller,VER,B2,1.5584,1,1,0,0,0,3,1,1,2,1,P2_single_edge,P2_single_edge|P4_confusable|P5_b2c1_synset,0,补第二条正式关系，形成最小学习语境,加锁；锁上
3138,serré,ADJ,B2,1.5569,1,1,0,0,0,11,1,1,3,3,P2_single_edge,P2_single_edge|P3_bridge|P4_confusable|P5_b2c1_synset,0,补第二条正式关系，形成最小学习语境,密密；密密麻麻
3139,réintroduire,VER,B2,1.5563,1,1,0,0,0,2,1,1,1,1,P2_single_edge,P2_single_edge|P4_confusable|P5_b2c1_synset,0,补第二条正式关系，形成最小学习语境,
3140,livraison,NOM,B2,1.556,1,1,0,0,0,2,1,1,0,2,P2_single_edge,P2_single_edge|P4_confusable|P5_b2c1_synset,0,补第二条正式关系，形成最小学习语境,交货；装运
3141,alcoolisme,NOM,B2,1.5557,1,1,0,0,0,1,1,1,3,0,P2_single_edge,P2_single_edge|P4_confusable|P5_b2c1_synset,0,补第二条正式关系，形成最小学习语境,酗酒
3142,territorial,ADJ,B2,1.555,1,1,0,0,0,0,0,1,3,2,P2_single_edge,P2_single_edge|P4_confusable,0,补第二条正式关系，形成最小学习语境,
3143,prudemment,ADV,B2,1.5548,1,0,1,0,0,1,1,1,3,2,P2_single_edge,P2_single_edge|P4_confusable,0,补第二条正式关系，形成最小学习语境,
3144,interprofessionnel,ADJ,B2,1.5546,1,1,0,0,0,1,1,0,3,0,P2_single_edge,P2_single_edge|P4_confusable|P5_b2c1_synset,0,补第二条正式关系，形成最小学习语境,
3145,sanglier,NOM,B2,1.5526,1,0,1,0,0,11,1,0,1,1,P2_single_edge,P2_single_edge|P3_bridge|P4_confusable,0,补第二条正式关系，形成最小学习语境,野猪
3146,usé,ADJ,B2,1.5526,1,1,0,0,0,3,1,1,1,1,P2_single_edge,P2_single_edge|P4_confusable|P5_b2c1_synset,0,补第二条正式关系，形成最小学习语境,废旧；衰退的
3147,astucieux,ADJ,B2,1.5524,1,0,1,0,0,2,1,0,2,0,P2_single_edge,P2_single_edge|P4_confusable,0,补第二条正式关系，形成最小学习语境,乖巧；刁钻
3148,fidèlement,ADV,B2,1.5523,1,1,0,0,0,1,1,1,3,3,P2_single_edge,P2_single_edge|P4_confusable|P5_b2c1_synset,0,补第二条正式关系，形成最小学习语境,如实
3149,sensuel,ADJ,B2,1.5523,1,0,1,0,0,3,1,1,1,1,P2_single_edge,P2_single_edge|P4_confusable,0,补第二条正式关系，形成最小学习语境,
3150,contingence,NOM,B2,1.5522,1,0,0,1,0,3,1,0,0,0,P2_single_edge,P2_single_edge,0,补第二条正式关系，形成最小学习语境,
3151,focaliser,VER,B2,1.5522,1,0,1,0,0,3,1,0,0,0,P2_single_edge,P2_single_edge,0,补第二条正式关系，形成最小学习语境,聚焦
3152,incidence,NOM,B2,1.5522,1,1,0,0,0,5,1,1,3,3,P2_single_edge,P2_single_edge|P3_bridge|P4_confusable|P5_b2c1_synset,0,补第二条正式关系，形成最小学习语境,
3153,éditorial,ADJ,B2,1.5522,1,1,0,0,0,1,1,0,2,2,P2_single_edge,P2_single_edge|P4_confusable|P5_b2c1_synset,0,补第二条正式关系，形成最小学习语境,社论
3154,trouble,ADJ,B2,1.5516,1,0,1,0,0,4,1,1,3,3,P2_single_edge,P2_single_edge|P3_bridge|P4_confusable,0,补第二条正式关系，形成最小学习语境,不和；事端
3155,poliment,ADV,B2,1.5485,1,1,0,0,0,1,1,1,2,2,P2_single_edge,P2_single_edge|P4_confusable|P5_b2c1_synset,0,补第二条正式关系，形成最小学习语境,
3156,reparaître,VER,B2,1.5471,1,1,0,0,0,1,1,1,1,3,P2_single_edge,P2_single_edge|P4_confusable|P5_b2c1_synset,0,补第二条正式关系，形成最小学习语境,
3157,rétorquer,VER,B2,1.5462,1,0,1,0,0,1,1,0,0,0,P2_single_edge,P2_single_edge,0,补第二条正式关系，形成最小学习语境,还口；还嘴
3158,recharger,VER,B2,1.546,1,1,0,0,0,8,1,1,2,1,P2_single_edge,P2_single_edge|P3_bridge|P4_confusable|P5_b2c1_synset,0,补第二条正式关系，形成最小学习语境,充值；充电
3159,monotone,ADJ,B2,1.5449,1,0,1,0,0,4,1,1,0,0,P2_single_edge,P2_single_edge|P3_bridge,0,补第二条正式关系，形成最小学习语境,千篇一律；单调
3160,ardeur,NOM,B2,1.5432,1,0,1,0,0,4,1,0,1,2,P2_single_edge,P2_single_edge|P3_bridge|P4_confusable,0,补第二条正式关系，形成最小学习语境,劲头；热忱
3161,bataillon,NOM,B2,1.5432,1,0,1,0,0,3,1,1,1,1,P2_single_edge,P2_single_edge|P4_confusable,0,补第二条正式关系，形成最小学习语境,营
3162,météorologique,ADJ,B2,1.5426,1,1,0,0,0,0,0,1,3,3,P2_single_edge,P2_single_edge|P4_confusable,0,补第二条正式关系，形成最小学习语境,
3163,éloge,NOM,B2,1.542,1,0,1,0,0,2,1,0,3,2,P2_single_edge,P2_single_edge|P4_confusable,0,补第二条正式关系，形成最小学习语境,赞誉；追悼文
3164,philosophe,ADJ,B2,1.5399,1,1,0,0,0,1,1,0,2,1,P2_single_edge,P2_single_edge|P4_confusable|P5_b2c1_synset,0,补第二条正式关系，形成最小学习语境,哲学家
3165,marginaliser,VER,B2,1.5392,1,1,0,0,0,2,1,1,1,1,P2_single_edge,P2_single_edge|P4_confusable|P5_b2c1_synset,0,补第二条正式关系，形成最小学习语境,
3166,dérive,NOM,B2,1.538,1,1,0,0,0,9,1,1,3,0,P2_single_edge,P2_single_edge|P3_bridge|P4_confusable|P5_b2c1_synset,0,补第二条正式关系，形成最小学习语境,漂流；漂移
3167,faiblir,VER,B2,1.538,1,0,0,1,0,3,1,2,3,1,P2_single_edge,P2_single_edge|P4_confusable,0,补第二条正式关系，形成最小学习语境,淡薄；衰退
3168,ambigu,ADJ,B2,1.5376,1,0,1,0,0,3,1,0,2,1,P2_single_edge,P2_single_edge|P4_confusable,0,补第二条正式关系，形成最小学习语境,含糊；含糊不清
3169,moucher,VER,B2,1.5376,1,1,0,0,0,6,1,1,2,2,P2_single_edge,P2_single_edge|P3_bridge|P4_confusable|P5_b2c1_synset,0,补第二条正式关系，形成最小学习语境,
3170,retombée,NOM,B2,1.5376,1,1,0,0,0,5,1,1,2,3,P2_single_edge,P2_single_edge|P3_bridge|P4_confusable|P5_b2c1_synset,0,补第二条正式关系，形成最小学习语境,
3171,étendard,NOM,B2,1.5376,1,0,1,0,0,4,1,1,2,2,P2_single_edge,P2_single_edge|P3_bridge|P4_confusable,0,补第二条正式关系，形成最小学习语境,旗子；旗帜
3172,dessein,NOM,B2,1.5371,1,0,1,0,0,3,1,0,1,2,P2_single_edge,P2_single_edge|P4_confusable,0,补第二条正式关系，形成最小学习语境,意图；标的
3173,pharmaceutique,ADJ,B2,1.5368,1,1,0,0,0,1,1,1,2,2,P2_single_edge,P2_single_edge|P4_confusable|P5_b2c1_synset,0,补第二条正式关系，形成最小学习语境,
3174,brosser,VER,B2,1.5363,1,1,0,0,0,10,1,1,1,0,P2_single_edge,P2_single_edge|P3_bridge|P4_confusable|P5_b2c1_synset,0,补第二条正式关系，形成最小学习语境,划拉；吹拂
3175,râler,VER,B2,1.5356,1,0,1,0,0,5,1,0,1,1,P2_single_edge,P2_single_edge|P3_bridge|P4_confusable,0,补第二条正式关系，形成最小学习语境,发牢骚
3176,polyvalent,ADJ,B2,1.5354,1,0,1,0,0,1,1,0,2,1,P2_single_edge,P2_single_edge|P4_confusable,0,补第二条正式关系，形成最小学习语境,全能；多方位
3177,déchirant,ADJ,B2,1.5353,1,1,0,0,0,1,1,1,1,1,P2_single_edge,P2_single_edge|P4_confusable|P5_b2c1_synset,0,补第二条正式关系，形成最小学习语境,凄惨；惨痛
3178,initiatique,ADJ,B2,1.5353,1,1,0,0,0,1,1,1,3,3,P2_single_edge,P2_single_edge|P4_confusable|P5_b2c1_synset,0,补第二条正式关系，形成最小学习语境,
3179,préjudice,NOM,B2,1.535,1,0,1,0,0,1,1,0,2,0,P2_single_edge,P2_single_edge|P4_confusable,0,补第二条正式关系，形成最小学习语境,
3180,rebondir,VER,B2,1.535,1,1,0,0,0,4,1,1,1,2,P2_single_edge,P2_single_edge|P3_bridge|P4_confusable|P5_b2c1_synset,0,补第二条正式关系，形成最小学习语境,反弹；弹跳
3181,aventurer,VER,B2,1.5348,1,1,0,0,0,2,1,1,3,3,P2_single_edge,P2_single_edge|P4_confusable|P5_b2c1_synset,0,补第二条正式关系，形成最小学习语境,冒险
3182,prédilection,NOM,B2,1.5348,1,0,1,0,0,1,1,0,0,1,P2_single_edge,P2_single_edge|P4_confusable,0,补第二条正式关系，形成最小学习语境,爱好
3183,chaton,NOM,B2,1.5347,1,0,1,0,0,11,1,0,3,3,P2_single_edge,P2_single_edge|P3_bridge|P4_confusable,0,补第二条正式关系，形成最小学习语境,猫儿
3184,apprivoiser,VER,B2,1.534,1,0,1,0,0,7,1,1,0,0,P2_single_edge,P2_single_edge|P3_bridge,0,补第二条正式关系，形成最小学习语境,驯服
3185,commercer,VER,B2,1.5336,1,1,0,0,0,2,1,1,3,3,P2_single_edge,P2_single_edge|P4_confusable|P5_b2c1_synset,0,补第二条正式关系，形成最小学习语境,捣鼓；经商
3186,frappant,ADJ,B2,1.5336,1,1,0,0,0,2,1,1,2,2,P2_single_edge,P2_single_edge|P4_confusable|P5_b2c1_synset,0,补第二条正式关系，形成最小学习语境,惊心动魄；醒目
3187,infiltration,NOM,B2,1.5332,1,1,0,0,0,4,1,1,3,3,P2_single_edge,P2_single_edge|P3_bridge|P4_confusable|P5_b2c1_synset,0,补第二条正式关系，形成最小学习语境,
3188,ouragan,NOM,B2,1.5332,1,0,1,0,0,2,1,0,0,0,P2_single_edge,P2_single_edge,0,补第二条正式关系，形成最小学习语境,暴风；狂风
3189,remerciement,NOM,B2,1.5332,1,1,0,0,0,3,1,1,1,1,P2_single_edge,P2_single_edge|P4_confusable|P5_b2c1_synset,0,补第二条正式关系，形成最小学习语境,谢意；道谢
3190,ligue,NOM,B2,1.5315,1,0,1,0,0,4,1,0,1,0,P2_single_edge,P2_single_edge|P3_bridge|P4_confusable,0,补第二条正式关系，形成最小学习语境,联盟
3191,ouvre-boîte,NOM,B2,1.5302,1,1,0,0,0,1,1,1,0,0,P2_single_edge,P2_single_edge|P5_b2c1_synset,0,补第二条正式关系，形成最小学习语境,
3192,sinistre,NOM,B2,1.5295,1,1,0,0,0,2,1,0,2,3,P2_single_edge,P2_single_edge|P4_confusable|P5_b2c1_synset,0,补第二条正式关系，形成最小学习语境,不祥；毒辣
3193,imprimeur,NOM,B2,1.5286,1,1,0,0,0,2,1,1,2,0,P2_single_edge,P2_single_edge|P4_confusable|P5_b2c1_synset,0,补第二条正式关系，形成最小学习语境,
3194,maladroit,ADJ,B2,1.5276,1,0,0,1,0,1,1,2,3,3,P2_single_edge,P2_single_edge|P4_confusable,0,补第二条正式关系，形成最小学习语境,下不来；半生不熟
3195,exorbitant,ADJ,B2,1.5263,1,0,0,1,0,2,1,1,1,2,P2_single_edge,P2_single_edge|P4_confusable,0,补第二条正式关系，形成最小学习语境,漫天
3196,regardant,ADJ,B2,1.5258,1,1,0,0,0,1,1,1,1,2,P2_single_edge,P2_single_edge|P4_confusable|P5_b2c1_synset,0,补第二条正式关系，形成最小学习语境,
3197,rappel,NOM,B2,1.5251,1,1,0,0,0,13,1,1,1,2,P2_single_edge,P2_single_edge|P3_bridge|P4_confusable|P5_b2c1_synset,0,补第二条正式关系，形成最小学习语境,召回；回调
3198,accusation,NOM,B2,1.5249,1,1,0,0,0,2,1,1,1,1,P2_single_edge,P2_single_edge|P4_confusable|P5_b2c1_synset,0,补第二条正式关系，形成最小学习语境,
3199,notable,ADJ,B2,1.5237,1,1,0,0,0,2,1,1,3,2,P2_single_edge,P2_single_edge|P4_confusable|P5_b2c1_synset,0,补第二条正式关系，形成最小学习语境,数得上；数得着
3200,solennellement,ADV,B2,1.5233,1,1,0,0,0,1,1,1,1,1,P2_single_edge,P2_single_edge|P4_confusable|P5_b2c1_synset,0,补第二条正式关系，形成最小学习语境,
3201,attabler,VER,B2,1.5229,1,1,0,0,0,4,1,1,1,0,P2_single_edge,P2_single_edge|P3_bridge|P4_confusable|P5_b2c1_synset,0,补第二条正式关系，形成最小学习语境,
3202,métallurgie,NOM,B2,1.5227,1,1,0,0,0,1,1,0,2,2,P2_single_edge,P2_single_edge|P4_confusable|P5_b2c1_synset,0,补第二条正式关系，形成最小学习语境,冶金
3203,dissuader,VER,B2,1.5224,1,0,0,1,0,1,1,0,1,1,P2_single_edge,P2_single_edge|P4_confusable,0,补第二条正式关系，形成最小学习语境,劝阻；告诫
3204,mont,NOM,B2,1.5224,1,0,1,0,0,3,1,10,3,3,P2_single_edge,P2_single_edge|P4_confusable,0,补第二条正式关系，形成最小学习语境,
3205,porte-monnaie,NOM,B2,1.5224,1,1,0,0,0,1,1,1,1,1,P2_single_edge,P2_single_edge|P4_confusable|P5_b2c1_synset,0,补第二条正式关系，形成最小学习语境,钱包
3206,accroire,VER,B2,1.5216,1,0,1,0,0,3,1,1,3,3,P2_single_edge,P2_single_edge|P4_confusable,0,补第二条正式关系，形成最小学习语境,
3207,assiéger,VER,B2,1.5211,1,1,0,0,0,3,1,1,2,3,P2_single_edge,P2_single_edge|P4_confusable|P5_b2c1_synset,0,补第二条正式关系，形成最小学习语境,包围；围困
3208,famine,NOM,B2,1.5211,1,0,0,1,0,2,1,1,1,2,P2_single_edge,P2_single_edge|P4_confusable,0,补第二条正式关系，形成最小学习语境,饥馑；饿死
3209,footing,NOM,B2,1.5208,1,0,1,0,0,1,1,0,1,1,P2_single_edge,P2_single_edge|P4_confusable,0,补第二条正式关系，形成最小学习语境,
3210,lointain,NOM,B2,1.5207,1,1,0,0,0,3,1,1,1,1,P2_single_edge,P2_single_edge|P4_confusable|P5_b2c1_synset,0,补第二条正式关系，形成最小学习语境,很远；悠远
3211,impérativement,ADV,B2,1.5204,1,1,0,0,0,1,1,2,2,2,P2_single_edge,P2_single_edge|P4_confusable|P5_b2c1_synset,0,补第二条正式关系，形成最小学习语境,
3212,glamour,NOM,B2,1.519,1,0,1,0,0,4,1,0,0,0,P2_single_edge,P2_single_edge|P3_bridge,0,补第二条正式关系，形成最小学习语境,美艳
3213,dit,ADJ,B2,1.5189,1,1,0,0,0,2,1,4,1,0,P2_single_edge,P2_single_edge|P4_confusable|P5_b2c1_synset,0,补第二条正式关系，形成最小学习语境,
3214,coffre-fort,NOM,B2,1.5186,1,1,0,0,0,1,1,1,2,1,P2_single_edge,P2_single_edge|P4_confusable|P5_b2c1_synset,0,补第二条正式关系，形成最小学习语境,保险柜；保险箱
3215,quantifier,VER,B2,1.5183,1,0,1,0,0,3,1,0,2,1,P2_single_edge,P2_single_edge|P4_confusable,0,补第二条正式关系，形成最小学习语境,
3216,caritatif,ADJ,B2,1.5176,1,1,0,0,0,1,1,1,1,0,P2_single_edge,P2_single_edge|P4_confusable|P5_b2c1_synset,0,补第二条正式关系，形成最小学习语境,
3217,vendu,ADJ,B2,1.5176,1,1,0,0,0,2,1,1,2,1,P2_single_edge,P2_single_edge|P4_confusable|P5_b2c1_synset,0,补第二条正式关系，形成最小学习语境,售出
3218,mondain,ADJ,B2,1.5167,1,0,1,0,0,4,1,1,1,0,P2_single_edge,P2_single_edge|P3_bridge|P4_confusable,0,补第二条正式关系，形成最小学习语境,世俗
3219,barbu,ADJ,B2,1.5164,1,1,0,0,0,2,1,1,3,2,P2_single_edge,P2_single_edge|P4_confusable|P5_b2c1_synset,0,补第二条正式关系，形成最小学习语境,
3220,vacarme,NOM,B2,1.5163,1,0,0,1,0,1,1,1,1,0,P2_single_edge,P2_single_edge|P4_confusable,0,补第二条正式关系，形成最小学习语境,喧哗；喧腾
3221,catholicisme,NOM,B2,1.5157,1,1,0,0,0,1,1,1,2,1,P2_single_edge,P2_single_edge|P4_confusable|P5_b2c1_synset,0,补第二条正式关系，形成最小学习语境,天主教
3222,contrepartie,NOM,B2,1.5157,1,0,1,0,0,6,1,1,0,1,P2_single_edge,P2_single_edge|P3_bridge|P4_confusable,0,补第二条正式关系，形成最小学习语境,
3223,compère,NOM,B2,1.5155,1,0,1,0,0,7,1,1,1,0,P2_single_edge,P2_single_edge|P3_bridge|P4_confusable,0,补第二条正式关系，形成最小学习语境,
3224,volant,ADJ,B2,1.5153,1,1,0,0,0,4,1,1,3,3,P2_single_edge,P2_single_edge|P3_bridge|P4_confusable|P5_b2c1_synset,0,补第二条正式关系，形成最小学习语境,转向盘
3225,infantile,ADJ,B2,1.5151,1,0,0,1,0,2,1,1,2,2,P2_single_edge,P2_single_edge|P4_confusable,0,补第二条正式关系，形成最小学习语境,
3226,dé,NOM,B2,1.5148,1,0,1,0,0,5,1,0,0,0,P2_single_edge,P2_single_edge|P3_bridge,0,补第二条正式关系，形成最小学习语境,骰子
3227,transférer,VER,B2,1.5148,1,1,0,0,0,5,1,1,2,1,P2_single_edge,P2_single_edge|P3_bridge|P4_confusable|P5_b2c1_synset,0,补第二条正式关系，形成最小学习语境,传给；划拨
3228,puriste,NOM,B2,1.5142,1,1,0,0,0,2,1,1,0,1,P2_single_edge,P2_single_edge|P4_confusable|P5_b2c1_synset,0,补第二条正式关系，形成最小学习语境,
3229,poindre,VER,B2,1.5128,1,1,0,0,0,3,1,2,1,0,P2_single_edge,P2_single_edge|P4_confusable|P5_b2c1_synset,0,补第二条正式关系，形成最小学习语境,
3230,rendement,NOM,B2,1.5128,1,0,1,0,0,6,1,1,0,2,P2_single_edge,P2_single_edge|P3_bridge|P4_confusable,0,补第二条正式关系，形成最小学习语境,产量；功效
3231,moustiquaire,NOM,B2,1.5106,1,1,0,0,0,2,1,0,1,1,P2_single_edge,P2_single_edge|P4_confusable|P5_b2c1_synset,0,补第二条正式关系，形成最小学习语境,床帐
3232,troublant,ADJ,B2,1.5106,1,1,0,0,0,1,1,1,3,3,P2_single_edge,P2_single_edge|P4_confusable|P5_b2c1_synset,0,补第二条正式关系，形成最小学习语境,
3233,glissement,NOM,B2,1.5099,1,1,0,0,0,3,1,1,2,2,P2_single_edge,P2_single_edge|P4_confusable|P5_b2c1_synset,0,补第二条正式关系，形成最小学习语境,
3234,alerter,VER,B2,1.5098,1,1,0,0,0,3,1,2,3,3,P2_single_edge,P2_single_edge|P4_confusable|P5_b2c1_synset,0,补第二条正式关系，形成最小学习语境,惊动；警示
3235,coauteur,NOM,B2,1.5094,1,1,0,0,0,2,1,1,2,2,P2_single_edge,P2_single_edge|P4_confusable|P5_b2c1_synset,0,补第二条正式关系，形成最小学习语境,
3236,abondamment,ADV,B2,1.5093,1,1,0,0,0,0,0,1,2,3,P2_single_edge,P2_single_edge|P4_confusable,0,补第二条正式关系，形成最小学习语境,
3237,exhiber,VER,B2,1.5089,1,1,0,0,0,3,1,1,3,2,P2_single_edge,P2_single_edge|P4_confusable|P5_b2c1_synset,0,补第二条正式关系，形成最小学习语境,
3238,pratiquant,NOM,B2,1.5087,1,1,0,0,0,2,1,1,3,3,P2_single_edge,P2_single_edge|P4_confusable|P5_b2c1_synset,0,补第二条正式关系，形成最小学习语境,
3239,séquence,NOM,B2,1.5086,1,0,1,0,0,5,1,4,3,2,P2_single_edge,P2_single_edge|P3_bridge|P4_confusable,0,补第二条正式关系，形成最小学习语境,条贯；次序
3240,frémir,VER,B2,1.5079,1,1,0,0,0,5,1,1,2,1,P2_single_edge,P2_single_edge|P3_bridge|P4_confusable|P5_b2c1_synset,0,补第二条正式关系，形成最小学习语境,战栗；震颤
3241,bambin,NOM,B2,1.5074,1,0,1,0,0,1,1,0,1,1,P2_single_edge,P2_single_edge|P4_confusable,0,补第二条正式关系，形成最小学习语境,
3242,parachute,NOM,B2,1.5066,1,1,0,0,0,8,1,1,3,3,P2_single_edge,P2_single_edge|P3_bridge|P4_confusable|P5_b2c1_synset,0,补第二条正式关系，形成最小学习语境,
3243,ternir,VER,B2,1.5063,1,0,1,0,0,2,1,0,2,0,P2_single_edge,P2_single_edge|P4_confusable,0,补第二条正式关系，形成最小学习语境,褪色
3244,galant,ADJ,B2,1.5054,1,0,1,0,0,6,1,0,3,1,P2_single_edge,P2_single_edge|P3_bridge|P4_confusable,0,补第二条正式关系，形成最小学习语境,温存
3245,manchette,NOM,B2,1.5052,1,1,0,0,0,15,1,1,1,1,P2_single_edge,P2_single_edge|P3_bridge|P4_confusable|P5_b2c1_synset,0,补第二条正式关系，形成最小学习语境,
3246,égalitaire,ADJ,B2,1.5045,1,1,0,0,0,3,1,1,1,1,P2_single_edge,P2_single_edge|P4_confusable|P5_b2c1_synset,0,补第二条正式关系，形成最小学习语境,
3247,surpris,ADJ,B2,1.5028,1,0,1,0,0,3,1,1,2,2,P2_single_edge,P2_single_edge|P4_confusable,0,补第二条正式关系，形成最小学习语境,侧目；心动
3248,froidement,ADV,B2,1.5026,1,1,0,0,0,4,1,2,3,1,P2_single_edge,P2_single_edge|P3_bridge|P4_confusable|P5_b2c1_synset,0,补第二条正式关系，形成最小学习语境,
3249,clamer,VER,B2,1.5025,1,0,1,0,0,3,1,4,3,3,P2_single_edge,P2_single_edge|P4_confusable,0,补第二条正式关系，形成最小学习语境,叫嚷
3250,regrettable,ADJ,B2,1.5008,1,0,1,0,0,2,1,1,2,1,P2_single_edge,P2_single_edge|P4_confusable,0,补第二条正式关系，形成最小学习语境,
3251,ampoule,NOM,B2,1.5007,1,0,1,0,0,9,1,0,2,1,P2_single_edge,P2_single_edge|P3_bridge|P4_confusable,0,补第二条正式关系，形成最小学习语境,安瓶；小瓶
3252,follement,ADV,B2,1.5003,1,0,1,0,0,1,1,1,2,0,P2_single_edge,P2_single_edge|P4_confusable,0,补第二条正式关系，形成最小学习语境,
3253,détour,NOM,B2,1.4995,1,1,0,0,0,7,1,1,2,1,P2_single_edge,P2_single_edge|P3_bridge|P4_confusable|P5_b2c1_synset,0,补第二条正式关系，形成最小学习语境,周折；圈子
3254,accourir,VER,B2,1.4987,1,1,0,0,0,1,1,1,3,3,P2_single_edge,P2_single_edge|P4_confusable|P5_b2c1_synset,0,补第二条正式关系，形成最小学习语境,
3255,affreusement,ADV,B2,1.4975,1,1,0,0,0,1,1,1,1,1,P2_single_edge,P2_single_edge|P4_confusable|P5_b2c1_synset,0,补第二条正式关系，形成最小学习语境,
3256,germer,VER,B2,1.4967,1,1,0,0,0,3,1,1,2,2,P2_single_edge,P2_single_edge|P4_confusable|P5_b2c1_synset,0,补第二条正式关系，形成最小学习语境,发芽；萌动
3257,fouille,NOM,B2,1.4948,1,1,0,0,0,4,1,1,1,1,P2_single_edge,P2_single_edge|P3_bridge|P4_confusable|P5_b2c1_synset,0,补第二条正式关系，形成最小学习语境,
3258,émerveillement,NOM,B2,1.4937,1,1,0,0,0,1,1,1,3,2,P2_single_edge,P2_single_edge|P4_confusable|P5_b2c1_synset,0,补第二条正式关系，形成最小学习语境,
3259,crudité,NOM,B2,1.4936,1,1,0,0,0,5,1,1,1,1,P2_single_edge,P2_single_edge|P3_bridge|P4_confusable|P5_b2c1_synset,0,补第二条正式关系，形成最小学习语境,
3260,vaguement,ADV,B2,1.4933,1,1,0,0,0,1,1,0,3,3,P2_single_edge,P2_single_edge|P4_confusable|P5_b2c1_synset,0,补第二条正式关系，形成最小学习语境,依稀
3261,saladier,NOM,B2,1.4929,1,1,0,0,0,2,1,1,2,1,P2_single_edge,P2_single_edge|P4_confusable|P5_b2c1_synset,0,补第二条正式关系，形成最小学习语境,海碗
3262,rivaliser,VER,B2,1.4925,1,1,0,0,0,1,1,1,3,2,P2_single_edge,P2_single_edge|P4_confusable|P5_b2c1_synset,0,补第二条正式关系，形成最小学习语境,争夺；参赛
3263,juriste,NOM,B2,1.4912,1,1,0,0,0,1,1,1,3,3,P2_single_edge,P2_single_edge|P4_confusable|P5_b2c1_synset,0,补第二条正式关系，形成最小学习语境,
3264,retentir,VER,B2,1.4905,1,0,1,0,0,3,1,0,2,1,P2_single_edge,P2_single_edge|P4_confusable,0,补第二条正式关系，形成最小学习语境,响彻；响起
3265,brouhaha,NOM,B2,1.4889,1,0,1,0,0,3,1,0,1,2,P2_single_edge,P2_single_edge|P4_confusable,0,补第二条正式关系，形成最小学习语境,喊声；喧哗
3266,minier,ADJ,B2,1.4881,1,1,0,0,0,2,1,1,0,1,P2_single_edge,P2_single_edge|P4_confusable|P5_b2c1_synset,0,补第二条正式关系，形成最小学习语境,
3267,foulée,NOM,B2,1.4866,1,0,1,0,0,2,1,1,2,3,P2_single_edge,P2_single_edge|P4_confusable,0,补第二条正式关系，形成最小学习语境,步子
3268,caler,VER,B2,1.4859,1,1,0,0,0,17,1,2,2,2,P2_single_edge,P2_single_edge|P3_bridge|P4_confusable|P5_b2c1_synset,0,补第二条正式关系，形成最小学习语境,拖住；蹒跚不前
3269,passerelle,NOM,B2,1.4858,1,1,0,0,0,8,1,2,0,2,P2_single_edge,P2_single_edge|P3_bridge|P4_confusable|P5_b2c1_synset,0,补第二条正式关系，形成最小学习语境,关口；天桥
3270,dessous,NOM,B2,1.4852,1,0,0,1,0,7,1,1,3,3,P2_single_edge,P2_single_edge|P3_bridge|P4_confusable,0,补第二条正式关系，形成最小学习语境,下边；下面
3271,perdurer,VER,B2,1.4852,1,0,1,0,0,3,1,1,3,1,P2_single_edge,P2_single_edge|P4_confusable,0,补第二条正式关系，形成最小学习语境,
3272,pote,NOM,B2,1.4852,1,0,1,0,0,3,1,0,3,1,P2_single_edge,P2_single_edge|P4_confusable,0,补第二条正式关系，形成最小学习语境,哥们；哥们儿
3273,avant-goût,NOM,B2,1.4843,1,1,0,0,0,1,1,1,0,0,P2_single_edge,P2_single_edge|P5_b2c1_synset,0,补第二条正式关系，形成最小学习语境,伏笔
3274,participatif,ADJ,B2,1.4839,1,1,0,0,0,1,1,0,3,1,P2_single_edge,P2_single_edge|P4_confusable|P5_b2c1_synset,0,补第二条正式关系，形成最小学习语境,
3275,terminus,NOM,B2,1.4839,1,0,1,0,0,2,1,0,0,2,P2_single_edge,P2_single_edge|P4_confusable,0,补第二条正式关系，形成最小学习语境,总站；终点
3276,hanter,VER,B2,1.4818,1,1,0,0,0,6,1,1,3,3,P2_single_edge,P2_single_edge|P3_bridge|P4_confusable|P5_b2c1_synset,0,补第二条正式关系，形成最小学习语境,萦绕
3277,convocation,NOM,B2,1.4817,1,1,0,0,0,2,1,1,2,3,P2_single_edge,P2_single_edge|P4_confusable|P5_b2c1_synset,0,补第二条正式关系，形成最小学习语境,
3278,marine,NOM,B2,1.4815,1,1,0,0,0,8,1,1,2,1,P2_single_edge,P2_single_edge|P3_bridge|P4_confusable|P5_b2c1_synset,0,补第二条正式关系，形成最小学习语境,水师；海军
3279,alerte,ADJ,B2,1.4814,1,0,1,0,0,2,1,1,3,3,P2_single_edge,P2_single_edge|P4_confusable,0,补第二条正式关系，形成最小学习语境,警号；警报
3280,prédisposition,NOM,B2,1.4812,1,1,0,0,0,2,1,1,3,2,P2_single_edge,P2_single_edge|P4_confusable|P5_b2c1_synset,0,补第二条正式关系，形成最小学习语境,预设
3281,bronzer,VER,B2,1.4801,1,1,0,0,0,4,1,1,1,2,P2_single_edge,P2_single_edge|P3_bridge|P4_confusable|P5_b2c1_synset,0,补第二条正式关系，形成最小学习语境,晒太阳
3282,puiser,VER,B2,1.4793,1,1,0,0,0,0,0,1,2,2,P2_single_edge,P2_single_edge|P4_confusable,0,补第二条正式关系，形成最小学习语境,汲取
3283,paniquer,VER,B2,1.4781,1,1,0,0,0,3,1,1,2,2,P2_single_edge,P2_single_edge|P4_confusable|P5_b2c1_synset,0,补第二条正式关系，形成最小学习语境,
3284,envoyé,NOM,B2,1.4749,1,0,1,0,0,1,1,1,3,3,P2_single_edge,P2_single_edge|P4_confusable,0,补第二条正式关系，形成最小学习语境,使者；送了
3285,inventif,ADJ,B2,1.4745,1,0,1,0,0,2,1,1,2,2,P2_single_edge,P2_single_edge|P4_confusable,0,补第二条正式关系，形成最小学习语境,创意
3286,tauromachie,NOM,B2,1.473,1,0,1,0,0,2,1,1,0,1,P2_single_edge,P2_single_edge|P4_confusable,0,补第二条正式关系，形成最小学习语境,
3287,chaleureusement,ADV,B2,1.4717,1,1,0,0,0,1,1,1,2,2,P2_single_edge,P2_single_edge|P4_confusable|P5_b2c1_synset,0,补第二条正式关系，形成最小学习语境,
3288,correspondant,ADJ,B2,1.4715,1,1,0,0,0,1,1,1,3,3,P2_single_edge,P2_single_edge|P4_confusable|P5_b2c1_synset,0,补第二条正式关系，形成最小学习语境,相应；访客
3289,emboîter,VER,B2,1.4715,1,0,1,0,0,6,1,0,0,1,P2_single_edge,P2_single_edge|P3_bridge|P4_confusable,0,补第二条正式关系，形成最小学习语境,
3290,amorcer,VER,B2,1.4708,1,0,1,0,0,5,1,1,1,1,P2_single_edge,P2_single_edge|P3_bridge|P4_confusable,0,补第二条正式关系，形成最小学习语境,
3291,départemental,ADJ,B2,1.4708,1,1,0,0,0,1,1,1,2,1,P2_single_edge,P2_single_edge|P4_confusable|P5_b2c1_synset,0,补第二条正式关系，形成最小学习语境,
3292,téléviseur,NOM,B2,1.4704,1,1,0,0,0,1,1,0,2,2,P2_single_edge,P2_single_edge|P4_confusable|P5_b2c1_synset,0,补第二条正式关系，形成最小学习语境,电视机
3293,bonus,NOM,B2,1.4703,1,0,1,0,0,6,1,0,0,0,P2_single_edge,P2_single_edge|P3_bridge,0,补第二条正式关系，形成最小学习语境,奖金；花红
3294,injonction,NOM,B2,1.4702,1,1,0,0,0,1,1,1,1,0,P2_single_edge,P2_single_edge|P4_confusable|P5_b2c1_synset,0,补第二条正式关系，形成最小学习语境,
3295,physiologique,ADJ,B2,1.4702,1,1,0,0,0,5,1,0,1,1,P2_single_edge,P2_single_edge|P3_bridge|P4_confusable|P5_b2c1_synset,0,补第二条正式关系，形成最小学习语境,
3296,inépuisable,ADJ,B2,1.4674,1,0,1,0,0,2,1,1,0,2,P2_single_edge,P2_single_edge|P4_confusable,0,补第二条正式关系，形成最小学习语境,无尽
3297,gadget,NOM,B2,1.466,1,0,1,0,0,3,1,0,1,1,P2_single_edge,P2_single_edge|P4_confusable,0,补第二条正式关系，形成最小学习语境,玩意
3298,enfanter,VER,B2,1.4651,1,0,1,0,0,3,1,1,3,3,P2_single_edge,P2_single_edge|P4_confusable,0,补第二条正式关系，形成最小学习语境,创作；生孩子
3299,lucidité,NOM,B2,1.4651,1,1,0,0,0,1,1,1,2,2,P2_single_edge,P2_single_edge|P4_confusable|P5_b2c1_synset,0,补第二条正式关系，形成最小学习语境,
3300,parachutisme,NOM,B2,1.4649,1,1,0,0,0,1,1,1,1,1,P2_single_edge,P2_single_edge|P4_confusable|P5_b2c1_synset,0,补第二条正式关系，形成最小学习语境,
3301,canicule,NOM,B2,1.4645,1,1,0,0,0,3,1,1,1,2,P2_single_edge,P2_single_edge|P4_confusable|P5_b2c1_synset,0,补第二条正式关系，形成最小学习语境,热浪；酷暑
3302,passionnel,ADJ,B2,1.4613,1,1,0,0,0,1,1,1,3,2,P2_single_edge,P2_single_edge|P4_confusable|P5_b2c1_synset,0,补第二条正式关系，形成最小学习语境,
3303,scruter,VER,B2,1.4591,1,0,0,0,1,2,1,0,3,2,P2_single_edge,P2_single_edge|P5_b2c1_synset,0,补第二条正式关系，形成最小学习语境,仔细搜寻地看
3304,déjouer,VER,B2,1.4589,1,0,1,0,0,3,1,1,1,0,P2_single_edge,P2_single_edge|P4_confusable,0,补第二条正式关系，形成最小学习语境,难倒
3305,kiosque,NOM,B2,1.4588,1,0,1,0,0,6,1,0,1,3,P2_single_edge,P2_single_edge|P3_bridge|P4_confusable,0,补第二条正式关系，形成最小学习语境,亭
3306,déchiffrer,VER,B2,1.4571,1,0,0,1,0,6,1,1,3,1,P2_single_edge,P2_single_edge|P3_bridge|P4_confusable,0,补第二条正式关系，形成最小学习语境,破解；解码
3307,diluer,VER,B2,1.4566,1,0,0,1,0,2,1,0,0,1,P2_single_edge,P2_single_edge|P4_confusable,0,补第二条正式关系，形成最小学习语境,冲淡；掺杂
3308,expatriation,NOM,B2,1.4562,1,1,0,0,0,1,1,1,3,1,P2_single_edge,P2_single_edge|P4_confusable|P5_b2c1_synset,0,补第二条正式关系，形成最小学习语境,
3309,insultant,ADJ,B2,1.4561,1,1,0,0,0,1,1,1,3,3,P2_single_edge,P2_single_edge|P4_confusable|P5_b2c1_synset,0,补第二条正式关系，形成最小学习语境,
3310,maquiller,VER,B2,1.4561,1,1,0,0,0,3,1,1,1,1,P2_single_edge,P2_single_edge|P4_confusable|P5_b2c1_synset,0,补第二条正式关系，形成最小学习语境,
3311,bilinguisme,NOM,B2,1.456,1,1,0,0,0,2,1,1,3,3,P2_single_edge,P2_single_edge|P4_confusable|P5_b2c1_synset,0,补第二条正式关系，形成最小学习语境,多国语言
3312,thérapie,NOM,B2,1.456,1,1,0,0,0,2,1,0,2,3,P2_single_edge,P2_single_edge|P4_confusable|P5_b2c1_synset,0,补第二条正式关系，形成最小学习语境,疗愈；疗法
3313,racket,NOM,B2,1.4553,1,0,1,0,0,0,0,0,1,0,P2_single_edge,P2_single_edge|P4_confusable,0,补第二条正式关系，形成最小学习语境,
3314,clic,NOM,B2,1.4544,1,0,1,0,0,7,1,1,3,3,P2_single_edge,P2_single_edge|P3_bridge|P4_confusable,0,补第二条正式关系，形成最小学习语境,
3315,coiffeur,NOM,B2,1.4541,1,1,0,0,0,3,1,1,2,2,P2_single_edge,P2_single_edge|P4_confusable|P5_b2c1_synset,0,补第二条正式关系，形成最小学习语境,发型设计师；理发师
3316,consécration,NOM,B2,1.4541,1,0,1,0,0,0,0,2,1,1,P2_single_edge,P2_single_edge|P4_confusable,0,补第二条正式关系，形成最小学习语境,
3317,interviewer,VER,B2,1.4541,1,1,0,0,0,1,1,0,2,1,P2_single_edge,P2_single_edge|P4_confusable|P5_b2c1_synset,0,补第二条正式关系，形成最小学习语境,访谈；访问
3318,nautique,ADJ,B2,1.4514,1,0,1,0,0,2,1,0,2,3,P2_single_edge,P2_single_edge|P4_confusable,0,补第二条正式关系，形成最小学习语境,
3319,simpliste,ADJ,B2,1.4498,1,0,0,1,0,2,1,2,3,3,P2_single_edge,P2_single_edge|P4_confusable,0,补第二条正式关系，形成最小学习语境,素朴
3320,postérité,NOM,B2,1.4483,1,0,1,0,0,3,1,0,2,1,P2_single_edge,P2_single_edge|P4_confusable,0,补第二条正式关系，形成最小学习语境,后人；后代
3321,grave,NOM,B2,1.4456,1,1,0,0,0,5,1,4,3,3,P2_single_edge,P2_single_edge|P3_bridge|P4_confusable|P5_b2c1_synset,0,补第二条正式关系，形成最小学习语境,严重；俨然
3322,immeuble,ADJ,B2,1.4455,1,0,0,1,0,1,1,1,3,3,P2_single_edge,P2_single_edge|P4_confusable,0,补第二条正式关系，形成最小学习语境,大楼
3323,ascension,NOM,B2,1.4436,1,0,0,1,0,4,1,0,0,1,P2_single_edge,P2_single_edge|P3_bridge|P4_confusable,0,补第二条正式关系，形成最小学习语境,升高
3324,audiovisuel,NOM,B2,1.4426,1,1,0,0,0,1,1,1,2,2,P2_single_edge,P2_single_edge|P4_confusable|P5_b2c1_synset,0,补第二条正式关系，形成最小学习语境,声像；直观
3325,navigation,NOM,B2,1.4426,1,1,0,0,0,5,1,1,3,3,P2_single_edge,P2_single_edge|P3_bridge|P4_confusable|P5_b2c1_synset,0,补第二条正式关系，形成最小学习语境,导航；航海
3326,bordure,NOM,B2,1.442,1,1,0,0,0,11,1,1,3,3,P2_single_edge,P2_single_edge|P3_bridge|P4_confusable|P5_b2c1_synset,0,补第二条正式关系，形成最小学习语境,幅；缘
3327,traîneau,NOM,B2,1.4403,1,1,0,0,0,1,1,1,3,2,P2_single_edge,P2_single_edge|P4_confusable|P5_b2c1_synset,0,补第二条正式关系，形成最小学习语境,
3328,idem,ADV,B2,1.4393,1,1,0,0,0,1,1,4,1,0,P2_single_edge,P2_single_edge|P4_confusable|P5_b2c1_synset,0,补第二条正式关系，形成最小学习语境,一模一样；同上
3329,déguisement,NOM,B2,1.4384,1,0,1,0,0,3,1,1,1,1,P2_single_edge,P2_single_edge|P4_confusable,0,补第二条正式关系，形成最小学习语境,造型服装；道具服
3330,feindre,VER,B2,1.4384,1,0,1,0,0,2,1,1,1,2,P2_single_edge,P2_single_edge|P4_confusable,0,补第二条正式关系，形成最小学习语境,伪装；假装
3331,enivrer,VER,B2,1.4363,1,1,0,0,0,3,1,1,0,0,P2_single_edge,P2_single_edge|P5_b2c1_synset,0,补第二条正式关系，形成最小学习语境,喝茫；沉醉
3332,sensibiliser,VER,B2,1.436,1,1,0,0,0,2,1,1,2,2,P2_single_edge,P2_single_edge|P4_confusable|P5_b2c1_synset,0,补第二条正式关系，形成最小学习语境,
3333,cocotier,NOM,B2,1.4357,1,1,0,0,0,2,1,1,2,2,P2_single_edge,P2_single_edge|P4_confusable|P5_b2c1_synset,0,补第二条正式关系，形成最小学习语境,枒；椰
3334,repérage,NOM,B2,1.4351,1,1,0,0,0,4,1,1,2,1,P2_single_edge,P2_single_edge|P3_bridge|P4_confusable|P5_b2c1_synset,0,补第二条正式关系，形成最小学习语境,定位；定向
3335,économiste,NOM,B2,1.4335,1,1,0,0,0,3,1,0,3,3,P2_single_edge,P2_single_edge|P4_confusable|P5_b2c1_synset,0,补第二条正式关系，形成最小学习语境,经济学家；经济师
3336,réutiliser,VER,B2,1.4332,1,1,0,0,0,1,1,1,0,1,P2_single_edge,P2_single_edge|P4_confusable|P5_b2c1_synset,0,补第二条正式关系，形成最小学习语境,再利用；再用
3337,agile,ADJ,B2,1.4327,1,1,0,0,0,0,0,1,3,3,P2_single_edge,P2_single_edge|P4_confusable,0,补第二条正式关系，形成最小学习语境,利索；利落
3338,crotte,NOM,B2,1.4312,1,0,1,0,0,5,1,0,3,3,P2_single_edge,P2_single_edge|P3_bridge|P4_confusable,0,补第二条正式关系，形成最小学习语境,屎
3339,optimal,ADJ,B2,1.4296,1,0,1,0,0,1,1,0,3,3,P2_single_edge,P2_single_edge|P4_confusable,0,补第二条正式关系，形成最小学习语境,最优；最佳
3340,pronostic,NOM,B2,1.4293,1,1,0,0,0,2,1,0,2,1,P2_single_edge,P2_single_edge|P4_confusable|P5_b2c1_synset,0,补第二条正式关系，形成最小学习语境,波音
3341,joaillier,NOM,B2,1.4241,1,1,0,0,0,1,1,1,0,0,P2_single_edge,P2_single_edge|P5_b2c1_synset,0,补第二条正式关系，形成最小学习语境,
3342,diligence,NOM,B2,1.4232,1,0,1,0,0,5,1,0,1,1,P2_single_edge,P2_single_edge|P3_bridge|P4_confusable,0,补第二条正式关系，形成最小学习语境,公共马车；驿站马车
3343,paternel,ADJ,B2,1.4217,1,1,0,0,0,3,1,0,1,2,P2_single_edge,P2_single_edge|P4_confusable|P5_b2c1_synset,0,补第二条正式关系，形成最小学习语境,
3344,centenaire,NOM,B2,1.4213,1,1,0,0,0,0,0,1,2,3,P2_single_edge,P2_single_edge|P4_confusable,0,补第二条正式关系，形成最小学习语境,
3345,camoufler,VER,B2,1.4164,1,1,0,0,0,3,1,1,2,1,P2_single_edge,P2_single_edge|P4_confusable|P5_b2c1_synset,0,补第二条正式关系，形成最小学习语境,躲藏
3346,acception,NOM,B2,1.4136,1,1,0,0,0,2,1,1,3,3,P2_single_edge,P2_single_edge|P4_confusable|P5_b2c1_synset,0,补第二条正式关系，形成最小学习语境,
3347,invraisemblable,ADJ,B2,1.4127,1,0,1,0,0,2,1,1,2,2,P2_single_edge,P2_single_edge|P4_confusable,0,补第二条正式关系，形成最小学习语境,
3348,jardinage,NOM,B2,1.4106,1,1,0,0,0,3,1,1,3,3,P2_single_edge,P2_single_edge|P4_confusable|P5_b2c1_synset,0,补第二条正式关系，形成最小学习语境,园艺
3349,endetter,VER,B2,1.4096,1,1,0,0,0,1,1,1,2,0,P2_single_edge,P2_single_edge|P4_confusable|P5_b2c1_synset,0,补第二条正式关系，形成最小学习语境,借债
3350,heaume,NOM,B2,1.4093,1,0,1,0,0,0,0,0,1,0,P2_single_edge,P2_single_edge|P4_confusable,0,补第二条正式关系，形成最小学习语境,
3351,désaltérer,VER,B2,1.4055,1,1,0,0,0,1,1,1,0,2,P2_single_edge,P2_single_edge|P4_confusable|P5_b2c1_synset,0,补第二条正式关系，形成最小学习语境,解渴
3352,pédale,NOM,B2,1.4052,1,1,0,0,0,15,1,1,1,3,P2_single_edge,P2_single_edge|P3_bridge|P4_confusable|P5_b2c1_synset,0,补第二条正式关系，形成最小学习语境,脚踏；被人操的
3353,cheville,NOM,B2,1.4044,1,0,1,0,0,13,1,0,1,0,P2_single_edge,P2_single_edge|P3_bridge|P4_confusable,0,补第二条正式关系，形成最小学习语境,楔子；脚腕
3354,prudence,NOM,B2,1.4033,1,1,0,0,0,1,1,1,3,3,P2_single_edge,P2_single_edge|P4_confusable|P5_b2c1_synset,0,补第二条正式关系，形成最小学习语境,
3355,bricoler,VER,B2,1.4026,1,1,0,0,0,9,1,1,3,2,P2_single_edge,P2_single_edge|P3_bridge|P4_confusable|P5_b2c1_synset,0,补第二条正式关系，形成最小学习语境,改装
3356,ciment,NOM,B2,1.4026,1,0,1,0,0,6,1,0,1,1,P2_single_edge,P2_single_edge|P3_bridge|P4_confusable,0,补第二条正式关系，形成最小学习语境,士敏土；水泥
3357,lavandière,NOM,B2,1.4014,1,1,0,0,0,3,1,1,1,1,P2_single_edge,P2_single_edge|P4_confusable|P5_b2c1_synset,0,补第二条正式关系，形成最小学习语境,
3358,designer,NOM,B2,1.4008,1,0,1,0,0,1,1,0,2,1,P2_single_edge,P2_single_edge|P4_confusable,0,补第二条正式关系，形成最小学习语境,设计人员；设计师
3359,buveur,NOM,B2,1.3995,1,1,0,0,0,3,1,1,0,0,P2_single_edge,P2_single_edge|P5_b2c1_synset,0,补第二条正式关系，形成最小学习语境,酒鬼
3360,applaudissement,NOM,B2,1.3994,1,1,0,0,0,2,1,1,1,1,P2_single_edge,P2_single_edge|P4_confusable|P5_b2c1_synset,0,补第二条正式关系，形成最小学习语境,掌声；鼓掌
3361,connotation,NOM,B2,1.397,1,1,0,0,0,3,1,1,1,0,P2_single_edge,P2_single_edge|P4_confusable|P5_b2c1_synset,0,补第二条正式关系，形成最小学习语境,涵义
3362,initial,ADJ,B2,1.395,1,0,0,1,0,4,1,6,3,3,P2_single_edge,P2_single_edge|P3_bridge|P4_confusable,0,补第二条正式关系，形成最小学习语境,先发；初始
3363,contrebandier,NOM,B2,1.3947,1,1,0,0,0,1,1,1,1,2,P2_single_edge,P2_single_edge|P4_confusable|P5_b2c1_synset,0,补第二条正式关系，形成最小学习语境,枭
3364,roser,VER,B2,1.39,1,1,0,0,0,1,1,2,3,3,P2_single_edge,P2_single_edge|P4_confusable|P5_b2c1_synset,0,补第二条正式关系，形成最小学习语境,
3365,juré,NOM,B2,1.3877,1,1,0,0,0,2,1,1,3,2,P2_single_edge,P2_single_edge|P4_confusable|P5_b2c1_synset,0,补第二条正式关系，形成最小学习语境,
3366,impossibilité,NOM,B2,1.3858,1,1,0,0,0,2,1,1,2,2,P2_single_edge,P2_single_edge|P4_confusable|P5_b2c1_synset,0,补第二条正式关系，形成最小学习语境,
3367,fervent,ADJ,B2,1.3848,1,1,0,0,0,2,1,1,2,2,P2_single_edge,P2_single_edge|P4_confusable|P5_b2c1_synset,0,补第二条正式关系，形成最小学习语境,屁颠屁颠；慷慨
3368,effraie,NOM,B2,1.3815,1,1,0,0,0,1,1,0,3,2,P2_single_edge,P2_single_edge|P4_confusable|P5_b2c1_synset,0,补第二条正式关系，形成最小学习语境,
3369,dérogation,NOM,B2,1.379,1,0,1,0,0,2,1,1,2,1,P2_single_edge,P2_single_edge|P4_confusable,0,补第二条正式关系，形成最小学习语境,
3370,distributeur,NOM,B2,1.3766,1,1,0,0,0,6,1,1,2,1,P2_single_edge,P2_single_edge|P3_bridge|P4_confusable|P5_b2c1_synset,0,补第二条正式关系，形成最小学习语境,中盘商；分销商
3371,exceptionnellement,ADV,B2,1.3722,1,0,0,1,0,1,1,1,3,2,P2_single_edge,P2_single_edge|P4_confusable,0,补第二条正式关系，形成最小学习语境,
3372,môme,NOM,B2,1.371,1,0,1,0,0,4,1,0,2,1,P2_single_edge,P2_single_edge|P3_bridge|P4_confusable,0,补第二条正式关系，形成最小学习语境,小伙子
3373,désespéré,ADJ,B2,1.3647,1,1,0,0,0,5,1,1,3,3,P2_single_edge,P2_single_edge|P3_bridge|P4_confusable|P5_b2c1_synset,0,补第二条正式关系，形成最小学习语境,悲苦；情急
3374,inhabituel,ADJ,B2,1.364,1,1,0,0,0,1,1,1,1,3,P2_single_edge,P2_single_edge|P4_confusable|P5_b2c1_synset,0,补第二条正式关系，形成最小学习语境,不同寻常；凤毛麟角
3375,cassette,NOM,B2,1.3638,1,0,1,0,0,7,1,1,1,3,P2_single_edge,P2_single_edge|P3_bridge|P4_confusable,0,补第二条正式关系，形成最小学习语境,磁带
3376,chorale,NOM,B2,1.3638,1,0,1,0,0,1,1,1,1,2,P2_single_edge,P2_single_edge|P4_confusable,0,补第二条正式关系，形成最小学习语境,合唱；合唱团
3377,exclusivement,ADV,B2,1.3632,1,0,1,0,0,4,1,1,3,3,P2_single_edge,P2_single_edge|P3_bridge|P4_confusable,0,补第二条正式关系，形成最小学习语境,惟独；独有
3378,conditionné,ADJ,B2,1.3586,1,1,0,0,0,0,0,1,3,3,P2_single_edge,P2_single_edge|P4_confusable,0,补第二条正式关系，形成最小学习语境,
3379,mulet,NOM,B2,1.358,1,1,0,0,0,9,1,0,2,1,P2_single_edge,P2_single_edge|P3_bridge|P4_confusable|P5_b2c1_synset,0,补第二条正式关系，形成最小学习语境,鲻鱼头
3380,crue,NOM,B2,1.3555,1,1,0,0,0,3,1,1,3,3,P2_single_edge,P2_single_edge|P4_confusable|P5_b2c1_synset,0,补第二条正式关系，形成最小学习语境,山洪；洪水
3381,curieux,NOM,B2,1.3542,1,1,0,0,0,4,1,2,3,3,P2_single_edge,P2_single_edge|P3_bridge|P4_confusable|P5_b2c1_synset,0,补第二条正式关系，形成最小学习语境,奇妙；奇异
3382,rame,NOM,B2,1.3523,1,1,0,0,0,11,1,2,3,3,P2_single_edge,P2_single_edge|P3_bridge|P4_confusable|P5_b2c1_synset,0,补第二条正式关系，形成最小学习语境,楫；橹
3383,fuser,VER,B2,1.3521,1,1,0,0,0,6,1,3,2,3,P2_single_edge,P2_single_edge|P3_bridge|P4_confusable|P5_b2c1_synset,0,补第二条正式关系，形成最小学习语境,迸发
3384,cuiller,NOM,B2,1.3481,1,0,1,0,0,3,1,1,3,1,P2_single_edge,P2_single_edge|P4_confusable,0,补第二条正式关系，形成最小学习语境,勺子
3385,cogner,VER,B2,1.3441,1,0,1,0,0,3,1,0,2,1,P2_single_edge,P2_single_edge|P4_confusable,0,补第二条正式关系，形成最小学习语境,搕；撞
3386,faufiler,VER,B2,1.3441,1,0,1,0,0,3,1,1,0,1,P2_single_edge,P2_single_edge|P4_confusable,0,补第二条正式关系，形成最小学习语境,绷
3387,acharnement,NOM,B2,1.3436,1,1,0,0,0,5,1,1,2,2,P2_single_edge,P2_single_edge|P3_bridge|P4_confusable|P5_b2c1_synset,0,补第二条正式关系，形成最小学习语境,
3388,typer,VER,B2,1.3416,1,1,0,0,0,3,1,1,3,1,P2_single_edge,P2_single_edge|P4_confusable|P5_b2c1_synset,0,补第二条正式关系，形成最小学习语境,
3389,liquide,NOM,B2,1.3414,1,0,0,1,0,5,1,2,3,2,P2_single_edge,P2_single_edge|P3_bridge|P4_confusable,0,补第二条正式关系，形成最小学习语境,液体
3390,couturière,NOM,B2,1.3413,1,1,0,0,0,3,1,0,3,2,P2_single_edge,P2_single_edge|P4_confusable|P5_b2c1_synset,0,补第二条正式关系，形成最小学习语境,
3391,plongée,NOM,B2,1.3393,1,1,0,0,0,8,1,1,3,2,P2_single_edge,P2_single_edge|P3_bridge|P4_confusable|P5_b2c1_synset,0,补第二条正式关系，形成最小学习语境,俯视；跳水
3392,pagaille,NOM,B2,1.338,1,0,1,0,0,1,1,0,1,1,P2_single_edge,P2_single_edge|P4_confusable,0,补第二条正式关系，形成最小学习语境,一塌糊涂；骚乱
3393,tuilerie,NOM,B2,1.3357,1,1,0,0,0,1,1,1,1,1,P2_single_edge,P2_single_edge|P4_confusable|P5_b2c1_synset,0,补第二条正式关系，形成最小学习语境,
3394,panoplie,NOM,B2,1.3333,1,0,1,0,0,6,1,0,0,0,P2_single_edge,P2_single_edge|P3_bridge,0,补第二条正式关系，形成最小学习语境,
3395,revers,NOM,B2,1.3319,1,0,1,0,0,7,1,1,2,1,P2_single_edge,P2_single_edge|P3_bridge|P4_confusable,0,补第二条正式关系，形成最小学习语境,反面；挫折
3396,agenda,NOM,B2,1.3317,1,0,1,0,0,3,1,1,1,0,P2_single_edge,P2_single_edge|P4_confusable,0,补第二条正式关系，形成最小学习语境,备忘录
3397,clair,NOM,B2,1.3301,1,0,1,0,0,0,0,6,3,3,P2_single_edge,P2_single_edge|P4_confusable,0,补第二条正式关系，形成最小学习语境,明了；明亮
3398,usagé,ADJ,B2,1.3253,1,1,0,0,0,3,1,1,2,2,P2_single_edge,P2_single_edge|P4_confusable|P5_b2c1_synset,0,补第二条正式关系，形成最小学习语境,废旧
3399,trompe,NOM,B2,1.3249,1,1,0,0,0,10,1,0,3,3,P2_single_edge,P2_single_edge|P3_bridge|P4_confusable|P5_b2c1_synset,0,补第二条正式关系，形成最小学习语境,鼻子
3400,superficie,NOM,B2,1.3232,1,1,0,0,0,4,1,1,2,2,P2_single_edge,P2_single_edge|P3_bridge|P4_confusable|P5_b2c1_synset,0,补第二条正式关系，形成最小学习语境,占地面积；广袤
3401,gisement,NOM,B2,1.3165,1,0,1,0,0,7,1,1,0,0,P2_single_edge,P2_single_edge|P3_bridge,0,补第二条正式关系，形成最小学习语境,矿
3402,emblématique,ADJ,B2,1.315,1,1,0,0,0,2,1,1,1,0,P2_single_edge,P2_single_edge|P4_confusable|P5_b2c1_synset,0,补第二条正式关系，形成最小学习语境,
3403,abattoir,NOM,B2,1.3093,1,0,1,0,0,4,1,1,2,1,P2_single_edge,P2_single_edge|P3_bridge|P4_confusable,0,补第二条正式关系，形成最小学习语境,
3404,enthousiasmer,VER,B2,1.3093,1,1,0,0,0,1,1,1,2,2,P2_single_edge,P2_single_edge|P4_confusable|P5_b2c1_synset,0,补第二条正式关系，形成最小学习语境,振奋；铆起来
3405,septième,ADJ,B2,1.3088,1,1,0,0,0,2,1,1,1,1,P2_single_edge,P2_single_edge|P4_confusable|P5_b2c1_synset,0,补第二条正式关系，形成最小学习语境,第七
3406,questionnaire,NOM,B2,1.3081,1,0,1,0,0,2,1,1,2,3,P2_single_edge,P2_single_edge|P4_confusable,0,补第二条正式关系，形成最小学习语境,小考；竞猜
3407,allergique,ADJ,B2,1.3071,1,1,0,0,0,3,1,1,2,1,P2_single_edge,P2_single_edge|P4_confusable|P5_b2c1_synset,0,补第二条正式关系，形成最小学习语境,
3408,gitan,NOM,B2,1.3066,1,0,1,0,0,2,1,0,2,1,P2_single_edge,P2_single_edge|P4_confusable,0,补第二条正式关系，形成最小学习语境,茨冈
3409,géologique,ADJ,B2,1.3039,1,1,0,0,0,1,1,0,3,3,P2_single_edge,P2_single_edge|P4_confusable|P5_b2c1_synset,0,补第二条正式关系，形成最小学习语境,
3410,surf,NOM,B2,1.3029,1,1,0,0,0,3,1,1,3,1,P2_single_edge,P2_single_edge|P4_confusable|P5_b2c1_synset,0,补第二条正式关系，形成最小学习语境,冲浪
3411,grincement,NOM,B2,1.2944,1,1,0,0,0,2,1,1,2,1,P2_single_edge,P2_single_edge|P4_confusable|P5_b2c1_synset,0,补第二条正式关系，形成最小学习语境,吱吱
3412,acclamer,VER,B2,1.2928,1,1,0,0,0,1,1,1,3,3,P2_single_edge,P2_single_edge|P4_confusable|P5_b2c1_synset,0,补第二条正式关系，形成最小学习语境,喝彩；捧场
3413,machiniste,NOM,B2,1.2925,1,1,0,0,0,5,1,1,2,1,P2_single_edge,P2_single_edge|P3_bridge|P4_confusable|P5_b2c1_synset,0,补第二条正式关系，形成最小学习语境,
3414,marrer,VER,B2,1.2882,1,1,0,0,0,3,1,1,2,2,P2_single_edge,P2_single_edge|P4_confusable|P5_b2c1_synset,0,补第二条正式关系，形成最小学习语境,
3415,prononciation,NOM,B2,1.2881,1,1,0,0,0,4,1,1,1,1,P2_single_edge,P2_single_edge|P3_bridge|P4_confusable|P5_b2c1_synset,0,补第二条正式关系，形成最小学习语境,发音；口齿
3416,anesthésique,NOM,B2,1.2878,1,1,0,0,0,1,1,1,2,2,P2_single_edge,P2_single_edge|P4_confusable|P5_b2c1_synset,0,补第二条正式关系，形成最小学习语境,麻醉药
3417,commémorer,VER,B2,1.2874,1,1,0,0,0,1,1,1,2,3,P2_single_edge,P2_single_edge|P4_confusable|P5_b2c1_synset,0,补第二条正式关系，形成最小学习语境,纪念；缅怀
3418,sultan,NOM,B2,1.286,1,0,1,0,0,3,1,0,0,2,P2_single_edge,P2_single_edge|P4_confusable,0,补第二条正式关系，形成最小学习语境,
3419,rigoler,VER,B2,1.2854,1,1,0,0,0,5,1,1,3,1,P2_single_edge,P2_single_edge|P3_bridge|P4_confusable|P5_b2c1_synset,0,补第二条正式关系，形成最小学习语境,嬉笑；打趣
3420,alpin,ADJ,B2,1.2853,1,0,1,0,0,2,1,1,2,0,P2_single_edge,P2_single_edge|P4_confusable,0,补第二条正式关系，形成最小学习语境,
3421,japonais,NOM,B2,1.2845,1,1,0,0,0,5,1,1,1,1,P2_single_edge,P2_single_edge|P3_bridge|P4_confusable|P5_b2c1_synset,0,补第二条正式关系，形成最小学习语境,东洋话；日文
3422,malhonnête,ADJ,B2,1.2821,1,0,0,1,0,2,1,2,1,2,P2_single_edge,P2_single_edge|P4_confusable,0,补第二条正式关系，形成最小学习语境,不正当；缺德
3423,infidèle,ADJ,B2,1.2814,1,0,1,0,0,4,1,2,0,0,P2_single_edge,P2_single_edge|P3_bridge,0,补第二条正式关系，形成最小学习语境,花心
3424,recruteur,NOM,B2,1.2788,1,1,0,0,0,3,1,1,3,2,P2_single_edge,P2_single_edge|P4_confusable|P5_b2c1_synset,0,补第二条正式关系，形成最小学习语境,
3425,piétiner,VER,B2,1.2787,1,1,0,0,0,0,0,1,2,3,P2_single_edge,P2_single_edge|P4_confusable,0,补第二条正式关系，形成最小学习语境,任人宰割；践踏
3426,féodal,ADJ,B2,1.2749,1,0,1,0,0,2,1,0,2,1,P2_single_edge,P2_single_edge|P4_confusable,0,补第二条正式关系，形成最小学习语境,封建；诸侯
3427,gym,NOM,B2,1.2702,1,1,0,0,0,2,1,1,1,2,P2_single_edge,P2_single_edge|P4_confusable|P5_b2c1_synset,0,补第二条正式关系，形成最小学习语境,
3428,exporter,VER,B2,1.2684,1,1,0,0,0,1,1,0,2,2,P2_single_edge,P2_single_edge|P4_confusable|P5_b2c1_synset,0,补第二条正式关系，形成最小学习语境,出口；导出
3429,associé,NOM,B2,1.2557,1,1,0,0,0,2,1,1,3,3,P2_single_edge,P2_single_edge|P4_confusable|P5_b2c1_synset,0,补第二条正式关系，形成最小学习语境,合伙人；合作伙伴
3430,continental,ADJ,B2,1.2512,1,1,0,0,0,0,0,2,2,2,P2_single_edge,P2_single_edge|P4_confusable,0,补第二条正式关系，形成最小学习语境,
3431,organigramme,NOM,B2,1.2471,1,0,1,0,0,2,1,1,0,0,P2_single_edge,P2_single_edge,0,补第二条正式关系，形成最小学习语境,
3432,faille,NOM,B2,1.2458,1,1,0,0,0,6,1,0,3,2,P2_single_edge,P2_single_edge|P3_bridge|P4_confusable|P5_b2c1_synset,0,补第二条正式关系，形成最小学习语境,弱点；断层
3433,monté,ADJ,B2,1.2443,1,1,0,0,0,10,1,1,3,3,P2_single_edge,P2_single_edge|P3_bridge|P4_confusable|P5_b2c1_synset,0,补第二条正式关系，形成最小学习语境,
3434,pro,NOM,B2,1.2443,1,1,0,0,0,3,1,1,2,0,P2_single_edge,P2_single_edge|P4_confusable|P5_b2c1_synset,0,补第二条正式关系，形成最小学习语境,
3435,traîne,NOM,B2,1.2441,1,1,0,0,0,7,1,1,2,3,P2_single_edge,P2_single_edge|P3_bridge|P4_confusable|P5_b2c1_synset,0,补第二条正式关系，形成最小学习语境,
3436,banquet,NOM,B2,1.2437,1,0,1,0,0,1,1,1,1,2,P2_single_edge,P2_single_edge|P4_confusable,0,补第二条正式关系，形成最小学习语境,大餐；宴会
3437,imperméable,NOM,B2,1.2363,1,1,0,0,0,1,1,1,1,1,P2_single_edge,P2_single_edge|P4_confusable|P5_b2c1_synset,0,补第二条正式关系，形成最小学习语境,雨衣
3438,ado,NOM,B2,1.2352,1,1,0,0,0,1,1,2,3,1,P2_single_edge,P2_single_edge|P4_confusable|P5_b2c1_synset,0,补第二条正式关系，形成最小学习语境,
3439,forgeron,NOM,B2,1.2344,1,1,0,0,0,9,1,1,2,1,P2_single_edge,P2_single_edge|P3_bridge|P4_confusable|P5_b2c1_synset,0,补第二条正式关系，形成最小学习语境,铁匠
3440,mythologie,NOM,B2,1.2321,1,1,0,0,0,4,1,1,3,1,P2_single_edge,P2_single_edge|P3_bridge|P4_confusable|P5_b2c1_synset,0,补第二条正式关系，形成最小学习语境,神话
3441,jongleur,NOM,B2,1.2309,1,1,0,0,0,5,1,1,2,1,P2_single_edge,P2_single_edge|P3_bridge|P4_confusable|P5_b2c1_synset,0,补第二条正式关系，形成最小学习语境,
3442,complice,ADJ,B2,1.2274,1,1,0,0,0,2,1,1,2,3,P2_single_edge,P2_single_edge|P4_confusable|P5_b2c1_synset,0,补第二条正式关系，形成最小学习语境,同伙；团伙
3443,mythique,ADJ,B2,1.2172,1,1,0,0,0,3,1,1,3,2,P2_single_edge,P2_single_edge|P4_confusable|P5_b2c1_synset,0,补第二条正式关系，形成最小学习语境,神奇
3444,comté,NOM,B2,1.2171,1,1,0,0,0,4,1,1,2,3,P2_single_edge,P2_single_edge|P3_bridge|P4_confusable|P5_b2c1_synset,0,补第二条正式关系，形成最小学习语境,县
3445,impatienter,VER,B2,1.217,1,1,0,0,0,2,1,1,2,3,P2_single_edge,P2_single_edge|P4_confusable|P5_b2c1_synset,0,补第二条正式关系，形成最小学习语境,着急
3446,préparatoire,ADJ,B2,1.2155,1,1,0,0,0,2,1,1,0,0,P2_single_edge,P2_single_edge|P5_b2c1_synset,0,补第二条正式关系，形成最小学习语境,调制
3447,mangeur,NOM,B2,1.2152,1,1,0,0,0,3,1,2,2,0,P2_single_edge,P2_single_edge|P4_confusable|P5_b2c1_synset,0,补第二条正式关系，形成最小学习语境,
3448,chaotique,ADJ,B2,1.2133,1,1,0,0,0,2,1,1,1,1,P2_single_edge,P2_single_edge|P4_confusable|P5_b2c1_synset,0,补第二条正式关系，形成最小学习语境,乱成一团
3449,posture,NOM,B2,1.2133,1,0,1,0,0,5,1,0,0,0,P2_single_edge,P2_single_edge|P3_bridge,0,补第二条正式关系，形成最小学习语境,体位；境遇
3450,rapporteur,NOM,B2,1.2133,1,1,0,0,0,6,1,1,3,3,P2_single_edge,P2_single_edge|P3_bridge|P4_confusable|P5_b2c1_synset,0,补第二条正式关系，形成最小学习语境,
3451,émergent,ADJ,B2,1.2133,1,1,0,0,0,3,1,1,3,3,P2_single_edge,P2_single_edge|P4_confusable|P5_b2c1_synset,0,补第二条正式关系，形成最小学习语境,
3452,énoncer,VER,B2,1.2133,1,0,1,0,0,2,1,1,3,2,P2_single_edge,P2_single_edge|P4_confusable,0,补第二条正式关系，形成最小学习语境,
3453,éclaircir,VER,B2,1.2108,1,0,1,0,0,10,1,1,3,2,P2_single_edge,P2_single_edge|P3_bridge|P4_confusable,0,补第二条正式关系，形成最小学习语境,澄清
3454,auditoire,NOM,B2,1.2004,1,0,1,0,0,4,1,1,2,3,P2_single_edge,P2_single_edge|P3_bridge|P4_confusable,0,补第二条正式关系，形成最小学习语境,
3455,floral,ADJ,B2,1.2004,1,1,0,0,0,3,1,1,3,3,P2_single_edge,P2_single_edge|P4_confusable|P5_b2c1_synset,0,补第二条正式关系，形成最小学习语境,花香
3456,fève,NOM,B2,1.2004,1,0,1,0,0,0,0,0,0,1,P2_single_edge,P2_single_edge|P4_confusable,0,补第二条正式关系，形成最小学习语境,蚕豆；豆子
3457,inhiber,VER,B2,1.2004,1,1,0,0,0,3,1,4,3,2,P2_single_edge,P2_single_edge|P4_confusable|P5_b2c1_synset,0,补第二条正式关系，形成最小学习语境,阻抑
3458,surcroît,NOM,B2,1.2004,1,1,0,0,0,1,1,1,0,2,P2_single_edge,P2_single_edge|P4_confusable|P5_b2c1_synset,0,补第二条正式关系，形成最小学习语境,
3459,trajectoire,NOM,B2,1.2004,1,0,1,0,0,4,1,1,2,2,P2_single_edge,P2_single_edge|P3_bridge|P4_confusable,0,补第二条正式关系，形成最小学习语境,
3460,inhibition,NOM,B2,1.1997,1,1,0,0,0,2,1,1,3,2,P2_single_edge,P2_single_edge|P4_confusable|P5_b2c1_synset,0,补第二条正式关系，形成最小学习语境,
3461,loterie,NOM,B2,1.1997,1,1,0,0,0,3,1,1,2,1,P2_single_edge,P2_single_edge|P4_confusable|P5_b2c1_synset,0,补第二条正式关系，形成最小学习语境,开奖；抽奖
3462,syndical,ADJ,B2,1.1997,1,1,0,0,0,3,1,1,2,3,P2_single_edge,P2_single_edge|P4_confusable|P5_b2c1_synset,0,补第二条正式关系，形成最小学习语境,
3463,tremblement,NOM,B2,1.1997,1,1,0,0,0,4,1,1,3,3,P2_single_edge,P2_single_edge|P3_bridge|P4_confusable|P5_b2c1_synset,0,补第二条正式关系，形成最小学习语境,颤动
3464,visée,NOM,B2,1.1997,1,1,0,0,0,4,1,1,1,3,P2_single_edge,P2_single_edge|P3_bridge|P4_confusable|P5_b2c1_synset,0,补第二条正式关系，形成最小学习语境,
3465,originel,ADJ,B2,1.1943,1,1,0,0,0,2,1,1,1,2,P2_single_edge,P2_single_edge|P4_confusable|P5_b2c1_synset,0,补第二条正式关系，形成最小学习语境,原先；原初
3466,accomplissement,NOM,B2,1.1907,1,0,1,0,0,1,1,1,1,3,P2_single_edge,P2_single_edge|P4_confusable,0,补第二条正式关系，形成最小学习语境,造
3467,paralyser,VER,B2,1.1907,1,1,0,0,0,3,1,0,2,2,P2_single_edge,P2_single_edge|P4_confusable|P5_b2c1_synset,0,补第二条正式关系，形成最小学习语境,
3468,rabais,NOM,B2,1.1885,1,0,1,0,0,3,1,1,2,0,P2_single_edge,P2_single_edge|P4_confusable,0,补第二条正式关系，形成最小学习语境,折扣
3469,preneur,NOM,B2,1.1834,1,0,0,1,0,3,1,1,2,1,P2_single_edge,P2_single_edge|P4_confusable,0,补第二条正式关系，形成最小学习语境,
3470,divertissant,ADJ,B2,1.1807,1,0,1,0,0,1,1,1,1,3,P2_single_edge,P2_single_edge|P4_confusable,0,补第二条正式关系，形成最小学习语境,笑料百出
3471,intellectuellement,ADV,B2,1.1807,1,1,0,0,0,2,1,1,2,2,P2_single_edge,P2_single_edge|P4_confusable|P5_b2c1_synset,0,补第二条正式关系，形成最小学习语境,
3472,préalable,NOM,B2,1.1807,1,1,0,0,0,1,1,1,3,3,P2_single_edge,P2_single_edge|P4_confusable|P5_b2c1_synset,0,补第二条正式关系，形成最小学习语境,
3473,étirer,VER,B2,1.1799,1,0,1,0,0,3,1,1,2,2,P2_single_edge,P2_single_edge|P4_confusable,0,补第二条正式关系，形成最小学习语境,伸长；懒腰
3474,gentleman,NOM,B2,1.178,1,0,1,0,0,2,1,0,0,1,P2_single_edge,P2_single_edge|P4_confusable,0,补第二条正式关系，形成最小学习语境,君子；绅士
3475,sécheresse,NOM,B2,1.1731,1,0,1,0,0,2,1,1,2,0,P2_single_edge,P2_single_edge|P4_confusable,0,补第二条正式关系，形成最小学习语境,天旱；干旱
3476,migrant,ADJ,B2,1.173,1,0,1,0,0,1,1,1,3,2,P2_single_edge,P2_single_edge|P4_confusable,0,补第二条正式关系，形成最小学习语境,
3477,épuration,NOM,B2,1.173,1,1,0,0,0,1,1,1,1,1,P2_single_edge,P2_single_edge|P4_confusable|P5_b2c1_synset,0,补第二条正式关系，形成最小学习语境,升华；清洁
3478,captivité,NOM,B2,1.1691,1,1,0,0,0,4,1,1,1,1,P2_single_edge,P2_single_edge|P3_bridge|P4_confusable|P5_b2c1_synset,0,补第二条正式关系，形成最小学习语境,
3479,anthropologie,NOM,B2,1.1689,1,1,0,0,0,5,1,0,1,2,P2_single_edge,P2_single_edge|P3_bridge|P4_confusable|P5_b2c1_synset,0,补第二条正式关系，形成最小学习语境,
3480,encombrement,NOM,B2,1.1602,1,1,0,0,0,3,1,1,2,2,P2_single_edge,P2_single_edge|P4_confusable|P5_b2c1_synset,0,补第二条正式关系，形成最小学习语境,容积
3481,parenté,NOM,B2,1.1602,1,1,0,0,0,5,1,2,3,3,P2_single_edge,P2_single_edge|P3_bridge|P4_confusable|P5_b2c1_synset,0,补第二条正式关系，形成最小学习语境,亲属；亲眷
3482,suicider,VER,B2,1.1602,1,0,1,0,0,4,1,1,0,1,P2_single_edge,P2_single_edge|P3_bridge|P4_confusable,0,补第二条正式关系，形成最小学习语境,
3483,acceptable,ADJ,B2,1.1544,1,1,0,0,0,2,1,1,3,3,P2_single_edge,P2_single_edge|P4_confusable|P5_b2c1_synset,0,补第二条正式关系，形成最小学习语境,即可；可以
3484,truffer,VER,B2,1.1544,1,1,0,0,0,2,1,0,2,1,P2_single_edge,P2_single_edge|P4_confusable|P5_b2c1_synset,0,补第二条正式关系，形成最小学习语境,
3485,faillite,NOM,B2,1.1482,1,1,0,0,0,3,1,1,2,3,P2_single_edge,P2_single_edge|P4_confusable|P5_b2c1_synset,0,补第二条正式关系，形成最小学习语境,崩盘
3486,officier,VER,B2,1.1293,1,1,0,0,0,2,1,1,3,3,P2_single_edge,P2_single_edge|P4_confusable|P5_b2c1_synset,0,补第二条正式关系，形成最小学习语境,军官；统领
3487,pianiste,NOM,B2,1.1273,1,1,0,0,0,3,1,2,2,2,P2_single_edge,P2_single_edge|P4_confusable|P5_b2c1_synset,0,补第二条正式关系，形成最小学习语境,
3488,froisser,VER,B2,1.1157,1,0,1,0,0,6,1,0,3,2,P2_single_edge,P2_single_edge|P3_bridge|P4_confusable,0,补第二条正式关系，形成最小学习语境,不快
3489,hispanique,ADJ,B2,1.1151,1,0,1,0,0,3,1,0,3,2,P2_single_edge,P2_single_edge|P4_confusable,0,补第二条正式关系，形成最小学习语境,
3490,malentendu,NOM,B2,1.1151,1,0,1,0,0,1,1,2,3,1,P2_single_edge,P2_single_edge|P4_confusable,0,补第二条正式关系，形成最小学习语境,口舌；揪错
3491,diplomatie,NOM,B2,1.1145,1,1,0,0,0,6,1,1,2,2,P2_single_edge,P2_single_edge|P3_bridge|P4_confusable|P5_b2c1_synset,0,补第二条正式关系，形成最小学习语境,外交
3492,fiscal,ADJ,B2,1.1145,1,0,0,1,0,2,1,0,0,0,P2_single_edge,P2_single_edge,0,补第二条正式关系，形成最小学习语境,
3493,enrichissant,ADJ,B2,1.114,1,1,0,0,0,1,1,1,2,2,P2_single_edge,P2_single_edge|P4_confusable|P5_b2c1_synset,0,补第二条正式关系，形成最小学习语境,
3494,traquer,VER,B2,1.114,1,0,1,0,0,5,1,1,3,2,P2_single_edge,P2_single_edge|P3_bridge|P4_confusable,0,补第二条正式关系，形成最小学习语境,追寻
3495,fidéliser,VER,B2,1.1126,1,1,0,0,0,1,1,1,3,3,P2_single_edge,P2_single_edge|P4_confusable|P5_b2c1_synset,0,补第二条正式关系，形成最小学习语境,
3496,tangible,ADJ,B2,1.1126,1,0,1,0,0,1,1,0,1,0,P2_single_edge,P2_single_edge|P4_confusable,0,补第二条正式关系，形成最小学习语境,可触；摸得着
3497,légitimer,VER,B2,1.11,1,1,0,0,0,3,1,1,3,3,P2_single_edge,P2_single_edge|P4_confusable|P5_b2c1_synset,0,补第二条正式关系，形成最小学习语境,
3498,pesticide,NOM,B2,1.1057,1,0,1,0,0,1,1,0,2,0,P2_single_edge,P2_single_edge|P4_confusable,0,补第二条正式关系，形成最小学习语境,农药；杀虫剂
3499,déclassement,NOM,B2,1.0966,1,0,0,1,0,3,1,1,2,2,P2_single_edge,P2_single_edge|P4_confusable,0,补第二条正式关系，形成最小学习语境,
3500,oral,ADJ,B2,1.0966,1,0,1,0,0,5,1,0,1,3,P2_single_edge,P2_single_edge|P3_bridge|P4_confusable,0,补第二条正式关系，形成最小学习语境,口头
3501,positionner,VER,B2,1.0966,1,1,0,0,0,1,1,1,3,1,P2_single_edge,P2_single_edge|P4_confusable|P5_b2c1_synset,0,补第二条正式关系，形成最小学习语境,位列
3502,parallèle,NOM,B2,1.0946,1,1,0,0,0,4,1,0,2,2,P2_single_edge,P2_single_edge|P3_bridge|P4_confusable|P5_b2c1_synset,0,补第二条正式关系，形成最小学习语境,平行
3503,prédiction,NOM,B2,1.0898,1,1,0,0,0,2,1,2,2,3,P2_single_edge,P2_single_edge|P4_confusable|P5_b2c1_synset,0,补第二条正式关系，形成最小学习语境,预估
3504,ficher,VER,B2,1.0892,1,1,0,0,0,10,1,2,3,3,P2_single_edge,P2_single_edge|P3_bridge|P4_confusable|P5_b2c1_synset,0,补第二条正式关系，形成最小学习语境,嵌入
3505,massivement,ADV,B2,1.0884,1,1,0,0,0,3,1,0,0,1,P2_single_edge,P2_single_edge|P4_confusable|P5_b2c1_synset,0,补第二条正式关系，形成最小学习语境,
3506,penseur,NOM,B2,1.0839,1,0,1,0,0,1,1,1,2,0,P2_single_edge,P2_single_edge|P4_confusable,0,补第二条正式关系，形成最小学习语境,思想家；沉思者
3507,communiqué,NOM,B2,1.0806,1,1,0,0,0,3,1,1,3,3,P2_single_edge,P2_single_edge|P4_confusable|P5_b2c1_synset,0,补第二条正式关系，形成最小学习语境,公报
3508,humidité,NOM,B2,1.0775,1,1,0,0,0,4,1,1,1,1,P2_single_edge,P2_single_edge|P3_bridge|P4_confusable|P5_b2c1_synset,0,补第二条正式关系，形成最小学习语境,湿度；潮气
3509,renfermer,VER,B2,1.0588,1,1,0,0,0,5,1,1,2,2,P2_single_edge,P2_single_edge|P3_bridge|P4_confusable|P5_b2c1_synset,0,补第二条正式关系，形成最小学习语境,蕴藏
3510,montage,NOM,B2,1.0587,1,1,0,0,0,5,1,0,1,0,P2_single_edge,P2_single_edge|P3_bridge|P4_confusable|P5_b2c1_synset,0,补第二条正式关系，形成最小学习语境,剪辑
3511,parti,ADJ,B2,1.057,1,1,0,0,0,3,1,1,1,2,P2_single_edge,P2_single_edge|P4_confusable|P5_b2c1_synset,0,补第二条正式关系，形成最小学习语境,党派
3512,capitaliste,ADJ,B2,1.0479,1,1,0,0,0,0,0,2,3,2,P2_single_edge,P2_single_edge|P4_confusable,0,补第二条正式关系，形成最小学习语境,财主；资本家
3513,clarté,NOM,B2,1.0475,1,0,1,0,0,6,1,1,1,1,P2_single_edge,P2_single_edge|P3_bridge|P4_confusable,0,补第二条正式关系，形成最小学习语境,光明；清晰度
3514,remariage,NOM,B2,1.0462,1,1,0,0,0,1,1,1,1,1,P2_single_edge,P2_single_edge|P4_confusable|P5_b2c1_synset,0,补第二条正式关系，形成最小学习语境,
3515,astre,NOM,B2,1.0386,1,0,1,0,0,3,1,1,2,1,P2_single_edge,P2_single_edge|P4_confusable,0,补第二条正式关系，形成最小学习语境,
3516,géométrique,ADJ,B2,1.0381,1,1,0,0,0,5,1,1,3,1,P2_single_edge,P2_single_edge|P3_bridge|P4_confusable|P5_b2c1_synset,0,补第二条正式关系，形成最小学习语境,等比
3517,volcanique,ADJ,B2,1.0376,1,1,0,0,0,4,1,1,1,1,P2_single_edge,P2_single_edge|P3_bridge|P4_confusable|P5_b2c1_synset,0,补第二条正式关系，形成最小学习语境,
3518,pommier,NOM,B2,1.037,1,1,0,0,0,3,1,1,1,1,P2_single_edge,P2_single_edge|P4_confusable|P5_b2c1_synset,0,补第二条正式关系，形成最小学习语境,苹果树
3519,automatisme,NOM,B2,1.035,1,0,1,0,0,7,1,1,2,3,P2_single_edge,P2_single_edge|P3_bridge|P4_confusable,0,补第二条正式关系，形成最小学习语境,
3520,fluctuation,NOM,B2,1.035,1,0,1,0,0,2,1,1,1,0,P2_single_edge,P2_single_edge|P4_confusable,0,补第二条正式关系，形成最小学习语境,
3521,infraction,NOM,B2,1.035,1,0,1,0,0,2,1,1,1,1,P2_single_edge,P2_single_edge|P4_confusable,0,补第二条正式关系，形成最小学习语境,
3522,machisme,NOM,B2,1.035,1,0,0,1,0,2,1,0,2,1,P2_single_edge,P2_single_edge|P4_confusable,0,补第二条正式关系，形成最小学习语境,大男人主义；直男癌
3523,subjectivité,NOM,B2,1.035,1,1,0,0,0,1,1,1,1,2,P2_single_edge,P2_single_edge|P4_confusable|P5_b2c1_synset,0,补第二条正式关系，形成最小学习语境,
3524,transmissible,ADJ,B2,1.035,1,1,0,0,0,1,1,1,1,1,P2_single_edge,P2_single_edge|P4_confusable|P5_b2c1_synset,0,补第二条正式关系，形成最小学习语境,
3525,fêtard,NOM,B2,1.0339,1,1,0,0,0,1,1,1,2,1,P2_single_edge,P2_single_edge|P4_confusable|P5_b2c1_synset,0,补第二条正式关系，形成最小学习语境,
3526,gastronomique,ADJ,B2,1.0339,1,1,0,0,0,1,1,0,3,2,P2_single_edge,P2_single_edge|P4_confusable|P5_b2c1_synset,0,补第二条正式关系，形成最小学习语境,
3527,activer,VER,B2,1.0334,1,0,1,0,0,3,1,1,0,1,P2_single_edge,P2_single_edge|P4_confusable,0,补第二条正式关系，形成最小学习语境,加快；加紧
3528,fécondation,NOM,B2,1.0322,1,0,1,0,0,2,1,1,2,2,P2_single_edge,P2_single_edge|P4_confusable,0,补第二条正式关系，形成最小学习语境,授精
3529,éventuel,NOM,B2,1.0311,1,0,1,0,0,1,1,1,3,3,P2_single_edge,P2_single_edge|P4_confusable,0,补第二条正式关系，形成最小学习语境,
3530,enrouler,VER,B2,1.0299,1,0,0,1,0,2,1,1,0,3,P2_single_edge,P2_single_edge|P4_confusable,0,补第二条正式关系，形成最小学习语境,打滚；缭绕
3531,gentiment,ADV,B2,1.029,1,0,1,0,0,2,1,1,0,1,P2_single_edge,P2_single_edge|P4_confusable,0,补第二条正式关系，形成最小学习语境,和悦；温润
3532,contribuable,NOM,B2,1.0255,1,1,0,0,0,1,1,1,0,1,P2_single_edge,P2_single_edge|P4_confusable|P5_b2c1_synset,0,补第二条正式关系，形成最小学习语境,纳税人
3533,planning,NOM,B2,1.0255,1,0,1,0,0,3,1,0,0,3,P2_single_edge,P2_single_edge|P4_confusable,0,补第二条正式关系，形成最小学习语境,时间表；明细表
3534,réglementation,NOM,B2,1.0255,1,1,0,0,0,2,1,1,0,1,P2_single_edge,P2_single_edge|P4_confusable|P5_b2c1_synset,0,补第二条正式关系，形成最小学习语境,
3535,simulacre,NOM,B2,1.0255,1,0,1,0,0,6,1,0,2,1,P2_single_edge,P2_single_edge|P3_bridge|P4_confusable,0,补第二条正式关系，形成最小学习语境,假货；幻影
3536,christianisme,NOM,B2,1.0245,1,1,0,0,0,1,1,1,1,0,P2_single_edge,P2_single_edge|P4_confusable|P5_b2c1_synset,0,补第二条正式关系，形成最小学习语境,基督教
3537,cligner,VER,B2,1.0231,1,1,0,0,0,2,1,3,3,3,P2_single_edge,P2_single_edge|P4_confusable|P5_b2c1_synset,0,补第二条正式关系，形成最小学习语境,眯
3538,pinceau,NOM,B2,1.0226,1,0,1,0,0,6,1,0,3,2,P2_single_edge,P2_single_edge|P3_bridge|P4_confusable,0,补第二条正式关系，形成最小学习语境,刷子；画笔
3539,cavalerie,NOM,B2,1.0221,1,1,0,0,0,6,1,1,3,0,P2_single_edge,P2_single_edge|P3_bridge|P4_confusable|P5_b2c1_synset,0,补第二条正式关系，形成最小学习语境,马队；骑兵
3540,pelouse,NOM,B2,1.0221,1,0,1,0,0,4,1,0,3,1,P2_single_edge,P2_single_edge|P3_bridge|P4_confusable,0,补第二条正式关系，形成最小学习语境,草地；草坪
3541,toutou,NOM,B2,1.0206,1,0,1,0,0,4,1,1,0,1,P2_single_edge,P2_single_edge|P3_bridge|P4_confusable,0,补第二条正式关系，形成最小学习语境,走狗
3542,romantisme,NOM,B2,1.0198,1,1,0,0,0,3,1,1,1,1,P2_single_edge,P2_single_edge|P4_confusable|P5_b2c1_synset,0,补第二条正式关系，形成最小学习语境,浪漫主义
3543,clouer,VER,B2,1.0194,1,1,0,0,0,5,1,1,2,3,P2_single_edge,P2_single_edge|P3_bridge|P4_confusable|P5_b2c1_synset,0,补第二条正式关系，形成最小学习语境,楔；钉
3544,péril,NOM,B2,1.0191,1,1,0,0,0,1,1,1,2,1,P2_single_edge,P2_single_edge|P4_confusable|P5_b2c1_synset,0,补第二条正式关系，形成最小学习语境,危险；险情
3545,drogué,NOM,B2,1.019,1,1,0,0,0,2,1,1,3,0,P2_single_edge,P2_single_edge|P4_confusable|P5_b2c1_synset,0,补第二条正式关系，形成最小学习语境,
3546,successeur,NOM,B2,1.0176,1,1,0,0,0,3,1,1,3,2,P2_single_edge,P2_single_edge|P4_confusable|P5_b2c1_synset,0,补第二条正式关系，形成最小学习语境,接棒人；接班人
3547,culpabiliser,VER,B2,1.0158,1,1,0,0,0,2,1,2,1,1,P2_single_edge,P2_single_edge|P4_confusable|P5_b2c1_synset,0,补第二条正式关系，形成最小学习语境,自责
3548,veilleur,NOM,B2,1.0156,1,1,0,0,0,6,1,1,3,3,P2_single_edge,P2_single_edge|P3_bridge|P4_confusable|P5_b2c1_synset,0,补第二条正式关系，形成最小学习语境,守护者；看守者
3549,repère,NOM,B2,1.0134,1,1,0,0,0,6,1,2,3,0,P2_single_edge,P2_single_edge|P3_bridge|P4_confusable|P5_b2c1_synset,0,补第二条正式关系，形成最小学习语境,窝子
3550,fait,ADJ,B2,1.0122,1,0,1,0,0,13,1,1,2,0,P2_single_edge,P2_single_edge|P3_bridge|P4_confusable,0,补第二条正式关系，形成最小学习语境,事实；功绩
3551,débiteur,ADJ,B2,1.0113,1,1,0,0,0,1,1,1,2,2,P2_single_edge,P2_single_edge|P4_confusable|P5_b2c1_synset,0,补第二条正式关系，形成最小学习语境,债务人；债户
3552,largeur,NOM,B2,1.0113,1,1,0,0,0,3,1,1,2,2,P2_single_edge,P2_single_edge|P4_confusable|P5_b2c1_synset,0,补第二条正式关系，形成最小学习语境,宽度
3553,arbitraire,ADJ,B2,1.0112,1,1,0,0,0,4,1,1,2,2,P2_single_edge,P2_single_edge|P3_bridge|P4_confusable|P5_b2c1_synset,0,补第二条正式关系，形成最小学习语境,专制；擅断
3554,complainte,NOM,B2,1.0112,1,1,0,0,0,3,1,1,2,3,P2_single_edge,P2_single_edge|P4_confusable|P5_b2c1_synset,0,补第二条正式关系，形成最小学习语境,
3555,caverne,NOM,B2,1.0101,1,0,1,0,0,3,1,1,2,1,P2_single_edge,P2_single_edge|P4_confusable,0,补第二条正式关系，形成最小学习语境,山洞；洞穴
3556,foulard,NOM,B2,1.0096,1,0,1,0,0,5,1,1,0,2,P2_single_edge,P2_single_edge|P3_bridge|P4_confusable,0,补第二条正式关系，形成最小学习语境,丝巾；围巾
3557,betterave,NOM,B2,1.0089,1,0,1,0,0,3,1,0,0,2,P2_single_edge,P2_single_edge|P4_confusable,0,补第二条正式关系，形成最小学习语境,菾菜
3558,praticien,NOM,B2,1.0088,1,0,1,0,0,7,1,1,2,0,P2_single_edge,P2_single_edge|P3_bridge|P4_confusable,0,补第二条正式关系，形成最小学习语境,执业
3559,val,NOM,B2,1.0088,1,1,0,0,0,1,1,4,3,3,P2_single_edge,P2_single_edge|P4_confusable|P5_b2c1_synset,0,补第二条正式关系，形成最小学习语境,
3560,gouverneur,NOM,B2,1.0074,1,1,0,0,0,3,1,1,3,3,P2_single_edge,P2_single_edge|P4_confusable|P5_b2c1_synset,0,补第二条正式关系，形成最小学习语境,州伯；省长
3561,déclencher,VER,B2,1.007,1,0,1,0,0,5,1,0,0,0,P2_single_edge,P2_single_edge|P3_bridge,0,补第二条正式关系，形成最小学习语境,发动；发起
3562,portraire,VER,B2,1.0056,1,1,0,0,0,2,1,0,1,1,P2_single_edge,P2_single_edge|P4_confusable|P5_b2c1_synset,0,补第二条正式关系，形成最小学习语境,
3563,tourne,NOM,B2,1.0042,1,0,1,0,0,4,1,1,3,3,P2_single_edge,P2_single_edge|P3_bridge|P4_confusable,0,补第二条正式关系，形成最小学习语境,
3564,athlétisme,NOM,B2,1.0036,1,0,1,0,0,2,1,1,1,1,P2_single_edge,P2_single_edge|P4_confusable,0,补第二条正式关系，形成最小学习语境,田径；竞技
3565,clause,NOM,B2,1.0034,1,0,1,0,0,1,1,0,2,0,P2_single_edge,P2_single_edge|P4_confusable,0,补第二条正式关系，形成最小学习语境,条文；条款
3566,démener,VER,B2,1.0034,1,0,1,0,0,1,1,1,2,1,P2_single_edge,P2_single_edge|P4_confusable,0,补第二条正式关系，形成最小学习语境,
3567,forteresse,NOM,B2,1.0016,1,0,1,0,0,4,1,2,1,1,P2_single_edge,P2_single_edge|P3_bridge|P4_confusable,0,补第二条正式关系，形成最小学习语境,堡垒；要塞
3568,stagiaire,NOM,B2,1.0016,1,1,0,0,0,1,1,1,1,2,P2_single_edge,P2_single_edge|P4_confusable|P5_b2c1_synset,0,补第二条正式关系，形成最小学习语境,实习生
3569,criard,ADJ,B2,1.0005,1,1,0,0,0,7,1,1,1,1,P2_single_edge,P2_single_edge|P3_bridge|P4_confusable|P5_b2c1_synset,0,补第二条正式关系，形成最小学习语境,大红大绿；花哨
3570,promulguer,VER,B2,0.998,1,0,0,1,0,2,1,0,0,0,P2_single_edge,P2_single_edge,0,补第二条正式关系，形成最小学习语境,公布；发布
3571,baby-sitter,NOM,B2,0.9977,1,0,1,0,0,1,1,0,1,0,P2_single_edge,P2_single_edge|P4_confusable,0,补第二条正式关系，形成最小学习语境,临时保姆；保姆
3572,ellipse,NOM,B2,0.9943,1,0,1,0,0,5,1,0,0,1,P2_single_edge,P2_single_edge|P3_bridge|P4_confusable,0,补第二条正式关系，形成最小学习语境,椭圆；椭圆形
3573,abonner,VER,B2,0.9932,1,1,0,0,0,3,1,1,1,1,P2_single_edge,P2_single_edge|P4_confusable|P5_b2c1_synset,0,补第二条正式关系，形成最小学习语境,订购；认购
3574,pragmatique,ADJ,B2,0.9932,1,0,1,0,0,4,1,0,0,0,P2_single_edge,P2_single_edge|P3_bridge,0,补第二条正式关系，形成最小学习语境,实干；待机
3575,rocher,VER,B2,0.9911,1,1,0,0,0,3,1,1,3,2,P2_single_edge,P2_single_edge|P4_confusable|P5_b2c1_synset,0,补第二条正式关系，形成最小学习语境,石块
3576,dicton,NOM,B2,0.9888,1,0,1,0,0,1,1,1,2,2,P2_single_edge,P2_single_edge|P4_confusable,0,补第二条正式关系，形成最小学习语境,俗语；俗谚
3577,rôtir,VER,B2,0.9864,1,0,1,0,0,6,1,0,2,2,P2_single_edge,P2_single_edge|P3_bridge|P4_confusable,0,补第二条正式关系，形成最小学习语境,灴；炕
3578,catégorique,ADJ,B2,0.9843,1,1,0,0,0,2,1,1,2,2,P2_single_edge,P2_single_edge|P4_confusable|P5_b2c1_synset,0,补第二条正式关系，形成最小学习语境,断然；纯属
3579,clocher,NOM,B2,0.9828,1,1,0,0,0,2,1,1,3,3,P2_single_edge,P2_single_edge|P4_confusable|P5_b2c1_synset,0,补第二条正式关系，形成最小学习语境,钟楼
3580,livide,ADJ,B2,0.9814,1,0,1,0,0,1,1,0,0,1,P2_single_edge,P2_single_edge|P4_confusable,0,补第二条正式关系，形成最小学习语境,苍白；铁青
3581,alarmer,VER,B2,0.9811,1,1,0,0,0,2,1,1,1,3,P2_single_edge,P2_single_edge|P4_confusable|P5_b2c1_synset,0,补第二条正式关系，形成最小学习语境,惊动
3582,forcé,ADJ,B2,0.98,1,1,0,0,0,8,1,1,3,3,P2_single_edge,P2_single_edge|P3_bridge|P4_confusable|P5_b2c1_synset,0,补第二条正式关系，形成最小学习语境,倒逼；牵强
3583,patate,NOM,B2,0.9782,1,0,1,0,0,15,1,0,0,2,P2_single_edge,P2_single_edge|P3_bridge|P4_confusable,0,补第二条正式关系，形成最小学习语境,薯；藷
3584,maternité,NOM,B2,0.978,1,1,0,0,0,4,1,2,3,3,P2_single_edge,P2_single_edge|P3_bridge|P4_confusable|P5_b2c1_synset,0,补第二条正式关系，形成最小学习语境,母性
3585,pédaler,VER,B2,0.9778,1,1,0,0,0,2,1,1,3,1,P2_single_edge,P2_single_edge|P4_confusable|P5_b2c1_synset,0,补第二条正式关系，形成最小学习语境,蹬
3586,surnom,NOM,B2,0.9769,1,1,0,0,0,3,1,1,1,1,P2_single_edge,P2_single_edge|P4_confusable|P5_b2c1_synset,0,补第二条正式关系，形成最小学习语境,别名；外号
3587,immortalité,NOM,B2,0.9711,1,0,1,0,0,3,1,1,1,1,P2_single_edge,P2_single_edge|P4_confusable,0,补第二条正式关系，形成最小学习语境,不死；长生
3588,fouetter,VER,B2,0.9683,1,1,0,0,0,0,0,1,3,1,P2_single_edge,P2_single_edge|P4_confusable,0,补第二条正式关系，形成最小学习语境,击打；扬鞭
3589,rudement,ADV,B2,0.9679,1,1,0,0,0,2,1,0,2,2,P2_single_edge,P2_single_edge|P4_confusable|P5_b2c1_synset,0,补第二条正式关系，形成最小学习语境,着实
3590,coordonner,VER,B2,0.964,1,1,0,0,0,4,1,1,2,3,P2_single_edge,P2_single_edge|P3_bridge|P4_confusable|P5_b2c1_synset,0,补第二条正式关系，形成最小学习语境,协调；照应
3591,prophète,NOM,B2,0.9607,1,0,1,0,0,2,1,0,1,2,P2_single_edge,P2_single_edge|P4_confusable,0,补第二条正式关系，形成最小学习语境,先知
3592,frisé,ADJ,B2,0.96,1,1,0,0,0,4,1,1,3,3,P2_single_edge,P2_single_edge|P3_bridge|P4_confusable|P5_b2c1_synset,0,补第二条正式关系，形成最小学习语境,虬；鬈
3593,infiltrer,VER,B2,0.9563,1,1,0,0,0,5,1,1,3,3,P2_single_edge,P2_single_edge|P3_bridge|P4_confusable|P5_b2c1_synset,0,补第二条正式关系，形成最小学习语境,混进；渗入
3594,corridor,NOM,B2,0.9531,1,0,1,0,0,3,1,0,1,1,P2_single_edge,P2_single_edge|P4_confusable,0,补第二条正式关系，形成最小学习语境,楼道；甬道
3595,proclamer,VER,B2,0.9523,1,0,1,0,0,3,1,1,2,3,P2_single_edge,P2_single_edge|P4_confusable,0,补第二条正式关系，形成最小学习语境,宣告；宣布
3596,ride,NOM,B2,0.9444,1,0,1,0,0,6,1,1,3,3,P2_single_edge,P2_single_edge|P3_bridge|P4_confusable,0,补第二条正式关系，形成最小学习语境,波纹；皱纹
3597,compartiment,NOM,B2,0.9442,1,0,1,0,0,6,1,1,0,0,P2_single_edge,P2_single_edge|P3_bridge,0,补第二条正式关系，形成最小学习语境,包房；包间
3598,étinceler,VER,B2,0.944,1,1,0,0,0,0,0,1,1,1,P2_single_edge,P2_single_edge|P4_confusable,0,补第二条正式关系，形成最小学习语境,闪烁；闪耀
3599,cristal,NOM,B2,0.9385,1,1,0,0,0,5,1,1,1,2,P2_single_edge,P2_single_edge|P3_bridge|P4_confusable|P5_b2c1_synset,0,补第二条正式关系，形成最小学习语境,明澈；晶体
3600,fournisseur,NOM,B2,0.9385,1,1,0,0,0,2,1,1,2,2,P2_single_edge,P2_single_edge|P4_confusable|P5_b2c1_synset,0,补第二条正式关系，形成最小学习语境,供应商；供货商
3601,féminiser,VER,B2,0.9385,1,1,0,0,0,4,1,6,3,3,P2_single_edge,P2_single_edge|P3_bridge|P4_confusable|P5_b2c1_synset,0,补第二条正式关系，形成最小学习语境,女性化
3602,maigre,NOM,B2,0.9301,1,1,0,0,0,4,1,1,3,1,P2_single_edge,P2_single_edge|P3_bridge|P4_confusable|P5_b2c1_synset,0,补第二条正式关系，形成最小学习语境,单薄；微薄
3603,énumérer,VER,B2,0.9238,1,0,1,0,0,1,1,1,2,2,P2_single_edge,P2_single_edge|P4_confusable,0,补第二条正式关系，形成最小学习语境,列举；数一数二
3604,coiffure,NOM,B2,0.916,1,1,0,0,0,3,1,1,2,2,P2_single_edge,P2_single_edge|P4_confusable|P5_b2c1_synset,0,补第二条正式关系，形成最小学习语境,发型；美发
3605,sonorité,NOM,B2,0.9121,1,1,0,0,0,2,1,1,1,1,P2_single_edge,P2_single_edge|P4_confusable|P5_b2c1_synset,0,补第二条正式关系，形成最小学习语境,音响
3606,contemporain,NOM,B2,0.9047,1,0,1,0,0,3,1,1,2,3,P2_single_edge,P2_single_edge|P4_confusable,0,补第二条正式关系，形成最小学习语境,当代；现代
3607,devancer,VER,B2,0.8982,1,0,1,0,0,5,1,2,3,3,P2_single_edge,P2_single_edge|P3_bridge|P4_confusable,0,补第二条正式关系，形成最小学习语境,抢先；胜过
3608,ancre,NOM,B2,0.8921,1,1,0,0,0,7,1,2,3,3,P2_single_edge,P2_single_edge|P3_bridge|P4_confusable|P5_b2c1_synset,0,补第二条正式关系，形成最小学习语境,椗；锚
3609,radar,NOM,B2,0.8921,1,0,1,0,0,3,1,0,0,0,P2_single_edge,P2_single_edge,0,补第二条正式关系，形成最小学习语境,雷达
3610,défectueux,ADJ,B2,0.8899,1,1,0,0,0,2,1,1,3,2,P2_single_edge,P2_single_edge|P4_confusable|P5_b2c1_synset,0,补第二条正式关系，形成最小学习语境,次品；缺损
3611,tracé,NOM,B2,0.8882,1,1,0,0,0,2,1,1,3,3,P2_single_edge,P2_single_edge|P4_confusable|P5_b2c1_synset,0,补第二条正式关系，形成最小学习语境,划线；绘图
3612,battement,NOM,B2,0.8858,1,0,1,0,0,10,1,1,2,1,P2_single_edge,P2_single_edge|P3_bridge|P4_confusable,0,补第二条正式关系，形成最小学习语境,脉动
3613,unanime,ADJ,B2,0.8809,1,1,0,0,0,2,1,1,3,2,P2_single_edge,P2_single_edge|P4_confusable|P5_b2c1_synset,0,补第二条正式关系，形成最小学习语境,一致；一面倒
3614,calculateur,ADJ,B2,0.8742,1,1,0,0,0,1,1,1,3,3,P2_single_edge,P2_single_edge|P4_confusable|P5_b2c1_synset,0,补第二条正式关系，形成最小学习语境,计算计
3615,relativité,NOM,B2,0.8708,1,1,0,0,0,3,1,1,3,3,P2_single_edge,P2_single_edge|P4_confusable|P5_b2c1_synset,0,补第二条正式关系，形成最小学习语境,相对论
3616,pandémie,NOM,B2,0.8585,1,0,1,0,0,2,1,1,2,0,P2_single_edge,P2_single_edge|P4_confusable,0,补第二条正式关系，形成最小学习语境,大流行；瘟疫
3617,coupler,VER,B2,0.8534,1,0,1,0,0,5,1,1,3,1,P2_single_edge,P2_single_edge|P3_bridge|P4_confusable,0,补第二条正式关系，形成最小学习语境,联结；联轴器
3618,navire,NOM,B2,0.8499,1,0,1,0,0,2,1,3,3,3,P2_single_edge,P2_single_edge|P4_confusable,0,补第二条正式关系，形成最小学习语境,船只
3619,fâcheux,ADJ,B2,0.8482,1,1,0,0,0,3,1,1,2,1,P2_single_edge,P2_single_edge|P4_confusable|P5_b2c1_synset,0,补第二条正式关系，形成最小学习语境,尴尬
3620,clan,NOM,B2,0.8481,1,0,1,0,0,7,1,0,2,1,P2_single_edge,P2_single_edge|P3_bridge|P4_confusable,0,补第二条正式关系，形成最小学习语境,一族；大族
3621,conduit,NOM,B2,0.8371,1,0,1,0,0,6,1,1,2,3,P2_single_edge,P2_single_edge|P3_bridge|P4_confusable,0,补第二条正式关系，形成最小学习语境,导管；管路
3622,pilotage,NOM,B2,0.8229,1,1,0,0,0,6,1,1,2,1,P2_single_edge,P2_single_edge|P3_bridge|P4_confusable|P5_b2c1_synset,0,补第二条正式关系，形成最小学习语境,导航
3623,cuisson,NOM,B2,0.8192,1,1,0,0,0,3,1,1,3,2,P2_single_edge,P2_single_edge|P4_confusable|P5_b2c1_synset,0,补第二条正式关系，形成最小学习语境,厨艺；烧煮
3624,poignarder,VER,B2,0.8108,1,1,0,0,0,2,1,1,1,1,P2_single_edge,P2_single_edge|P4_confusable|P5_b2c1_synset,0,补第二条正式关系，形成最小学习语境,击刺；揘毕
3625,importation,NOM,B2,0.8064,1,1,0,0,0,3,1,1,3,3,P2_single_edge,P2_single_edge|P4_confusable|P5_b2c1_synset,0,补第二条正式关系，形成最小学习语境,进口
3626,agacement,NOM,B2,0.8013,1,1,0,0,0,1,1,1,1,1,P2_single_edge,P2_single_edge|P4_confusable|P5_b2c1_synset,0,补第二条正式关系，形成最小学习语境,不适
3627,dogme,NOM,B2,0.8013,1,0,1,0,0,3,1,0,0,1,P2_single_edge,P2_single_edge|P4_confusable,0,补第二条正式关系，形成最小学习语境,信条；教义
3628,producteur,ADJ,B2,0.8013,1,1,0,0,0,1,1,1,3,3,P2_single_edge,P2_single_edge|P4_confusable|P5_b2c1_synset,0,补第二条正式关系，形成最小学习语境,制作人；制片人
3629,analyste,NOM,B2,0.7913,1,1,0,0,0,5,1,1,3,3,P2_single_edge,P2_single_edge|P3_bridge|P4_confusable|P5_b2c1_synset,0,补第二条正式关系，形成最小学习语境,分析家；分析师
3630,appréhender,VER,B2,0.7913,1,0,1,0,0,3,1,1,1,1,P2_single_edge,P2_single_edge|P4_confusable,0,补第二条正式关系，形成最小学习语境,擒获
3631,cantonner,VER,B2,0.7913,1,1,0,0,0,8,1,1,3,1,P2_single_edge,P2_single_edge|P3_bridge|P4_confusable|P5_b2c1_synset,0,补第二条正式关系，形成最小学习语境,驻扎
3632,conducteur,ADJ,B2,0.7913,1,1,0,0,0,2,1,1,1,1,P2_single_edge,P2_single_edge|P4_confusable|P5_b2c1_synset,0,补第二条正式关系，形成最小学习语境,司机；导线
3633,débit,NOM,B2,0.7913,1,1,0,0,0,12,1,1,3,2,P2_single_edge,P2_single_edge|P3_bridge|P4_confusable|P5_b2c1_synset,0,补第二条正式关系，形成最小学习语境,流量；码率
3634,ethnie,NOM,B2,0.7913,1,1,0,0,0,2,1,0,1,1,P2_single_edge,P2_single_edge|P4_confusable|P5_b2c1_synset,0,补第二条正式关系，形成最小学习语境,族
3635,imagerie,NOM,B2,0.7913,1,1,0,0,0,5,1,1,1,1,P2_single_edge,P2_single_edge|P3_bridge|P4_confusable|P5_b2c1_synset,0,补第二条正式关系，形成最小学习语境,意象
3636,incohérence,NOM,B2,0.7913,1,0,1,0,0,1,1,0,2,1,P2_single_edge,P2_single_edge|P4_confusable,0,补第二条正式关系，形成最小学习语境,误区
3637,ingénierie,NOM,B2,0.7913,1,1,0,0,0,1,1,2,3,1,P2_single_edge,P2_single_edge|P4_confusable|P5_b2c1_synset,0,补第二条正式关系，形成最小学习语境,工学；工科
3638,méli-mélo,NOM,B2,0.7913,1,0,1,0,0,1,1,1,1,0,P2_single_edge,P2_single_edge|P4_confusable,0,补第二条正式关系，形成最小学习语境,全家福；大杂烩
3639,pessimiste,ADJ,B2,0.7913,1,0,0,1,0,2,1,0,1,0,P2_single_edge,P2_single_edge|P4_confusable,0,补第二条正式关系，形成最小学习语境,悲观
3640,préface,NOM,B2,0.7913,1,0,1,0,0,4,1,1,1,2,P2_single_edge,P2_single_edge|P3_bridge|P4_confusable,0,补第二条正式关系，形成最小学习语境,刊首语；前言
3641,préliminaire,ADJ,B2,0.7913,1,1,0,0,0,2,1,1,2,2,P2_single_edge,P2_single_edge|P4_confusable|P5_b2c1_synset,0,补第二条正式关系，形成最小学习语境,初步
3642,redoutable,ADJ,B2,0.7913,1,1,0,0,0,1,1,1,1,1,P2_single_edge,P2_single_edge|P4_confusable|P5_b2c1_synset,0,补第二条正式关系，形成最小学习语境,可恶；威猛
3643,simplification,NOM,B2,0.7913,1,1,0,0,0,1,1,2,2,3,P2_single_edge,P2_single_edge|P4_confusable|P5_b2c1_synset,0,补第二条正式关系，形成最小学习语境,简单化
3644,techniquement,ADV,B2,0.7913,1,1,0,0,0,3,1,2,3,3,P2_single_edge,P2_single_edge|P4_confusable|P5_b2c1_synset,0,补第二条正式关系，形成最小学习语境,技术上
3645,vertueux,ADJ,B2,0.7913,1,1,0,0,0,4,1,1,2,1,P2_single_edge,P2_single_edge|P3_bridge|P4_confusable|P5_b2c1_synset,0,补第二条正式关系，形成最小学习语境,酷毙
3646,épauler,VER,B2,0.7913,1,1,0,0,0,6,1,1,1,1,P2_single_edge,P2_single_edge|P3_bridge|P4_confusable|P5_b2c1_synset,0,补第二条正式关系，形成最小学习语境,翊
3647,récréation,NOM,B2,0.7858,1,0,1,0,0,3,1,1,0,1,P2_single_edge,P2_single_edge|P4_confusable,0,补第二条正式关系，形成最小学习语境,游乐
3648,duo,NOM,B2,0.7634,1,0,1,0,0,5,1,1,1,1,P2_single_edge,P2_single_edge|P3_bridge|P4_confusable,0,补第二条正式关系，形成最小学习语境,一对
3649,subvenir,VER,B2,0.744,1,1,0,0,0,2,1,1,2,2,P2_single_edge,P2_single_edge|P4_confusable|P5_b2c1_synset,0,补第二条正式关系，形成最小学习语境,包养
3650,périphérie,NOM,B2,0.7407,1,0,1,0,0,4,1,0,2,0,P2_single_edge,P2_single_edge|P3_bridge|P4_confusable,0,补第二条正式关系，形成最小学习语境,周边；外围
3651,vaisseau,NOM,B2,0.7373,1,0,1,0,0,6,1,1,1,1,P2_single_edge,P2_single_edge|P3_bridge|P4_confusable,0,补第二条正式关系，形成最小学习语境,导管；盛器
3652,artisanat,NOM,B2,0.7367,1,1,0,0,0,4,1,1,3,2,P2_single_edge,P2_single_edge|P3_bridge|P4_confusable|P5_b2c1_synset,0,补第二条正式关系，形成最小学习语境,手艺
3653,bloc-notes,NOM,B2,0.7345,1,0,1,0,0,3,1,1,1,1,P2_single_edge,P2_single_edge|P4_confusable,0,补第二条正式关系，形成最小学习语境,拍纸簿；记事
3654,adjurer,VER,B2,0.7262,1,0,1,0,0,3,1,0,1,1,P2_single_edge,P2_single_edge|P4_confusable,0,补第二条正式关系，形成最小学习语境,
3655,boom,NOM,B2,0.7262,1,0,1,0,0,2,1,0,2,3,P2_single_edge,P2_single_edge|P4_confusable,0,补第二条正式关系，形成最小学习语境,
3656,caniculaire,ADJ,B2,0.7262,1,1,0,0,0,1,1,1,1,1,P2_single_edge,P2_single_edge|P4_confusable|P5_b2c1_synset,0,补第二条正式关系，形成最小学习语境,闷热
3657,déficit,NOM,B2,0.7262,1,0,1,0,0,4,1,0,0,0,P2_single_edge,P2_single_edge|P3_bridge,0,补第二条正式关系，形成最小学习语境,亏损；损失
3658,fustiger,VER,B2,0.7262,1,0,1,0,0,3,1,0,2,1,P2_single_edge,P2_single_edge|P4_confusable,0,补第二条正式关系，形成最小学习语境,苛责
3659,généralisation,NOM,B2,0.7262,1,1,0,0,0,3,1,1,1,1,P2_single_edge,P2_single_edge|P4_confusable|P5_b2c1_synset,0,补第二条正式关系，形成最小学习语境,主流化；使纳入主流
3660,instaurer,VER,B2,0.7262,1,0,1,0,0,1,1,0,2,0,P2_single_edge,P2_single_edge|P4_confusable,0,补第二条正式关系，形成最小学习语境,创立；树立
3661,intentionnellement,ADV,B2,0.7262,1,0,1,0,0,1,1,1,1,0,P2_single_edge,P2_single_edge|P4_confusable,0,补第二条正式关系，形成最小学习语境,存心；成心
3662,linguistique,NOM,B2,0.7262,1,1,0,0,0,1,1,2,2,2,P2_single_edge,P2_single_edge|P4_confusable|P5_b2c1_synset,0,补第二条正式关系，形成最小学习语境,语言；语言学
3663,minoritaire,ADJ,B2,0.7262,1,1,0,0,0,2,1,2,1,2,P2_single_edge,P2_single_edge|P4_confusable|P5_b2c1_synset,0,补第二条正式关系，形成最小学习语境,少数
3664,clivage,NOM,B2,0.725,1,0,1,0,0,3,1,0,1,1,P2_single_edge,P2_single_edge|P4_confusable,0,补第二条正式关系，形成最小学习语境,
3665,libéral,NOM,B2,0.725,1,1,0,0,0,3,1,1,3,3,P2_single_edge,P2_single_edge|P4_confusable|P5_b2c1_synset,0,补第二条正式关系，形成最小学习语境,开通；慷慨
3666,potentiel,ADJ,B2,0.725,1,1,0,0,0,3,1,1,1,1,P2_single_edge,P2_single_edge|P4_confusable|P5_b2c1_synset,0,补第二条正式关系，形成最小学习语境,有希望；潜力
3667,périmètre,NOM,B2,0.725,1,0,1,0,0,5,1,1,1,2,P2_single_edge,P2_single_edge|P3_bridge|P4_confusable,0,补第二条正式关系，形成最小学习语境,方圆
3668,initié,NOM,B2,0.7219,1,0,1,0,0,3,1,1,1,1,P2_single_edge,P2_single_edge|P4_confusable,0,补第二条正式关系，形成最小学习语境,知情人
3669,poudrer,VER,B2,0.7219,1,1,0,0,0,2,1,1,3,3,P2_single_edge,P2_single_edge|P4_confusable|P5_b2c1_synset,0,补第二条正式关系，形成最小学习语境,擦
3670,scinder,VER,B2,0.7219,1,0,1,0,0,1,1,0,0,0,P2_single_edge,P2_single_edge,0,补第二条正式关系，形成最小学习语境,分裂
3671,croquer,VER,B2,0.7202,1,0,1,0,0,10,1,1,2,1,P2_single_edge,P2_single_edge|P3_bridge|P4_confusable,0,补第二条正式关系，形成最小学习语境,龈
3672,gracieux,ADJ,B2,0.7202,1,0,0,1,0,4,1,1,3,3,P2_single_edge,P2_single_edge|P3_bridge|P4_confusable,0,补第二条正式关系，形成最小学习语境,优美；优雅
3673,interférence,NOM,B2,0.7202,1,1,0,0,0,3,1,1,2,1,P2_single_edge,P2_single_edge|P4_confusable|P5_b2c1_synset,0,补第二条正式关系，形成最小学习语境,干扰
3674,opérationnel,ADJ,B2,0.7202,1,1,0,0,0,3,1,1,3,2,P2_single_edge,P2_single_edge|P4_confusable|P5_b2c1_synset,0,补第二条正式关系，形成最小学习语境,营运
3675,raffinerie,NOM,B2,0.7202,1,1,0,0,0,2,1,1,2,2,P2_single_edge,P2_single_edge|P4_confusable|P5_b2c1_synset,0,补第二条正式关系，形成最小学习语境,炼油厂
3676,réorganisation,NOM,B2,0.7202,1,1,0,0,0,1,1,1,3,1,P2_single_edge,P2_single_edge|P4_confusable|P5_b2c1_synset,0,补第二条正式关系，形成最小学习语境,改制
3677,spécialisation,NOM,B2,0.7202,1,1,0,0,0,1,1,1,2,2,P2_single_edge,P2_single_edge|P4_confusable|P5_b2c1_synset,0,补第二条正式关系，形成最小学习语境,专业化
3678,tonalité,NOM,B2,0.7202,1,0,1,0,0,5,1,1,1,2,P2_single_edge,P2_single_edge|P3_bridge|P4_confusable,0,补第二条正式关系，形成最小学习语境,音调
3679,étroitement,ADV,B2,0.7202,1,0,1,0,0,5,1,2,1,1,P2_single_edge,P2_single_edge|P3_bridge|P4_confusable,0,补第二条正式关系，形成最小学习语境,紧紧
3680,adage,NOM,B2,0.7167,1,0,1,0,0,2,1,0,1,0,P2_single_edge,P2_single_edge|P4_confusable,0,补第二条正式关系，形成最小学习语境,常言；格言
3681,répression,NOM,B2,0.7167,1,1,0,0,0,0,0,1,2,3,P2_single_edge,P2_single_edge|P4_confusable,0,补第二条正式关系，形成最小学习语境,痛击
3682,anesthésique,ADJ,B2,0.7155,1,1,0,0,0,1,1,1,2,2,P2_single_edge,P2_single_edge|P4_confusable|P5_b2c1_synset,0,补第二条正式关系，形成最小学习语境,麻醉药
3683,kit,NOM,B2,0.7155,1,0,1,0,0,2,1,0,1,1,P2_single_edge,P2_single_edge|P4_confusable,0,补第二条正式关系，形成最小学习语境,套件；套装
3684,académicien,NOM,B2,0.7154,1,1,0,0,0,3,1,1,2,2,P2_single_edge,P2_single_edge|P4_confusable|P5_b2c1_synset,0,补第二条正式关系，形成最小学习语境,院士
3685,flacon,NOM,B2,0.7154,1,0,1,0,0,1,1,0,1,0,P2_single_edge,P2_single_edge|P4_confusable,0,补第二条正式关系，形成最小学习语境,瓶
3686,gelé,ADJ,B2,0.7154,1,0,1,0,0,4,1,1,3,3,P2_single_edge,P2_single_edge|P3_bridge|P4_confusable,0,补第二条正式关系，形成最小学习语境,冱；冽
3687,multicolore,ADJ,B2,0.7118,1,0,0,1,0,1,1,0,1,1,P2_single_edge,P2_single_edge|P4_confusable,0,补第二条正式关系，形成最小学习语境,七彩；五彩
3688,vigilance,NOM,B2,0.7118,1,0,1,0,0,2,1,1,1,1,P2_single_edge,P2_single_edge|P4_confusable,0,补第二条正式关系，形成最小学习语境,戒心；监测
3689,aggraver,VER,B2,0.7115,1,0,0,1,0,3,1,2,0,2,P2_single_edge,P2_single_edge|P4_confusable,0,补第二条正式关系，形成最小学习语境,加剧；变坏
3690,ci-dessus,ADV,B2,0.7115,1,0,0,1,0,1,1,1,3,1,P2_single_edge,P2_single_edge|P4_confusable,0,补第二条正式关系，形成最小学习语境,上个；上头
3691,concrètement,ADV,B2,0.7115,1,0,1,0,0,1,1,2,3,3,P2_single_edge,P2_single_edge|P4_confusable,0,补第二条正式关系，形成最小学习语境,实际上
3692,dépendant,ADJ,B2,0.7115,1,0,0,1,0,5,1,2,3,3,P2_single_edge,P2_single_edge|P3_bridge|P4_confusable,0,补第二条正式关系，形成最小学习语境,扎扎实实
3693,extinction,NOM,B2,0.7115,1,0,1,0,0,4,1,0,1,2,P2_single_edge,P2_single_edge|P3_bridge|P4_confusable,0,补第二条正式关系，形成最小学习语境,灭绝
3694,montagnard,ADJ,B2,0.7115,1,0,1,0,0,11,1,0,1,1,P2_single_edge,P2_single_edge|P3_bridge|P4_confusable,0,补第二条正式关系，形成最小学习语境,攀山家
3695,pivot,NOM,B2,0.7115,1,0,1,0,0,9,1,0,0,2,P2_single_edge,P2_single_edge|P3_bridge|P4_confusable,0,补第二条正式关系，形成最小学习语境,轴；铰
3696,expressif,ADJ,B2,0.7094,1,1,0,0,0,3,1,1,3,1,P2_single_edge,P2_single_edge|P4_confusable|P5_b2c1_synset,0,补第二条正式关系，形成最小学习语境,传神；有声有色
3697,instantanément,ADV,B2,0.7094,1,0,1,0,0,1,1,1,2,3,P2_single_edge,P2_single_edge|P4_confusable,0,补第二条正式关系，形成最小学习语境,即刻
3698,instruire,VER,B2,0.7094,1,1,0,0,0,6,1,1,3,3,P2_single_edge,P2_single_edge|P3_bridge|P4_confusable|P5_b2c1_synset,0,补第二条正式关系，形成最小学习语境,开示；指授
3699,maçonnerie,NOM,B2,0.7094,1,1,0,0,0,3,1,1,2,2,P2_single_edge,P2_single_edge|P4_confusable|P5_b2c1_synset,0,补第二条正式关系，形成最小学习语境,泥水
3700,portail,NOM,B2,0.7094,1,1,0,0,0,6,1,0,0,0,P2_single_edge,P2_single_edge|P3_bridge|P5_b2c1_synset,0,补第二条正式关系，形成最小学习语境,大门；大门口
3701,virilité,NOM,B2,0.7094,1,1,0,0,0,0,0,1,2,2,P2_single_edge,P2_single_edge|P4_confusable,0,补第二条正式关系，形成最小学习语境,阳刚
3702,astrologue,NOM,B2,0.7091,1,0,1,0,0,1,1,1,1,1,P2_single_edge,P2_single_edge|P4_confusable,0,补第二条正式关系，形成最小学习语境,星家；星相家
3703,enchantement,NOM,B2,0.7091,1,0,0,1,0,2,1,1,3,2,P2_single_edge,P2_single_edge|P4_confusable,0,补第二条正式关系，形成最小学习语境,魔法
3704,laïque,ADJ,B2,0.7091,1,0,1,0,0,1,1,0,2,1,P2_single_edge,P2_single_edge|P4_confusable,0,补第二条正式关系，形成最小学习语境,世俗；入世
3705,vénérable,ADJ,B2,0.7091,1,1,0,0,0,6,1,1,2,1,P2_single_edge,P2_single_edge|P3_bridge|P4_confusable|P5_b2c1_synset,0,补第二条正式关系，形成最小学习语境,可敬
3706,approvisionner,VER,B2,0.7085,1,1,0,0,0,4,1,1,1,1,P2_single_edge,P2_single_edge|P3_bridge|P4_confusable|P5_b2c1_synset,0,补第二条正式关系，形成最小学习语境,供应；供给
3707,bureaucratique,ADJ,B2,0.7085,1,1,0,0,0,1,1,1,1,1,P2_single_edge,P2_single_edge|P4_confusable|P5_b2c1_synset,0,补第二条正式关系，形成最小学习语境,官僚
3708,coexistence,NOM,B2,0.7085,1,0,1,0,0,1,1,1,3,3,P2_single_edge,P2_single_edge|P4_confusable,0,补第二条正式关系，形成最小学习语境,两立；共处
3709,confrère,NOM,B2,0.7085,1,1,0,0,0,2,1,1,3,0,P2_single_edge,P2_single_edge|P4_confusable|P5_b2c1_synset,0,补第二条正式关系，形成最小学习语境,会友；同业
3710,illicite,ADJ,B2,0.7085,1,0,1,0,0,1,1,1,1,1,P2_single_edge,P2_single_edge|P4_confusable,0,补第二条正式关系，形成最小学习语境,不法；非法
3711,insecticide,NOM,B2,0.7085,1,0,1,0,0,4,1,1,2,1,P2_single_edge,P2_single_edge|P3_bridge|P4_confusable,0,补第二条正式关系，形成最小学习语境,杀虫；杀虫剂
3712,léser,VER,B2,0.7085,1,1,0,0,0,2,1,0,2,3,P2_single_edge,P2_single_edge|P4_confusable|P5_b2c1_synset,0,补第二条正式关系，形成最小学习语境,触犯
3713,médiation,NOM,B2,0.7085,1,1,0,0,0,4,1,3,3,0,P2_single_edge,P2_single_edge|P3_bridge|P4_confusable|P5_b2c1_synset,0,补第二条正式关系，形成最小学习语境,劝解；调解
3714,pénurie,NOM,B2,0.7085,1,0,1,0,0,3,1,0,0,0,P2_single_edge,P2_single_edge,0,补第二条正式关系，形成最小学习语境,贫乏
3715,terrorisme,NOM,B2,0.7085,1,1,0,0,0,2,1,1,3,3,P2_single_edge,P2_single_edge|P4_confusable|P5_b2c1_synset,0,补第二条正式关系，形成最小学习语境,恐怖主义
3716,aisément,ADV,B2,0.7068,1,0,1,0,0,1,1,1,2,1,P2_single_edge,P2_single_edge|P4_confusable,0,补第二条正式关系，形成最小学习语境,容易
3717,dérision,NOM,B2,0.7068,1,1,0,0,0,1,1,2,1,0,P2_single_edge,P2_single_edge|P4_confusable|P5_b2c1_synset,0,补第二条正式关系，形成最小学习语境,嘲弄
3718,inimaginable,ADJ,B2,0.7068,1,0,1,0,0,1,1,1,2,2,P2_single_edge,P2_single_edge|P4_confusable,0,补第二条正式关系，形成最小学习语境,不可思议；匪夷所思
3719,radin,NOM,B2,0.7068,1,0,1,0,0,4,1,0,3,3,P2_single_edge,P2_single_edge|P3_bridge|P4_confusable,0,补第二条正式关系，形成最小学习语境,悭吝；手紧
3720,honorable,ADJ,B2,0.7048,1,1,0,0,0,6,1,1,1,1,P2_single_edge,P2_single_edge|P3_bridge|P4_confusable|P5_b2c1_synset,0,补第二条正式关系，形成最小学习语境,体面；光彩
3721,imbécile,ADJ,B2,0.7048,1,0,1,0,0,4,1,0,1,1,P2_single_edge,P2_single_edge|P3_bridge|P4_confusable,0,补第二条正式关系，形成最小学习语境,低能；傻叉
3722,blessé,ADJ,B2,0.7046,1,1,0,0,0,0,0,1,3,3,P2_single_edge,P2_single_edge|P4_confusable,0,补第二条正式关系，形成最小学习语境,伤员；伤感
3723,faïence,NOM,B2,0.7046,1,0,1,0,0,3,1,0,0,1,P2_single_edge,P2_single_edge|P4_confusable,0,补第二条正式关系，形成最小学习语境,坵
3724,régulariser,VER,B2,0.7031,1,1,0,0,0,2,1,1,1,1,P2_single_edge,P2_single_edge|P4_confusable|P5_b2c1_synset,0,补第二条正式关系，形成最小学习语境,调节
3725,bilatéral,ADJ,B2,0.7027,1,0,0,1,0,4,1,1,3,2,P2_single_edge,P2_single_edge|P3_bridge|P4_confusable,0,补第二条正式关系，形成最小学习语境,双边
3726,huitaine,NOM,B2,0.7027,1,0,1,0,0,3,1,1,3,1,P2_single_edge,P2_single_edge|P4_confusable,0,补第二条正式关系，形成最小学习语境,一周
3727,impeccable,ADJ,B2,0.7027,1,0,1,0,0,3,1,0,0,1,P2_single_edge,P2_single_edge|P4_confusable,0,补第二条正式关系，形成最小学习语境,一尘不染；冰清玉洁
3728,dictée,NOM,B2,0.7026,1,1,0,0,0,3,1,1,1,3,P2_single_edge,P2_single_edge|P4_confusable|P5_b2c1_synset,0,补第二条正式关系，形成最小学习语境,口述
3729,pourpre,NOM,B2,0.7026,1,0,1,0,0,0,0,1,1,1,P2_single_edge,P2_single_edge|P4_confusable,0,补第二条正式关系，形成最小学习语境,紫色
3730,poussiéreux,ADJ,B2,0.7026,1,1,0,0,0,2,1,1,1,1,P2_single_edge,P2_single_edge|P4_confusable|P5_b2c1_synset,0,补第二条正式关系，形成最小学习语境,尘封
3731,dégainer,VER,B2,0.7019,1,1,0,0,0,5,1,1,3,0,P2_single_edge,P2_single_edge|P3_bridge|P4_confusable|P5_b2c1_synset,0,补第二条正式关系，形成最小学习语境,出鞘
3732,entraver,VER,B2,0.7014,1,0,1,0,0,5,1,0,1,3,P2_single_edge,P2_single_edge|P3_bridge|P4_confusable,0,补第二条正式关系，形成最小学习语境,妨碍；束缚
3733,avant-bras,NOM,B2,0.7013,1,1,0,0,0,2,1,1,1,0,P2_single_edge,P2_single_edge|P4_confusable|P5_b2c1_synset,0,补第二条正式关系，形成最小学习语境,前臂
3734,cube,NOM,B2,0.7013,1,0,1,0,0,8,1,0,1,0,P2_single_edge,P2_single_edge|P3_bridge|P4_confusable,0,补第二条正式关系，形成最小学习语境,方块；立方
3735,dédaigner,VER,B2,0.7013,1,0,1,0,0,1,1,0,2,0,P2_single_edge,P2_single_edge|P4_confusable,0,补第二条正式关系，形成最小学习语境,傲视；回绝
3736,hétérogène,ADJ,B2,0.7013,1,0,0,1,0,4,1,0,2,2,P2_single_edge,P2_single_edge|P3_bridge|P4_confusable,0,补第二条正式关系，形成最小学习语境,不均匀；异类
3737,inconscient,NOM,B2,0.7013,1,0,0,1,0,3,1,2,3,3,P2_single_edge,P2_single_edge|P4_confusable,0,补第二条正式关系，形成最小学习语境,不自觉；无意识
3738,indissoluble,ADJ,B2,0.7013,1,1,0,0,0,1,1,0,1,1,P2_single_edge,P2_single_edge|P4_confusable|P5_b2c1_synset,0,补第二条正式关系，形成最小学习语境,不解
3739,immuable,ADJ,B2,0.7004,1,0,0,1,0,3,1,1,0,1,P2_single_edge,P2_single_edge|P4_confusable,0,补第二条正式关系，形成最小学习语境,一成不变；不变
3740,mitiger,VER,B2,0.7004,1,0,1,0,0,4,1,0,1,2,P2_single_edge,P2_single_edge|P3_bridge|P4_confusable,0,补第二条正式关系，形成最小学习语境,放宽
3741,faucher,VER,B2,0.6985,1,0,1,0,0,8,1,1,2,2,P2_single_edge,P2_single_edge|P3_bridge|P4_confusable,0,补第二条正式关系，形成最小学习语境,偷走；打倒
3742,interdisciplinaire,ADJ,B2,0.6985,1,1,0,0,0,1,1,0,0,0,P2_single_edge,P2_single_edge|P5_b2c1_synset,0,补第二条正式关系，形成最小学习语境,跨领域
3743,retraité,ADJ,B2,0.6985,1,1,0,0,0,1,1,1,3,3,P2_single_edge,P2_single_edge|P4_confusable|P5_b2c1_synset,0,补第二条正式关系，形成最小学习语境,离休；退休人
3744,constructif,ADJ,B2,0.698,1,1,0,0,0,3,1,1,3,2,P2_single_edge,P2_single_edge|P4_confusable|P5_b2c1_synset,0,补第二条正式关系，形成最小学习语境,建设性
3745,dix,NOM,B2,0.6978,1,1,0,0,0,6,1,3,3,1,P2_single_edge,P2_single_edge|P3_bridge|P4_confusable|P5_b2c1_synset,0,补第二条正式关系，形成最小学习语境,几个
3746,incalculable,ADJ,B2,0.6976,1,0,1,0,0,3,1,1,3,3,P2_single_edge,P2_single_edge|P4_confusable,0,补第二条正式关系，形成最小学习语境,数不清
3747,jogging,NOM,B2,0.6976,1,0,1,0,0,2,1,0,1,2,P2_single_edge,P2_single_edge|P4_confusable,0,补第二条正式关系，形成最小学习语境,慢跑
3748,monstruosité,NOM,B2,0.6976,1,1,0,0,0,3,1,1,2,2,P2_single_edge,P2_single_edge|P4_confusable|P5_b2c1_synset,0,补第二条正式关系，形成最小学习语境,异物；鬼怪
3749,perturbation,NOM,B2,0.6976,1,1,0,0,0,6,1,0,1,1,P2_single_edge,P2_single_edge|P3_bridge|P4_confusable|P5_b2c1_synset,0,补第二条正式关系，形成最小学习语境,风波
3750,revêtement,NOM,B2,0.6976,1,1,0,0,0,5,1,1,3,3,P2_single_edge,P2_single_edge|P3_bridge|P4_confusable|P5_b2c1_synset,0,补第二条正式关系，形成最小学习语境,路面
3751,sauvegarde,NOM,B2,0.6976,1,1,0,0,0,10,1,1,2,1,P2_single_edge,P2_single_edge|P3_bridge|P4_confusable|P5_b2c1_synset,0,补第二条正式关系，形成最小学习语境,养护；备份
3752,sexualité,NOM,B2,0.6976,1,1,0,0,0,2,1,0,2,3,P2_single_edge,P2_single_edge|P4_confusable|P5_b2c1_synset,0,补第二条正式关系，形成最小学习语境,性
3753,sexy,ADJ,B2,0.6976,1,0,1,0,0,3,1,0,2,3,P2_single_edge,P2_single_edge|P4_confusable,0,补第二条正式关系，形成最小学习语境,性感；火辣
3754,tyran,NOM,B2,0.6976,1,1,0,0,0,6,1,0,1,2,P2_single_edge,P2_single_edge|P3_bridge|P4_confusable|P5_b2c1_synset,0,补第二条正式关系，形成最小学习语境,暴君；霸王
3755,visa,NOM,B2,0.6976,1,1,0,0,0,6,1,0,0,0,P2_single_edge,P2_single_edge|P3_bridge|P5_b2c1_synset,0,补第二条正式关系，形成最小学习语境,威士；签证
3756,douteux,ADJ,B2,0.6971,1,0,1,0,0,7,1,1,3,3,P2_single_edge,P2_single_edge|P3_bridge|P4_confusable,0,补第二条正式关系，形成最小学习语境,不可靠；不明不白
3757,déverser,VER,B2,0.6971,1,0,1,0,0,4,1,1,1,1,P2_single_edge,P2_single_edge|P3_bridge|P4_confusable,0,补第二条正式关系，形成最小学习语境,排入；注入
3758,salarial,ADJ,B2,0.6971,1,1,0,0,0,1,1,0,2,2,P2_single_edge,P2_single_edge|P4_confusable|P5_b2c1_synset,0,补第二条正式关系，形成最小学习语境,工资
3759,chèrement,ADV,B2,0.6965,1,1,0,0,0,2,1,1,1,3,P2_single_edge,P2_single_edge|P4_confusable|P5_b2c1_synset,0,补第二条正式关系，形成最小学习语境,深深地
3760,cinq,NOM,B2,0.6965,1,1,0,0,0,4,1,3,3,0,P2_single_edge,P2_single_edge|P3_bridge|P4_confusable|P5_b2c1_synset,0,补第二条正式关系，形成最小学习语境,五；伍
3761,moderne,NOM,B2,0.6965,1,0,0,1,0,3,1,3,1,3,P2_single_edge,P2_single_edge|P4_confusable,0,补第二条正式关系，形成最小学习语境,摩登；新潮
3762,spontané,ADJ,B2,0.6965,1,0,1,0,0,5,1,1,2,1,P2_single_edge,P2_single_edge|P3_bridge|P4_confusable,0,补第二条正式关系，形成最小学习语境,主动；油然而生
3763,vite,ADJ,B2,0.6952,1,1,0,0,0,1,1,0,3,2,P2_single_edge,P2_single_edge|P4_confusable|P5_b2c1_synset,0,补第二条正式关系，形成最小学习语境,一溜烟；立时
3764,brigand,NOM,B2,0.6951,1,0,1,0,0,2,1,0,2,0,P2_single_edge,P2_single_edge|P4_confusable,0,补第二条正式关系，形成最小学习语境,土匪；山贼
3765,colporteur,NOM,B2,0.6943,1,0,1,0,0,2,1,0,1,2,P2_single_edge,P2_single_edge|P4_confusable,0,补第二条正式关系，形成最小学习语境,商贩；贩子
3766,hypocrite,ADJ,B2,0.6943,1,1,0,0,0,2,1,0,2,3,P2_single_edge,P2_single_edge|P4_confusable|P5_b2c1_synset,0,补第二条正式关系，形成最小学习语境,乡愿；虚伪
3767,locomotive,NOM,B2,0.6943,1,0,1,0,0,3,1,0,2,0,P2_single_edge,P2_single_edge|P4_confusable,0,补第二条正式关系，形成最小学习语境,机车；火车头
3768,sensationnel,ADJ,B2,0.6943,1,1,0,0,0,0,0,1,1,1,P2_single_edge,P2_single_edge|P4_confusable,0,补第二条正式关系，形成最小学习语境,惊天动地
3769,disgrâce,NOM,B2,0.6921,1,1,0,0,0,4,1,1,1,1,P2_single_edge,P2_single_edge|P3_bridge|P4_confusable|P5_b2c1_synset,0,补第二条正式关系，形成最小学习语境,不幸
3770,primaire,NOM,B2,0.6904,1,1,0,0,0,7,1,2,2,2,P2_single_edge,P2_single_edge|P3_bridge|P4_confusable|P5_b2c1_synset,0,补第二条正式关系，形成最小学习语境,主要；初次
3771,hypocrite,NOM,B2,0.6898,1,0,1,0,0,1,1,0,3,3,P2_single_edge,P2_single_edge|P4_confusable,0,补第二条正式关系，形成最小学习语境,乡愿；虚伪
3772,blanc,NOM,B2,0.6897,1,0,0,1,0,30,1,3,3,3,P2_single_edge,P2_single_edge|P3_bridge|P4_confusable,0,补第二条正式关系，形成最小学习语境,白人；白色
3773,constructeur,ADJ,B2,0.6893,1,1,0,0,0,1,1,1,3,3,P2_single_edge,P2_single_edge|P4_confusable|P5_b2c1_synset,0,补第二条正式关系，形成最小学习语境,制造者；建设者
3774,inculquer,VER,B2,0.6893,1,0,1,0,0,1,1,0,1,0,P2_single_edge,P2_single_edge|P4_confusable,0,补第二条正式关系，形成最小学习语境,灌注；灌输
3775,indemnisation,NOM,B2,0.6892,1,1,0,0,0,2,1,1,3,3,P2_single_edge,P2_single_edge|P4_confusable|P5_b2c1_synset,0,补第二条正式关系，形成最小学习语境,补偿费
3776,coter,VER,B2,0.6891,1,1,0,0,0,7,1,1,3,3,P2_single_edge,P2_single_edge|P3_bridge|P4_confusable|P5_b2c1_synset,0,补第二条正式关系，形成最小学习语境,报价
3777,fastueux,ADJ,B2,0.6891,1,0,1,0,0,2,1,1,3,1,P2_single_edge,P2_single_edge|P4_confusable,0,补第二条正式关系，形成最小学习语境,奢华
3778,infaillible,ADJ,B2,0.6891,1,0,1,0,0,3,1,1,0,0,P2_single_edge,P2_single_edge,0,补第二条正式关系，形成最小学习语境,万全
3779,unifier,VER,B2,0.6891,1,1,0,0,0,1,1,0,1,3,P2_single_edge,P2_single_edge|P4_confusable|P5_b2c1_synset,0,补第二条正式关系，形成最小学习语境,一统；统一
3780,assèchement,NOM,B2,0.688,1,1,0,0,0,2,1,1,1,1,P2_single_edge,P2_single_edge|P4_confusable|P5_b2c1_synset,0,补第二条正式关系，形成最小学习语境,排水
3781,spéculer,VER,B2,0.688,1,1,0,0,0,3,1,0,1,1,P2_single_edge,P2_single_edge|P4_confusable|P5_b2c1_synset,0,补第二条正式关系，形成最小学习语境,倒买倒卖；倒卖
3782,dépliant,NOM,B2,0.6867,1,1,0,0,0,2,1,1,1,2,P2_single_edge,P2_single_edge|P4_confusable|P5_b2c1_synset,0,补第二条正式关系，形成最小学习语境,说明书
3783,épuisant,ADJ,B2,0.6867,1,1,0,0,0,1,1,1,3,3,P2_single_edge,P2_single_edge|P4_confusable|P5_b2c1_synset,0,补第二条正式关系，形成最小学习语境,费劲
3784,stationnement,NOM,B2,0.6864,1,1,0,0,0,4,1,2,1,2,P2_single_edge,P2_single_edge|P3_bridge|P4_confusable|P5_b2c1_synset,0,补第二条正式关系，形成最小学习语境,停车场
3785,ferraille,NOM,B2,0.6859,1,0,1,0,0,3,1,1,0,1,P2_single_edge,P2_single_edge|P4_confusable,0,补第二条正式关系，形成最小学习语境,
3786,faubourg,NOM,B2,0.6857,1,0,1,0,0,3,1,1,1,2,P2_single_edge,P2_single_edge|P4_confusable,0,补第二条正式关系，形成最小学习语境,市郊；郊区
3787,noix,NOM,B2,0.6853,1,0,1,0,0,19,1,0,2,3,P2_single_edge,P2_single_edge|P3_bridge|P4_confusable,0,补第二条正式关系，形成最小学习语境,核桃；胡桃
3788,programmable,ADJ,B2,0.6853,1,1,0,0,0,1,1,1,3,2,P2_single_edge,P2_single_edge|P4_confusable|P5_b2c1_synset,0,补第二条正式关系，形成最小学习语境,可编程
3789,anxieux,ADJ,B2,0.684,1,1,0,0,0,2,1,1,1,2,P2_single_edge,P2_single_edge|P4_confusable|P5_b2c1_synset,0,补第二条正式关系，形成最小学习语境,㤽㤽；急于
3790,gomme,NOM,B2,0.684,1,1,0,0,0,8,1,1,1,2,P2_single_edge,P2_single_edge|P3_bridge|P4_confusable|P5_b2c1_synset,0,补第二条正式关系，形成最小学习语境,口香糖；擦子
3791,mélangé,ADJ,B2,0.6835,1,0,0,1,0,2,1,1,2,2,P2_single_edge,P2_single_edge|P4_confusable,0,补第二条正式关系，形成最小学习语境,均质层
3792,bienveillance,NOM,B2,0.6825,1,0,1,0,0,1,1,2,2,1,P2_single_edge,P2_single_edge|P4_confusable,0,补第二条正式关系，形成最小学习语境,仁爱；善心
3793,méprisable,ADJ,B2,0.6825,1,1,0,0,0,2,1,1,3,3,P2_single_edge,P2_single_edge|P4_confusable|P5_b2c1_synset,0,补第二条正式关系，形成最小学习语境,下三滥；卑鄙
3794,procuration,NOM,B2,0.6824,1,1,0,0,0,2,1,1,1,1,P2_single_edge,P2_single_edge|P4_confusable|P5_b2c1_synset,0,补第二条正式关系，形成最小学习语境,委任；委托书
3795,veuf,ADJ,B2,0.6824,1,0,0,1,0,2,1,0,2,2,P2_single_edge,P2_single_edge|P4_confusable,0,补第二条正式关系，形成最小学习语境,寡
3796,engueuler,VER,B2,0.6817,1,0,1,0,0,4,1,1,1,0,P2_single_edge,P2_single_edge|P3_bridge|P4_confusable,0,补第二条正式关系，形成最小学习语境,结梁子；责骂
3797,ironie,NOM,B2,0.6817,1,1,0,0,0,4,1,1,1,1,P2_single_edge,P2_single_edge|P3_bridge|P4_confusable|P5_b2c1_synset,0,补第二条正式关系，形成最小学习语境,讽刺
3798,instantané,NOM,B2,0.6813,1,0,1,0,0,4,1,1,3,2,P2_single_edge,P2_single_edge|P3_bridge|P4_confusable,0,补第二条正式关系，形成最小学习语境,快照；瞬时
3799,roc,NOM,B2,0.6805,1,0,1,0,0,4,1,4,0,2,P2_single_edge,P2_single_edge|P3_bridge|P4_confusable,0,补第二条正式关系，形成最小学习语境,石块；磐石
3800,tombant,ADJ,B2,0.6802,1,1,0,0,0,4,1,1,0,2,P2_single_edge,P2_single_edge|P3_bridge|P4_confusable|P5_b2c1_synset,0,补第二条正式关系，形成最小学习语境,低垂
3801,bombarder,VER,B2,0.6796,1,1,0,0,0,5,1,1,2,0,P2_single_edge,P2_single_edge|P3_bridge|P4_confusable|P5_b2c1_synset,0,补第二条正式关系，形成最小学习语境,炮轰；轰炸
3802,clochette,NOM,B2,0.6796,1,1,0,0,0,6,1,1,3,3,P2_single_edge,P2_single_edge|P3_bridge|P4_confusable|P5_b2c1_synset,0,补第二条正式关系，形成最小学习语境,铃铛
3803,enchanteur,NOM,B2,0.6796,1,0,1,0,0,3,1,1,3,2,P2_single_edge,P2_single_edge|P4_confusable,0,补第二条正式关系，形成最小学习语境,妖娆；绮丽
3804,affairer,VER,B2,0.6778,1,1,0,0,0,4,1,1,3,1,P2_single_edge,P2_single_edge|P3_bridge|P4_confusable|P5_b2c1_synset,0,补第二条正式关系，形成最小学习语境,忙碌
3805,reparler,VER,B2,0.6778,1,1,0,0,0,2,1,2,2,2,P2_single_edge,P2_single_edge|P4_confusable|P5_b2c1_synset,0,补第二条正式关系，形成最小学习语境,再说
3806,débouché,NOM,B2,0.6777,1,1,0,0,0,5,1,1,1,3,P2_single_edge,P2_single_edge|P3_bridge|P4_confusable|P5_b2c1_synset,0,补第二条正式关系，形成最小学习语境,出路；去路
3807,hebdomadaire,NOM,B2,0.6772,1,0,0,1,0,1,1,0,1,1,P2_single_edge,P2_single_edge|P4_confusable,0,补第二条正式关系，形成最小学习语境,周刊；周报
3808,distant,ADJ,B2,0.6771,1,0,0,1,0,3,1,1,3,2,P2_single_edge,P2_single_edge|P4_confusable,0,补第二条正式关系，形成最小学习语境,悠然；辽远
3809,dépeindre,VER,B2,0.6771,1,0,1,0,0,2,1,0,1,0,P2_single_edge,P2_single_edge|P4_confusable,0,补第二条正式关系，形成最小学习语境,刻画；描写
3810,latitude,NOM,B2,0.6771,1,0,1,0,0,5,1,0,3,3,P2_single_edge,P2_single_edge|P3_bridge|P4_confusable,0,补第二条正式关系，形成最小学习语境,纬
3811,semis,NOM,B2,0.6771,1,1,0,0,0,6,1,1,2,1,P2_single_edge,P2_single_edge|P3_bridge|P4_confusable|P5_b2c1_synset,0,补第二条正式关系，形成最小学习语境,苗木
3812,clinique,NOM,B2,0.6764,1,1,0,0,0,4,1,0,2,1,P2_single_edge,P2_single_edge|P3_bridge|P4_confusable|P5_b2c1_synset,0,补第二条正式关系，形成最小学习语境,临床；倩碧
3813,suppléant,ADJ,B2,0.6764,1,0,0,1,0,1,1,1,1,3,P2_single_edge,P2_single_edge|P4_confusable,0,补第二条正式关系，形成最小学习语境,替身
3814,rente,NOM,B2,0.6763,1,1,0,0,0,6,1,3,1,1,P2_single_edge,P2_single_edge|P3_bridge|P4_confusable|P5_b2c1_synset,0,补第二条正式关系，形成最小学习语境,年金
3815,ôter,VER,B2,0.6763,1,0,1,0,0,5,1,0,0,1,P2_single_edge,P2_single_edge|P3_bridge|P4_confusable,0,补第二条正式关系，形成最小学习语境,夺走；揭开
3816,souper,VER,B2,0.6762,1,1,0,0,0,2,1,1,1,1,P2_single_edge,P2_single_edge|P4_confusable|P5_b2c1_synset,0,补第二条正式关系，形成最小学习语境,夜宵；夜消
3817,masser,VER,B2,0.6753,1,1,0,0,0,7,1,0,2,2,P2_single_edge,P2_single_edge|P3_bridge|P4_confusable|P5_b2c1_synset,0,补第二条正式关系，形成最小学习语境,堆积；摩挲
3818,acclamation,NOM,B2,0.675,1,1,0,0,0,2,1,1,1,2,P2_single_edge,P2_single_edge|P4_confusable|P5_b2c1_synset,0,补第二条正式关系，形成最小学习语境,嗷；讙
3819,comprimé,NOM,B2,0.675,1,0,1,0,0,1,1,0,3,3,P2_single_edge,P2_single_edge|P4_confusable,0,补第二条正式关系，形成最小学习语境,片剂
3820,contre-courant,NOM,B2,0.675,1,1,0,0,0,2,1,2,2,1,P2_single_edge,P2_single_edge|P4_confusable|P5_b2c1_synset,0,补第二条正式关系，形成最小学习语境,逆流
3821,dénouement,NOM,B2,0.675,1,1,0,0,0,3,1,1,2,1,P2_single_edge,P2_single_edge|P4_confusable|P5_b2c1_synset,0,补第二条正式关系，形成最小学习语境,收场；结尾
3822,astronomie,NOM,B2,0.6742,1,1,0,0,0,1,1,1,3,2,P2_single_edge,P2_single_edge|P4_confusable|P5_b2c1_synset,0,补第二条正式关系，形成最小学习语境,天文；天文学
3823,complot,NOM,B2,0.6741,1,1,0,0,0,1,1,1,1,1,P2_single_edge,P2_single_edge|P4_confusable|P5_b2c1_synset,0,补第二条正式关系，形成最小学习语境,情节；阴谋
3824,friser,VER,B2,0.6741,1,1,0,0,0,7,1,1,3,1,P2_single_edge,P2_single_edge|P3_bridge|P4_confusable|P5_b2c1_synset,0,补第二条正式关系，形成最小学习语境,卷曲；掠过
3825,mésaventure,NOM,B2,0.6741,1,1,0,0,0,0,0,1,0,1,P2_single_edge,P2_single_edge|P4_confusable,0,补第二条正式关系，形成最小学习语境,不测；差池
3826,annales,NOM,B2,0.6734,1,0,1,0,0,3,1,1,0,3,P2_single_edge,P2_single_edge|P4_confusable,0,补第二条正式关系，形成最小学习语境,大事记；年鉴
3827,ébranler,VER,B2,0.6734,1,0,0,1,0,0,0,2,2,2,P2_single_edge,P2_single_edge|P4_confusable,0,补第二条正式关系，形成最小学习语境,动摇；哄动
3828,dedans,NOM,B2,0.6726,1,0,0,1,0,2,1,1,2,2,P2_single_edge,P2_single_edge|P4_confusable,0,补第二条正式关系，形成最小学习语境,在内；里边
3829,inestimable,ADJ,B2,0.6722,1,0,1,0,0,1,1,1,2,1,P2_single_edge,P2_single_edge|P4_confusable,0,补第二条正式关系，形成最小学习语境,无价
3830,agilité,NOM,B2,0.6721,1,1,0,0,0,4,1,1,3,2,P2_single_edge,P2_single_edge|P3_bridge|P4_confusable|P5_b2c1_synset,0,补第二条正式关系，形成最小学习语境,伶俐
3831,articuler,VER,B2,0.6721,1,0,1,0,0,3,1,0,3,2,P2_single_edge,P2_single_edge|P4_confusable,0,补第二条正式关系，形成最小学习语境,发音
3832,assortir,VER,B2,0.6721,1,1,0,0,0,5,1,1,3,3,P2_single_edge,P2_single_edge|P3_bridge|P4_confusable|P5_b2c1_synset,0,补第二条正式关系，形成最小学习语境,搭配；相配
3833,battant,ADJ,B2,0.6721,1,1,0,0,0,6,1,1,2,2,P2_single_edge,P2_single_edge|P3_bridge|P4_confusable|P5_b2c1_synset,0,补第二条正式关系，形成最小学习语境,扇
3834,dinosaure,NOM,B2,0.6721,1,0,1,0,0,4,1,0,1,0,P2_single_edge,P2_single_edge|P3_bridge|P4_confusable,0,补第二条正式关系，形成最小学习语境,亚洲近颌龙；恐龙
3835,drainer,VER,B2,0.6721,1,0,1,0,0,2,1,0,3,2,P2_single_edge,P2_single_edge|P4_confusable,0,补第二条正式关系，形成最小学习语境,宣泄；引入
3836,dévaloriser,VER,B2,0.6721,1,0,0,1,0,1,1,1,3,2,P2_single_edge,P2_single_edge|P4_confusable,0,补第二条正式关系，形成最小学习语境,贬低
3837,hypocrisie,NOM,B2,0.6721,1,1,0,0,0,4,1,0,2,2,P2_single_edge,P2_single_edge|P3_bridge|P4_confusable|P5_b2c1_synset,0,补第二条正式关系，形成最小学习语境,假意；虚伪
3838,inné,ADJ,B2,0.6721,1,0,1,0,0,3,1,1,0,2,P2_single_edge,P2_single_edge|P4_confusable,0,补第二条正式关系，形成最小学习语境,与生俱来；先天
3839,raccorder,VER,B2,0.6721,1,1,0,0,0,2,1,1,3,2,P2_single_edge,P2_single_edge|P4_confusable|P5_b2c1_synset,0,补第二条正式关系，形成最小学习语境,胶接
3840,utilitaire,ADJ,B2,0.6721,1,1,0,0,0,3,1,1,2,2,P2_single_edge,P2_single_edge|P4_confusable|P5_b2c1_synset,0,补第二条正式关系，形成最小学习语境,公用事业
3841,vacant,ADJ,B2,0.6721,1,0,1,0,0,4,1,1,3,0,P2_single_edge,P2_single_edge|P3_bridge|P4_confusable,0,补第二条正式关系，形成最小学习语境,暂缺；空余
3842,électroménager,ADJ,B2,0.6721,1,1,0,0,0,1,1,2,1,1,P2_single_edge,P2_single_edge|P4_confusable|P5_b2c1_synset,0,补第二条正式关系，形成最小学习语境,家用电器；家电
3843,incinération,NOM,B2,0.6717,1,0,1,0,0,2,1,0,1,1,P2_single_edge,P2_single_edge|P4_confusable,0,补第二条正式关系，形成最小学习语境,火化
3844,nuageux,ADJ,B2,0.6701,1,1,0,0,0,2,1,1,2,1,P2_single_edge,P2_single_edge|P4_confusable|P5_b2c1_synset,0,补第二条正式关系，形成最小学习语境,多云；阴晦
3845,écrasé,ADJ,B2,0.6701,1,1,0,0,0,2,1,1,3,3,P2_single_edge,P2_single_edge|P4_confusable|P5_b2c1_synset,0,补第二条正式关系，形成最小学习语境,挠败
3846,fendre,VER,B2,0.6699,1,1,0,0,0,4,1,1,1,1,P2_single_edge,P2_single_edge|P3_bridge|P4_confusable|P5_b2c1_synset,0,补第二条正式关系，形成最小学习语境,劈开
3847,piller,VER,B2,0.6699,1,0,1,0,0,5,1,0,3,1,P2_single_edge,P2_single_edge|P3_bridge|P4_confusable,0,补第二条正式关系，形成最小学习语境,打劫；抢劫
3848,affectation,NOM,B2,0.6695,1,1,0,0,0,8,1,1,1,3,P2_single_edge,P2_single_edge|P3_bridge|P4_confusable|P5_b2c1_synset,0,补第二条正式关系，形成最小学习语境,友爱；委任
3849,massacrer,VER,B2,0.6695,1,0,1,0,0,6,1,0,3,2,P2_single_edge,P2_single_edge|P3_bridge|P4_confusable,0,补第二条正式关系，形成最小学习语境,杀害；杀戮
3850,cinéphile,NOM,B2,0.6693,1,1,0,0,0,1,1,1,0,0,P2_single_edge,P2_single_edge|P5_b2c1_synset,0,补第二条正式关系，形成最小学习语境,影迷
3851,commandant,NOM,B2,0.6693,1,1,0,0,0,4,1,1,1,3,P2_single_edge,P2_single_edge|P3_bridge|P4_confusable|P5_b2c1_synset,0,补第二条正式关系，形成最小学习语境,司令；指挥
3852,bananier,NOM,B2,0.6689,1,1,0,0,0,2,1,1,2,3,P2_single_edge,P2_single_edge|P4_confusable|P5_b2c1_synset,0,补第二条正式关系，形成最小学习语境,野蕉
3853,débrouillard,ADJ,B2,0.6689,1,1,0,0,0,1,1,1,2,2,P2_single_edge,P2_single_edge|P4_confusable|P5_b2c1_synset,0,补第二条正式关系，形成最小学习语境,智多星；机伶
3854,stupeur,NOM,B2,0.6671,1,0,1,0,0,2,1,5,0,2,P2_single_edge,P2_single_edge|P4_confusable,0,补第二条正式关系，形成最小学习语境,惊愕
3855,collant,NOM,B2,0.6665,1,0,1,0,0,2,1,1,1,1,P2_single_edge,P2_single_edge|P4_confusable,0,补第二条正式关系，形成最小学习语境,紧身；黏答答
3856,cervelle,NOM,B2,0.6659,1,0,1,0,0,4,1,1,1,0,P2_single_edge,P2_single_edge|P3_bridge|P4_confusable,0,补第二条正式关系，形成最小学习语境,脑
3857,tripe,NOM,B2,0.6659,1,0,1,0,0,9,1,0,3,3,P2_single_edge,P2_single_edge|P3_bridge|P4_confusable,0,补第二条正式关系，形成最小学习语境,百叶
3858,attribution,NOM,B2,0.6658,1,1,0,0,0,5,1,1,3,3,P2_single_edge,P2_single_edge|P3_bridge|P4_confusable|P5_b2c1_synset,0,补第二条正式关系，形成最小学习语境,归因
3859,bouclé,ADJ,B2,0.6658,1,1,0,0,0,3,1,1,2,3,P2_single_edge,P2_single_edge|P4_confusable|P5_b2c1_synset,0,补第二条正式关系，形成最小学习语境,鬈
3860,paillette,NOM,B2,0.6658,1,1,0,0,0,7,1,1,1,0,P2_single_edge,P2_single_edge|P3_bridge|P4_confusable|P5_b2c1_synset,0,补第二条正式关系，形成最小学习语境,金葱粉
3861,parader,VER,B2,0.6653,1,1,0,0,0,3,1,1,3,3,P2_single_edge,P2_single_edge|P4_confusable|P5_b2c1_synset,0,补第二条正式关系，形成最小学习语境,招摇
3862,transit,NOM,B2,0.6653,1,1,0,0,0,5,1,3,3,3,P2_single_edge,P2_single_edge|P3_bridge|P4_confusable|P5_b2c1_synset,0,补第二条正式关系，形成最小学习语境,过境
3863,organisateur,ADJ,B2,0.6652,1,1,0,0,0,1,1,0,3,1,P2_single_edge,P2_single_edge|P4_confusable|P5_b2c1_synset,0,补第二条正式关系，形成最小学习语境,召集人；组织者
3864,soupir,NOM,B2,0.6652,1,1,0,0,0,2,1,1,2,2,P2_single_edge,P2_single_edge|P4_confusable|P5_b2c1_synset,0,补第二条正式关系，形成最小学习语境,叹气
3865,torche,NOM,B2,0.6651,1,0,1,0,0,10,1,0,0,1,P2_single_edge,P2_single_edge|P3_bridge|P4_confusable,0,补第二条正式关系，形成最小学习语境,火把；火炬
3866,impératrice,NOM,B2,0.6648,1,1,0,0,0,3,1,2,3,3,P2_single_edge,P2_single_edge|P4_confusable|P5_b2c1_synset,0,补第二条正式关系，形成最小学习语境,女皇；娘娘
3867,aboiement,NOM,B2,0.6647,1,1,0,0,0,3,1,1,0,1,P2_single_edge,P2_single_edge|P4_confusable|P5_b2c1_synset,0,补第二条正式关系，形成最小学习语境,汪
3868,logistique,NOM,B2,0.6645,1,0,1,0,0,3,1,1,2,3,P2_single_edge,P2_single_edge|P4_confusable,0,补第二条正式关系，形成最小学习语境,后勤；物流
3869,affectionner,VER,B2,0.6644,1,1,0,0,0,1,1,1,3,2,P2_single_edge,P2_single_edge|P4_confusable|P5_b2c1_synset,0,补第二条正式关系，形成最小学习语境,爱
3870,légendaire,ADJ,B2,0.6644,1,1,0,0,0,3,1,1,1,1,P2_single_edge,P2_single_edge|P4_confusable|P5_b2c1_synset,0,补第二条正式关系，形成最小学习语境,传奇
3871,splendeur,NOM,B2,0.6644,1,1,0,0,0,4,1,1,2,3,P2_single_edge,P2_single_edge|P3_bridge|P4_confusable|P5_b2c1_synset,0,补第二条正式关系，形成最小学习语境,光华；光辉
3872,nounou,NOM,B2,0.6635,1,0,1,0,0,4,1,1,1,0,P2_single_edge,P2_single_edge|P3_bridge|P4_confusable,0,补第二条正式关系，形成最小学习语境,保姆；育儿嫂
3873,collectif,NOM,B2,0.6634,1,1,0,0,0,3,1,2,3,3,P2_single_edge,P2_single_edge|P4_confusable|P5_b2c1_synset,0,补第二条正式关系，形成最小学习语境,集体
3874,doux,NOM,B2,0.6634,1,1,0,0,0,1,1,3,2,3,P2_single_edge,P2_single_edge|P4_confusable|P5_b2c1_synset,0,补第二条正式关系，形成最小学习语境,优柔；和善
3875,enquêter,VER,B2,0.6634,1,1,0,0,0,1,1,1,2,1,P2_single_edge,P2_single_edge|P4_confusable|P5_b2c1_synset,0,补第二条正式关系，形成最小学习语境,勘测；探求
3876,malchance,NOM,B2,0.6632,1,0,1,0,0,1,1,1,0,0,P2_single_edge,P2_single_edge,0,补第二条正式关系，形成最小学习语境,倒运；厄运
3877,observatoire,NOM,B2,0.6613,1,1,0,0,0,3,1,1,3,3,P2_single_edge,P2_single_edge|P4_confusable|P5_b2c1_synset,0,补第二条正式关系，形成最小学习语境,监测所
3878,préservatif,NOM,B2,0.6613,1,1,0,0,0,2,1,1,2,2,P2_single_edge,P2_single_edge|P4_confusable|P5_b2c1_synset,0,补第二条正式关系，形成最小学习语境,如意套；安全套
3879,manne,NOM,B2,0.6605,1,0,1,0,0,12,1,0,3,2,P2_single_edge,P2_single_edge|P3_bridge|P4_confusable,0,补第二条正式关系，形成最小学习语境,箩；篓
3880,omniprésent,ADJ,B2,0.6605,1,0,0,1,0,1,1,2,0,0,P2_single_edge,P2_single_edge,0,补第二条正式关系，形成最小学习语境,无所不在
3881,favorablement,ADV,B2,0.6597,1,1,0,0,0,1,1,1,1,1,P2_single_edge,P2_single_edge|P4_confusable|P5_b2c1_synset,0,补第二条正式关系，形成最小学习语境,顺利
3882,sondeur,NOM,B2,0.6597,1,0,1,0,0,3,1,1,2,1,P2_single_edge,P2_single_edge|P4_confusable,0,补第二条正式关系，形成最小学习语境,探测器
3883,pendule,NOM,B2,0.6595,1,0,1,0,0,4,1,1,0,0,P2_single_edge,P2_single_edge|P3_bridge,0,补第二条正式关系，形成最小学习语境,摆；钟
3884,pudique,ADJ,B2,0.6595,1,1,0,0,0,1,1,0,2,1,P2_single_edge,P2_single_edge|P4_confusable|P5_b2c1_synset,0,补第二条正式关系，形成最小学习语境,腼
3885,impératif,ADJ,B2,0.6593,1,1,0,0,0,3,1,3,3,3,P2_single_edge,P2_single_edge|P4_confusable|P5_b2c1_synset,0,补第二条正式关系，形成最小学习语境,势在必行；急迫
3886,radicalement,ADV,B2,0.6593,1,1,0,0,0,1,1,0,2,2,P2_single_edge,P2_single_edge|P4_confusable|P5_b2c1_synset,0,补第二条正式关系，形成最小学习语境,澈底
3887,référentiel,ADJ,B2,0.6575,1,1,0,0,0,1,1,0,0,2,P2_single_edge,P2_single_edge|P4_confusable|P5_b2c1_synset,0,补第二条正式关系，形成最小学习语境,参考系
3888,inexpérimenté,ADJ,B2,0.6566,1,1,0,0,0,1,1,1,0,0,P2_single_edge,P2_single_edge|P5_b2c1_synset,0,补第二条正式关系，形成最小学习语境,新手；涉世未深
3889,approximativement,ADV,B2,0.6561,1,0,1,0,0,1,1,0,0,0,P2_single_edge,P2_single_edge,0,补第二条正式关系，形成最小学习语境,内外；大约
3890,bouleversant,ADJ,B2,0.6561,1,1,0,0,0,1,1,1,3,2,P2_single_edge,P2_single_edge|P4_confusable|P5_b2c1_synset,0,补第二条正式关系，形成最小学习语境,惊天动地；惊心动魄
3891,militantisme,NOM,B2,0.6561,1,1,0,0,0,1,1,1,2,1,P2_single_edge,P2_single_edge|P4_confusable|P5_b2c1_synset,0,补第二条正式关系，形成最小学习语境,
3892,nouvellement,ADV,B2,0.6561,1,0,1,0,0,1,1,2,2,1,P2_single_edge,P2_single_edge|P4_confusable,0,补第二条正式关系，形成最小学习语境,新
3893,rituel,ADJ,B2,0.6556,1,1,0,0,0,2,1,1,3,3,P2_single_edge,P2_single_edge|P4_confusable|P5_b2c1_synset,0,补第二条正式关系，形成最小学习语境,仪式；法事
3894,fourrer,VER,B2,0.6546,1,0,1,0,0,11,1,2,3,3,P2_single_edge,P2_single_edge|P3_bridge|P4_confusable,0,补第二条正式关系，形成最小学习语境,填满；引入
3895,popularité,NOM,B2,0.6542,1,1,0,0,0,2,1,1,2,2,P2_single_edge,P2_single_edge|P4_confusable|P5_b2c1_synset,0,补第二条正式关系，形成最小学习语境,人心；人气
3896,aventurier,ADJ,B2,0.6537,1,1,0,0,0,1,1,1,3,2,P2_single_edge,P2_single_edge|P4_confusable|P5_b2c1_synset,0,补第二条正式关系，形成最小学习语境,冒险者
3897,deux,NOM,B2,0.6533,1,0,1,0,0,6,1,3,3,2,P2_single_edge,P2_single_edge|P3_bridge|P4_confusable,0,补第二条正式关系，形成最小学习语境,两；二
3898,comique,NOM,B2,0.6522,1,0,1,0,0,5,1,0,2,3,P2_single_edge,P2_single_edge|P3_bridge|P4_confusable,0,补第二条正式关系，形成最小学习语境,喜感；好笑
3899,emprisonnement,NOM,B2,0.6519,1,1,0,0,0,1,1,1,3,1,P2_single_edge,P2_single_edge|P4_confusable|P5_b2c1_synset,0,补第二条正式关系，形成最小学习语境,有期徒刑；牢狱之灾
3900,incessant,ADJ,B2,0.6519,1,0,1,0,0,1,1,1,2,0,P2_single_edge,P2_single_edge|P4_confusable,0,补第二条正式关系，形成最小学习语境,不停
3901,utile,NOM,B2,0.6519,1,1,0,0,0,1,1,8,2,2,P2_single_edge,P2_single_edge|P4_confusable|P5_b2c1_synset,0,补第二条正式关系，形成最小学习语境,好用；有助
3902,inconcevable,ADJ,B2,0.6511,1,1,0,0,0,3,1,1,0,0,P2_single_edge,P2_single_edge|P5_b2c1_synset,0,补第二条正式关系，形成最小学习语境,不可思议；不堪设想
3903,démasquer,VER,B2,0.6508,1,0,1,0,0,4,1,1,2,1,P2_single_edge,P2_single_edge|P3_bridge|P4_confusable,0,补第二条正式关系，形成最小学习语境,东窗事发；揭破
3904,hanté,ADJ,B2,0.6508,1,1,0,0,0,1,1,1,3,3,P2_single_edge,P2_single_edge|P4_confusable|P5_b2c1_synset,0,补第二条正式关系，形成最小学习语境,不干净
3905,handicapé,NOM,B2,0.6507,1,1,0,0,0,1,1,0,3,3,P2_single_edge,P2_single_edge|P4_confusable|P5_b2c1_synset,0,补第二条正式关系，形成最小学习语境,伤残；残疾人
3906,chausson,NOM,B2,0.6502,1,0,1,0,0,6,1,1,3,2,P2_single_edge,P2_single_edge|P3_bridge|P4_confusable,0,补第二条正式关系，形成最小学习语境,布鞋；拖鞋
3907,indicible,ADJ,B2,0.6502,1,0,1,0,0,1,1,0,2,1,P2_single_edge,P2_single_edge|P4_confusable,0,补第二条正式关系，形成最小学习语境,难言
3908,ridiculiser,VER,B2,0.6502,1,1,0,0,0,1,1,0,2,2,P2_single_edge,P2_single_edge|P4_confusable|P5_b2c1_synset,0,补第二条正式关系，形成最小学习语境,嘲讽；摆了一道
3909,rougeâtre,ADJ,B2,0.6502,1,0,1,0,0,1,1,2,2,3,P2_single_edge,P2_single_edge|P4_confusable,0,补第二条正式关系，形成最小学习语境,彤
3910,ramper,VER,B2,0.6499,1,1,0,0,0,3,1,2,2,3,P2_single_edge,P2_single_edge|P4_confusable|P5_b2c1_synset,0,补第二条正式关系，形成最小学习语境,匍匐；爬行
3911,ravissant,ADJ,B2,0.6499,1,1,0,0,0,1,1,1,2,2,P2_single_edge,P2_single_edge|P4_confusable|P5_b2c1_synset,0,补第二条正式关系，形成最小学习语境,引人入胜；明媚
3912,conscrit,NOM,B2,0.6485,1,0,1,0,0,5,1,1,3,2,P2_single_edge,P2_single_edge|P3_bridge|P4_confusable,0,补第二条正式关系，形成最小学习语境,新兵
3913,frottement,NOM,B2,0.6485,1,1,0,0,0,5,1,1,1,0,P2_single_edge,P2_single_edge|P3_bridge|P4_confusable|P5_b2c1_synset,0,补第二条正式关系，形成最小学习语境,不和；摩擦
3914,profiler,VER,B2,0.6485,1,1,0,0,0,5,1,1,3,3,P2_single_edge,P2_single_edge|P3_bridge|P4_confusable|P5_b2c1_synset,0,补第二条正式关系，形成最小学习语境,侧写
3915,vibrer,VER,B2,0.6485,1,1,0,0,0,3,1,0,2,1,P2_single_edge,P2_single_edge|P4_confusable|P5_b2c1_synset,0,补第二条正式关系，形成最小学习语境,振动；震动
3916,enlèvement,NOM,B2,0.6479,1,1,0,0,0,4,1,2,1,1,P2_single_edge,P2_single_edge|P3_bridge|P4_confusable|P5_b2c1_synset,0,补第二条正式关系，形成最小学习语境,除去
3917,introuvable,ADJ,B2,0.6479,1,1,0,0,0,1,1,1,0,0,P2_single_edge,P2_single_edge|P5_b2c1_synset,0,补第二条正式关系，形成最小学习语境,未找到
3918,clown,NOM,B2,0.6477,1,0,1,0,0,3,1,0,3,2,P2_single_edge,P2_single_edge|P4_confusable,0,补第二条正式关系，形成最小学习语境,小丑
3919,sucrerie,NOM,B2,0.6471,1,0,1,0,0,4,1,1,2,2,P2_single_edge,P2_single_edge|P3_bridge|P4_confusable,0,补第二条正式关系，形成最小学习语境,甜甜；糕点
3920,suprématie,NOM,B2,0.6471,1,1,0,0,0,1,1,0,2,1,P2_single_edge,P2_single_edge|P4_confusable|P5_b2c1_synset,0,补第二条正式关系，形成最小学习语境,用优先购买权所购物品；至高
3921,traître,ADJ,B2,0.6471,1,0,0,1,0,5,1,0,1,2,P2_single_edge,P2_single_edge|P3_bridge|P4_confusable,0,补第二条正式关系，形成最小学习语境,奸
3922,formalité,NOM,B2,0.6469,1,1,0,0,0,2,1,1,3,3,P2_single_edge,P2_single_edge|P4_confusable|P5_b2c1_synset,0,补第二条正式关系，形成最小学习语境,手续；礼节
3923,erroné,ADJ,B2,0.6465,1,0,0,1,0,1,1,1,1,3,P2_single_edge,P2_single_edge|P4_confusable,0,补第二条正式关系，形成最小学习语境,不对；不正确
3924,protecteur,ADJ,B2,0.6465,1,1,0,0,0,1,1,1,3,2,P2_single_edge,P2_single_edge|P4_confusable|P5_b2c1_synset,0,补第二条正式关系，形成最小学习语境,卫士
3925,haricot,NOM,B2,0.646,1,0,1,0,0,4,1,0,0,1,P2_single_edge,P2_single_edge|P3_bridge|P4_confusable,0,补第二条正式关系，形成最小学习语境,籽实
3926,disséminer,VER,B2,0.6454,1,0,0,1,0,1,1,1,2,1,P2_single_edge,P2_single_edge|P4_confusable,0,补第二条正式关系，形成最小学习语境,流
3927,tolérant,ADJ,B2,0.6454,1,1,0,0,0,3,1,1,3,3,P2_single_edge,P2_single_edge|P4_confusable|P5_b2c1_synset,0,补第二条正式关系，形成最小学习语境,包容；大量
3928,pompier,ADJ,B2,0.6449,1,1,0,0,0,0,0,1,2,3,P2_single_edge,P2_single_edge|P4_confusable,0,补第二条正式关系，形成最小学习语境,
3929,sept,NOM,B2,0.6449,1,1,0,0,0,5,1,1,2,3,P2_single_edge,P2_single_edge|P3_bridge|P4_confusable|P5_b2c1_synset,0,补第二条正式关系，形成最小学习语境,七；柒
3930,égoïste,NOM,B2,0.6432,1,1,0,0,0,1,1,0,3,2,P2_single_edge,P2_single_edge|P4_confusable|P5_b2c1_synset,0,补第二条正式关系，形成最小学习语境,自私
3931,humanisme,NOM,B2,0.6428,1,1,0,0,0,2,1,1,3,3,P2_single_edge,P2_single_edge|P4_confusable|P5_b2c1_synset,0,补第二条正式关系，形成最小学习语境,人本；人道主义
3932,brouillon,ADJ,B2,0.6398,1,0,1,0,0,2,1,1,3,3,P2_single_edge,P2_single_edge|P4_confusable,0,补第二条正式关系，形成最小学习语境,底子；文稿
3933,aversion,NOM,B2,0.6395,1,0,0,1,0,2,1,1,2,2,P2_single_edge,P2_single_edge|P4_confusable,0,补第二条正式关系，形成最小学习语境,反感；看不惯
3934,navigateur,NOM,B2,0.6395,1,1,0,0,0,5,1,1,3,3,P2_single_edge,P2_single_edge|P3_bridge|P4_confusable|P5_b2c1_synset,0,补第二条正式关系，形成最小学习语境,浏览器
3935,maritime,ADJ,B2,0.6391,1,0,1,0,0,4,1,1,0,0,P2_single_edge,P2_single_edge|P3_bridge,0,补第二条正式关系，形成最小学习语境,海事
3936,chut,NOM,B2,0.6378,1,0,0,1,0,2,1,0,2,3,P2_single_edge,P2_single_edge|P4_confusable,0,补第二条正式关系，形成最小学习语境,嘘
3937,insinuer,VER,B2,0.6378,1,0,1,0,0,4,1,0,1,2,P2_single_edge,P2_single_edge|P3_bridge|P4_confusable,0,补第二条正式关系，形成最小学习语境,隐射
3938,intonation,NOM,B2,0.6373,1,0,1,0,0,5,1,1,0,0,P2_single_edge,P2_single_edge|P3_bridge,0,补第二条正式关系，形成最小学习语境,声调
3939,apposer,VER,B2,0.636,1,0,1,0,0,4,1,1,1,1,P2_single_edge,P2_single_edge|P3_bridge|P4_confusable,0,补第二条正式关系，形成最小学习语境,盖
3940,contagion,NOM,B2,0.636,1,1,0,0,0,0,0,1,1,1,P2_single_edge,P2_single_edge|P4_confusable,0,补第二条正式关系，形成最小学习语境,传染；感染
3941,délégation,NOM,B2,0.636,1,1,0,0,0,5,1,1,1,0,P2_single_edge,P2_single_edge|P3_bridge|P4_confusable|P5_b2c1_synset,0,补第二条正式关系，形成最小学习语境,一行；代表团
3942,monopoliser,VER,B2,0.636,1,1,0,0,0,1,1,0,1,1,P2_single_edge,P2_single_edge|P4_confusable|P5_b2c1_synset,0,补第二条正式关系，形成最小学习语境,包办
3943,oppression,NOM,B2,0.636,1,0,1,0,0,4,1,1,1,3,P2_single_edge,P2_single_edge|P3_bridge|P4_confusable,0,补第二条正式关系，形成最小学习语境,压迫；迫害
3944,rudimentaire,ADJ,B2,0.636,1,0,1,0,0,2,1,0,0,1,P2_single_edge,P2_single_edge|P4_confusable,0,补第二条正式关系，形成最小学习语境,乡气；低级
3945,teint,NOM,B2,0.6353,1,1,0,0,0,2,1,1,2,3,P2_single_edge,P2_single_edge|P4_confusable|P5_b2c1_synset,0,补第二条正式关系，形成最小学习语境,容颜；肤色
3946,veine,NOM,B2,0.6353,1,0,1,0,0,9,1,0,2,0,P2_single_edge,P2_single_edge|P3_bridge|P4_confusable,0,补第二条正式关系，形成最小学习语境,才气；青筋
3947,anormal,NOM,B2,0.6344,1,1,0,0,0,2,1,1,3,3,P2_single_edge,P2_single_edge|P4_confusable|P5_b2c1_synset,0,补第二条正式关系，形成最小学习语境,不正常；不规范
3948,simple,NOM,B2,0.6339,1,1,0,0,0,8,1,4,2,2,P2_single_edge,P2_single_edge|P3_bridge|P4_confusable|P5_b2c1_synset,0,补第二条正式关系，形成最小学习语境,单打；单纯
3949,pendant,NOM,B2,0.6322,1,1,0,0,0,5,1,1,0,0,P2_single_edge,P2_single_edge|P3_bridge|P5_b2c1_synset,0,补第二条正式关系，形成最小学习语境,当儿
3950,cancan,NOM,B2,0.6306,1,0,1,0,0,5,1,0,3,2,P2_single_edge,P2_single_edge|P3_bridge|P4_confusable,0,补第二条正式关系，形成最小学习语境,闲话
3951,mécontentement,NOM,B2,0.6306,1,1,0,0,0,1,1,1,2,2,P2_single_edge,P2_single_edge|P4_confusable|P5_b2c1_synset,0,补第二条正式关系，形成最小学习语境,怨气
3952,noeud,NOM,B2,0.6306,1,1,0,0,0,0,0,0,0,1,P2_single_edge,P2_single_edge|P4_confusable,0,补第二条正式关系，形成最小学习语境,交点；木节
3953,beau-père,NOM,B2,0.6289,1,1,0,0,0,2,1,2,2,0,P2_single_edge,P2_single_edge|P4_confusable|P5_b2c1_synset,0,补第二条正式关系，形成最小学习语境,丈人；义父
3954,randonneur,NOM,B2,0.6287,1,1,0,0,0,1,1,1,2,0,P2_single_edge,P2_single_edge|P4_confusable|P5_b2c1_synset,0,补第二条正式关系，形成最小学习语境,漫步者
3955,écorcher,VER,B2,0.6281,1,0,1,0,0,9,1,1,1,1,P2_single_edge,P2_single_edge|P3_bridge|P4_confusable,0,补第二条正式关系，形成最小学习语境,剥皮
3956,suer,VER,B2,0.6279,1,1,0,0,0,6,1,1,2,1,P2_single_edge,P2_single_edge|P3_bridge|P4_confusable|P5_b2c1_synset,0,补第二条正式关系，形成最小学习语境,出汗；流汗
3957,loupe,NOM,B2,0.6276,1,0,1,0,0,8,1,0,2,1,P2_single_edge,P2_single_edge|P3_bridge|P4_confusable,0,补第二条正式关系，形成最小学习语境,放大镜
3958,tir,NOM,B2,0.6275,1,0,1,0,0,9,1,1,2,3,P2_single_edge,P2_single_edge|P3_bridge|P4_confusable,0,补第二条正式关系，形成最小学习语境,射击
3959,autocar,NOM,B2,0.6273,1,0,1,0,0,1,1,0,2,0,P2_single_edge,P2_single_edge|P4_confusable,0,补第二条正式关系，形成最小学习语境,客车；旅游车
3960,coïncider,VER,B2,0.6261,1,1,0,0,0,3,1,1,1,1,P2_single_edge,P2_single_edge|P4_confusable|P5_b2c1_synset,0,补第二条正式关系，形成最小学习语境,吻合；相符
3961,influer,VER,B2,0.6261,1,1,0,0,0,3,1,1,3,0,P2_single_edge,P2_single_edge|P4_confusable|P5_b2c1_synset,0,补第二条正式关系，形成最小学习语境,有影响
3962,physiologie,NOM,B2,0.6261,1,1,0,0,0,4,1,0,1,1,P2_single_edge,P2_single_edge|P3_bridge|P4_confusable|P5_b2c1_synset,0,补第二条正式关系，形成最小学习语境,生理；生理学
3963,électrode,NOM,B2,0.6261,1,0,1,0,0,1,1,0,3,1,P2_single_edge,P2_single_edge|P4_confusable,0,补第二条正式关系，形成最小学习语境,电极
3964,dingue,ADJ,B2,0.623,1,0,1,0,0,4,1,0,3,0,P2_single_edge,P2_single_edge|P3_bridge|P4_confusable,0,补第二条正式关系，形成最小学习语境,疯子
3965,turbulent,ADJ,B2,0.623,1,0,0,1,0,2,1,1,1,1,P2_single_edge,P2_single_edge|P4_confusable,0,补第二条正式关系，形成最小学习语境,沺
3966,cueillette,NOM,B2,0.6225,1,1,0,0,0,5,1,1,3,1,P2_single_edge,P2_single_edge|P3_bridge|P4_confusable|P5_b2c1_synset,0,补第二条正式关系，形成最小学习语境,采摘
3967,orphelin,NOM,B2,0.6205,1,1,0,0,0,3,1,1,2,2,P2_single_edge,P2_single_edge|P4_confusable|P5_b2c1_synset,0,补第二条正式关系，形成最小学习语境,孤儿；孤哀子
3968,acquitter,VER,B2,0.6194,1,0,1,0,0,6,1,0,3,0,P2_single_edge,P2_single_edge|P3_bridge|P4_confusable,0,补第二条正式关系，形成最小学习语境,缴纳
3969,captif,ADJ,B2,0.6194,1,1,0,0,0,0,0,1,3,3,P2_single_edge,P2_single_edge|P4_confusable,0,补第二条正式关系，形成最小学习语境,俘虏
3970,flotte,NOM,B2,0.6194,1,1,0,0,0,12,1,1,3,2,P2_single_edge,P2_single_edge|P3_bridge|P4_confusable|P5_b2c1_synset,0,补第二条正式关系，形成最小学习语境,舰队；船队
3971,indigne,ADJ,B2,0.6194,1,1,0,0,0,5,1,1,3,3,P2_single_edge,P2_single_edge|P3_bridge|P4_confusable|P5_b2c1_synset,0,补第二条正式关系，形成最小学习语境,不正；不肖
3972,palpiter,VER,B2,0.6194,1,0,1,0,0,3,1,1,3,0,P2_single_edge,P2_single_edge|P4_confusable,0,补第二条正式关系，形成最小学习语境,抽动；跳动
3973,survivant,NOM,B2,0.6194,1,1,0,0,0,5,1,1,3,3,P2_single_edge,P2_single_edge|P3_bridge|P4_confusable|P5_b2c1_synset,0,补第二条正式关系，形成最小学习语境,幸存者；残存
3974,traverse,NOM,B2,0.6194,1,1,0,0,0,12,1,1,2,3,P2_single_edge,P2_single_edge|P3_bridge|P4_confusable|P5_b2c1_synset,0,补第二条正式关系，形成最小学习语境,流过
3975,scélérat,NOM,B2,0.6191,1,0,1,0,0,1,1,0,0,1,P2_single_edge,P2_single_edge|P4_confusable,0,补第二条正式关系，形成最小学习语境,坏人；坏蛋
3976,tablier,NOM,B2,0.6189,1,1,0,0,0,13,1,1,1,0,P2_single_edge,P2_single_edge|P3_bridge|P4_confusable|P5_b2c1_synset,0,补第二条正式关系，形成最小学习语境,围裙
3977,méprisant,ADJ,B2,0.6185,1,1,0,0,0,1,1,1,3,3,P2_single_edge,P2_single_edge|P4_confusable|P5_b2c1_synset,0,补第二条正式关系，形成最小学习语境,白眼；眼高
3978,figurine,NOM,B2,0.618,1,1,0,0,0,5,1,1,3,3,P2_single_edge,P2_single_edge|P3_bridge|P4_confusable|P5_b2c1_synset,0,补第二条正式关系，形成最小学习语境,人偶；人儿
3979,panoramique,ADJ,B2,0.6179,1,1,0,0,0,2,1,0,3,1,P2_single_edge,P2_single_edge|P4_confusable|P5_b2c1_synset,0,补第二条正式关系，形成最小学习语境,广角
3980,éploré,ADJ,B2,0.6175,1,1,0,0,0,2,1,1,2,2,P2_single_edge,P2_single_edge|P4_confusable|P5_b2c1_synset,0,补第二条正式关系，形成最小学习语境,汪汪
3981,pâtissier,NOM,B2,0.6169,1,1,0,0,0,1,1,2,2,0,P2_single_edge,P2_single_edge|P4_confusable|P5_b2c1_synset,0,补第二条正式关系，形成最小学习语境,糕点师
3982,maçon,NOM,B2,0.615,1,1,0,0,0,2,1,1,1,2,P2_single_edge,P2_single_edge|P4_confusable|P5_b2c1_synset,0,补第二条正式关系，形成最小学习语境,房舍；泥水匠
3983,bavardage,NOM,B2,0.6149,1,1,0,0,0,3,1,1,2,2,P2_single_edge,P2_single_edge|P4_confusable|P5_b2c1_synset,0,补第二条正式关系，形成最小学习语境,调侃；闲谈
3984,gladiateur,NOM,B2,0.6149,1,0,1,0,0,2,1,0,0,0,P2_single_edge,P2_single_edge,0,补第二条正式关系，形成最小学习语境,斗剑者
3985,accommoder,VER,B2,0.6143,1,1,0,0,0,13,1,2,2,0,P2_single_edge,P2_single_edge|P3_bridge|P4_confusable|P5_b2c1_synset,0,补第二条正式关系，形成最小学习语境,凑合；烹调
3986,athlétique,ADJ,B2,0.6114,1,0,1,0,0,2,1,1,1,1,P2_single_edge,P2_single_edge|P4_confusable,0,补第二条正式关系，形成最小学习语境,擅长运动
3987,pelle,NOM,B2,0.6094,1,0,1,0,0,9,1,0,3,2,P2_single_edge,P2_single_edge|P3_bridge|P4_confusable,0,补第二条正式关系，形成最小学习语境,刬；梩
3988,dégustation,NOM,B2,0.6066,1,1,0,0,0,2,1,1,1,1,P2_single_edge,P2_single_edge|P4_confusable|P5_b2c1_synset,0,补第二条正式关系，形成最小学习语境,品味
3989,flagrant,ADJ,B2,0.6066,1,0,1,0,0,2,1,0,0,0,P2_single_edge,P2_single_edge,0,补第二条正式关系，形成最小学习语境,刺目；现行
3990,carcasse,NOM,B2,0.6065,1,0,1,0,0,13,1,0,2,2,P2_single_edge,P2_single_edge|P3_bridge|P4_confusable,0,补第二条正式关系，形成最小学习语境,尸首；构架
3991,aller,NOM,B2,0.6063,1,0,1,0,0,3,1,5,3,3,P2_single_edge,P2_single_edge|P4_confusable,0,补第二条正式关系，形成最小学习语境,出国；刚要
3992,rivage,NOM,B2,0.6041,1,0,1,0,0,4,1,1,3,3,P2_single_edge,P2_single_edge|P3_bridge|P4_confusable,0,补第二条正式关系，形成最小学习语境,岸边；河滩
3993,anonyme,NOM,B2,0.6026,1,1,0,0,0,2,1,0,3,3,P2_single_edge,P2_single_edge|P4_confusable|P5_b2c1_synset,0,补第二条正式关系，形成最小学习语境,不记名；无名
3994,dixième,ADJ,B2,0.6026,1,1,0,0,0,2,1,1,1,3,P2_single_edge,P2_single_edge|P4_confusable|P5_b2c1_synset,0,补第二条正式关系，形成最小学习语境,十位；第十
3995,recherché,ADJ,B2,0.6006,1,1,0,0,0,5,1,2,3,3,P2_single_edge,P2_single_edge|P3_bridge|P4_confusable|P5_b2c1_synset,0,补第二条正式关系，形成最小学习语境,抢手；讲究
3996,prestataire,NOM,B2,0.5979,1,1,0,0,0,2,1,1,1,1,P2_single_edge,P2_single_edge|P4_confusable|P5_b2c1_synset,0,补第二条正式关系，形成最小学习语境,提供商
3997,butter,VER,B2,0.5978,1,1,0,0,0,5,1,1,3,3,P2_single_edge,P2_single_edge|P3_bridge|P4_confusable|P5_b2c1_synset,0,补第二条正式关系，形成最小学习语境,培土
3998,comptable,NOM,B2,0.5978,1,1,0,0,0,1,1,1,1,3,P2_single_edge,P2_single_edge|P4_confusable|P5_b2c1_synset,0,补第二条正式关系，形成最小学习语境,会计；会计人员
3999,conflictuel,ADJ,B2,0.5978,1,1,0,0,0,1,1,1,1,1,P2_single_edge,P2_single_edge|P4_confusable|P5_b2c1_synset,0,补第二条正式关系，形成最小学习语境,
4000,délaisser,VER,B2,0.5978,1,0,1,0,0,4,1,1,2,0,P2_single_edge,P2_single_edge|P3_bridge|P4_confusable,0,补第二条正式关系，形成最小学习语境,摒弃
4001,flânerie,NOM,B2,0.5978,1,1,0,0,0,1,1,1,1,1,P2_single_edge,P2_single_edge|P4_confusable|P5_b2c1_synset,0,补第二条正式关系，形成最小学习语境,顸；颟
4002,stimulant,ADJ,B2,0.5978,1,1,0,0,0,2,1,1,1,1,P2_single_edge,P2_single_edge|P4_confusable|P5_b2c1_synset,0,补第二条正式关系，形成最小学习语境,令人振奋；刺激性
4003,tortueux,ADJ,B2,0.5978,1,0,0,1,0,2,1,1,3,1,P2_single_edge,P2_single_edge|P4_confusable,0,补第二条正式关系，形成最小学习语境,迂；逦
4004,totaliser,VER,B2,0.5978,1,1,0,0,0,1,1,1,3,3,P2_single_edge,P2_single_edge|P4_confusable|P5_b2c1_synset,0,补第二条正式关系，形成最小学习语境,共计；总计
4005,réaménager,VER,B2,0.5955,1,1,0,0,0,1,1,1,0,3,P2_single_edge,P2_single_edge|P4_confusable|P5_b2c1_synset,0,补第二条正式关系，形成最小学习语境,
4006,sachet,NOM,B2,0.5913,1,1,0,0,0,3,1,0,3,0,P2_single_edge,P2_single_edge|P4_confusable|P5_b2c1_synset,0,补第二条正式关系，形成最小学习语境,袋子
4007,palpable,ADJ,B2,0.5901,1,0,1,0,0,0,0,1,1,0,P2_single_edge,P2_single_edge|P4_confusable,0,补第二条正式关系，形成最小学习语境,可及
4008,saugrenu,ADJ,B2,0.5901,1,0,1,0,0,1,1,1,0,0,P2_single_edge,P2_single_edge,0,补第二条正式关系，形成最小学习语境,荒唐；荒谬
4009,supposition,NOM,B2,0.5901,1,1,0,0,0,3,1,1,1,1,P2_single_edge,P2_single_edge|P4_confusable|P5_b2c1_synset,0,补第二条正式关系，形成最小学习语境,假定；想象
4010,écorce,NOM,B2,0.5876,1,1,0,0,0,5,1,1,1,1,P2_single_edge,P2_single_edge|P3_bridge|P4_confusable|P5_b2c1_synset,0,补第二条正式关系，形成最小学习语境,树皮
4011,haleine,NOM,B2,0.5853,1,0,1,0,0,3,1,2,2,2,P2_single_edge,P2_single_edge|P4_confusable,0,补第二条正式关系，形成最小学习语境,气息
4012,banderole,NOM,B2,0.5848,1,1,0,0,0,5,1,1,2,0,P2_single_edge,P2_single_edge|P3_bridge|P4_confusable|P5_b2c1_synset,0,补第二条正式关系，形成最小学习语境,帘；旆
4013,interaction,NOM,B2,0.5848,1,1,0,0,0,3,1,1,3,2,P2_single_edge,P2_single_edge|P4_confusable|P5_b2c1_synset,0,补第二条正式关系，形成最小学习语境,交流；相互作用
4014,psychologiquement,ADV,B2,0.5848,1,1,0,0,0,1,1,0,3,3,P2_single_edge,P2_single_edge|P4_confusable|P5_b2c1_synset,0,补第二条正式关系，形成最小学习语境,心理上
4015,nomination,NOM,B2,0.5826,1,1,0,0,0,4,1,1,1,1,P2_single_edge,P2_single_edge|P3_bridge|P4_confusable|P5_b2c1_synset,0,补第二条正式关系，形成最小学习语境,名
4016,bouquin,NOM,B2,0.582,1,0,1,0,0,10,1,0,2,2,P2_single_edge,P2_single_edge|P3_bridge|P4_confusable,0,补第二条正式关系，形成最小学习语境,书籍
4017,catégoriquement,ADV,B2,0.5805,1,0,1,0,0,1,1,1,2,2,P2_single_edge,P2_single_edge|P4_confusable,0,补第二条正式关系，形成最小学习语境,斩钉截铁；断然
4018,accidentel,ADJ,B2,0.5795,1,0,1,0,0,2,1,1,2,1,P2_single_edge,P2_single_edge|P4_confusable,0,补第二条正式关系，形成最小学习语境,偶然；无名
4019,marmonner,VER,B2,0.5795,1,0,1,0,0,2,1,0,0,0,P2_single_edge,P2_single_edge,0,补第二条正式关系，形成最小学习语境,咕哝；喃喃
4020,laissez-passer,NOM,B2,0.5792,1,0,1,0,0,1,1,1,1,1,P2_single_edge,P2_single_edge|P4_confusable,0,补第二条正式关系，形成最小学习语境,通行证
4021,musculation,NOM,B2,0.5773,1,1,0,0,0,2,1,1,3,3,P2_single_edge,P2_single_edge|P4_confusable|P5_b2c1_synset,0,补第二条正式关系，形成最小学习语境,负重训练
4022,emménager,VER,B2,0.5739,1,0,0,1,0,2,1,1,0,2,P2_single_edge,P2_single_edge|P4_confusable,0,补第二条正式关系，形成最小学习语境,乔迁；移居
4023,éducateur,NOM,B2,0.5739,1,1,0,0,0,4,1,1,2,3,P2_single_edge,P2_single_edge|P3_bridge|P4_confusable|P5_b2c1_synset,0,补第二条正式关系，形成最小学习语境,导师；教育家
4024,grinçant,ADJ,B2,0.5734,1,1,0,0,0,1,1,1,3,3,P2_single_edge,P2_single_edge|P4_confusable|P5_b2c1_synset,0,补第二条正式关系，形成最小学习语境,濇
4025,prometteur,ADJ,B2,0.5724,1,1,0,0,0,1,1,1,3,1,P2_single_edge,P2_single_edge|P4_confusable|P5_b2c1_synset,0,补第二条正式关系，形成最小学习语境,有为；有前途
4026,citron,NOM,B2,0.5705,1,1,0,0,0,9,1,2,2,0,P2_single_edge,P2_single_edge|P3_bridge|P4_confusable|P5_b2c1_synset,0,补第二条正式关系，形成最小学习语境,柠檬
4027,manoeuvrer,VER,B2,0.5678,1,1,0,0,0,0,0,1,3,2,P2_single_edge,P2_single_edge|P4_confusable,0,补第二条正式关系，形成最小学习语境,操作；运作
4028,minerai,NOM,B2,0.5668,1,1,0,0,0,2,1,1,1,0,P2_single_edge,P2_single_edge|P4_confusable|P5_b2c1_synset,0,补第二条正式关系，形成最小学习语境,矿石
4029,obstruer,VER,B2,0.5668,1,0,0,1,0,3,1,1,3,2,P2_single_edge,P2_single_edge|P4_confusable,0,补第二条正式关系，形成最小学习语境,受阻；堵住
4030,surnaturel,ADJ,B2,0.5651,1,0,0,1,0,6,1,1,2,3,P2_single_edge,P2_single_edge|P3_bridge|P4_confusable,0,补第二条正式关系，形成最小学习语境,灵异
4031,fourni,ADJ,B2,0.5634,1,1,0,0,0,3,1,1,2,3,P2_single_edge,P2_single_edge|P4_confusable|P5_b2c1_synset,0,补第二条正式关系，形成最小学习语境,预装
4032,microscope,NOM,B2,0.5554,1,1,0,0,0,2,1,0,3,1,P2_single_edge,P2_single_edge|P4_confusable|P5_b2c1_synset,0,补第二条正式关系，形成最小学习语境,显微镜
4033,reconnaissable,ADJ,B2,0.555,1,1,0,0,0,1,1,1,2,2,P2_single_edge,P2_single_edge|P4_confusable|P5_b2c1_synset,0,补第二条正式关系，形成最小学习语境,耳熟
4034,coquillage,NOM,B2,0.5541,1,0,1,0,0,3,1,0,3,1,P2_single_edge,P2_single_edge|P4_confusable,0,补第二条正式关系，形成最小学习语境,贝壳
4035,fourneau,NOM,B2,0.5515,1,0,1,0,0,8,1,1,0,2,P2_single_edge,P2_single_edge|P3_bridge|P4_confusable,0,补第二条正式关系，形成最小学习语境,火炉
4036,merder,VER,B2,0.5515,1,1,0,0,0,1,1,1,1,3,P2_single_edge,P2_single_edge|P4_confusable|P5_b2c1_synset,0,补第二条正式关系，形成最小学习语境,机掰；鸡掰
4037,familiariser,VER,B2,0.5513,1,1,0,0,0,3,1,1,0,3,P2_single_edge,P2_single_edge|P4_confusable|P5_b2c1_synset,0,补第二条正式关系，形成最小学习语境,
4038,vétérinaire,NOM,B2,0.551,1,1,0,0,0,1,1,0,2,1,P2_single_edge,P2_single_edge|P4_confusable|P5_b2c1_synset,0,补第二条正式关系，形成最小学习语境,兽医
4039,lavage,NOM,B2,0.5504,1,0,1,0,0,6,1,1,3,3,P2_single_edge,P2_single_edge|P3_bridge|P4_confusable,0,补第二条正式关系，形成最小学习语境,冲洗；水洗
4040,loyauté,NOM,B2,0.5485,1,1,0,0,0,1,1,1,2,3,P2_single_edge,P2_single_edge|P4_confusable|P5_b2c1_synset,0,补第二条正式关系，形成最小学习语境,义气；忠义
4041,nourrice,NOM,B2,0.5483,1,1,0,0,0,7,1,1,3,3,P2_single_edge,P2_single_edge|P3_bridge|P4_confusable|P5_b2c1_synset,0,补第二条正式关系，形成最小学习语境,保姆；保母
4042,fourreau,NOM,B2,0.546,1,0,1,0,0,8,1,1,2,1,P2_single_edge,P2_single_edge|P3_bridge|P4_confusable,0,补第二条正式关系，形成最小学习语境,刀鞘
4043,mémorable,ADJ,B2,0.5455,1,1,0,0,0,0,0,1,3,3,P2_single_edge,P2_single_edge|P4_confusable,0,补第二条正式关系，形成最小学习语境,可念；回味无穷
4044,soudainement,ADV,B2,0.5455,1,0,1,0,0,1,1,1,1,1,P2_single_edge,P2_single_edge|P4_confusable,0,补第二条正式关系，形成最小学习语境,刹那间；恍然
4045,intransigeant,ADJ,B2,0.5441,1,0,1,0,0,1,1,0,0,0,P2_single_edge,P2_single_edge,0,补第二条正式关系，形成最小学习语境,倔强；强硬
4046,braver,VER,B2,0.5397,1,0,1,0,0,3,1,1,2,3,P2_single_edge,P2_single_edge|P4_confusable,0,补第二条正式关系，形成最小学习语境,冒着
4047,marquant,ADJ,B2,0.5397,1,1,0,0,0,2,1,1,2,1,P2_single_edge,P2_single_edge|P4_confusable|P5_b2c1_synset,0,补第二条正式关系，形成最小学习语境,突出
4048,annuaire,NOM,B2,0.5389,1,0,1,0,0,2,1,1,3,3,P2_single_edge,P2_single_edge|P4_confusable,0,补第二条正式关系，形成最小学习语境,名录；年鉴
4049,favorite,NOM,B2,0.5351,1,1,0,0,0,3,1,1,3,3,P2_single_edge,P2_single_edge|P4_confusable|P5_b2c1_synset,0,补第二条正式关系，形成最小学习语境,嬖
4050,prodige,NOM,B2,0.5299,1,1,0,0,0,4,1,0,1,1,P2_single_edge,P2_single_edge|P3_bridge|P4_confusable|P5_b2c1_synset,0,补第二条正式关系，形成最小学习语境,大虾
4051,chuchotement,NOM,B2,0.5256,1,1,0,0,0,2,1,1,1,1,P2_single_edge,P2_single_edge|P4_confusable|P5_b2c1_synset,0,补第二条正式关系，形成最小学习语境,低语；呢喃
4052,déduire,VER,B2,0.5215,1,1,0,0,0,3,1,1,2,3,P2_single_edge,P2_single_edge|P4_confusable|P5_b2c1_synset,0,补第二条正式关系，形成最小学习语境,减去；减除
4053,circonscrire,VER,B2,0.5197,1,0,1,0,0,12,1,1,2,2,P2_single_edge,P2_single_edge|P3_bridge|P4_confusable,0,补第二条正式关系，形成最小学习语境,限定
4054,lié,ADJ,B2,0.5168,1,1,0,0,0,3,1,1,3,2,P2_single_edge,P2_single_edge|P4_confusable|P5_b2c1_synset,0,补第二条正式关系，形成最小学习语境,相关
4055,prolongé,ADJ,B2,0.5168,1,1,0,0,0,0,0,2,2,2,P2_single_edge,P2_single_edge|P4_confusable,0,补第二条正式关系，形成最小学习语境,持久；经久
4056,glissant,ADJ,B2,0.5142,1,0,1,0,0,3,1,1,2,2,P2_single_edge,P2_single_edge|P4_confusable,0,补第二条正式关系，形成最小学习语境,光滑
4057,suspect,NOM,B2,0.5104,1,1,0,0,0,1,1,1,2,3,P2_single_edge,P2_single_edge|P4_confusable|P5_b2c1_synset,0,补第二条正式关系，形成最小学习语境,可疑；嫌犯
4058,déshonneur,NOM,B2,0.5052,1,1,0,0,0,1,1,1,1,2,P2_single_edge,P2_single_edge|P4_confusable|P5_b2c1_synset,0,补第二条正式关系，形成最小学习语境,可耻；耻辱
4059,bec,NOM,B2,0.5039,1,0,1,0,0,17,1,0,0,0,P2_single_edge,P2_single_edge|P3_bridge,0,补第二条正式关系，形成最小学习语境,喷嘴
4060,transcrire,VER,B2,0.5039,1,0,1,0,0,4,1,1,2,3,P2_single_edge,P2_single_edge|P3_bridge|P4_confusable,0,补第二条正式关系，形成最小学习语境,誊
4061,argenté,ADJ,B2,0.4998,1,1,0,0,0,4,1,1,1,1,P2_single_edge,P2_single_edge|P3_bridge|P4_confusable|P5_b2c1_synset,0,补第二条正式关系，形成最小学习语境,银色
4062,terminal,ADJ,B2,0.4998,1,0,1,0,0,4,1,1,1,2,P2_single_edge,P2_single_edge|P3_bridge|P4_confusable,0,补第二条正式关系，形成最小学习语境,客运站；端子
4063,boite,NOM,B2,0.4996,1,0,1,0,0,4,1,0,1,3,P2_single_edge,P2_single_edge|P3_bridge|P4_confusable,0,补第二条正式关系，形成最小学习语境,盒子
4064,encastrer,VER,B2,0.4907,1,0,1,0,0,3,1,0,1,1,P2_single_edge,P2_single_edge|P4_confusable,0,补第二条正式关系，形成最小学习语境,嵌入
4065,euphorie,NOM,B2,0.4907,1,0,1,0,0,1,1,0,1,0,P2_single_edge,P2_single_edge|P4_confusable,0,补第二条正式关系，形成最小学习语境,祺
4066,confidentiel,ADJ,B2,0.4902,1,1,0,0,0,2,1,1,2,2,P2_single_edge,P2_single_edge|P4_confusable|P5_b2c1_synset,0,补第二条正式关系，形成最小学习语境,心腹；机密
4067,coopérative,NOM,B2,0.4877,1,1,0,0,0,3,1,1,1,1,P2_single_edge,P2_single_edge|P4_confusable|P5_b2c1_synset,0,补第二条正式关系，形成最小学习语境,信用社；合作社
4068,perspicacité,NOM,B2,0.4846,1,1,0,0,0,1,1,1,2,1,P2_single_edge,P2_single_edge|P4_confusable|P5_b2c1_synset,0,补第二条正式关系，形成最小学习语境,前瞻性；心计
4069,recoin,NOM,B2,0.4846,1,0,1,0,0,2,1,1,1,1,P2_single_edge,P2_single_edge|P4_confusable,0,补第二条正式关系，形成最小学习语境,旮旯
4070,projecteur,NOM,B2,0.4797,1,1,0,0,0,0,0,1,3,2,P2_single_edge,P2_single_edge|P4_confusable,0,补第二条正式关系，形成最小学习语境,投光灯；投影
4071,triple,ADJ,B2,0.4743,1,1,0,0,0,2,1,1,3,3,P2_single_edge,P2_single_edge|P4_confusable|P5_b2c1_synset,0,补第二条正式关系，形成最小学习语境,三倍；三合一
4072,compromettre,VER,B2,0.463,1,0,1,0,0,5,1,1,1,3,P2_single_edge,P2_single_edge|P3_bridge|P4_confusable,0,补第二条正式关系，形成最小学习语境,危害；株连
4073,ruser,VER,B2,0.4606,1,1,0,0,0,3,1,1,3,1,P2_single_edge,P2_single_edge|P4_confusable|P5_b2c1_synset,0,补第二条正式关系，形成最小学习语境,诈
4074,bâillement,NOM,B2,0.4602,1,1,0,0,0,3,1,1,2,2,P2_single_edge,P2_single_edge|P4_confusable|P5_b2c1_synset,0,补第二条正式关系，形成最小学习语境,呵欠；哈欠
4075,sentinelle,NOM,B2,0.4599,1,0,1,0,0,6,1,0,0,0,P2_single_edge,P2_single_edge|P3_bridge,0,补第二条正式关系，形成最小学习语境,哨兵
4076,imprévu,NOM,B2,0.4587,1,1,0,0,0,2,1,1,2,1,P2_single_edge,P2_single_edge|P4_confusable|P5_b2c1_synset,0,补第二条正式关系，形成最小学习语境,不时之需；出乎意料
4077,ail,NOM,B2,0.4465,1,1,0,0,0,1,1,1,2,1,P2_single_edge,P2_single_edge|P4_confusable|P5_b2c1_synset,0,补第二条正式关系，形成最小学习语境,大蒜
4078,électricien,NOM,B2,0.4461,1,1,0,0,0,3,1,1,1,1,P2_single_edge,P2_single_edge|P4_confusable|P5_b2c1_synset,0,补第二条正式关系，形成最小学习语境,电工
4079,intermittent,ADJ,B2,0.4379,1,0,1,0,0,6,1,1,0,1,P2_single_edge,P2_single_edge|P3_bridge|P4_confusable,0,补第二条正式关系，形成最小学习语境,间歇
4080,mendiant,NOM,B2,0.4379,1,0,1,0,0,5,1,1,1,1,P2_single_edge,P2_single_edge|P3_bridge|P4_confusable,0,补第二条正式关系，形成最小学习语境,乞丐
4081,tournage,NOM,C1,0.4328,1,1,0,0,0,4,1,1,2,0,P2_single_edge,P2_single_edge|P3_bridge|P4_confusable|P5_b2c1_synset,0,补第二条正式关系，形成最小学习语境,拍摄；摄制
4082,distillation,NOM,C1,0.4293,1,1,0,0,0,3,1,1,1,2,P2_single_edge,P2_single_edge|P4_confusable|P5_b2c1_synset,0,补第二条正式关系，形成最小学习语境,升华
4083,gracier,VER,C1,0.4293,1,1,0,0,0,1,1,1,3,2,P2_single_edge,P2_single_edge|P4_confusable|P5_b2c1_synset,0,补第二条正式关系，形成最小学习语境,赦
4084,naissant,ADJ,C1,0.4293,1,1,0,0,0,4,1,1,1,1,P2_single_edge,P2_single_edge|P3_bridge|P4_confusable|P5_b2c1_synset,0,补第二条正式关系，形成最小学习语境,初生
4085,résonance,NOM,C1,0.4293,1,1,0,0,0,6,1,1,1,1,P2_single_edge,P2_single_edge|P3_bridge|P4_confusable|P5_b2c1_synset,0,补第二条正式关系，形成最小学习语境,共振；共鸣
4086,minutieusement,ADV,C1,0.4253,1,0,1,0,0,1,1,0,0,1,P2_single_edge,P2_single_edge|P4_confusable,0,补第二条正式关系，形成最小学习语境,彻底；精心
4087,sauvetage,NOM,C1,0.4227,1,1,0,0,0,0,0,1,1,0,P2_single_edge,P2_single_edge|P4_confusable,0,补第二条正式关系，形成最小学习语境,救助；救援
4088,accroche,NOM,C1,0.4224,1,1,0,0,0,5,1,1,2,0,P2_single_edge,P2_single_edge|P3_bridge|P4_confusable|P5_b2c1_synset,0,补第二条正式关系，形成最小学习语境,口头禅
4089,engouffrer,VER,C1,0.4134,1,1,0,0,0,4,1,1,2,1,P2_single_edge,P2_single_edge|P3_bridge|P4_confusable|P5_b2c1_synset,0,补第二条正式关系，形成最小学习语境,吞食
4090,poterie,NOM,C1,0.4123,1,1,0,0,0,6,1,1,1,2,P2_single_edge,P2_single_edge|P3_bridge|P4_confusable|P5_b2c1_synset,0,补第二条正式关系，形成最小学习语境,陶器；陶瓷
4091,intensifier,VER,C1,0.3933,1,1,0,0,0,1,1,1,2,1,P2_single_edge,P2_single_edge|P4_confusable|P5_b2c1_synset,0,补第二条正式关系，形成最小学习语境,加紧；强化
4092,solidement,ADV,C1,0.3913,1,1,0,0,0,2,1,1,3,2,P2_single_edge,P2_single_edge|P4_confusable|P5_b2c1_synset,0,补第二条正式关系，形成最小学习语境,牢牢
4093,théière,NOM,C1,0.3777,1,1,0,0,0,2,1,0,1,2,P2_single_edge,P2_single_edge|P4_confusable|P5_b2c1_synset,0,补第二条正式关系，形成最小学习语境,茶壶
4094,recouper,VER,C1,0.3721,1,1,0,0,0,3,1,1,2,2,P2_single_edge,P2_single_edge|P4_confusable|P5_b2c1_synset,0,补第二条正式关系，形成最小学习语境,交叉
4095,éminence,NOM,C1,0.3609,1,0,1,0,0,3,1,0,0,0,P2_single_edge,P2_single_edge,0,补第二条正式关系，形成最小学习语境,高地
4096,harceler,VER,C1,0.3547,1,0,1,0,0,6,1,0,0,1,P2_single_edge,P2_single_edge|P3_bridge|P4_confusable,0,补第二条正式关系，形成最小学习语境,搔扰；死缠烂打
4097,apôtre,NOM,C1,0.3519,1,0,1,0,0,8,1,0,1,1,P2_single_edge,P2_single_edge|P3_bridge|P4_confusable,0,补第二条正式关系，形成最小学习语境,门徒
4098,rétrécir,VER,C1,0.3402,1,1,0,0,0,4,1,1,1,1,P2_single_edge,P2_single_edge|P3_bridge|P4_confusable|P5_b2c1_synset,0,补第二条正式关系，形成最小学习语境,变窄；收缩
4099,flèche,NOM,C1,0.3399,1,0,1,0,0,29,1,0,1,1,P2_single_edge,P2_single_edge|P3_bridge|P4_confusable,0,补第二条正式关系，形成最小学习语境,树梢；箭头
4100,inspecter,VER,C1,0.3366,1,0,1,0,0,2,1,1,0,2,P2_single_edge,P2_single_edge|P4_confusable,0,补第二条正式关系，形成最小学习语境,审核；排查
4101,contrebande,NOM,C1,0.3347,1,1,0,0,0,2,1,1,2,1,P2_single_edge,P2_single_edge|P4_confusable|P5_b2c1_synset,0,补第二条正式关系，形成最小学习语境,海贼版；走私
4102,gland,NOM,C1,0.3083,1,0,1,0,0,12,1,0,0,1,P2_single_edge,P2_single_edge|P3_bridge|P4_confusable,0,补第二条正式关系，形成最小学习语境,流苏；龟头
4103,antibiotique,ADJ,C1,0.2926,1,1,0,0,0,1,1,1,2,1,P2_single_edge,P2_single_edge|P4_confusable|P5_b2c1_synset,0,补第二条正式关系，形成最小学习语境,抗生素
4104,dépassement,NOM,C1,0.2926,1,1,0,0,0,4,1,2,2,1,P2_single_edge,P2_single_edge|P3_bridge|P4_confusable|P5_b2c1_synset,0,补第二条正式关系，形成最小学习语境,超车
4105,atypique,ADJ,C1,0.2862,1,0,0,1,0,2,1,1,2,2,P2_single_edge,P2_single_edge|P4_confusable,0,补第二条正式关系，形成最小学习语境,异形
4106,condenser,VER,C1,0.2862,1,0,0,1,0,4,1,1,1,3,P2_single_edge,P2_single_edge|P3_bridge|P4_confusable,0,补第二条正式关系，形成最小学习语境,凝结；压缩
4107,direct,NOM,C1,0.2862,1,1,0,0,0,3,1,5,3,3,P2_single_edge,P2_single_edge|P4_confusable|P5_b2c1_synset,0,补第二条正式关系，形成最小学习语境,实况；直截了当
4108,incarcérer,VER,C1,0.2862,1,0,1,0,0,1,1,0,1,0,P2_single_edge,P2_single_edge|P4_confusable,0,补第二条正式关系，形成最小学习语境,囚禁；禁闭
4109,perfusion,NOM,C1,0.2862,1,0,1,0,0,3,1,0,0,0,P2_single_edge,P2_single_edge,0,补第二条正式关系，形成最小学习语境,灌注；点滴
4110,plancher,VER,C1,0.2862,1,1,0,0,0,3,1,1,1,2,P2_single_edge,P2_single_edge|P4_confusable|P5_b2c1_synset,0,补第二条正式关系，形成最小学习语境,地板；地面
4111,rétribuer,VER,C1,0.2862,1,1,0,0,0,3,1,1,2,3,P2_single_edge,P2_single_edge|P4_confusable|P5_b2c1_synset,0,补第二条正式关系，形成最小学习语境,报
4112,serpentin,NOM,C1,0.2862,1,1,0,0,0,3,1,1,2,1,P2_single_edge,P2_single_edge|P4_confusable|P5_b2c1_synset,0,补第二条正式关系，形成最小学习语境,
4113,similitude,NOM,C1,0.2862,1,1,0,0,0,4,1,0,2,1,P2_single_edge,P2_single_edge|P3_bridge|P4_confusable|P5_b2c1_synset,0,补第二条正式关系，形成最小学习语境,相似；相似性
4114,stylet,NOM,C1,0.2862,1,0,1,0,0,6,1,1,2,2,P2_single_edge,P2_single_edge|P3_bridge|P4_confusable,0,补第二条正式关系，形成最小学习语境,肀
4115,submerger,VER,C1,0.2862,1,0,0,1,0,3,1,1,3,3,P2_single_edge,P2_single_edge|P4_confusable,0,补第二条正式关系，形成最小学习语境,吞没；淹没
4116,tampon,NOM,C1,0.2862,1,0,1,0,0,16,1,0,2,0,P2_single_edge,P2_single_edge|P3_bridge|P4_confusable,0,补第二条正式关系，形成最小学习语境,缓冲；邮花
4117,vétérinaire,ADJ,C1,0.2862,1,1,0,0,0,1,1,0,2,1,P2_single_edge,P2_single_edge|P4_confusable|P5_b2c1_synset,0,补第二条正式关系，形成最小学习语境,兽医
4118,épineux,ADJ,C1,0.2862,1,0,1,0,0,3,1,0,3,1,P2_single_edge,P2_single_edge|P4_confusable,0,补第二条正式关系，形成最小学习语境,棘手；疑难
4119,absentéisme,NOM,C1,0.272,1,1,0,0,0,3,1,1,3,3,P2_single_edge,P2_single_edge|P4_confusable|P5_b2c1_synset,0,补第二条正式关系，形成最小学习语境,缺席
4120,fine,NOM,C1,0.2714,1,1,0,0,0,5,1,0,2,3,P2_single_edge,P2_single_edge|P3_bridge|P4_confusable|P5_b2c1_synset,0,补第二条正式关系，形成最小学习语境,聪
4121,baignade,NOM,C1,0.228,1,1,0,0,0,1,1,2,2,1,P2_single_edge,P2_single_edge|P4_confusable|P5_b2c1_synset,0,补第二条正式关系，形成最小学习语境,浴场
4122,lime,NOM,C1,0.2231,1,0,1,0,0,4,1,0,0,0,P2_single_edge,P2_single_edge|P3_bridge,0,补第二条正式关系，形成最小学习语境,青柠檬
4123,totalité,NOM,C1,0.1972,1,1,0,0,0,1,1,1,3,3,P2_single_edge,P2_single_edge|P4_confusable|P5_b2c1_synset,0,补第二条正式关系，形成最小学习语境,一体；总体
4124,extraterrestre,NOM,C1,0.1955,1,1,0,0,0,2,1,1,1,1,P2_single_edge,P2_single_edge|P4_confusable|P5_b2c1_synset,0,补第二条正式关系，形成最小学习语境,外星；外星人
4125,dédramatiser,VER,C1,0.1951,1,1,0,0,0,1,1,1,2,1,P2_single_edge,P2_single_edge|P4_confusable|P5_b2c1_synset,0,补第二条正式关系，形成最小学习语境,缓和；除去
4126,dérèglement,NOM,C1,0.1951,1,0,0,1,0,2,1,1,3,2,P2_single_edge,P2_single_edge|P4_confusable,0,补第二条正式关系，形成最小学习语境,不规则
4127,désapprobation,NOM,C1,0.1951,1,0,0,1,0,1,1,1,2,1,P2_single_edge,P2_single_edge|P4_confusable,0,补第二条正式关系，形成最小学习语境,不赞成；非议
4128,graduellement,ADV,C1,0.1951,1,0,1,0,0,1,1,1,0,0,P2_single_edge,P2_single_edge,0,补第二条正式关系，形成最小学习语境,垂垂；慢慢
4129,hostilité,NOM,C1,0.1951,1,1,0,0,0,3,1,1,1,1,P2_single_edge,P2_single_edge|P4_confusable|P5_b2c1_synset,0,补第二条正式关系，形成最小学习语境,仇恨；敌意
4130,marteler,VER,C1,0.1951,1,1,0,0,0,5,1,1,2,0,P2_single_edge,P2_single_edge|P3_bridge|P4_confusable|P5_b2c1_synset,0,补第二条正式关系，形成最小学习语境,敲击
4131,neuvième,ADJ,C1,0.1951,1,1,0,0,0,2,1,2,1,1,P2_single_edge,P2_single_edge|P4_confusable|P5_b2c1_synset,0,补第二条正式关系，形成最小学习语境,第九
4132,océanographe,NOM,C1,0.1951,1,1,0,0,0,1,1,0,2,2,P2_single_edge,P2_single_edge|P4_confusable|P5_b2c1_synset,0,补第二条正式关系，形成最小学习语境,
4133,raccourcir,VER,C1,0.1951,1,0,1,0,0,8,1,3,0,0,P2_single_edge,P2_single_edge|P3_bridge,0,补第二条正式关系，形成最小学习语境,缩短
4134,agressivité,NOM,C1,0.1842,1,1,0,0,0,1,1,1,0,2,P2_single_edge,P2_single_edge|P4_confusable|P5_b2c1_synset,0,补第二条正式关系，形成最小学习语境,霸气
4135,cendrier,NOM,C1,0.1842,1,1,0,0,0,7,1,1,3,2,P2_single_edge,P2_single_edge|P3_bridge|P4_confusable|P5_b2c1_synset,0,补第二条正式关系，形成最小学习语境,烟灰缸
4136,chaparder,VER,C1,0.1842,1,0,1,0,0,1,1,0,1,0,P2_single_edge,P2_single_edge|P4_confusable,0,补第二条正式关系，形成最小学习语境,偷走
4137,inhaler,VER,C1,0.1842,1,1,0,0,0,2,1,1,1,1,P2_single_edge,P2_single_edge|P4_confusable|P5_b2c1_synset,0,补第二条正式关系，形成最小学习语境,吸入；吸进
4138,évocation,NOM,C1,0.1842,1,1,0,0,0,3,1,1,3,3,P2_single_edge,P2_single_edge|P4_confusable|P5_b2c1_synset,0,补第二条正式关系，形成最小学习语境,展现
4139,baignoire,NOM,C1,0.1824,1,0,1,0,0,5,1,1,3,1,P2_single_edge,P2_single_edge|P3_bridge|P4_confusable,0,补第二条正式关系，形成最小学习语境,浴缸
4140,senior,ADJ,C1,0.1777,1,0,0,1,0,3,1,0,2,2,P2_single_edge,P2_single_edge|P4_confusable,0,补第二条正式关系，形成最小学习语境,高职
4141,accouchement,NOM,C1,0.1431,1,1,0,0,0,4,1,1,1,1,P2_single_edge,P2_single_edge|P3_bridge|P4_confusable|P5_b2c1_synset,0,补第二条正式关系，形成最小学习语境,分娩
4142,additif,NOM,C1,0.1431,1,1,0,0,0,5,1,1,1,1,P2_single_edge,P2_single_edge|P3_bridge|P4_confusable|P5_b2c1_synset,0,补第二条正式关系，形成最小学习语境,助剂；添加剂
4143,adultère,ADJ,C1,0.1431,1,0,1,0,0,2,1,0,1,1,P2_single_edge,P2_single_edge|P4_confusable,0,补第二条正式关系，形成最小学习语境,婚外恋；暗渡陈仓
4144,agrégat,NOM,C1,0.1431,1,0,1,0,0,5,1,1,1,2,P2_single_edge,P2_single_edge|P3_bridge|P4_confusable,0,补第二条正式关系，形成最小学习语境,集群
4145,antalgique,ADJ,C1,0.1431,1,1,0,0,0,1,1,0,2,2,P2_single_edge,P2_single_edge|P4_confusable|P5_b2c1_synset,0,补第二条正式关系，形成最小学习语境,止痛
4146,antiviral,ADJ,C1,0.1431,1,1,0,0,0,1,1,1,0,0,P2_single_edge,P2_single_edge|P5_b2c1_synset,0,补第二条正式关系，形成最小学习语境,抗病毒
4147,arbitraire,NOM,C1,0.1431,1,1,0,0,0,2,1,1,3,2,P2_single_edge,P2_single_edge|P4_confusable|P5_b2c1_synset,0,补第二条正式关系，形成最小学习语境,专制；擅断
4148,arrière-garde,NOM,C1,0.1431,1,0,0,1,0,3,1,2,1,1,P2_single_edge,P2_single_edge|P4_confusable,0,补第二条正式关系，形成最小学习语境,后卫
4149,assidûment,ADV,C2,0.1431,1,0,1,0,0,1,1,1,0,1,P2_single_edge,P2_single_edge|P4_confusable,0,补第二条正式关系，形成最小学习语境,刻意
4150,assis,ADJ,C1,0.1431,1,0,0,1,0,4,1,1,2,2,P2_single_edge,P2_single_edge|P3_bridge|P4_confusable,0,补第二条正式关系，形成最小学习语境,稳妥
4151,authentifier,VER,C1,0.1431,1,1,0,0,0,3,1,1,3,2,P2_single_edge,P2_single_edge|P4_confusable|P5_b2c1_synset,0,补第二条正式关系，形成最小学习语境,验证
4152,avare,NOM,C1,0.1431,1,0,1,0,0,1,1,0,0,2,P2_single_edge,P2_single_edge|P4_confusable,0,补第二条正式关系，形成最小学习语境,一钱如命；吝啬
4153,avidité,NOM,C1,0.1431,1,1,0,0,0,1,1,1,1,1,P2_single_edge,P2_single_edge|P4_confusable|P5_b2c1_synset,0,补第二条正式关系，形成最小学习语境,贪婪
4154,barrette,NOM,C1,0.1431,1,1,0,0,0,16,1,1,3,2,P2_single_edge,P2_single_edge|P3_bridge|P4_confusable|P5_b2c1_synset,0,补第二条正式关系，形成最小学习语境,发卡
4155,bigarré,ADJ,C1,0.1431,1,0,0,1,0,2,1,0,0,0,P2_single_edge,P2_single_edge,0,补第二条正式关系，形成最小学习语境,五花八门；斑驳
4156,blanchiment,NOM,C1,0.1431,1,1,0,0,0,5,1,1,3,3,P2_single_edge,P2_single_edge|P3_bridge|P4_confusable|P5_b2c1_synset,0,补第二条正式关系，形成最小学习语境,漂白
4157,bouter,VER,C1,0.1431,1,0,1,0,0,6,1,3,3,2,P2_single_edge,P2_single_edge|P3_bridge|P4_confusable,0,补第二条正式关系，形成最小学习语境,驱逐
4158,branlant,ADJ,C1,0.1431,1,0,0,1,0,4,1,1,2,1,P2_single_edge,P2_single_edge|P3_bridge|P4_confusable,0,补第二条正式关系，形成最小学习语境,松动
4159,brasier,NOM,C1,0.1431,1,1,0,0,0,4,1,1,2,1,P2_single_edge,P2_single_edge|P3_bridge|P4_confusable|P5_b2c1_synset,0,补第二条正式关系，形成最小学习语境,火光
4160,bureaucrate,NOM,C1,0.1431,1,1,0,0,0,3,1,1,1,1,P2_single_edge,P2_single_edge|P4_confusable|P5_b2c1_synset,0,补第二条正式关系，形成最小学习语境,官僚；官吏
4161,claquement,NOM,C1,0.1431,1,1,0,0,0,4,1,1,1,3,P2_single_edge,P2_single_edge|P3_bridge|P4_confusable|P5_b2c1_synset,0,补第二条正式关系，形成最小学习语境,咔嚓；砰砰
4162,clignement,NOM,C1,0.1431,1,1,0,0,0,2,1,1,2,2,P2_single_edge,P2_single_edge|P4_confusable|P5_b2c1_synset,0,补第二条正式关系，形成最小学习语境,
4163,clémence,NOM,C1,0.1431,1,0,1,0,0,2,1,1,2,2,P2_single_edge,P2_single_edge|P4_confusable,0,补第二条正式关系，形成最小学习语境,宽大；宽恕
4164,collecte,NOM,C1,0.1431,1,1,0,0,0,6,1,3,3,1,P2_single_edge,P2_single_edge|P3_bridge|P4_confusable|P5_b2c1_synset,0,补第二条正式关系，形成最小学习语境,僎
4165,commercialisation,NOM,C1,0.1431,1,1,0,0,0,1,1,1,2,2,P2_single_edge,P2_single_edge|P4_confusable|P5_b2c1_synset,0,补第二条正式关系，形成最小学习语境,商业化；市场推广
4166,confinement,NOM,C1,0.1431,1,1,0,0,0,5,1,1,2,2,P2_single_edge,P2_single_edge|P3_bridge|P4_confusable|P5_b2c1_synset,0,补第二条正式关系，形成最小学习语境,樊笼
4167,contemplation,NOM,C1,0.1431,1,1,0,0,0,3,1,1,1,1,P2_single_edge,P2_single_edge|P4_confusable|P5_b2c1_synset,0,补第二条正式关系，形成最小学习语境,凝视；静修
4168,courbe,ADJ,C1,0.1431,1,1,0,0,0,1,1,1,2,2,P2_single_edge,P2_single_edge|P4_confusable|P5_b2c1_synset,0,补第二条正式关系，形成最小学习语境,弧形；曲线
4169,crémation,NOM,C1,0.1431,1,0,1,0,0,1,1,0,1,0,P2_single_edge,P2_single_edge|P4_confusable,0,补第二条正式关系，形成最小学习语境,火化
4170,cycliste,ADJ,C1,0.1431,1,1,0,0,0,1,1,0,3,2,P2_single_edge,P2_single_edge|P4_confusable|P5_b2c1_synset,0,补第二条正式关系，形成最小学习语境,单车族
4171,céramique,NOM,C1,0.1431,1,0,1,0,0,3,1,0,2,1,P2_single_edge,P2_single_edge|P4_confusable,0,补第二条正式关系，形成最小学习语境,陶瓷
4172,détecteur,NOM,C1,0.1431,1,1,0,0,0,3,1,1,3,3,P2_single_edge,P2_single_edge|P4_confusable|P5_b2c1_synset,0,补第二条正式关系，形成最小学习语境,报警器；探测器
4173,essorer,VER,C1,0.1431,1,1,0,0,0,4,1,1,2,1,P2_single_edge,P2_single_edge|P3_bridge|P4_confusable|P5_b2c1_synset,0,补第二条正式关系，形成最小学习语境,拧
4174,excitant,ADJ,C1,0.1431,1,1,0,0,0,3,1,1,2,2,P2_single_edge,P2_single_edge|P4_confusable|P5_b2c1_synset,0,补第二条正式关系，形成最小学习语境,刺激性；鸡冻
4175,filage,NOM,C1,0.1431,1,1,0,0,0,5,1,1,0,1,P2_single_edge,P2_single_edge|P3_bridge|P4_confusable|P5_b2c1_synset,0,补第二条正式关系，形成最小学习语境,纺丝
4176,féerique,ADJ,C1,0.1431,1,1,0,0,0,3,1,1,1,0,P2_single_edge,P2_single_edge|P4_confusable|P5_b2c1_synset,0,补第二条正式关系，形成最小学习语境,绮丽
4177,griffer,VER,C1,0.1431,1,1,0,0,0,4,1,1,1,1,P2_single_edge,P2_single_edge|P3_bridge|P4_confusable|P5_b2c1_synset,0,补第二条正式关系，形成最小学习语境,抓
4178,haineux,ADJ,C1,0.1431,1,1,0,0,0,2,1,1,3,1,P2_single_edge,P2_single_edge|P4_confusable|P5_b2c1_synset,0,补第二条正式关系，形成最小学习语境,反星族
4179,incliné,ADJ,C1,0.1431,1,1,0,0,0,0,0,1,2,2,P2_single_edge,P2_single_edge|P4_confusable,0,补第二条正式关系，形成最小学习语境,仄；伛
4180,inertie,NOM,C1,0.1431,1,1,0,0,0,5,1,1,1,1,P2_single_edge,P2_single_edge|P3_bridge|P4_confusable|P5_b2c1_synset,0,补第二条正式关系，形成最小学习语境,响应时间；惯性
4181,infuser,VER,C1,0.1431,1,1,0,0,0,4,1,1,2,3,P2_single_edge,P2_single_edge|P3_bridge|P4_confusable|P5_b2c1_synset,0,补第二条正式关系，形成最小学习语境,灌输
4182,innocence,NOM,C1,0.1431,1,0,0,1,0,4,1,0,2,0,P2_single_edge,P2_single_edge|P3_bridge|P4_confusable,0,补第二条正式关系，形成最小学习语境,无辜
4183,interrupteur,NOM,C1,0.1431,1,1,0,0,0,3,1,1,3,1,P2_single_edge,P2_single_edge|P4_confusable|P5_b2c1_synset,0,补第二条正式关系，形成最小学习语境,开关；电闸
4184,lingerie,NOM,C1,0.1431,1,1,0,0,0,4,1,1,3,1,P2_single_edge,P2_single_edge|P3_bridge|P4_confusable|P5_b2c1_synset,0,补第二条正式关系，形成最小学习语境,亵服
4185,mental,NOM,C1,0.1431,1,0,1,0,0,2,1,0,2,2,P2_single_edge,P2_single_edge|P4_confusable,0,补第二条正式关系，形成最小学习语境,心理；心窍
4186,microscopie,NOM,C1,0.1431,1,1,0,0,0,2,1,0,1,1,P2_single_edge,P2_single_edge|P4_confusable|P5_b2c1_synset,0,补第二条正式关系，形成最小学习语境,显微术
4187,minimiser,VER,C1,0.1431,1,1,0,0,0,2,1,1,1,2,P2_single_edge,P2_single_edge|P4_confusable|P5_b2c1_synset,0,补第二条正式关系，形成最小学习语境,最小化
4188,muter,VER,C1,0.1431,1,1,0,0,0,5,1,1,3,3,P2_single_edge,P2_single_edge|P3_bridge|P4_confusable|P5_b2c1_synset,0,补第二条正式关系，形成最小学习语境,调动
4189,myriade,NOM,C1,0.1431,1,0,1,0,0,2,1,0,0,0,P2_single_edge,P2_single_edge,0,补第二条正式关系，形成最小学习语境,一万
4190,méditation,NOM,C1,0.1431,1,1,0,0,0,3,1,1,2,2,P2_single_edge,P2_single_edge|P4_confusable|P5_b2c1_synset,0,补第二条正式关系，形成最小学习语境,冥想；静修
4191,mûr,ADJ,C1,0.1431,1,0,1,0,0,10,1,0,3,3,P2_single_edge,P2_single_edge|P3_bridge|P4_confusable,0,补第二条正式关系，形成最小学习语境,成熟
4192,nicher,VER,C1,0.1431,1,1,0,0,0,2,1,0,3,2,P2_single_edge,P2_single_edge|P4_confusable|P5_b2c1_synset,0,补第二条正式关系，形成最小学习语境,栖身
4193,odorant,ADJ,C1,0.1431,1,1,0,0,0,2,1,1,1,1,P2_single_edge,P2_single_edge|P4_confusable|P5_b2c1_synset,0,补第二条正式关系，形成最小学习语境,芬芳；香的
4194,probabilité,NOM,C1,0.1431,1,1,0,0,0,3,1,1,2,2,P2_single_edge,P2_single_edge|P4_confusable|P5_b2c1_synset,0,补第二条正式关系，形成最小学习语境,几率；可能性
4195,rameau,NOM,C1,0.1431,1,0,1,0,0,7,1,1,3,2,P2_single_edge,P2_single_edge|P3_bridge|P4_confusable,0,补第二条正式关系，形成最小学习语境,派系
4196,reconquérir,VER,C1,0.1431,1,1,0,0,0,2,1,1,1,2,P2_single_edge,P2_single_edge|P4_confusable|P5_b2c1_synset,0,补第二条正式关系，形成最小学习语境,夺回
4197,relent,NOM,C1,0.1431,1,0,1,0,0,2,1,0,2,2,P2_single_edge,P2_single_edge|P4_confusable,0,补第二条正式关系，形成最小学习语境,臭味
4198,rincer,VER,C1,0.1431,1,0,1,0,0,8,1,0,1,2,P2_single_edge,P2_single_edge|P3_bridge|P4_confusable,0,补第二条正式关系，形成最小学习语境,冲洗；清洗
4199,riposte,NOM,C1,0.1431,1,0,1,0,0,4,1,0,0,1,P2_single_edge,P2_single_edge|P3_bridge|P4_confusable,0,补第二条正式关系，形成最小学习语境,回击
4200,réhabiliter,VER,C1,0.1431,1,0,1,0,0,2,1,0,0,1,P2_single_edge,P2_single_edge|P4_confusable,0,补第二条正式关系，形成最小学习语境,平反；起用
4201,sans-abri,NOM,C1,0.1431,1,0,1,0,0,1,1,0,2,1,P2_single_edge,P2_single_edge|P4_confusable,0,补第二条正式关系，形成最小学习语境,无家可归；无家可归者
4202,score,NOM,C1,0.1431,1,0,1,0,0,4,1,0,3,1,P2_single_edge,P2_single_edge|P3_bridge|P4_confusable,0,补第二条正式关系，形成最小学习语境,成绩；比分
4203,sente,NOM,C1,0.1431,1,1,0,0,0,2,1,1,2,3,P2_single_edge,P2_single_edge|P4_confusable|P5_b2c1_synset,0,补第二条正式关系，形成最小学习语境,小径
4204,solidifier,VER,C1,0.1431,1,0,0,1,0,3,1,1,1,1,P2_single_edge,P2_single_edge|P4_confusable,0,补第二条正式关系，形成最小学习语境,固化
4205,stabiliser,VER,C1,0.1431,1,1,0,0,0,2,1,1,2,2,P2_single_edge,P2_single_edge|P4_confusable|P5_b2c1_synset,0,补第二条正式关系，形成最小学习语境,安定；稳住
4206,stagnant,ADJ,C1,0.1431,1,1,0,0,0,3,1,1,3,1,P2_single_edge,P2_single_edge|P4_confusable|P5_b2c1_synset,0,补第二条正式关系，形成最小学习语境,停滞不前
4207,stockage,NOM,C1,0.1431,1,1,0,0,0,3,1,0,2,2,P2_single_edge,P2_single_edge|P4_confusable|P5_b2c1_synset,0,补第二条正式关系，形成最小学习语境,存储
4208,stopper,VER,C1,0.1431,1,1,0,0,0,4,1,0,1,0,P2_single_edge,P2_single_edge|P3_bridge|P4_confusable|P5_b2c1_synset,0,补第二条正式关系，形成最小学习语境,停机
4209,subsistance,NOM,C1,0.1431,1,1,0,0,0,3,1,1,2,1,P2_single_edge,P2_single_edge|P4_confusable|P5_b2c1_synset,0,补第二条正式关系，形成最小学习语境,生计
4210,surcharge,NOM,C1,0.1431,1,0,1,0,0,7,1,1,0,3,P2_single_edge,P2_single_edge|P3_bridge|P4_confusable,0,补第二条正式关系，形成最小学习语境,超载；过多
4211,talentueux,ADJ,C1,0.1431,1,1,0,0,0,1,1,1,1,1,P2_single_edge,P2_single_edge|P4_confusable|P5_b2c1_synset,0,补第二条正式关系，形成最小学习语境,有才华；油菜
4212,traducteur,NOM,C1,0.1431,1,1,0,0,0,3,1,1,2,2,P2_single_edge,P2_single_edge|P4_confusable|P5_b2c1_synset,0,补第二条正式关系，形成最小学习语境,翻译；译者
4213,turbulence,NOM,C1,0.1431,1,0,0,1,0,2,1,1,1,2,P2_single_edge,P2_single_edge|P4_confusable,0,补第二条正式关系，形成最小学习语境,气流
4214,variabilité,NOM,C1,0.1431,1,1,0,0,0,1,1,1,1,3,P2_single_edge,P2_single_edge|P4_confusable|P5_b2c1_synset,0,补第二条正式关系，形成最小学习语境,多变
4215,vibration,NOM,C1,0.1431,1,1,0,0,0,1,1,0,1,1,P2_single_edge,P2_single_edge|P4_confusable|P5_b2c1_synset,0,补第二条正式关系，形成最小学习语境,振动；振荡
4216,échappement,NOM,C1,0.1431,1,1,0,0,0,6,1,1,1,1,P2_single_edge,P2_single_edge|P3_bridge|P4_confusable|P5_b2c1_synset,0,补第二条正式关系，形成最小学习语境,用尽
4217,élasticité,NOM,C1,0.1431,1,0,0,1,0,7,1,0,1,1,P2_single_edge,P2_single_edge|P3_bridge|P4_confusable,0,补第二条正式关系，形成最小学习语境,弹力；弹性
4218,émanciper,VER,C1,0.1431,1,1,0,0,0,3,1,1,2,1,P2_single_edge,P2_single_edge|P4_confusable|P5_b2c1_synset,0,补第二条正式关系，形成最小学习语境,翻身
4219,évaporation,NOM,C1,0.1431,1,1,0,0,0,3,1,1,2,2,P2_single_edge,P2_single_edge|P4_confusable|P5_b2c1_synset,0,补第二条正式关系，形成最小学习语境,气化；蒸发
4220,jetable,ADJ,C1,0.1416,1,0,0,1,0,3,1,1,0,0,P2_single_edge,P2_single_edge,0,补第二条正式关系，形成最小学习语境,一次性
4221,chouette,NOM,C1,0.1357,1,0,1,0,0,9,1,0,3,1,P2_single_edge,P2_single_edge|P3_bridge|P4_confusable,0,补第二条正式关系，形成最小学习语境,鵩
4222,forge,NOM,C1,0.1357,1,1,0,0,0,6,1,1,3,3,P2_single_edge,P2_single_edge|P3_bridge|P4_confusable|P5_b2c1_synset,0,补第二条正式关系，形成最小学习语境,熔炉
4223,rabot,NOM,C1,0.1357,1,0,1,0,0,10,1,0,3,1,P2_single_edge,P2_single_edge|P3_bridge|P4_confusable,0,补第二条正式关系，形成最小学习语境,刨
4224,complimenter,VER,C1,0.1315,1,1,0,0,0,2,1,1,3,1,P2_single_edge,P2_single_edge|P4_confusable|P5_b2c1_synset,0,补第二条正式关系，形成最小学习语境,恭维；称赞
4225,expiration,NOM,C1,0.1315,1,0,0,1,0,4,1,1,0,1,P2_single_edge,P2_single_edge|P3_bridge|P4_confusable,0,补第二条正式关系，形成最小学习语境,届满
4226,féminisation,NOM,C1,0.1315,1,1,0,0,0,5,1,1,3,2,P2_single_edge,P2_single_edge|P3_bridge|P4_confusable|P5_b2c1_synset,0,补第二条正式关系，形成最小学习语境,女性化
4227,insomnie,NOM,C1,0.1315,1,0,1,0,0,4,1,0,0,0,P2_single_edge,P2_single_edge|P3_bridge,0,补第二条正式关系，形成最小学习语境,失眠
4228,ringard,ADJ,C1,0.1315,1,0,1,0,0,2,1,0,1,2,P2_single_edge,P2_single_edge|P4_confusable,0,补第二条正式关系，形成最小学习语境,老土
4229,vergogne,NOM,C1,0.1315,1,0,1,0,0,1,1,0,0,0,P2_single_edge,P2_single_edge,0,补第二条正式关系，形成最小学习语境,羞耻
4230,adoucir,VER,C1,0.1304,1,0,0,1,0,8,1,1,0,0,P2_single_edge,P2_single_edge|P3_bridge,0,补第二条正式关系，形成最小学习语境,缓和；缓解
4231,croyant,NOM,C1,0.1304,1,0,1,0,0,1,1,1,2,2,P2_single_edge,P2_single_edge|P4_confusable,0,补第二条正式关系，形成最小学习语境,教徒
4232,désertique,ADJ,C1,0.1304,1,1,0,0,0,2,1,2,3,3,P2_single_edge,P2_single_edge|P4_confusable|P5_b2c1_synset,0,补第二条正式关系，形成最小学习语境,惸
4233,gaffe,NOM,C1,0.1304,1,0,1,0,0,4,1,0,3,0,P2_single_edge,P2_single_edge|P3_bridge|P4_confusable,0,补第二条正式关系，形成最小学习语境,大错；挠钩
4234,gnome,NOM,C1,0.1304,1,0,1,0,0,2,1,0,1,0,P2_single_edge,P2_single_edge|P4_confusable,0,补第二条正式关系，形成最小学习语境,地精
4235,guérison,NOM,C1,0.1304,1,1,0,0,0,1,1,1,1,2,P2_single_edge,P2_single_edge|P4_confusable|P5_b2c1_synset,0,补第二条正式关系，形成最小学习语境,治好；治愈
4236,messager,NOM,C1,0.1304,1,1,0,0,0,5,1,1,3,3,P2_single_edge,P2_single_edge|P3_bridge|P4_confusable|P5_b2c1_synset,0,补第二条正式关系，形成最小学习语境,使者；信使
4237,affirmation,NOM,C1,0.1228,1,1,0,0,0,3,1,3,2,3,P2_single_edge,P2_single_edge|P4_confusable|P5_b2c1_synset,0,补第二条正式关系，形成最小学习语境,诉求
4238,inhalation,NOM,C1,0.1228,1,1,0,0,0,3,1,1,1,1,P2_single_edge,P2_single_edge|P4_confusable|P5_b2c1_synset,0,补第二条正式关系，形成最小学习语境,吸入
4239,obus,NOM,C1,0.1228,1,0,1,0,0,2,1,0,2,1,P2_single_edge,P2_single_edge|P4_confusable,0,补第二条正式关系，形成最小学习语境,炮弹
4240,prédisposer,VER,C1,0.1228,1,1,0,0,0,2,1,0,2,2,P2_single_edge,P2_single_edge|P4_confusable|P5_b2c1_synset,0,补第二条正式关系，形成最小学习语境,预设
4241,pénalité,NOM,C1,0.1228,1,1,0,0,0,4,1,1,2,2,P2_single_edge,P2_single_edge|P3_bridge|P4_confusable|P5_b2c1_synset,0,补第二条正式关系，形成最小学习语境,罚则；违约金
4242,saisissant,ADJ,C1,0.1228,1,1,0,0,0,2,1,1,1,1,P2_single_edge,P2_single_edge|P4_confusable|P5_b2c1_synset,0,补第二条正式关系，形成最小学习语境,惊险
4243,synchronisation,NOM,C1,0.1228,1,1,0,0,0,1,1,1,3,1,P2_single_edge,P2_single_edge|P4_confusable|P5_b2c1_synset,0,补第二条正式关系，形成最小学习语境,同期；同步
4244,érection,NOM,C1,0.1228,1,1,0,0,0,3,1,0,1,0,P2_single_edge,P2_single_edge|P4_confusable|P5_b2c1_synset,0,补第二条正式关系，形成最小学习语境,勃起
4245,sinistré,ADJ,C1,0.1223,1,1,0,0,0,1,1,0,2,3,P2_single_edge,P2_single_edge|P4_confusable|P5_b2c1_synset,0,补第二条正式关系，形成最小学习语境,灾民
4246,distiller,VER,C1,0.1185,1,1,0,0,0,5,1,1,3,1,P2_single_edge,P2_single_edge|P3_bridge|P4_confusable|P5_b2c1_synset,0,补第二条正式关系，形成最小学习语境,馏
4247,validité,NOM,C1,0.1185,1,1,0,0,0,2,1,1,2,2,P2_single_edge,P2_single_edge|P4_confusable|P5_b2c1_synset,0,补第二条正式关系，形成最小学习语境,有效性；真实性
4248,borgne,NOM,C1,0.1116,1,0,1,0,0,1,1,0,2,0,P2_single_edge,P2_single_edge|P4_confusable,0,补第二条正式关系，形成最小学习语境,眇
4249,lasser,VER,C1,0.1116,1,1,0,0,0,4,1,1,3,1,P2_single_edge,P2_single_edge|P3_bridge|P4_confusable|P5_b2c1_synset,0,补第二条正式关系，形成最小学习语境,累
4250,aigre,ADJ,C1,0.1089,1,0,1,0,0,7,1,0,3,3,P2_single_edge,P2_single_edge|P3_bridge|P4_confusable,0,补第二条正式关系，形成最小学习语境,酸；餲
4251,chevet,NOM,C1,0.105,1,1,0,0,0,4,1,0,2,3,P2_single_edge,P2_single_edge|P3_bridge|P4_confusable|P5_b2c1_synset,0,补第二条正式关系，形成最小学习语境,床头；床沿
4252,scie,NOM,C1,0.1028,1,1,0,0,0,10,1,0,3,1,P2_single_edge,P2_single_edge|P3_bridge|P4_confusable|P5_b2c1_synset,0,补第二条正式关系，形成最小学习语境,锯
4253,tringle,NOM,C1,0.1028,1,0,1,0,0,4,1,0,2,2,P2_single_edge,P2_single_edge|P3_bridge|P4_confusable,0,补第二条正式关系，形成最小学习语境,竿
4254,abroger,VER,C1,0.0975,1,0,0,1,0,2,1,1,2,1,P2_single_edge,P2_single_edge|P4_confusable,0,补第二条正式关系，形成最小学习语境,撤消
4255,aiguiller,VER,C1,0.0975,1,1,0,0,0,2,1,1,3,1,P2_single_edge,P2_single_edge|P4_confusable|P5_b2c1_synset,0,补第二条正式关系，形成最小学习语境,带动
4256,amplificateur,NOM,C1,0.0975,1,1,0,0,0,5,1,1,3,2,P2_single_edge,P2_single_edge|P3_bridge|P4_confusable|P5_b2c1_synset,0,补第二条正式关系，形成最小学习语境,功放；音箱
4257,annonceur,NOM,C1,0.0975,1,1,0,0,0,4,1,1,2,2,P2_single_edge,P2_single_edge|P3_bridge|P4_confusable|P5_b2c1_synset,0,补第二条正式关系，形成最小学习语境,广告商；播音员
4258,antibactérien,ADJ,C1,0.0975,1,1,0,0,0,1,1,1,1,1,P2_single_edge,P2_single_edge|P4_confusable|P5_b2c1_synset,0,补第二条正式关系，形成最小学习语境,抗菌
4259,apparier,VER,C1,0.0975,1,1,0,0,0,2,1,1,1,1,P2_single_edge,P2_single_edge|P4_confusable|P5_b2c1_synset,0,补第二条正式关系，形成最小学习语境,匹；逑
4260,asymétrique,ADJ,C1,0.0975,1,0,1,0,0,5,1,1,2,1,P2_single_edge,P2_single_edge|P3_bridge|P4_confusable,0,补第二条正式关系，形成最小学习语境,不对称
4261,attentiste,ADJ,C1,0.0975,1,1,0,0,0,1,1,2,3,3,P2_single_edge,P2_single_edge|P4_confusable|P5_b2c1_synset,0,补第二条正式关系，形成最小学习语境,
4262,avant-gardiste,ADJ,C1,0.0975,1,1,0,0,0,2,1,1,1,2,P2_single_edge,P2_single_edge|P4_confusable|P5_b2c1_synset,0,补第二条正式关系，形成最小学习语境,潮人
4263,bénéficiaire,NOM,C1,0.0975,1,1,0,0,0,4,1,1,3,3,P2_single_edge,P2_single_edge|P3_bridge|P4_confusable|P5_b2c1_synset,0,补第二条正式关系，形成最小学习语境,受益人；受益者
4264,bétail,NOM,C1,0.0975,1,0,1,0,0,5,1,2,3,1,P2_single_edge,P2_single_edge|P3_bridge|P4_confusable,0,补第二条正式关系，形成最小学习语境,家畜；牛羊
4265,clarifier,VER,C1,0.0975,1,0,1,0,0,5,1,1,3,3,P2_single_edge,P2_single_edge|P3_bridge|P4_confusable,0,补第二条正式关系，形成最小学习语境,查清；澄清
4266,constance,NOM,C1,0.0975,1,0,1,0,0,3,1,1,3,3,P2_single_edge,P2_single_edge|P4_confusable,0,补第二条正式关系，形成最小学习语境,坚韧；孔斯当丝
4267,crâne,ADJ,C1,0.0975,1,1,0,0,0,3,1,0,2,1,P2_single_edge,P2_single_edge|P4_confusable|P5_b2c1_synset,0,补第二条正式关系，形成最小学习语境,头颅；头骨
4268,cécité,NOM,C1,0.0975,1,1,0,0,0,2,1,0,2,3,P2_single_edge,P2_single_edge|P4_confusable|P5_b2c1_synset,0,补第二条正式关系，形成最小学习语境,失明；失明症
4269,distributeur,ADJ,C1,0.0975,1,1,0,0,0,1,1,0,2,1,P2_single_edge,P2_single_edge|P4_confusable|P5_b2c1_synset,0,补第二条正式关系，形成最小学习语境,中盘商；分销商
4270,divisionnaire,ADJ,C1,0.0975,1,1,0,0,0,4,1,1,2,1,P2_single_edge,P2_single_edge|P3_bridge|P4_confusable|P5_b2c1_synset,0,补第二条正式关系，形成最小学习语境,少将
4271,décevant,ADJ,C1,0.0975,1,0,0,1,0,1,1,1,0,0,P2_single_edge,P2_single_edge,0,补第二条正式关系，形成最小学习语境,差劲；扫兴
4272,défiance,NOM,C1,0.0975,1,0,1,0,0,2,1,1,2,3,P2_single_edge,P2_single_edge|P4_confusable,0,补第二条正式关系，形成最小学习语境,不信任
4273,déploiement,NOM,C1,0.0975,1,1,0,0,0,3,1,1,0,1,P2_single_edge,P2_single_edge|P4_confusable|P5_b2c1_synset,0,补第二条正式关系，形成最小学习语境,发扬
4274,enfler,VER,C1,0.0975,1,0,1,0,0,11,1,0,2,2,P2_single_edge,P2_single_edge|P3_bridge|P4_confusable,0,补第二条正式关系，形成最小学习语境,涨；肿
4275,examinateur,NOM,C1,0.0975,1,1,0,0,0,2,1,1,2,1,P2_single_edge,P2_single_edge|P4_confusable|P5_b2c1_synset,0,补第二条正式关系，形成最小学习语境,考官
4276,expédient,NOM,C1,0.0975,1,0,1,0,0,2,1,1,2,3,P2_single_edge,P2_single_edge|P4_confusable,0,补第二条正式关系，形成最小学习语境,可行
4277,ferveur,NOM,C1,0.0975,1,1,0,0,0,2,1,1,1,1,P2_single_edge,P2_single_edge|P4_confusable|P5_b2c1_synset,0,补第二条正式关系，形成最小学习语境,热忱；热诚
4278,fictif,ADJ,C1,0.0975,1,1,0,0,0,1,1,1,1,0,P2_single_edge,P2_single_edge|P4_confusable|P5_b2c1_synset,0,补第二条正式关系，形成最小学习语境,虚拟
4279,gestionnaire,NOM,C1,0.0975,1,1,0,0,0,1,1,1,3,2,P2_single_edge,P2_single_edge|P4_confusable|P5_b2c1_synset,0,补第二条正式关系，形成最小学习语境,处理者；店长
4280,gérable,ADJ,C1,0.0975,1,1,0,0,0,1,1,1,2,1,P2_single_edge,P2_single_edge|P4_confusable|P5_b2c1_synset,0,补第二条正式关系，形成最小学习语境,
4281,harmonisation,NOM,C1,0.0975,1,1,0,0,0,3,1,1,3,3,P2_single_edge,P2_single_edge|P4_confusable|P5_b2c1_synset,0,补第二条正式关系，形成最小学习语境,调和
4282,immigrant,ADJ,C1,0.0975,1,1,0,0,0,1,1,1,3,3,P2_single_edge,P2_single_edge|P4_confusable|P5_b2c1_synset,0,补第二条正式关系，形成最小学习语境,移民
4283,industrialisation,NOM,C1,0.0975,1,1,0,0,0,3,1,1,1,1,P2_single_edge,P2_single_edge|P4_confusable|P5_b2c1_synset,0,补第二条正式关系，形成最小学习语境,产业化；工业化
4284,inflammation,NOM,C1,0.0975,1,1,0,0,0,2,1,1,3,3,P2_single_edge,P2_single_edge|P4_confusable|P5_b2c1_synset,0,补第二条正式关系，形成最小学习语境,发炎；炎症
4285,jongler,VER,C1,0.0975,1,1,0,0,0,7,1,1,2,1,P2_single_edge,P2_single_edge|P3_bridge|P4_confusable|P5_b2c1_synset,0,补第二条正式关系，形成最小学习语境,玩弄
4286,mentor,NOM,C1,0.0975,1,0,1,0,0,0,0,0,1,1,P2_single_edge,P2_single_edge|P4_confusable,0,补第二条正式关系，形成最小学习语境,技术指导；指导员
4287,missionnaire,NOM,C1,0.0975,1,1,0,0,0,4,1,1,2,1,P2_single_edge,P2_single_edge|P3_bridge|P4_confusable|P5_b2c1_synset,0,补第二条正式关系，形成最小学习语境,传教士
4288,modernisation,NOM,C1,0.0975,1,1,0,0,0,2,1,2,2,2,P2_single_edge,P2_single_edge|P4_confusable|P5_b2c1_synset,0,补第二条正式关系，形成最小学习语境,现代化
4289,opportun,ADJ,C1,0.0975,1,0,1,0,0,2,1,1,2,1,P2_single_edge,P2_single_edge|P4_confusable,0,补第二条正式关系，形成最小学习语境,恰当；正好
4290,pastoral,ADJ,C1,0.0975,1,1,0,0,0,0,0,1,3,3,P2_single_edge,P2_single_edge|P4_confusable,0,补第二条正式关系，形成最小学习语境,乡间
4291,pressentir,VER,C1,0.0975,1,1,0,0,0,4,1,1,3,2,P2_single_edge,P2_single_edge|P3_bridge|P4_confusable|P5_b2c1_synset,0,补第二条正式关系，形成最小学习语境,试探；预感
4292,pronostiquer,VER,C1,0.0975,1,1,0,0,0,1,1,0,1,1,P2_single_edge,P2_single_edge|P4_confusable|P5_b2c1_synset,0,补第二条正式关系，形成最小学习语境,捉摸
4293,recensement,NOM,C1,0.0975,1,1,0,0,0,2,1,1,2,3,P2_single_edge,P2_single_edge|P4_confusable|P5_b2c1_synset,0,补第二条正式关系，形成最小学习语境,普查
4294,relecture,NOM,C1,0.0975,1,1,0,0,0,3,1,0,1,2,P2_single_edge,P2_single_edge|P4_confusable|P5_b2c1_synset,0,补第二条正式关系，形成最小学习语境,校对
4295,retransmettre,VER,C1,0.0975,1,1,0,0,0,2,1,1,1,1,P2_single_edge,P2_single_edge|P4_confusable|P5_b2c1_synset,0,补第二条正式关系，形成最小学习语境,转播
4296,réfléchi,ADJ,C1,0.0975,1,0,1,0,0,5,1,1,1,1,P2_single_edge,P2_single_edge|P3_bridge|P4_confusable,0,补第二条正式关系，形成最小学习语境,懃
4297,réintégrer,VER,C1,0.0975,1,1,0,0,0,3,1,1,2,2,P2_single_edge,P2_single_edge|P4_confusable|P5_b2c1_synset,0,补第二条正式关系，形成最小学习语境,重回
4298,réorganiser,VER,C1,0.0975,1,1,0,0,0,1,1,1,1,2,P2_single_edge,P2_single_edge|P4_confusable|P5_b2c1_synset,0,补第二条正式关系，形成最小学习语境,改编；整顿
4299,sourciller,VER,C1,0.0975,1,1,0,0,0,3,1,1,3,2,P2_single_edge,P2_single_edge|P4_confusable|P5_b2c1_synset,0,补第二条正式关系，形成最小学习语境,
4300,survol,NOM,C1,0.0975,1,1,0,0,0,4,1,1,1,2,P2_single_edge,P2_single_edge|P3_bridge|P4_confusable|P5_b2c1_synset,0,补第二条正式关系，形成最小学习语境,浏览；空中分列
4301,transporteur,NOM,C1,0.0975,1,1,0,0,0,2,1,1,2,2,P2_single_edge,P2_single_edge|P4_confusable|P5_b2c1_synset,0,补第二条正式关系，形成最小学习语境,承运人；携带者
4302,épingler,VER,C1,0.0975,1,1,0,0,0,3,1,1,3,1,P2_single_edge,P2_single_edge|P4_confusable|P5_b2c1_synset,0,补第二条正式关系，形成最小学习语境,置顶
4303,fermé,ADJ,C1,0.0964,1,0,0,1,0,7,1,1,3,3,P2_single_edge,P2_single_edge|P3_bridge|P4_confusable,0,补第二条正式关系，形成最小学习语境,细密；闭着
4304,anglo-américain,ADJ,C1,0.0944,1,0,1,0,0,4,1,1,2,1,P2_single_edge,P2_single_edge|P3_bridge|P4_confusable,0,补第二条正式关系，形成最小学习语境,美英；英美
4305,déprime,NOM,C1,0.0944,1,1,0,0,0,2,1,2,3,3,P2_single_edge,P2_single_edge|P4_confusable|P5_b2c1_synset,0,补第二条正式关系，形成最小学习语境,忧郁
4306,entreprenant,ADJ,C1,0.0944,1,1,0,0,0,3,1,1,2,2,P2_single_edge,P2_single_edge|P4_confusable|P5_b2c1_synset,0,补第二条正式关系，形成最小学习语境,泼辣
4307,malin,NOM,C1,0.0905,1,0,1,0,0,1,1,0,1,1,P2_single_edge,P2_single_edge|P4_confusable,0,补第二条正式关系，形成最小学习语境,刁钻；圆滑
4308,procès-verbal,NOM,C1,0.0867,1,0,1,0,0,3,1,1,1,2,P2_single_edge,P2_single_edge|P4_confusable,0,补第二条正式关系，形成最小学习语境,报告书
4309,flic,NOM,C1,0.0815,1,0,1,0,0,2,1,0,2,0,P2_single_edge,P2_single_edge|P4_confusable,0,补第二条正式关系，形成最小学习语境,条子；雷子
4310,hameau,NOM,C1,0.0815,1,0,1,0,0,1,1,0,2,3,P2_single_edge,P2_single_edge|P4_confusable,0,补第二条正式关系，形成最小学习语境,小村；村庄
4311,cavalier,ADJ,C1,0.0802,1,1,0,0,0,5,1,1,2,1,P2_single_edge,P2_single_edge|P3_bridge|P4_confusable|P5_b2c1_synset,0,补第二条正式关系，形成最小学习语境,跳线；骑兵
4312,craquement,NOM,C1,0.0731,1,1,0,0,0,2,1,1,3,2,P2_single_edge,P2_single_edge|P4_confusable|P5_b2c1_synset,0,补第二条正式关系，形成最小学习语境,咔嚓；嘎吱
4313,minéral,NOM,C1,0.0698,1,0,0,1,0,3,1,1,1,2,P2_single_edge,P2_single_edge|P4_confusable,0,补第二条正式关系，形成最小学习语境,矿物
4314,hareng,NOM,C1,0.0683,1,0,1,0,0,2,1,0,1,0,P2_single_edge,P2_single_edge|P4_confusable,0,补第二条正式关系，形成最小学习语境,鰽
4315,acompte,NOM,C1,0.0657,1,0,1,0,0,2,1,1,2,1,P2_single_edge,P2_single_edge|P4_confusable,0,补第二条正式关系，形成最小学习语境,分期付款；定金
4316,affligeant,ADJ,C1,0.0657,1,1,0,0,0,1,1,1,2,1,P2_single_edge,P2_single_edge|P4_confusable|P5_b2c1_synset,0,补第二条正式关系，形成最小学习语境,凄然
4317,allergie,NOM,C1,0.0657,1,1,0,0,0,2,1,1,2,3,P2_single_edge,P2_single_edge|P4_confusable|P5_b2c1_synset,0,补第二条正式关系，形成最小学习语境,过敏；过敏性
4318,antagonisme,NOM,C1,0.0657,1,0,1,0,0,2,1,0,2,1,P2_single_edge,P2_single_edge|P4_confusable,0,补第二条正式关系，形成最小学习语境,对抗
4319,asservissement,NOM,C1,0.0657,1,1,0,0,0,2,1,1,1,2,P2_single_edge,P2_single_edge|P4_confusable|P5_b2c1_synset,0,补第二条正式关系，形成最小学习语境,伺服；顺从
4320,baise,NOM,C1,0.0657,1,0,1,0,0,2,1,1,3,1,P2_single_edge,P2_single_edge|P4_confusable,0,补第二条正式关系，形成最小学习语境,百色；百色市
4321,bruyamment,ADV,C1,0.0657,1,0,0,1,0,1,1,1,2,2,P2_single_edge,P2_single_edge|P4_confusable,0,补第二条正式关系，形成最小学习语境,大声；轰然
4322,cercler,VER,C1,0.0657,1,1,0,0,0,2,1,1,2,1,P2_single_edge,P2_single_edge|P4_confusable|P5_b2c1_synset,0,补第二条正式关系，形成最小学习语境,箍
4323,chaos,NOM,C1,0.0657,1,1,0,0,0,0,0,1,1,2,P2_single_edge,P2_single_edge|P4_confusable,0,补第二条正式关系，形成最小学习语境,混乱；混沌
4324,clocher,VER,C1,0.0657,1,1,0,0,0,6,1,1,3,3,P2_single_edge,P2_single_edge|P3_bridge|P4_confusable|P5_b2c1_synset,0,补第二条正式关系，形成最小学习语境,钟楼
4325,complaisant,ADJ,C1,0.0657,1,0,1,0,0,4,1,1,3,2,P2_single_edge,P2_single_edge|P3_bridge|P4_confusable,0,补第二条正式关系，形成最小学习语境,娓；娩
4326,dissymétrique,ADJ,C1,0.0657,1,0,1,0,0,1,1,1,2,1,P2_single_edge,P2_single_edge|P4_confusable,0,补第二条正式关系，形成最小学习语境,不对称
4327,déambulation,NOM,C1,0.0657,1,1,0,0,0,1,1,1,3,2,P2_single_edge,P2_single_edge|P4_confusable|P5_b2c1_synset,0,补第二条正式关系，形成最小学习语境,行走
4328,désagrément,NOM,C1,0.0657,1,0,0,1,0,1,1,1,2,3,P2_single_edge,P2_single_edge|P4_confusable,0,补第二条正式关系，形成最小学习语境,烦恼
4329,détecteur,ADJ,C1,0.0657,1,1,0,0,0,1,1,1,2,3,P2_single_edge,P2_single_edge|P4_confusable|P5_b2c1_synset,0,补第二条正式关系，形成最小学习语境,报警器；探测器
4330,dévisser,VER,C1,0.0657,1,1,0,0,0,6,1,1,3,1,P2_single_edge,P2_single_edge|P3_bridge|P4_confusable|P5_b2c1_synset,0,补第二条正式关系，形成最小学习语境,拧开
4331,empathie,NOM,C1,0.0657,1,0,1,0,0,3,1,0,3,2,P2_single_edge,P2_single_edge|P4_confusable,0,补第二条正式关系，形成最小学习语境,共情
4332,encombrant,ADJ,C1,0.0657,1,1,0,0,0,3,1,1,3,2,P2_single_edge,P2_single_edge|P4_confusable|P5_b2c1_synset,0,补第二条正式关系，形成最小学习语境,臃肿
4333,fortuit,ADJ,C1,0.0657,1,0,1,0,0,1,1,0,2,0,P2_single_edge,P2_single_edge|P4_confusable,0,补第二条正式关系，形成最小学习语境,偶然
4334,frauduleux,ADJ,C1,0.0657,1,1,0,0,0,3,1,1,1,1,P2_single_edge,P2_single_edge|P4_confusable|P5_b2c1_synset,0,补第二条正式关系，形成最小学习语境,
4335,fâcherie,NOM,C1,0.0657,1,1,0,0,0,1,1,1,2,0,P2_single_edge,P2_single_edge|P4_confusable|P5_b2c1_synset,0,补第二条正式关系，形成最小学习语境,不和
4336,gravure,NOM,C1,0.0657,1,1,0,0,0,5,1,2,0,3,P2_single_edge,P2_single_edge|P3_bridge|P4_confusable|P5_b2c1_synset,0,补第二条正式关系，形成最小学习语境,凹版；版画
4337,infructueux,ADJ,C1,0.0657,1,0,0,1,0,2,1,1,1,0,P2_single_edge,P2_single_edge|P4_confusable,0,补第二条正式关系，形成最小学习语境,不利；未果
4338,interférer,VER,C1,0.0657,1,1,0,0,0,2,1,1,3,1,P2_single_edge,P2_single_edge|P4_confusable|P5_b2c1_synset,0,补第二条正式关系，形成最小学习语境,插手
4339,jaser,VER,C1,0.0657,1,0,1,0,0,5,1,0,1,1,P2_single_edge,P2_single_edge|P3_bridge|P4_confusable,0,补第二条正式关系，形成最小学习语境,喋喋不休；聊天
4340,jeûne,NOM,C1,0.0657,1,1,0,0,0,4,1,1,2,1,P2_single_edge,P2_single_edge|P3_bridge|P4_confusable|P5_b2c1_synset,0,补第二条正式关系，形成最小学习语境,断绝；空心
4341,lauréat,NOM,C1,0.0657,1,0,1,0,0,3,1,0,1,1,P2_single_edge,P2_single_edge|P4_confusable,0,补第二条正式关系，形成最小学习语境,获奖者
4342,malveillant,ADJ,C1,0.0657,1,0,0,1,0,3,1,2,0,3,P2_single_edge,P2_single_edge|P4_confusable,0,补第二条正式关系，形成最小学习语境,阴鸷
4343,manipulateur,NOM,C1,0.0657,1,1,0,0,0,6,1,1,2,2,P2_single_edge,P2_single_edge|P3_bridge|P4_confusable|P5_b2c1_synset,0,补第二条正式关系，形成最小学习语境,后台
4344,maxime,NOM,C1,0.0657,1,0,1,0,0,3,1,0,3,3,P2_single_edge,P2_single_edge|P4_confusable,0,补第二条正式关系，形成最小学习语境,格言
4345,noyau,NOM,C1,0.0657,1,1,0,0,0,21,1,0,2,3,P2_single_edge,P2_single_edge|P3_bridge|P4_confusable|P5_b2c1_synset,0,补第二条正式关系，形成最小学习语境,中枢；核心
4346,obstination,NOM,C1,0.0657,1,1,0,0,0,2,1,1,3,3,P2_single_edge,P2_single_edge|P4_confusable|P5_b2c1_synset,0,补第二条正式关系，形成最小学习语境,牛心；牛性
4347,octroyer,VER,C1,0.0657,1,0,1,0,0,1,1,0,1,1,P2_single_edge,P2_single_edge|P4_confusable,0,补第二条正式关系，形成最小学习语境,赏赐；赐予
4348,papoter,VER,C1,0.0657,1,0,1,0,0,1,1,0,2,1,P2_single_edge,P2_single_edge|P4_confusable,0,补第二条正式关系，形成最小学习语境,打瓜
4349,pardessus,NOM,C1,0.0657,1,0,1,0,0,1,1,1,2,2,P2_single_edge,P2_single_edge|P4_confusable,0,补第二条正式关系，形成最小学习语境,外套；大衣
4350,piétinement,NOM,C1,0.0657,1,1,0,0,0,3,1,1,1,3,P2_single_edge,P2_single_edge|P4_confusable|P5_b2c1_synset,0,补第二条正式关系，形成最小学习语境,蹀
4351,plaquer,VER,C1,0.0657,1,1,0,0,0,11,1,1,3,3,P2_single_edge,P2_single_edge|P3_bridge|P4_confusable|P5_b2c1_synset,0,补第二条正式关系，形成最小学习语境,鋈
4352,poudrière,NOM,C1,0.0657,1,1,0,0,0,5,1,1,2,3,P2_single_edge,P2_single_edge|P3_bridge|P4_confusable|P5_b2c1_synset,0,补第二条正式关系，形成最小学习语境,闪点
4353,prohibition,NOM,C1,0.0657,1,1,0,0,0,2,1,0,2,2,P2_single_edge,P2_single_edge|P4_confusable|P5_b2c1_synset,0,补第二条正式关系，形成最小学习语境,禁令
4354,psychotrope,NOM,C1,0.0657,1,0,1,0,0,1,1,0,0,0,P2_single_edge,P2_single_edge,0,补第二条正式关系，形成最小学习语境,精神药品
4355,reconstruction,NOM,C1,0.0657,1,1,0,0,0,4,1,1,3,3,P2_single_edge,P2_single_edge|P3_bridge|P4_confusable|P5_b2c1_synset,0,补第二条正式关系，形成最小学习语境,重构
4356,reculé,ADJ,C1,0.0657,1,1,0,0,0,1,1,1,3,3,P2_single_edge,P2_single_edge|P4_confusable|P5_b2c1_synset,0,补第二条正式关系，形成最小学习语境,偏僻；偏远
4357,standard,ADJ,C1,0.0657,1,0,1,0,0,3,1,0,3,3,P2_single_edge,P2_single_edge|P4_confusable,0,补第二条正式关系，形成最小学习语境,交换机；制式
4358,stupidité,NOM,C1,0.0657,1,1,0,0,0,3,1,1,2,2,P2_single_edge,P2_single_edge|P4_confusable|P5_b2c1_synset,0,补第二条正式关系，形成最小学习语境,傻劲儿；惊愕
4359,tenture,NOM,C1,0.0657,1,0,1,0,0,4,1,2,0,1,P2_single_edge,P2_single_edge|P3_bridge|P4_confusable,0,补第二条正式关系，形成最小学习语境,帷幕
4360,torturer,VER,C1,0.0657,1,1,0,0,0,3,1,1,3,1,P2_single_edge,P2_single_edge|P4_confusable|P5_b2c1_synset,0,补第二条正式关系，形成最小学习语境,折腾；揉搓
4361,tromperie,NOM,C1,0.0657,1,0,1,0,0,4,1,0,2,2,P2_single_edge,P2_single_edge|P3_bridge|P4_confusable,0,补第二条正式关系，形成最小学习语境,花活；虚谎
4362,vigoureusement,ADV,C1,0.0657,1,0,1,0,0,2,1,1,2,2,P2_single_edge,P2_single_edge|P4_confusable,0,补第二条正式关系，形成最小学习语境,可劲；大力
4363,visser,VER,C1,0.0657,1,1,0,0,0,8,1,1,2,3,P2_single_edge,P2_single_edge|P3_bridge|P4_confusable|P5_b2c1_synset,0,补第二条正式关系，形成最小学习语境,拧
4364,élevé,ADJ,C1,0.0657,1,1,0,0,0,4,1,2,3,2,P2_single_edge,P2_single_edge|P3_bridge|P4_confusable|P5_b2c1_synset,0,补第二条正式关系，形成最小学习语境,高昂；高架
4365,éluder,VER,C1,0.0657,1,0,1,0,0,2,1,0,2,2,P2_single_edge,P2_single_edge|P4_confusable,0,补第二条正式关系，形成最小学习语境,规避
4366,évier,NOM,C1,0.0657,1,0,1,0,0,2,1,0,1,0,P2_single_edge,P2_single_edge|P4_confusable,0,补第二条正式关系，形成最小学习语境,水池
4367,ecchymose,NOM,C1,0.0654,1,0,1,0,0,1,1,0,0,0,P2_single_edge,P2_single_edge,0,补第二条正式关系，形成最小学习语境,撞伤；皮外伤
4368,abruti,NOM,C1,0.0652,1,0,1,0,0,1,1,1,2,2,P2_single_edge,P2_single_edge|P4_confusable,0,补第二条正式关系，形成最小学习语境,笨伯
4369,admission,NOM,C1,0.0652,1,1,0,0,0,4,1,1,1,2,P2_single_edge,P2_single_edge|P3_bridge|P4_confusable|P5_b2c1_synset,0,补第二条正式关系，形成最小学习语境,准入
4370,bagatelle,NOM,C1,0.0652,1,0,1,0,0,7,1,0,2,2,P2_single_edge,P2_single_edge|P3_bridge|P4_confusable,0,补第二条正式关系，形成最小学习语境,小事；小节
4371,balustrade,NOM,C1,0.0652,1,0,1,0,0,2,1,0,1,1,P2_single_edge,P2_single_edge|P4_confusable,0,补第二条正式关系，形成最小学习语境,扶手；栏杆
4372,chapelet,NOM,C1,0.0652,1,0,1,0,0,8,1,1,1,0,P2_single_edge,P2_single_edge|P3_bridge|P4_confusable,0,补第二条正式关系，形成最小学习语境,玫瑰念珠
4373,citronnier,NOM,C1,0.0652,1,1,0,0,0,2,1,1,2,0,P2_single_edge,P2_single_edge|P4_confusable|P5_b2c1_synset,0,补第二条正式关系，形成最小学习语境,
4374,communiste,ADJ,C1,0.0652,1,1,0,0,0,3,1,1,1,1,P2_single_edge,P2_single_edge|P4_confusable|P5_b2c1_synset,0,补第二条正式关系，形成最小学习语境,共产；共产党人
4375,distancer,VER,C1,0.0652,1,1,0,0,0,3,1,1,2,3,P2_single_edge,P2_single_edge|P4_confusable|P5_b2c1_synset,0,补第二条正式关系，形成最小学习语境,隔
4376,démence,NOM,C1,0.0652,1,0,1,0,0,2,1,0,1,2,P2_single_edge,P2_single_edge|P4_confusable,0,补第二条正式关系，形成最小学习语境,痴呆
4377,démoniaque,ADJ,C1,0.0652,1,1,0,0,0,0,0,1,1,2,P2_single_edge,P2_single_edge|P4_confusable,0,补第二条正式关系，形成最小学习语境,天魔
4378,démêlé,NOM,C1,0.0652,1,1,0,0,0,1,1,0,3,2,P2_single_edge,P2_single_edge|P4_confusable|P5_b2c1_synset,0,补第二条正式关系，形成最小学习语境,纠纷
4379,enclos,NOM,C1,0.0652,1,0,1,0,0,3,1,1,0,1,P2_single_edge,P2_single_edge|P4_confusable,0,补第二条正式关系，形成最小学习语境,囗；圈
4380,entrevoir,VER,C1,0.0652,1,1,0,0,0,3,1,1,2,1,P2_single_edge,P2_single_edge|P4_confusable|P5_b2c1_synset,0,补第二条正式关系，形成最小学习语境,隐约看见；隐约预感
4381,escarpé,ADJ,C1,0.0652,1,0,1,0,0,2,1,1,2,1,P2_single_edge,P2_single_edge|P4_confusable,0,补第二条正式关系，形成最小学习语境,陡峭
4382,extrémiste,NOM,C1,0.0652,1,1,0,0,0,1,1,2,1,2,P2_single_edge,P2_single_edge|P4_confusable|P5_b2c1_synset,0,补第二条正式关系，形成最小学习语境,偏激；极端
4383,flambée,NOM,C1,0.0652,1,1,0,0,0,4,1,1,2,3,P2_single_edge,P2_single_edge|P3_bridge|P4_confusable|P5_b2c1_synset,0,补第二条正式关系，形成最小学习语境,熛
4384,fret,NOM,C1,0.0652,1,0,1,0,0,3,1,0,3,3,P2_single_edge,P2_single_edge|P4_confusable,0,补第二条正式关系，形成最小学习语境,船货；货物运输
4385,giroflée,NOM,C1,0.0652,1,0,1,0,0,3,1,1,2,1,P2_single_edge,P2_single_edge|P4_confusable,0,补第二条正式关系，形成最小学习语境,紫罗兰
4386,immaculé,ADJ,C1,0.0652,1,0,1,0,0,3,1,0,2,1,P2_single_edge,P2_single_edge|P4_confusable,0,补第二条正式关系，形成最小学习语境,洁白
4387,infériorité,NOM,C1,0.0652,1,1,0,0,0,3,1,1,3,2,P2_single_edge,P2_single_edge|P4_confusable|P5_b2c1_synset,0,补第二条正式关系，形成最小学习语境,低等；劣质
4388,investisseur,NOM,C1,0.0652,1,1,0,0,0,1,1,1,3,2,P2_single_edge,P2_single_edge|P4_confusable|P5_b2c1_synset,0,补第二条正式关系，形成最小学习语境,投资人；投资者
4389,lever,NOM,C1,0.0652,1,0,0,1,0,3,1,12,1,3,P2_single_edge,P2_single_edge|P4_confusable,0,补第二条正式关系，形成最小学习语境,初升；提起
4390,limpidité,NOM,C1,0.0652,1,1,0,0,0,1,1,1,2,2,P2_single_edge,P2_single_edge|P4_confusable|P5_b2c1_synset,0,补第二条正式关系，形成最小学习语境,透彻；透明度
4391,miraculeux,ADJ,C1,0.0652,1,1,0,0,0,3,1,1,1,1,P2_single_edge,P2_single_edge|P4_confusable|P5_b2c1_synset,0,补第二条正式关系，形成最小学习语境,神奇
4392,misogynie,NOM,C1,0.0652,1,0,0,1,0,1,1,0,0,0,P2_single_edge,P2_single_edge,0,补第二条正式关系，形成最小学习语境,厌女症
4393,mortellement,ADV,C1,0.0652,1,0,1,0,0,3,1,1,3,1,P2_single_edge,P2_single_edge|P4_confusable,0,补第二条正式关系，形成最小学习语境,要命
4394,mousser,VER,C1,0.0652,1,1,0,0,0,2,1,1,3,2,P2_single_edge,P2_single_edge|P4_confusable|P5_b2c1_synset,0,补第二条正式关系，形成最小学习语境,起泡
4395,perche,NOM,C1,0.0652,1,1,0,0,0,11,1,1,1,1,P2_single_edge,P2_single_edge|P3_bridge|P4_confusable|P5_b2c1_synset,0,补第二条正式关系，形成最小学习语境,撑杆
4396,prostitué,NOM,C1,0.0652,1,0,1,0,0,1,1,1,0,1,P2_single_edge,P2_single_edge|P4_confusable,0,补第二条正式关系，形成最小学习语境,相公
4397,rationalité,NOM,C1,0.0652,1,1,0,0,0,2,1,1,2,3,P2_single_edge,P2_single_edge|P4_confusable|P5_b2c1_synset,0,补第二条正式关系，形成最小学习语境,理性
4398,resserrer,VER,C1,0.0652,1,1,0,0,0,11,1,1,3,2,P2_single_edge,P2_single_edge|P3_bridge|P4_confusable|P5_b2c1_synset,0,补第二条正式关系，形成最小学习语境,收紧；紧缩
4399,roturier,ADJ,C1,0.0652,1,0,0,1,0,2,1,0,1,0,P2_single_edge,P2_single_edge|P4_confusable,0,补第二条正式关系，形成最小学习语境,小民；屁民
4400,ruiné,ADJ,C1,0.0652,1,1,0,0,0,1,1,1,2,2,P2_single_edge,P2_single_edge|P4_confusable|P5_b2c1_synset,0,补第二条正式关系，形成最小学习语境,坏掉；颓然
4401,saoul,ADJ,C1,0.0652,1,0,1,0,0,3,1,0,1,1,P2_single_edge,P2_single_edge|P4_confusable,0,补第二条正式关系，形成最小学习语境,喝醉；醉酒
4402,sauvegarder,VER,C1,0.0652,1,1,0,0,0,2,1,1,2,1,P2_single_edge,P2_single_edge|P4_confusable|P5_b2c1_synset,0,补第二条正式关系，形成最小学习语境,保卫；保存
4403,schéma,NOM,C1,0.0652,1,0,1,0,0,5,1,0,1,1,P2_single_edge,P2_single_edge|P3_bridge|P4_confusable,0,补第二条正式关系，形成最小学习语境,图样；图表
4404,souverain,ADJ,C1,0.0652,1,1,0,0,0,4,1,1,2,2,P2_single_edge,P2_single_edge|P3_bridge|P4_confusable|P5_b2c1_synset,0,补第二条正式关系，形成最小学习语境,君王；帝王
4405,superstition,NOM,C1,0.0652,1,0,1,0,0,5,1,1,1,2,P2_single_edge,P2_single_edge|P3_bridge|P4_confusable,0,补第二条正式关系，形成最小学习语境,迷信
4406,toxique,NOM,C1,0.0652,1,0,1,0,0,2,1,0,1,1,P2_single_edge,P2_single_edge|P4_confusable,0,补第二条正式关系，形成最小学习语境,有害；有毒
4407,tuile,NOM,C1,0.0652,1,1,0,0,0,10,1,1,1,1,P2_single_edge,P2_single_edge|P3_bridge|P4_confusable|P5_b2c1_synset,0,补第二条正式关系，形成最小学习语境,瓦；瓴
4408,accumulation,NOM,C1,0.0614,1,1,0,0,0,5,1,1,2,2,P2_single_edge,P2_single_edge|P3_bridge|P4_confusable|P5_b2c1_synset,0,补第二条正式关系，形成最小学习语境,堆积；积累
4409,actualiser,VER,C1,0.0614,1,1,0,0,0,2,1,1,0,0,P2_single_edge,P2_single_edge|P5_b2c1_synset,0,补第二条正式关系，形成最小学习语境,更新
4410,administrateur,NOM,C1,0.0614,1,1,0,0,0,5,1,1,3,3,P2_single_edge,P2_single_edge|P3_bridge|P4_confusable|P5_b2c1_synset,0,补第二条正式关系，形成最小学习语境,干事；理事
4411,baroque,NOM,C1,0.0614,1,1,0,0,0,2,1,0,3,3,P2_single_edge,P2_single_edge|P4_confusable|P5_b2c1_synset,0,补第二条正式关系，形成最小学习语境,巴洛克
4412,biotope,NOM,C1,0.0614,1,0,1,0,0,1,1,0,0,1,P2_single_edge,P2_single_edge|P4_confusable,0,补第二条正式关系，形成最小学习语境,生物小区
4413,boucher,NOM,C1,0.0614,1,1,0,0,0,2,1,1,3,3,P2_single_edge,P2_single_edge|P4_confusable|P5_b2c1_synset,0,补第二条正式关系，形成最小学习语境,堵住；堵塞
4414,cassation,NOM,C1,0.0614,1,1,0,0,0,3,1,1,1,2,P2_single_edge,P2_single_edge|P4_confusable|P5_b2c1_synset,0,补第二条正式关系，形成最小学习语境,
4415,cheptel,NOM,C1,0.0614,1,0,1,0,0,3,1,0,0,0,P2_single_edge,P2_single_edge,0,补第二条正式关系，形成最小学习语境,畜
4416,connoter,VER,C1,0.0614,1,1,0,0,0,2,1,0,1,0,P2_single_edge,P2_single_edge|P4_confusable|P5_b2c1_synset,0,补第二条正式关系，形成最小学习语境,含有
4417,convenu,ADJ,C1,0.0614,1,1,0,0,0,2,1,1,2,3,P2_single_edge,P2_single_edge|P4_confusable|P5_b2c1_synset,0,补第二条正式关系，形成最小学习语境,旧调重弹
4418,dérivé,NOM,C1,0.0614,1,0,1,0,0,3,1,1,3,1,P2_single_edge,P2_single_edge|P4_confusable,0,补第二条正式关系，形成最小学习语境,导出
4419,dérouter,VER,C1,0.0614,1,0,1,0,0,4,1,1,2,0,P2_single_edge,P2_single_edge|P3_bridge|P4_confusable,0,补第二条正式关系，形成最小学习语境,难倒
4420,exaltation,NOM,C1,0.0614,1,1,0,0,0,7,1,1,1,1,P2_single_edge,P2_single_edge|P3_bridge|P4_confusable|P5_b2c1_synset,0,补第二条正式关系，形成最小学习语境,兴高采烈
4421,exhibitionnisme,NOM,C1,0.0614,1,1,0,0,0,2,1,1,2,1,P2_single_edge,P2_single_edge|P4_confusable|P5_b2c1_synset,0,补第二条正式关系，形成最小学习语境,裸露狂；野战
4422,flatteur,ADJ,C1,0.0614,1,1,0,0,0,3,1,1,1,1,P2_single_edge,P2_single_edge|P4_confusable|P5_b2c1_synset,0,补第二条正式关系，形成最小学习语境,溢美；走狗
4423,frémissement,NOM,C1,0.0614,1,1,0,0,0,4,1,1,3,3,P2_single_edge,P2_single_edge|P3_bridge|P4_confusable|P5_b2c1_synset,0,补第二条正式关系，形成最小学习语境,战栗
4424,humilié,ADJ,C1,0.0614,1,1,0,0,0,1,1,1,3,3,P2_single_edge,P2_single_edge|P4_confusable|P5_b2c1_synset,0,补第二条正式关系，形成最小学习语境,受辱
4425,inanité,NOM,C1,0.0614,1,0,1,0,0,1,1,0,0,0,P2_single_edge,P2_single_edge,0,补第二条正式关系，形成最小学习语境,无用；无益
4426,indicateur,NOM,C1,0.0614,1,0,1,0,0,6,1,1,2,2,P2_single_edge,P2_single_edge|P3_bridge|P4_confusable,0,补第二条正式关系，形成最小学习语境,迹象
4427,indigène,NOM,C1,0.0614,1,0,1,0,0,2,1,0,3,3,P2_single_edge,P2_single_edge|P4_confusable,0,补第二条正式关系，形成最小学习语境,原住民；原地
4428,infime,ADJ,C1,0.0614,1,0,1,0,0,2,1,0,1,0,P2_single_edge,P2_single_edge|P4_confusable,0,补第二条正式关系，形成最小学习语境,渺
4429,jeûner,VER,C1,0.0614,1,1,0,0,0,3,1,1,2,1,P2_single_edge,P2_single_edge|P4_confusable|P5_b2c1_synset,0,补第二条正式关系，形成最小学习语境,斋
4430,justification,NOM,C1,0.0614,1,1,0,0,0,6,1,2,1,0,P2_single_edge,P2_single_edge|P3_bridge|P4_confusable|P5_b2c1_synset,0,补第二条正式关系，形成最小学习语境,单据；行长
4431,licencieux,ADJ,C1,0.0614,1,1,0,0,0,1,1,1,3,3,P2_single_edge,P2_single_edge|P4_confusable|P5_b2c1_synset,0,补第二条正式关系，形成最小学习语境,婬；宕
4432,mercantile,ADJ,C1,0.0614,1,0,1,0,0,2,1,0,0,0,P2_single_edge,P2_single_edge,0,补第二条正式关系，形成最小学习语境,市侩
4433,monochrome,ADJ,C1,0.0614,1,0,0,1,0,1,1,0,0,0,P2_single_edge,P2_single_edge,0,补第二条正式关系，形成最小学习语境,单色
4434,méridional,ADJ,C1,0.0614,1,0,1,0,0,2,1,0,0,0,P2_single_edge,P2_single_edge,0,补第二条正式关系，形成最小学习语境,南方人
4435,ocre,NOM,C1,0.0614,1,0,1,0,0,4,1,0,0,0,P2_single_edge,P2_single_edge|P3_bridge,0,补第二条正式关系，形成最小学习语境,赭
4436,ombrage,NOM,C1,0.0614,1,1,0,0,0,3,1,1,2,1,P2_single_edge,P2_single_edge|P4_confusable|P5_b2c1_synset,0,补第二条正式关系，形成最小学习语境,芾
4437,onéreux,ADJ,C1,0.0614,1,0,1,0,0,3,1,1,3,0,P2_single_edge,P2_single_edge|P4_confusable,0,补第二条正式关系，形成最小学习语境,太贵；高昂
4438,oscillation,NOM,C1,0.0614,1,1,0,0,0,4,1,1,1,1,P2_single_edge,P2_single_edge|P3_bridge|P4_confusable|P5_b2c1_synset,0,补第二条正式关系，形成最小学习语境,振荡；颤动
4439,petitesse,NOM,C1,0.0614,1,0,0,1,0,5,1,1,1,2,P2_single_edge,P2_single_edge|P3_bridge|P4_confusable,0,补第二条正式关系，形成最小学习语境,卑劣
4440,ressentiment,NOM,C1,0.0614,1,1,0,0,0,2,1,1,3,2,P2_single_edge,P2_single_edge|P4_confusable|P5_b2c1_synset,0,补第二条正式关系，形成最小学习语境,怨忿；怨恨
4441,régulateur,NOM,C1,0.0614,1,1,0,0,0,5,1,1,2,3,P2_single_edge,P2_single_edge|P3_bridge|P4_confusable|P5_b2c1_synset,0,补第二条正式关系，形成最小学习语境,调节器
4442,rétablissement,NOM,C1,0.0614,1,1,0,0,0,4,1,1,3,3,P2_single_edge,P2_single_edge|P3_bridge|P4_confusable|P5_b2c1_synset,0,补第二条正式关系，形成最小学习语境,康复
4443,salé,ADJ,C1,0.0614,1,1,0,0,0,5,1,1,3,3,P2_single_edge,P2_single_edge|P3_bridge|P4_confusable|P5_b2c1_synset,0,补第二条正式关系，形成最小学习语境,卤；咸
4444,saper,VER,C1,0.0614,1,0,0,1,0,7,1,0,1,3,P2_single_edge,P2_single_edge|P3_bridge|P4_confusable,0,补第二条正式关系，形成最小学习语境,挖墙脚
4445,similarité,NOM,C1,0.0614,1,1,0,0,0,1,1,0,2,1,P2_single_edge,P2_single_edge|P4_confusable|P5_b2c1_synset,0,补第二条正式关系，形成最小学习语境,同类
4446,stupéfiant,ADJ,C1,0.0614,1,0,1,0,0,2,1,1,3,3,P2_single_edge,P2_single_edge|P4_confusable,0,补第二条正式关系，形成最小学习语境,了不起；惊爆
4447,tranchée,NOM,C1,0.0614,1,1,0,0,0,6,1,1,2,3,P2_single_edge,P2_single_edge|P3_bridge|P4_confusable|P5_b2c1_synset,0,补第二条正式关系，形成最小学习语境,濠
4448,vacuité,NOM,C1,0.0614,1,0,1,0,0,2,1,2,1,1,P2_single_edge,P2_single_edge|P4_confusable,0,补第二条正式关系，形成最小学习语境,空性
4449,écrasement,NOM,C1,0.0614,1,1,0,0,0,5,1,1,3,3,P2_single_edge,P2_single_edge|P3_bridge|P4_confusable|P5_b2c1_synset,0,补第二条正式关系，形成最小学习语境,压碎
4450,agrémenter,VER,C1,0.0592,1,1,0,0,0,2,1,1,3,1,P2_single_edge,P2_single_edge|P4_confusable|P5_b2c1_synset,0,补第二条正式关系，形成最小学习语境,修饰
4451,bide,NOM,C1,0.0592,1,0,1,0,0,2,1,0,0,0,P2_single_edge,P2_single_edge,0,补第二条正式关系，形成最小学习语境,不成功；肚子
4452,buste,NOM,C1,0.0592,1,0,1,0,0,4,1,0,3,2,P2_single_edge,P2_single_edge|P3_bridge|P4_confusable,0,补第二条正式关系，形成最小学习语境,上身；半身
4453,concubin,NOM,C1,0.0592,1,0,1,0,0,2,1,0,0,0,P2_single_edge,P2_single_edge,0,补第二条正式关系，形成最小学习语境,簉
4454,consigner,VER,C1,0.0592,1,1,0,0,0,6,1,1,3,3,P2_single_edge,P2_single_edge|P3_bridge|P4_confusable|P5_b2c1_synset,0,补第二条正式关系，形成最小学习语境,记载
4455,convenance,NOM,C1,0.0592,1,1,0,0,0,3,1,1,2,2,P2_single_edge,P2_single_edge|P4_confusable|P5_b2c1_synset,0,补第二条正式关系，形成最小学习语境,相配；礼节
4456,diplomate,NOM,C1,0.0592,1,1,0,0,0,3,1,1,2,3,P2_single_edge,P2_single_edge|P4_confusable|P5_b2c1_synset,0,补第二条正式关系，形成最小学习语境,圆滑；外交官
4457,désirable,ADJ,C1,0.0592,1,0,1,0,0,2,1,1,3,3,P2_single_edge,P2_single_edge|P4_confusable,0,补第二条正式关系，形成最小学习语境,可取
4458,entraider,VER,C1,0.0592,1,1,0,0,0,1,1,1,2,1,P2_single_edge,P2_single_edge|P4_confusable|P5_b2c1_synset,0,补第二条正式关系，形成最小学习语境,互助；援引
4459,flambeau,NOM,C1,0.0592,1,0,1,0,0,5,1,1,3,2,P2_single_edge,P2_single_edge|P3_bridge|P4_confusable,0,补第二条正式关系，形成最小学习语境,爝
4460,gestionnaire,ADJ,C1,0.0592,1,1,0,0,0,1,1,1,3,2,P2_single_edge,P2_single_edge|P4_confusable|P5_b2c1_synset,0,补第二条正式关系，形成最小学习语境,处理者；店长
4461,graveur,NOM,C1,0.0592,1,1,0,0,0,2,1,1,0,1,P2_single_edge,P2_single_edge|P4_confusable|P5_b2c1_synset,0,补第二条正式关系，形成最小学习语境,驱动器
4462,implant,NOM,C1,0.0592,1,1,0,0,0,2,1,1,3,2,P2_single_edge,P2_single_edge|P4_confusable|P5_b2c1_synset,0,补第二条正式关系，形成最小学习语境,植入
4463,micro-organisme,NOM,C1,0.0592,1,0,1,0,0,1,1,0,2,2,P2_single_edge,P2_single_edge|P4_confusable,0,补第二条正式关系，形成最小学习语境,微生物
4464,passivité,NOM,C1,0.0592,1,1,0,0,0,2,1,1,0,1,P2_single_edge,P2_single_edge|P4_confusable|P5_b2c1_synset,0,补第二条正式关系，形成最小学习语境,消极性
4465,perspicace,ADJ,C1,0.0592,1,1,0,0,0,1,1,1,1,1,P2_single_edge,P2_single_edge|P4_confusable|P5_b2c1_synset,0,补第二条正式关系，形成最小学习语境,明察秋毫
4466,pénétrant,ADJ,C1,0.0592,1,1,0,0,0,4,1,1,1,2,P2_single_edge,P2_single_edge|P3_bridge|P4_confusable|P5_b2c1_synset,0,补第二条正式关系，形成最小学习语境,凛冽；尖锐
4467,renommée,NOM,C1,0.0592,1,0,1,0,0,4,1,1,1,3,P2_single_edge,P2_single_edge|P3_bridge|P4_confusable,0,补第二条正式关系，形成最小学习语境,名望；名气
4468,régularité,NOM,C1,0.0592,1,1,0,0,0,3,1,1,3,3,P2_single_edge,P2_single_edge|P4_confusable|P5_b2c1_synset,0,补第二条正式关系，形成最小学习语境,匀称；规律
4469,stagner,VER,C1,0.0592,1,1,0,0,0,2,1,1,2,1,P2_single_edge,P2_single_edge|P4_confusable|P5_b2c1_synset,0,补第二条正式关系，形成最小学习语境,停滞
4470,succinct,ADJ,C1,0.0592,1,0,1,0,0,3,1,0,0,0,P2_single_edge,P2_single_edge,0,补第二条正式关系，形成最小学习语境,简练
4471,syncope,NOM,C1,0.0592,1,0,1,0,0,6,1,0,0,0,P2_single_edge,P2_single_edge|P3_bridge,0,补第二条正式关系，形成最小学习语境,切分音；昏厥
4472,transnational,ADJ,C1,0.0592,1,0,1,0,0,2,1,1,1,0,P2_single_edge,P2_single_edge|P4_confusable,0,补第二条正式关系，形成最小学习语境,跨国
4473,vénérer,VER,C1,0.0592,1,1,0,0,0,2,1,1,3,1,P2_single_edge,P2_single_edge|P4_confusable|P5_b2c1_synset,0,补第二条正式关系，形成最小学习语境,尊崇；崇奉
4474,écrasant,ADJ,C1,0.0592,1,1,0,0,0,2,1,1,3,3,P2_single_edge,P2_single_edge|P4_confusable|P5_b2c1_synset,0,补第二条正式关系，形成最小学习语境,繁重
4475,épargne,NOM,C1,0.0592,1,1,0,0,0,6,1,1,2,1,P2_single_edge,P2_single_edge|P3_bridge|P4_confusable|P5_b2c1_synset,0,补第二条正式关系，形成最小学习语境,储蓄；老本
4476,affamé,ADJ,C1,0.0558,1,0,1,0,0,2,1,1,2,0,P2_single_edge,P2_single_edge|P4_confusable,0,补第二条正式关系，形成最小学习语境,惄
4477,jupon,NOM,C1,0.0558,1,1,0,0,0,1,1,1,1,1,P2_single_edge,P2_single_edge|P4_confusable|P5_b2c1_synset,0,补第二条正式关系，形成最小学习语境,裳
4478,natter,VER,C1,0.0558,1,1,0,0,0,2,1,1,3,3,P2_single_edge,P2_single_edge|P4_confusable|P5_b2c1_synset,0,补第二条正式关系，形成最小学习语境,编织
4479,ombrager,VER,C1,0.0558,1,1,0,0,0,2,1,1,1,1,P2_single_edge,P2_single_edge|P4_confusable|P5_b2c1_synset,0,补第二条正式关系，形成最小学习语境,遮住
4480,pittoresque,NOM,C1,0.0558,1,1,0,0,0,1,1,0,1,1,P2_single_edge,P2_single_edge|P4_confusable|P5_b2c1_synset,0,补第二条正式关系，形成最小学习语境,如画
4481,symphonie,NOM,C1,0.0558,1,0,1,0,0,3,1,0,0,0,P2_single_edge,P2_single_edge,0,补第二条正式关系，形成最小学习语境,交响乐；交响曲
4482,ambivalent,ADJ,C1,0.0544,1,0,1,0,0,2,1,1,0,3,P2_single_edge,P2_single_edge|P4_confusable,0,补第二条正式关系，形成最小学习语境,多义
4483,appât,NOM,C1,0.0544,1,0,1,0,0,3,1,1,1,2,P2_single_edge,P2_single_edge|P4_confusable,0,补第二条正式关系，形成最小学习语境,诱饵；饵子
4484,armement,NOM,C1,0.0544,1,1,0,0,0,6,1,1,3,0,P2_single_edge,P2_single_edge|P3_bridge|P4_confusable|P5_b2c1_synset,0,补第二条正式关系，形成最小学习语境,军备；武装
4485,bienfaiteur,NOM,C1,0.0544,1,1,0,0,0,1,1,2,1,1,P2_single_edge,P2_single_edge|P4_confusable|P5_b2c1_synset,0,补第二条正式关系，形成最小学习语境,恩人；施主
4486,cancérogène,NOM,C1,0.0544,1,0,1,0,0,0,0,1,3,1,P2_single_edge,P2_single_edge|P4_confusable,0,补第二条正式关系，形成最小学习语境,致癌；致癌物
4487,carabine,NOM,C1,0.0544,1,0,1,0,0,5,1,0,1,1,P2_single_edge,P2_single_edge|P3_bridge|P4_confusable,0,补第二条正式关系，形成最小学习语境,马枪；骑枪
4488,cartonner,VER,C1,0.0544,1,1,0,0,0,10,1,1,1,0,P2_single_edge,P2_single_edge|P3_bridge|P4_confusable|P5_b2c1_synset,0,补第二条正式关系，形成最小学习语境,裱
4489,ci-dessous,ADV,C1,0.0544,1,0,0,1,0,1,1,1,3,3,P2_single_edge,P2_single_edge|P4_confusable,0,补第二条正式关系，形成最小学习语境,底下
4490,commémoration,NOM,C1,0.0544,1,1,0,0,0,3,1,1,2,3,P2_single_edge,P2_single_edge|P4_confusable|P5_b2c1_synset,0,补第二条正式关系，形成最小学习语境,纪念活动
4491,crevé,ADJ,C1,0.0544,1,1,0,0,0,4,1,1,3,2,P2_single_edge,P2_single_edge|P3_bridge|P4_confusable|P5_b2c1_synset,0,补第二条正式关系，形成最小学习语境,累
4492,dicter,VER,C1,0.0544,1,1,0,0,0,5,1,2,3,3,P2_single_edge,P2_single_edge|P3_bridge|P4_confusable|P5_b2c1_synset,0,补第二条正式关系，形成最小学习语境,使然；口述
4493,endiguer,VER,C1,0.0544,1,1,0,0,0,4,1,1,3,1,P2_single_edge,P2_single_edge|P3_bridge|P4_confusable|P5_b2c1_synset,0,补第二条正式关系，形成最小学习语境,忍住
4494,estrade,NOM,C1,0.0544,1,0,1,0,0,2,1,0,3,1,P2_single_edge,P2_single_edge|P4_confusable,0,补第二条正式关系，形成最小学习语境,讲台；讲坛
4495,financier,NOM,C1,0.0544,1,1,0,0,0,4,1,1,2,3,P2_single_edge,P2_single_edge|P3_bridge|P4_confusable|P5_b2c1_synset,0,补第二条正式关系，形成最小学习语境,财政
4496,insuffisamment,ADV,C1,0.0544,1,0,0,1,0,2,1,1,2,2,P2_single_edge,P2_single_edge|P4_confusable,0,补第二条正式关系，形成最小学习语境,
4497,irritant,ADJ,C1,0.0544,1,1,0,0,0,2,1,1,2,2,P2_single_edge,P2_single_edge|P4_confusable|P5_b2c1_synset,0,补第二条正式关系，形成最小学习语境,刺激性；可恼
4498,majeur,NOM,C1,0.0544,1,0,0,1,0,4,1,1,3,2,P2_single_edge,P2_single_edge|P3_bridge|P4_confusable,0,补第二条正式关系，形成最小学习语境,中指；成人
4499,mollet,ADJ,C1,0.0544,1,1,0,0,0,3,1,2,1,0,P2_single_edge,P2_single_edge|P4_confusable|P5_b2c1_synset,0,补第二条正式关系，形成最小学习语境,胻；腓
4500,multilatéral,ADJ,C1,0.0544,1,0,0,1,0,2,1,0,2,0,P2_single_edge,P2_single_edge|P4_confusable,0,补第二条正式关系，形成最小学习语境,多边
4501,mutuellement,ADV,C1,0.0544,1,1,0,0,0,2,1,1,1,1,P2_single_edge,P2_single_edge|P4_confusable|P5_b2c1_synset,0,补第二条正式关系，形成最小学习语境,互相；彼此
4502,névrose,NOM,C1,0.0544,1,0,1,0,0,1,1,0,0,1,P2_single_edge,P2_single_edge|P4_confusable,0,补第二条正式关系，形成最小学习语境,精神官能症
4503,orphelinat,NOM,C1,0.0544,1,1,0,0,0,1,1,2,2,2,P2_single_edge,P2_single_edge|P4_confusable|P5_b2c1_synset,0,补第二条正式关系，形成最小学习语境,保育院；孤儿院
4504,outrager,VER,C1,0.0544,1,1,0,0,0,3,1,1,2,2,P2_single_edge,P2_single_edge|P4_confusable|P5_b2c1_synset,0,补第二条正式关系，形成最小学习语境,玷辱
4505,paletot,NOM,C1,0.0544,1,0,1,0,0,1,1,0,1,1,P2_single_edge,P2_single_edge|P4_confusable,0,补第二条正式关系，形成最小学习语境,大衣
4506,plie,NOM,C1,0.0544,1,0,1,0,0,4,1,1,2,2,P2_single_edge,P2_single_edge|P3_bridge|P4_confusable,0,补第二条正式关系，形成最小学习语境,鲽鱼
4507,pneumatique,NOM,C1,0.0544,1,0,1,0,0,6,1,0,1,1,P2_single_edge,P2_single_edge|P3_bridge|P4_confusable,0,补第二条正式关系，形成最小学习语境,气动；轮胎
4508,ravageur,ADJ,C1,0.0544,1,1,0,0,0,3,1,1,3,3,P2_single_edge,P2_single_edge|P4_confusable|P5_b2c1_synset,0,补第二条正式关系，形成最小学习语境,厉害
4509,roter,VER,C1,0.0544,1,1,0,0,0,1,1,0,2,3,P2_single_edge,P2_single_edge|P4_confusable|P5_b2c1_synset,0,补第二条正式关系，形成最小学习语境,嗳气
4510,snob,NOM,C1,0.0544,1,1,0,0,0,1,1,0,2,1,P2_single_edge,P2_single_edge|P4_confusable|P5_b2c1_synset,0,补第二条正式关系，形成最小学习语境,嫌贫爱富
4511,taverne,NOM,C1,0.0544,1,0,1,0,0,2,1,0,1,1,P2_single_edge,P2_single_edge|P4_confusable,0,补第二条正式关系，形成最小学习语境,酒家；酒铺
4512,ventilateur,NOM,C1,0.0544,1,1,0,0,0,1,1,1,2,2,P2_single_edge,P2_single_edge|P4_confusable|P5_b2c1_synset,0,补第二条正式关系，形成最小学习语境,电风扇；风扇
4513,vierge,ADJ,C1,0.0544,1,0,1,0,0,10,1,0,3,2,P2_single_edge,P2_single_edge|P3_bridge|P4_confusable,0,补第二条正式关系，形成最小学习语境,圣女；处女
4514,notable,NOM,C1,0.0515,1,1,0,0,0,1,1,1,3,2,P2_single_edge,P2_single_edge|P4_confusable|P5_b2c1_synset,0,补第二条正式关系，形成最小学习语境,数得上；数得着
4515,combattant,ADJ,C1,0.0514,1,1,0,0,0,1,1,1,3,3,P2_single_edge,P2_single_edge|P4_confusable|P5_b2c1_synset,0,补第二条正式关系，形成最小学习语境,战士
4516,communicatif,ADJ,C1,0.0514,1,1,0,0,0,2,1,1,2,3,P2_single_edge,P2_single_edge|P4_confusable|P5_b2c1_synset,0,补第二条正式关系，形成最小学习语境,感染力
4517,conditionnel,NOM,C1,0.0514,1,0,1,0,0,1,1,1,3,3,P2_single_edge,P2_single_edge|P4_confusable,0,补第二条正式关系，形成最小学习语境,有条件
4518,contrôlable,ADJ,C1,0.0514,1,1,0,0,0,2,1,1,2,2,P2_single_edge,P2_single_edge|P4_confusable|P5_b2c1_synset,0,补第二条正式关系，形成最小学习语境,可控
4519,fanatique,ADJ,C1,0.0514,1,0,1,0,0,3,1,0,3,2,P2_single_edge,P2_single_edge|P4_confusable,0,补第二条正式关系，形成最小学习语境,狂热
4520,géologie,NOM,C1,0.0514,1,1,0,0,0,1,1,0,3,3,P2_single_edge,P2_single_edge|P4_confusable|P5_b2c1_synset,0,补第二条正式关系，形成最小学习语境,地质
4521,microbe,NOM,C1,0.0514,1,0,1,0,0,5,1,0,3,0,P2_single_edge,P2_single_edge|P3_bridge|P4_confusable,0,补第二条正式关系，形成最小学习语境,菌
4522,piété,NOM,C1,0.0514,1,1,0,0,0,4,1,1,3,3,P2_single_edge,P2_single_edge|P3_bridge|P4_confusable|P5_b2c1_synset,0,补第二条正式关系，形成最小学习语境,孝敬；敬虔
4523,sosie,NOM,C1,0.0514,1,0,1,0,0,1,1,0,1,0,P2_single_edge,P2_single_edge|P4_confusable,0,补第二条正式关系，形成最小学习语境,撞脸；面貌极相似的人
4524,substrat,NOM,C1,0.0514,1,0,1,0,0,6,1,1,1,1,P2_single_edge,P2_single_edge|P3_bridge|P4_confusable,0,补第二条正式关系，形成最小学习语境,下层；基材
4525,tablette,NOM,C1,0.0514,1,0,1,0,0,6,1,1,1,0,P2_single_edge,P2_single_edge|P3_bridge|P4_confusable,0,补第二条正式关系，形成最小学习语境,搁板
4526,tresse,NOM,C1,0.0514,1,0,1,0,0,7,1,0,3,2,P2_single_edge,P2_single_edge|P3_bridge|P4_confusable,0,补第二条正式关系，形成最小学习语境,辫
4527,usurier,NOM,C1,0.0514,1,1,0,0,0,2,1,1,2,2,P2_single_edge,P2_single_edge|P4_confusable|P5_b2c1_synset,0,补第二条正式关系，形成最小学习语境,大耳窿
4528,vitré,ADJ,C1,0.0514,1,1,0,0,0,4,1,1,3,3,P2_single_edge,P2_single_edge|P3_bridge|P4_confusable|P5_b2c1_synset,0,补第二条正式关系，形成最小学习语境,
4529,vulnérabilité,NOM,C1,0.0514,1,1,0,0,0,2,1,1,1,1,P2_single_edge,P2_single_edge|P4_confusable|P5_b2c1_synset,0,补第二条正式关系，形成最小学习语境,弱点；无助
4530,éponge,NOM,C1,0.0514,1,0,1,0,0,10,1,0,0,0,P2_single_edge,P2_single_edge|P3_bridge,0,补第二条正式关系，形成最小学习语境,海绵
4531,étanche,ADJ,C1,0.0514,1,0,1,0,0,3,1,1,1,1,P2_single_edge,P2_single_edge|P4_confusable,0,补第二条正式关系，形成最小学习语境,密闭；防水
4532,perplexité,NOM,C2,0.0408,1,1,0,0,0,1,1,0,2,2,P2_single_edge,P2_single_edge|P4_confusable|P5_b2c1_synset,0,补第二条正式关系，形成最小学习语境,不知所措
4533,comploter,VER,C2,0.0401,1,1,0,0,0,1,1,1,1,2,P2_single_edge,P2_single_edge|P4_confusable|P5_b2c1_synset,0,补第二条正式关系，形成最小学习语境,图谋；暗算
4534,rationaliser,VER,C2,0.0342,1,1,0,0,0,3,1,1,2,2,P2_single_edge,P2_single_edge|P4_confusable|P5_b2c1_synset,0,补第二条正式关系，形成最小学习语境,合理化；理化
4535,paraître,VER,B1,109.9528,2,2,0,0,0,5,1,11,2,3,P3_bridge,P3_bridge|P4_confusable,0,按义项梳理，为不同义项各连接对应词群,出笼
4536,assurer,VER,B1,103.4754,2,0,1,0,1,20,1,1,3,2,P3_bridge,P3_bridge,0,按义项梳理，为不同义项各连接对应词群,保证；保障
4537,échapper,VER,B1,91.0107,2,1,1,0,0,16,1,1,1,1,P3_bridge,P3_bridge|P4_confusable,0,按义项梳理，为不同义项各连接对应词群,逃脱；溜走
4538,terme,NOM,B2,89.4695,2,0,1,1,0,18,1,6,1,2,P3_bridge,P3_bridge|P4_confusable,0,按义项梳理，为不同义项各连接对应词群,尽头；届满
4539,adresser,VER,B1,79.2959,2,1,1,0,0,4,1,1,1,2,P3_bridge,P3_bridge|P4_confusable,0,按义项梳理，为不同义项各连接对应词群,致
4540,couteau,NOM,B1,77.2596,2,0,2,0,0,13,1,0,2,2,P3_bridge,P3_bridge|P4_confusable,0,按义项梳理，为不同义项各连接对应词群,切刀；利刀
4541,majorité,NOM,B1,70.4355,2,1,1,0,0,6,1,7,3,2,P3_bridge,P3_bridge|P4_confusable,0,按义项梳理，为不同义项各连接对应词群,大多数
4542,constituer,VER,B2,67.8359,2,2,0,0,0,5,1,2,3,3,P3_bridge,P3_bridge|P4_confusable|P5_b2c1_synset,0,按义项梳理，为不同义项各连接对应词群,构成；组建
4543,atteindre,VER,B1,67.648,2,1,1,0,0,9,1,1,2,2,P3_bridge,P3_bridge|P4_confusable,0,按义项梳理，为不同义项各连接对应词群,击中；到达
4544,poursuivre,VER,B1,63.7078,2,1,1,0,0,8,1,7,2,1,P3_bridge,P3_bridge|P4_confusable,0,按义项梳理，为不同义项各连接对应词群,奉行；尾随
4545,emporter,VER,B1,62.4841,2,0,1,0,1,14,1,1,0,2,P3_bridge,P3_bridge,0,按义项梳理，为不同义项各连接对应词群,发怒；发脾气
4546,opposer,VER,B1,62.2311,2,2,0,0,0,5,1,1,3,1,P3_bridge,P3_bridge|P4_confusable,0,按义项梳理，为不同义项各连接对应词群,对立；抗拒
4547,pensée,NOM,B1,61.8074,2,0,1,0,1,11,1,1,2,1,P3_bridge,P3_bridge,0,按义项梳理，为不同义项各连接对应词群,心思；心机
4548,trace,NOM,B1,61.2653,2,1,1,0,0,11,1,2,3,3,P3_bridge,P3_bridge|P4_confusable,0,按义项梳理，为不同义项各连接对应词群,印记；屈雷丝
4549,profond,ADJ,B1,61.2585,2,1,0,1,0,11,1,2,2,3,P3_bridge,P3_bridge|P4_confusable,0,按义项梳理，为不同义项各连接对应词群,厚重；彻底
4550,centaine,NOM,B1,61.0692,2,0,1,0,1,5,1,1,2,3,P3_bridge,P3_bridge,0,按义项梳理，为不同义项各连接对应词群,百
4551,ouvert,ADJ,B1,60.1455,2,0,1,1,0,14,1,1,3,1,P3_bridge,P3_bridge|P4_confusable,0,按义项梳理，为不同义项各连接对应词群,公开；开着
4552,éclairer,VER,B1,57.8709,2,1,0,1,0,8,1,1,3,0,P3_bridge,P3_bridge|P4_confusable,0,按义项梳理，为不同义项各连接对应词群,侦查；启发
4553,espèce,NOM,B1,57.5166,2,0,1,0,1,11,1,0,1,0,P3_bridge,P3_bridge,0,按义项梳理，为不同义项各连接对应词群,品种；物种
4554,signifier,VER,B1,57.0477,2,2,0,0,0,4,1,1,3,3,P3_bridge,P3_bridge|P4_confusable,0,按义项梳理，为不同义项各连接对应词群,代指；意味着
4555,membre,NOM,B1,56.9593,2,0,2,0,0,12,1,0,2,2,P3_bridge,P3_bridge|P4_confusable,0,按义项梳理，为不同义项各连接对应词群,会员；团员
4556,menacer,VER,B1,56.8977,2,2,0,0,0,22,1,2,3,3,P3_bridge,P3_bridge|P4_confusable,0,按义项梳理，为不同义项各连接对应词群,吓唬；威胁
4557,débat,NOM,B2,55.3748,2,1,1,0,0,6,1,1,1,2,P3_bridge,P3_bridge|P4_confusable,0,按义项梳理，为不同义项各连接对应词群,争论；辩论
4558,prononcer,VER,B1,54.0433,2,1,1,0,0,7,1,1,1,1,P3_bridge,P3_bridge|P4_confusable,0,按义项梳理，为不同义项各连接对应词群,出口；出声
4559,adopter,VER,B1,49.7389,2,2,0,0,0,6,1,1,3,2,P3_bridge,P3_bridge|P4_confusable,0,按义项梳理，为不同义项各连接对应词群,摆出；过房
4560,pencher,VER,B1,49.3567,2,0,0,2,0,9,1,1,3,2,P3_bridge,P3_bridge|P4_confusable,0,按义项梳理，为不同义项各连接对应词群,倾向于；弯腰
4561,contenir,VER,B1,48.6064,2,0,1,0,1,6,1,1,3,3,P3_bridge,P3_bridge,0,按义项梳理，为不同义项各连接对应词群,保有；内含
4562,principe,NOM,B1,48.2769,2,0,1,0,1,9,1,1,3,3,P3_bridge,P3_bridge,0,按义项梳理，为不同义项各连接对应词群,原则；原理
4563,présence,NOM,B1,48.1211,2,1,0,1,0,7,1,3,3,2,P3_bridge,P3_bridge|P4_confusable,0,按义项梳理，为不同义项各连接对应词群,光临；到来
4564,acte,NOM,B1,47.5937,2,0,1,0,1,12,1,10,2,3,P3_bridge,P3_bridge,0,按义项梳理，为不同义项各连接对应词群,行事；行径
4565,absence,NOM,B1,45.6871,2,0,1,1,0,7,1,1,2,2,P3_bridge,P3_bridge|P4_confusable,0,按义项梳理，为不同义项各连接对应词群,
4566,conséquence,NOM,B1,45.1887,2,0,1,1,0,4,1,1,2,2,P3_bridge,P3_bridge|P4_confusable,0,按义项梳理，为不同义项各连接对应词群,产物；后果
4567,disposer,VER,B2,45.1358,2,2,0,0,0,8,1,3,2,3,P3_bridge,P3_bridge|P4_confusable|P5_b2c1_synset,0,按义项梳理，为不同义项各连接对应词群,搭配；调度
4568,parvenir,VER,B1,44.8244,2,0,2,0,0,4,1,1,2,2,P3_bridge,P3_bridge|P4_confusable,0,按义项梳理，为不同义项各连接对应词群,到达
4569,conscience,NOM,B1,44.71,2,0,1,0,1,10,1,3,2,2,P3_bridge,P3_bridge,0,按义项梳理，为不同义项各连接对应词群,心眼；心肝
4570,amener,VER,B1,44.0785,2,0,2,0,0,12,1,0,3,2,P3_bridge,P3_bridge|P4_confusable,0,按义项梳理，为不同义项各连接对应词群,带上；带到
4571,précipiter,VER,B1,43.6017,2,0,1,1,0,6,1,0,0,0,P3_bridge,P3_bridge,0,按义项梳理，为不同义项各连接对应词群,淀
4572,âme,NOM,B1,42.8375,2,0,1,0,1,18,1,1,3,2,P3_bridge,P3_bridge,0,按义项梳理，为不同义项各连接对应词群,心扉；心灵
4573,avance,NOM,B1,42.3608,2,0,2,0,0,8,1,2,3,2,P3_bridge,P3_bridge|P4_confusable,0,按义项梳理，为不同义项各连接对应词群,先期
4574,tabac,NOM,B1,41.2974,2,1,1,0,0,7,1,1,0,1,P3_bridge,P3_bridge|P4_confusable,0,按义项梳理，为不同义项各连接对应词群,旱烟；淡巴菰
4575,particulier,NOM,B1,41.1038,2,0,1,0,1,4,1,1,3,3,P3_bridge,P3_bridge,0,按义项梳理，为不同义项各连接对应词群,个别；具体
4576,source,NOM,B1,41.016,2,0,2,0,0,12,1,1,3,3,P3_bridge,P3_bridge|P4_confusable,0,按义项梳理，为不同义项各连接对应词群,出处；原产地
4577,signer,VER,B1,40.5434,2,1,1,0,0,10,1,4,3,3,P3_bridge,P3_bridge|P4_confusable,0,按义项梳理，为不同义项各连接对应词群,签名；签字
4578,aspect,NOM,B1,40.3027,2,0,2,0,0,6,1,5,1,0,P3_bridge,P3_bridge|P4_confusable,0,按义项梳理，为不同义项各连接对应词群,光景；外观
4579,thème,NOM,B1,39.6781,2,2,0,0,0,13,1,0,3,3,P3_bridge,P3_bridge|P4_confusable,0,按义项梳理，为不同义项各连接对应词群,专题；主旋律
4580,lien,NOM,B2,39.4764,2,0,2,0,0,9,1,1,3,3,P3_bridge,P3_bridge|P4_confusable,0,按义项梳理，为不同义项各连接对应词群,交通；因缘
4581,ton,NOM,B1,39.2569,2,0,2,0,0,9,1,7,3,2,P3_bridge,P3_bridge|P4_confusable,0,按义项梳理，为不同义项各连接对应词群,你的；口气
4582,acquérir,VER,B1,39.1862,2,2,0,0,0,9,1,2,2,3,P3_bridge,P3_bridge|P4_confusable,0,按义项梳理，为不同义项各连接对应词群,习得；养成
4583,appliquer,VER,B2,38.1383,2,1,1,0,0,9,1,1,1,1,P3_bridge,P3_bridge|P4_confusable,0,按义项梳理，为不同义项各连接对应词群,努力；奉行
4584,assemblée,NOM,B1,37.7677,2,0,2,0,0,7,1,1,2,3,P3_bridge,P3_bridge|P4_confusable,0,按义项梳理，为不同义项各连接对应词群,议会
4585,traduire,VER,B1,36.9632,2,2,0,0,0,5,1,1,1,0,P3_bridge,P3_bridge|P4_confusable,0,按义项梳理，为不同义项各连接对应词群,流露；翻译
4586,obéir,VER,B1,36.7332,2,1,0,1,0,9,1,1,1,1,P3_bridge,P3_bridge|P4_confusable,0,按义项梳理，为不同义项各连接对应词群,听从；用命
4587,témoin,NOM,B1,36.5788,2,1,1,0,0,18,1,2,3,2,P3_bridge,P3_bridge|P4_confusable,0,按义项梳理，为不同义项各连接对应词群,目击者；见证
4588,dérouler,VER,B1,36.2672,2,1,0,1,0,4,1,2,2,2,P3_bridge,P3_bridge|P4_confusable,0,按义项梳理，为不同义项各连接对应词群,展开；展现
4589,maigre,ADJ,B1,35.8954,2,2,0,0,0,5,1,1,3,2,P3_bridge,P3_bridge|P4_confusable,0,按义项梳理，为不同义项各连接对应词群,单薄；微薄
4590,silencieux,ADJ,B1,34.9592,2,1,1,0,0,6,1,1,1,1,P3_bridge,P3_bridge|P4_confusable,0,按义项梳理，为不同义项各连接对应词群,安静；寂静
4591,offre,NOM,B1,32.614,2,1,1,0,0,5,1,1,3,1,P3_bridge,P3_bridge|P4_confusable,0,按义项梳理，为不同义项各连接对应词群,出价；竞价
4592,fréquenter,VER,B1,31.9335,2,2,0,0,0,4,1,1,3,3,P3_bridge,P3_bridge|P4_confusable,0,按义项梳理，为不同义项各连接对应词群,常去；走动
4593,arrière,NOM,B1,31.8528,2,1,0,1,0,7,1,3,3,3,P3_bridge,P3_bridge|P4_confusable,0,按义项梳理，为不同义项各连接对应词群,后卫；后方
4594,disputer,VER,B1,31.3262,2,1,1,0,0,10,1,6,1,1,P3_bridge,P3_bridge|P4_confusable,0,按义项梳理，为不同义项各连接对应词群,争辩；责骂
4595,curiosité,NOM,B1,30.9638,2,2,0,0,0,4,1,2,0,0,P3_bridge,P3_bridge,0,按义项梳理，为不同义项各连接对应词群,奇特；好奇心
4596,essentiel,ADJ,B2,30.902,2,1,1,0,0,6,1,1,2,2,P3_bridge,P3_bridge|P4_confusable,0,按义项梳理，为不同义项各连接对应词群,主要；大本
4597,naturellement,ADV,B1,30.5919,2,0,1,1,0,9,1,4,2,3,P3_bridge,P3_bridge|P4_confusable,0,按义项梳理，为不同义项各连接对应词群,当然；自然
4598,circuler,VER,B1,30.5711,2,2,0,0,0,5,1,2,3,2,P3_bridge,P3_bridge|P4_confusable,0,按义项梳理，为不同义项各连接对应词群,循环；流传
4599,volonté,NOM,B1,30.2952,2,1,1,0,0,7,1,4,3,3,P3_bridge,P3_bridge|P4_confusable,0,按义项梳理，为不同义项各连接对应词群,冲劲；心志
4600,comporter,VER,B1,30.1723,2,1,1,0,0,4,1,1,2,3,P3_bridge,P3_bridge|P4_confusable,0,按义项梳理，为不同义项各连接对应词群,包括
4601,échelle,NOM,B2,29.6677,2,0,1,0,1,12,1,1,2,1,P3_bridge,P3_bridge,0,按义项梳理，为不同义项各连接对应词群,刻度；尺度
4602,pâle,ADJ,B1,29.3602,2,1,1,0,0,4,1,1,3,3,P3_bridge,P3_bridge|P4_confusable,0,按义项梳理，为不同义项各连接对应词群,惨白；淡漠
4603,industrie,NOM,B1,28.5942,2,2,0,0,0,4,1,4,3,3,P3_bridge,P3_bridge|P4_confusable,0,按义项梳理，为不同义项各连接对应词群,业界；产业
4604,formule,NOM,B1,27.9509,2,2,0,0,0,11,1,1,3,3,P3_bridge,P3_bridge|P4_confusable,0,按义项梳理，为不同义项各连接对应词群,公式；型式
4605,docteur,NOM,B1,27.7293,2,1,1,0,0,8,1,1,1,1,P3_bridge,P3_bridge|P4_confusable,0,按义项梳理，为不同义项各连接对应词群,医师；医生
4606,langage,NOM,B1,27.3016,2,0,1,0,1,8,1,2,2,2,P3_bridge,P3_bridge,0,按义项梳理，为不同义项各连接对应词群,语文；语言
4607,boulot,NOM,B1,27.1691,2,0,1,0,1,6,1,1,3,2,P3_bridge,P3_bridge,0,按义项梳理，为不同义项各连接对应词群,活儿
4608,respirer,VER,B1,26.5746,2,2,0,0,0,8,1,7,3,3,P3_bridge,P3_bridge|P4_confusable,0,按义项梳理，为不同义项各连接对应词群,呼吸；透气
4609,enregistrer,VER,B1,26.3806,2,2,0,0,0,8,1,1,2,2,P3_bridge,P3_bridge|P4_confusable,0,按义项梳理，为不同义项各连接对应词群,值机；入住
4610,rideau,NOM,B1,26.3721,2,0,2,0,0,6,1,1,3,1,P3_bridge,P3_bridge|P4_confusable,0,按义项梳理，为不同义项各连接对应词群,帐幔；帷幔
4611,universel,ADJ,B1,26.338,2,1,0,1,0,4,1,1,1,2,P3_bridge,P3_bridge|P4_confusable,0,按义项梳理，为不同义项各连接对应词群,万用；万能
4612,victoire,NOM,B1,26.2433,2,1,0,1,0,4,1,0,3,3,P3_bridge,P3_bridge|P4_confusable,0,按义项梳理，为不同义项各连接对应词群,胜利
4613,poitrine,NOM,B1,25.9896,2,0,1,0,1,5,1,0,0,0,P3_bridge,P3_bridge,0,按义项梳理，为不同义项各连接对应词群,乳部；前胸
4614,communiquer,VER,B1,25.7747,2,2,0,0,0,6,1,1,2,3,P3_bridge,P3_bridge|P4_confusable,0,按义项梳理，为不同义项各连接对应词群,传人；传达
4615,exception,NOM,B2,25.2833,2,2,0,0,0,4,1,1,3,3,P3_bridge,P3_bridge|P4_confusable|P5_b2c1_synset,0,按义项梳理，为不同义项各连接对应词群,例外
4616,unité,NOM,B2,24.8804,2,0,1,0,1,14,1,0,3,3,P3_bridge,P3_bridge,0,按义项梳理，为不同义项各连接对应词群,单位；单元
4617,influence,NOM,B1,24.6685,2,2,0,0,0,4,1,1,3,3,P3_bridge,P3_bridge|P4_confusable,0,按义项梳理，为不同义项各连接对应词群,势力；影响
4618,parti,NOM,B2,24.6235,2,2,0,0,0,12,1,1,1,2,P3_bridge,P3_bridge|P4_confusable|P5_b2c1_synset,0,按义项梳理，为不同义项各连接对应词群,党派
4619,conflit,NOM,B1,24.4201,2,1,1,0,0,6,1,1,2,1,P3_bridge,P3_bridge|P4_confusable,0,按义项梳理，为不同义项各连接对应词群,争端；冲突
4620,rose,ADJ,B1,23.9836,2,2,0,0,0,5,1,1,3,3,P3_bridge,P3_bridge|P4_confusable,0,按义项梳理，为不同义项各连接对应词群,桃色；玫瑰
4621,parcourir,VER,B1,23.954,2,1,1,0,0,4,1,1,1,1,P3_bridge,P3_bridge|P4_confusable,0,按义项梳理，为不同义项各连接对应词群,浏览；翻看
4622,franc,ADJ,B1,23.6325,2,0,1,1,0,11,1,2,3,3,P3_bridge,P3_bridge|P4_confusable,0,按义项梳理，为不同义项各连接对应词群,坦率；坦白
4623,présentation,NOM,B1,23.0629,2,1,1,0,0,7,1,3,1,3,P3_bridge,P3_bridge|P4_confusable,0,按义项梳理，为不同义项各连接对应词群,介绍；导论
4624,modeste,ADJ,B1,23.0311,2,0,2,0,0,6,1,0,0,1,P3_bridge,P3_bridge|P4_confusable,0,按义项梳理，为不同义项各连接对应词群,客气；虚心
4625,positif,ADJ,B1,23.002,2,1,0,1,0,13,1,2,3,3,P3_bridge,P3_bridge|P4_confusable,0,按义项梳理，为不同义项各连接对应词群,正面；积极
4626,pollution,NOM,B1,22.9658,2,1,1,0,0,4,1,0,1,2,P3_bridge,P3_bridge|P4_confusable,0,按义项梳理，为不同义项各连接对应词群,污染
4627,producteur,NOM,B1,22.941,2,1,1,0,0,4,1,1,1,2,P3_bridge,P3_bridge|P4_confusable,0,按义项梳理，为不同义项各连接对应词群,制作人；制片人
4628,géant,NOM,B1,22.9266,2,1,0,1,0,7,1,1,2,0,P3_bridge,P3_bridge|P4_confusable,0,按义项梳理，为不同义项各连接对应词群,巨型；庞然大物
4629,établissement,NOM,B1,22.7972,2,1,0,0,1,7,1,1,3,3,P3_bridge,P3_bridge|P4_confusable,0,按义项梳理，为不同义项各连接对应词群,机构；（尤指）学校
4630,pipe,NOM,B2,22.5162,2,0,1,0,1,13,1,0,1,0,P3_bridge,P3_bridge,0,按义项梳理，为不同义项各连接对应词群,烟斗；烟管
4631,persuader,VER,B2,22.0006,2,1,0,1,0,4,1,1,2,2,P3_bridge,P3_bridge|P4_confusable,0,按义项梳理，为不同义项各连接对应词群,游说；相劝
4632,creuser,VER,B1,21.6909,2,1,1,0,0,8,1,2,3,3,P3_bridge,P3_bridge|P4_confusable,0,按义项梳理，为不同义项各连接对应词群,凹陷；开挖
4633,isoler,VER,B1,20.7517,2,2,0,0,0,7,1,2,2,1,P3_bridge,P3_bridge|P4_confusable,0,按义项梳理，为不同义项各连接对应词群,分开；分离
4634,rejeter,VER,B1,20.5764,2,1,1,0,0,14,1,1,1,2,P3_bridge,P3_bridge|P4_confusable,0,按义项梳理，为不同义项各连接对应词群,否决；唾弃
4635,comparer,VER,B1,20.5329,2,2,0,0,0,6,1,2,2,3,P3_bridge,P3_bridge|P4_confusable,0,按义项梳理，为不同义项各连接对应词群,对照；比拟
4636,affronter,VER,B1,20.3888,2,2,0,0,0,4,1,1,2,2,P3_bridge,P3_bridge|P4_confusable,0,按义项梳理，为不同义项各连接对应词群,对峙；正视
4637,plafond,NOM,B1,20.3682,2,0,0,2,0,8,1,2,1,0,P3_bridge,P3_bridge|P4_confusable,0,按义项梳理，为不同义项各连接对应词群,上限；天花板
4638,enthousiasme,NOM,B1,20.3175,2,1,0,1,0,6,1,2,2,2,P3_bridge,P3_bridge|P4_confusable,0,按义项梳理，为不同义项各连接对应词群,意气；激情
4639,pression,NOM,B2,20.2862,2,1,1,0,0,8,1,5,2,1,P3_bridge,P3_bridge|P4_confusable,0,按义项梳理，为不同义项各连接对应词群,压力；鸭梨
4640,habit,NOM,B1,19.9201,2,1,1,0,0,5,1,0,2,0,P3_bridge,P3_bridge|P4_confusable,0,按义项梳理，为不同义项各连接对应词群,衣服
4641,référence,NOM,B1,19.8427,2,2,0,0,0,6,1,9,3,3,P3_bridge,P3_bridge|P4_confusable,0,按义项梳理，为不同义项各连接对应词群,参考文献；指称
4642,redescendre,VER,B1,19.6229,2,0,1,1,0,5,1,1,3,2,P3_bridge,P3_bridge|P4_confusable,0,按义项梳理，为不同义项各连接对应词群,
4643,profit,NOM,B2,19.4245,2,0,1,0,1,5,1,1,2,3,P3_bridge,P3_bridge,0,按义项梳理，为不同义项各连接对应词群,利润；回报
4644,éclater,VER,B1,19.1945,2,2,0,0,0,12,1,1,3,2,P3_bridge,P3_bridge|P4_confusable,0,按义项梳理，为不同义项各连接对应词群,兴高采烈；冲垮
4645,filmer,VER,B1,19.1871,2,1,1,0,0,4,1,0,1,1,P3_bridge,P3_bridge|P4_confusable,0,按义项梳理，为不同义项各连接对应词群,录影；拍片
4646,sensation,NOM,B1,19.092,2,1,1,0,0,4,1,14,1,1,P3_bridge,P3_bridge|P4_confusable,0,按义项梳理，为不同义项各连接对应词群,情愫；感觉
4647,mobiliser,VER,B1,19.0401,2,2,0,0,0,4,1,2,3,2,P3_bridge,P3_bridge|P4_confusable,0,按义项梳理，为不同义项各连接对应词群,动员；发动
4648,démarche,NOM,B2,18.9722,2,0,1,0,1,6,1,1,3,2,P3_bridge,P3_bridge|P4_confusable,0,按义项梳理，为不同义项各连接对应词群,步态；方法，举措
4649,investir,VER,B2,18.9406,2,2,0,0,0,6,1,7,3,3,P3_bridge,P3_bridge|P4_confusable|P5_b2c1_synset,0,按义项梳理，为不同义项各连接对应词群,付出；出资
4650,exploiter,VER,B2,18.7951,2,2,0,0,0,4,1,1,3,2,P3_bridge,P3_bridge|P4_confusable|P5_b2c1_synset,0,按义项梳理，为不同义项各连接对应词群,剥削；压榨
4651,douter,VER,B1,18.7005,2,1,0,1,0,5,1,4,3,3,P3_bridge,P3_bridge|P4_confusable,0,按义项梳理，为不同义项各连接对应词群,不信任；怀疑
4652,banc,NOM,B1,18.3632,2,1,1,0,0,11,1,3,1,3,P3_bridge,P3_bridge|P4_confusable,0,按义项梳理，为不同义项各连接对应词群,凳子；板凳
4653,stress,NOM,B1,18.3066,2,1,1,0,0,5,1,0,1,3,P3_bridge,P3_bridge|P4_confusable,0,按义项梳理，为不同义项各连接对应词群,鸭梨
4654,céder,VER,B2,18.2837,2,1,0,1,0,4,1,5,1,3,P3_bridge,P3_bridge|P4_confusable,0,按义项梳理，为不同义项各连接对应词群,俯就；妥协
4655,amant,NOM,B2,18.2493,2,0,1,0,1,4,1,1,2,3,P3_bridge,P3_bridge,0,按义项梳理，为不同义项各连接对应词群,姘头；情人
4656,stratégie,NOM,B2,18.145,2,1,1,0,0,6,1,0,2,2,P3_bridge,P3_bridge|P4_confusable,0,按义项梳理，为不同义项各连接对应词群,战法；战略
4657,manifester,VER,B2,18.1411,2,2,0,0,0,5,1,2,2,2,P3_bridge,P3_bridge|P4_confusable|P5_b2c1_synset,0,按义项梳理，为不同义项各连接对应词群,反映；彰显
4658,signal,NOM,B2,18.0654,2,1,0,1,0,7,1,1,1,2,P3_bridge,P3_bridge|P4_confusable,0,按义项梳理，为不同义项各连接对应词群,信号；信标
4659,linge,NOM,B1,17.9292,2,1,1,0,0,4,1,1,2,1,P3_bridge,P3_bridge|P4_confusable,0,按义项梳理，为不同义项各连接对应词群,
4660,donnée,NOM,B2,17.8975,2,0,1,0,1,4,1,1,3,3,P3_bridge,P3_bridge,0,按义项梳理，为不同义项各连接对应词群,数据；资料
4661,audience,NOM,B2,17.7431,2,1,1,0,0,8,1,1,0,1,P3_bridge,P3_bridge|P4_confusable,0,按义项梳理，为不同义项各连接对应词群,受众；审问
4662,écarter,VER,B2,16.9645,2,1,1,0,0,9,1,1,3,3,P3_bridge,P3_bridge|P4_confusable,0,按义项梳理，为不同义项各连接对应词群,偏离；掀开
4663,luxe,NOM,B2,16.8211,2,1,1,0,0,5,1,1,1,1,P3_bridge,P3_bridge|P4_confusable,0,按义项梳理，为不同义项各连接对应词群,奢丽
4664,exploser,VER,B1,16.52,2,2,0,0,0,7,1,0,3,3,P3_bridge,P3_bridge|P4_confusable,0,按义项梳理，为不同义项各连接对应词群,发怒；爆发
4665,vieillir,VER,B1,16.3947,2,2,0,0,0,7,1,1,3,2,P3_bridge,P3_bridge|P4_confusable,0,按义项梳理，为不同义项各连接对应词群,衰老；陈化
4666,négatif,ADJ,B1,16.3877,2,1,0,1,0,8,1,0,0,0,P3_bridge,P3_bridge,0,按义项梳理，为不同义项各连接对应词群,否定；底片
4667,rougir,VER,B1,16.1209,2,1,0,1,0,5,1,2,1,3,P3_bridge,P3_bridge|P4_confusable,0,按义项梳理，为不同义项各连接对应词群,发红；泛红
4668,réchauffement,NOM,B2,16.0994,2,1,0,1,0,5,1,2,2,2,P3_bridge,P3_bridge|P4_confusable,0,按义项梳理，为不同义项各连接对应词群,升温
4669,régime,NOM,B1,16.0705,2,0,1,0,1,15,1,0,2,3,P3_bridge,P3_bridge,0,按义项梳理，为不同义项各连接对应词群,政权；政柄
4670,prolonger,VER,B2,16.0256,2,2,0,0,0,4,1,2,3,2,P3_bridge,P3_bridge|P4_confusable|P5_b2c1_synset,0,按义项梳理，为不同义项各连接对应词群,延长
4671,orage,NOM,B1,15.8901,2,0,2,0,0,4,1,0,2,3,P3_bridge,P3_bridge|P4_confusable,0,按义项梳理，为不同义项各连接对应词群,西北雨；雷雨
4672,capitaine,NOM,B1,15.7355,2,0,1,1,0,14,1,2,0,1,P3_bridge,P3_bridge|P4_confusable,0,按义项梳理，为不同义项各连接对应词群,上尉；上校
4673,génie,NOM,B2,15.1904,2,1,1,0,0,13,1,1,3,0,P3_bridge,P3_bridge|P4_confusable,0,按义项梳理，为不同义项各连接对应词群,天才；奇才
4674,fédération,NOM,B1,15.1038,2,2,0,0,0,5,1,1,3,3,P3_bridge,P3_bridge|P4_confusable,0,按义项梳理，为不同义项各连接对应词群,总会；联合会
4675,artificiel,ADJ,B1,15.0045,2,1,0,1,0,6,1,1,1,1,P3_bridge,P3_bridge|P4_confusable,0,按义项梳理，为不同义项各连接对应词群,不自然；人为
4676,jupe,NOM,B1,14.9988,2,1,0,1,0,9,1,1,1,1,P3_bridge,P3_bridge|P4_confusable,0,按义项梳理，为不同义项各连接对应词群,外壳；裙子
4677,essai,NOM,B2,14.8612,2,0,1,0,1,6,1,0,2,1,P3_bridge,P3_bridge,0,按义项梳理，为不同义项各连接对应词群,小品；尝试
4678,multiplication,NOM,B2,14.8321,2,1,0,1,0,4,1,0,3,3,P3_bridge,P3_bridge|P4_confusable,0,按义项梳理，为不同义项各连接对应词群,乘以；乘法
4679,poids,NOM,B1,14.8223,2,1,0,1,0,8,1,0,0,2,P3_bridge,P3_bridge|P4_confusable,0,按义项梳理，为不同义项各连接对应词群,份量；体重
4680,trouble,NOM,B1,14.8121,2,0,1,0,1,10,1,1,3,3,P3_bridge,P3_bridge,0,按义项梳理，为不同义项各连接对应词群,不和；事端
4681,représentant,NOM,B2,14.7256,2,0,1,0,1,8,1,2,2,1,P3_bridge,P3_bridge,0,按义项梳理，为不同义项各连接对应词群,中介；代理
4682,sourd,ADJ,B1,14.6509,2,0,1,1,0,7,1,0,2,2,P3_bridge,P3_bridge|P4_confusable,0,按义项梳理，为不同义项各连接对应词群,聋；聩
4683,volume,NOM,B2,14.5462,2,1,1,0,0,7,1,1,2,1,P3_bridge,P3_bridge|P4_confusable,0,按义项梳理，为不同义项各连接对应词群,体积；分册
4684,énerver,VER,B1,14.5061,2,1,1,0,0,9,1,1,3,2,P3_bridge,P3_bridge|P4_confusable,0,按义项梳理，为不同义项各连接对应词群,气人
4685,masculin,ADJ,B2,14.4436,2,0,1,1,0,5,1,0,1,1,P3_bridge,P3_bridge|P4_confusable,0,按义项梳理，为不同义项各连接对应词群,阳性
4686,dispositif,NOM,B2,14.4276,2,0,1,0,1,5,1,1,2,3,P3_bridge,P3_bridge,0,按义项梳理，为不同义项各连接对应词群,器件；机关
4687,écart,NOM,B1,14.3867,2,1,1,0,0,17,1,3,1,3,P3_bridge,P3_bridge|P4_confusable,0,按义项梳理，为不同义项各连接对应词群,差别；差距
4688,éclair,NOM,B1,14.3285,2,1,1,0,0,6,1,2,2,2,P3_bridge,P3_bridge|P4_confusable,0,按义项梳理，为不同义项各连接对应词群,电光；迅雷
4689,mécanisme,NOM,B2,14.2569,2,1,1,0,0,6,1,2,2,2,P3_bridge,P3_bridge|P4_confusable,0,按义项梳理，为不同义项各连接对应词群,机制；机构
4690,débarrasser,VER,B1,14.2185,2,0,1,0,1,4,1,0,2,3,P3_bridge,P3_bridge,0,按义项梳理，为不同义项各连接对应词群,
4691,présent,NOM,B1,14.2185,2,0,1,1,0,4,1,5,3,3,P3_bridge,P3_bridge|P4_confusable,0,按义项梳理，为不同义项各连接对应词群,在这儿；礼品
4692,croix,NOM,B1,14.2052,2,2,0,0,0,19,1,4,1,3,P3_bridge,P3_bridge|P4_confusable,0,按义项梳理，为不同义项各连接对应词群,十字
4693,empire,NOM,B1,14.1084,2,2,0,0,0,10,1,0,2,2,P3_bridge,P3_bridge|P4_confusable,0,按义项梳理，为不同义项各连接对应词群,威望；帝国
4694,inconnu,NOM,B1,13.9929,2,0,1,0,1,4,1,1,1,1,P3_bridge,P3_bridge,0,按义项梳理，为不同义项各连接对应词群,不得而知；不明
4695,être,NOM,B1,13.6995,2,0,1,0,1,4,1,1,1,0,P3_bridge,P3_bridge,0,按义项梳理，为不同义项各连接对应词群,乃；做
4696,espérance,NOM,B1,13.6572,2,0,1,0,1,5,1,1,1,0,P3_bridge,P3_bridge,0,按义项梳理，为不同义项各连接对应词群,希望；指望
4697,conséquent,ADJ,B1,13.646,2,0,1,0,1,5,1,1,3,3,P3_bridge,P3_bridge,0,按义项梳理，为不同义项各连接对应词群,一贯
4698,discipline,NOM,B1,13.4822,2,2,0,0,0,6,1,3,3,3,P3_bridge,P3_bridge|P4_confusable,0,按义项梳理，为不同义项各连接对应词群,介绍；学科
4699,serre,NOM,B2,13.3504,2,1,1,0,0,8,1,1,2,3,P3_bridge,P3_bridge|P4_confusable,0,按义项梳理，为不同义项各连接对应词群,温室
4700,inquiétude,NOM,B2,13.2452,2,1,0,1,0,6,1,1,2,1,P3_bridge,P3_bridge|P4_confusable,0,按义项梳理，为不同义项各连接对应词群,堪虞；忧心
4701,indépendance,NOM,B1,13.1678,2,0,1,1,0,4,1,1,3,3,P3_bridge,P3_bridge|P4_confusable,0,按义项梳理，为不同义项各连接对应词群,独立；独立性
4702,humanité,NOM,B2,12.9581,2,1,1,0,0,7,1,1,3,3,P3_bridge,P3_bridge|P4_confusable,0,按义项梳理，为不同义项各连接对应词群,人性；人类
4703,issue,NOM,B2,12.9037,2,0,0,2,0,5,1,1,2,2,P3_bridge,P3_bridge|P4_confusable,0,按义项梳理，为不同义项各连接对应词群,下文；出路
4704,tension,NOM,B2,12.7681,2,1,1,0,0,6,1,3,2,3,P3_bridge,P3_bridge|P4_confusable,0,按义项梳理，为不同义项各连接对应词群,张力
4705,lâcher,VER,B2,12.7673,2,1,0,1,0,15,1,1,3,3,P3_bridge,P3_bridge|P4_confusable,0,按义项梳理，为不同义项各连接对应词群,放开；松开
4706,diamant,NOM,B2,12.6053,2,0,1,0,1,13,1,0,1,3,P3_bridge,P3_bridge,0,按义项梳理，为不同义项各连接对应词群,金刚石；钻石
4707,coq,NOM,B1,12.5426,2,0,0,2,0,13,1,2,2,1,P3_bridge,P3_bridge|P4_confusable,0,按义项梳理，为不同义项各连接对应词群,公鸡；红原鸡
4708,achever,VER,B2,12.3365,2,0,1,0,1,6,1,1,1,0,P3_bridge,P3_bridge,0,按义项梳理，为不同义项各连接对应词群,完成；完毕
4709,pardonner,VER,B1,12.0367,2,1,1,0,0,7,1,1,2,2,P3_bridge,P3_bridge|P4_confusable,0,按义项梳理，为不同义项各连接对应词群,包涵；原谅
4710,façade,NOM,B1,11.9487,2,0,1,0,1,4,1,1,2,0,P3_bridge,P3_bridge,0,按义项梳理，为不同义项各连接对应词群,假象；外墙
4711,détailler,VER,B2,11.8188,2,0,2,0,0,4,1,1,3,1,P3_bridge,P3_bridge|P4_confusable,0,按义项梳理，为不同义项各连接对应词群,详述
4712,volet,NOM,B1,11.7981,2,0,1,0,1,10,1,1,2,2,P3_bridge,P3_bridge,0,按义项梳理，为不同义项各连接对应词群,
4713,foi,NOM,B2,11.7588,2,0,1,0,1,9,1,0,2,1,P3_bridge,P3_bridge,0,按义项梳理，为不同义项各连接对应词群,信仰；信念
4714,composition,NOM,B2,11.7479,2,1,1,0,0,19,1,1,3,3,P3_bridge,P3_bridge|P4_confusable,0,按义项梳理，为不同义项各连接对应词群,习作；作文
4715,rage,NOM,B1,11.6546,2,0,1,0,1,6,1,2,2,2,P3_bridge,P3_bridge,0,按义项梳理，为不同义项各连接对应词群,怒气；暴怒
4716,ruine,NOM,B1,11.3346,2,1,1,0,0,8,1,2,2,2,P3_bridge,P3_bridge|P4_confusable,0,按义项梳理，为不同义项各连接对应词群,废墟
4717,couche,NOM,B2,11.2568,2,0,2,0,0,16,1,3,2,2,P3_bridge,P3_bridge|P4_confusable,0,按义项梳理，为不同义项各连接对应词群,一层；图层
4718,passant,NOM,B1,11.0376,2,1,1,0,0,5,1,2,2,1,P3_bridge,P3_bridge|P4_confusable,0,按义项梳理，为不同义项各连接对应词群,路人
4719,attaque,NOM,B1,11.013,2,0,1,1,0,12,1,2,2,2,P3_bridge,P3_bridge|P4_confusable,0,按义项梳理，为不同义项各连接对应词群,发病；袭击
4720,étape,NOM,B2,10.9581,2,0,2,0,0,11,1,0,2,0,P3_bridge,P3_bridge|P4_confusable,0,按义项梳理，为不同义项各连接对应词群,地里；境界
4721,reprise,NOM,B1,10.8589,2,0,0,2,0,20,1,1,3,3,P3_bridge,P3_bridge|P4_confusable,0,按义项梳理，为不同义项各连接对应词群,翻唱
4722,retomber,VER,B1,10.8491,2,2,0,0,0,7,1,1,2,3,P3_bridge,P3_bridge|P4_confusable,0,按义项梳理，为不同义项各连接对应词群,回落
4723,murmure,NOM,B1,10.7028,2,1,1,0,0,8,1,1,1,3,P3_bridge,P3_bridge|P4_confusable,0,按义项梳理，为不同义项各连接对应词群,呢喃；喳喳
4724,possession,NOM,B1,10.2898,2,0,1,0,1,5,1,0,2,1,P3_bridge,P3_bridge,0,按义项梳理，为不同义项各连接对应词群,属地
4725,rater,VER,B1,10.1925,2,2,0,0,0,6,1,1,3,1,P3_bridge,P3_bridge|P4_confusable,0,按义项梳理，为不同义项各连接对应词群,失败；泡汤
4726,touche,NOM,B1,10.1742,2,0,1,0,1,20,1,2,2,2,P3_bridge,P3_bridge,0,按义项梳理，为不同义项各连接对应词群,指板；按键
4727,créature,NOM,B2,10.1661,2,0,1,0,1,9,1,1,0,2,P3_bridge,P3_bridge,0,按义项梳理，为不同义项各连接对应词群,东西；亲信
4728,tenue,NOM,B1,10.1303,2,0,1,0,1,15,1,1,3,2,P3_bridge,P3_bridge,0,按义项梳理，为不同义项各连接对应词群,举止；仪表
4729,grille,NOM,B2,10.1236,2,1,1,0,0,16,1,1,2,2,P3_bridge,P3_bridge|P4_confusable,0,按义项梳理，为不同义项各连接对应词群,格栅
4730,essor,NOM,B2,10.1075,2,1,0,1,0,11,1,1,2,0,P3_bridge,P3_bridge|P4_confusable,0,按义项梳理，为不同义项各连接对应词群,突飞猛进；腾飞
4731,envier,VER,B1,10.0946,2,1,0,1,0,4,1,1,1,2,P3_bridge,P3_bridge|P4_confusable,0,按义项梳理，为不同义项各连接对应词群,吃味；嫉妒
4732,fabrication,NOM,B2,10.0369,2,1,1,0,0,4,1,1,3,3,P3_bridge,P3_bridge|P4_confusable,0,按义项梳理，为不同义项各连接对应词群,
4733,projeter,VER,B2,9.939,2,2,0,0,0,6,1,1,3,3,P3_bridge,P3_bridge|P4_confusable|P5_b2c1_synset,0,按义项梳理，为不同义项各连接对应词群,上映；准备
4734,évanouir,VER,B1,9.8627,2,0,1,1,0,4,1,0,1,0,P3_bridge,P3_bridge|P4_confusable,0,按义项梳理，为不同义项各连接对应词群,幽幽；昏倒
4735,généraliser,VER,B2,9.8458,2,1,0,1,0,5,1,1,3,3,P3_bridge,P3_bridge|P4_confusable,0,按义项梳理，为不同义项各连接对应词群,以偏概全；推广
4736,bond,NOM,B1,9.8237,2,1,1,0,0,6,1,2,0,3,P3_bridge,P3_bridge|P4_confusable,0,按义项梳理，为不同义项各连接对应词群,邦德；飞跃
4737,facilité,NOM,B2,9.8031,2,0,2,0,0,7,1,1,2,2,P3_bridge,P3_bridge|P4_confusable,0,按义项梳理，为不同义项各连接对应词群,伶俐；随和
4738,permis,NOM,B1,9.7411,2,0,1,0,1,4,1,1,1,1,P3_bridge,P3_bridge,0,按义项梳理，为不同义项各连接对应词群,执照；牌照
4739,sélection,NOM,B2,9.7388,2,2,0,0,0,4,1,0,3,3,P3_bridge,P3_bridge|P4_confusable|P5_b2c1_synset,0,按义项梳理，为不同义项各连接对应词群,选择；选萃
4740,débarquer,VER,B2,9.7177,2,1,0,1,0,8,1,1,2,3,P3_bridge,P3_bridge|P4_confusable,0,按义项梳理，为不同义项各连接对应词群,上岸；下去
4741,poison,NOM,B1,9.6906,2,1,1,0,0,6,1,1,3,0,P3_bridge,P3_bridge|P4_confusable,0,按义项梳理，为不同义项各连接对应词群,剧毒；毒物
4742,enfiler,VER,B2,9.6622,2,2,0,0,0,11,1,1,1,1,P3_bridge,P3_bridge|P4_confusable|P5_b2c1_synset,0,按义项梳理，为不同义项各连接对应词群,穿上
4743,tambour,NOM,B1,9.6254,2,1,1,0,0,16,1,2,2,2,P3_bridge,P3_bridge|P4_confusable,0,按义项梳理，为不同义项各连接对应词群,壴；鼓
4744,taper,VER,B1,9.6094,2,1,1,0,0,22,1,2,3,2,P3_bridge,P3_bridge|P4_confusable,0,按义项梳理，为不同义项各连接对应词群,录入；敲打
4745,vider,VER,B2,9.6084,2,0,1,1,0,8,1,2,3,3,P3_bridge,P3_bridge|P4_confusable,0,按义项梳理，为不同义项各连接对应词群,清空
4746,obscurité,NOM,B1,9.6011,2,1,0,1,0,6,1,1,1,1,P3_bridge,P3_bridge|P4_confusable,0,按义项梳理，为不同义项各连接对应词群,不明；夜幕
4747,allier,VER,B2,9.5832,2,1,1,0,0,4,1,1,2,3,P3_bridge,P3_bridge|P4_confusable,0,按义项梳理，为不同义项各连接对应词群,结社
4748,barque,NOM,B1,9.5555,2,2,0,0,0,5,1,2,2,2,P3_bridge,P3_bridge|P4_confusable,0,按义项梳理，为不同义项各连接对应词群,划子
4749,os,NOM,B1,9.5377,2,1,1,0,0,7,1,1,0,1,P3_bridge,P3_bridge|P4_confusable,0,按义项梳理，为不同义项各连接对应词群,骨头；骨骸
4750,préférence,NOM,B1,9.4957,2,1,1,0,0,4,1,1,3,3,P3_bridge,P3_bridge|P4_confusable,0,按义项梳理，为不同义项各连接对应词群,偏好；爱好
4751,vague,ADJ,B1,9.4931,2,1,1,0,0,5,1,1,3,3,P3_bridge,P3_bridge|P4_confusable,0,按义项梳理，为不同义项各连接对应词群,不明确；含糊
4752,empoisonner,VER,B1,9.452,2,1,1,0,0,7,1,1,3,1,P3_bridge,P3_bridge|P4_confusable,0,按义项梳理，为不同义项各连接对应词群,下毒；下药
4753,plantation,NOM,B2,9.4341,2,0,1,0,1,6,1,1,2,2,P3_bridge,P3_bridge,0,按义项梳理，为不同义项各连接对应词群,种植业
4754,mort,ADJ,B1,9.3153,2,0,1,1,0,8,1,5,3,3,P3_bridge,P3_bridge|P4_confusable,0,按义项梳理，为不同义项各连接对应词群,死了；死亡
4755,char,NOM,B1,9.3093,2,2,0,0,0,12,1,2,3,3,P3_bridge,P3_bridge|P4_confusable,0,按义项梳理，为不同义项各连接对应词群,舆；车
4756,inverse,NOM,B2,9.0349,2,0,1,0,1,5,1,1,3,2,P3_bridge,P3_bridge,0,按义项梳理，为不同义项各连接对应词群,倒数
4757,reproduire,VER,B2,8.9452,2,1,1,0,0,5,1,1,2,3,P3_bridge,P3_bridge|P4_confusable,0,按义项梳理，为不同义项各连接对应词群,再造；复制
4758,retracer,VER,B1,8.8895,2,1,1,0,0,5,1,1,1,2,P3_bridge,P3_bridge|P4_confusable,0,按义项梳理，为不同义项各连接对应词群,
4759,numérique,ADJ,B1,8.8525,2,0,1,1,0,4,1,1,2,2,P3_bridge,P3_bridge|P4_confusable,0,按义项梳理，为不同义项各连接对应词群,数字；数字化
4760,inondation,NOM,B2,8.7411,2,1,1,0,0,4,1,1,1,1,P3_bridge,P3_bridge|P4_confusable,0,按义项梳理，为不同义项各连接对应词群,大水；洪水
4761,gloire,NOM,B2,8.7163,2,1,1,0,0,11,1,1,3,2,P3_bridge,P3_bridge|P4_confusable,0,按义项梳理，为不同义项各连接对应词群,光荣；功名
4762,autoritaire,ADJ,B2,8.6556,2,1,0,1,0,4,1,1,2,3,P3_bridge,P3_bridge|P4_confusable,0,按义项梳理，为不同义项各连接对应词群,
4763,écrit,NOM,B1,8.6184,2,1,1,0,0,4,1,1,2,3,P3_bridge,P3_bridge|P4_confusable,0,按义项梳理，为不同义项各连接对应词群,书面；写得
4764,aîné,NOM,B1,8.6031,2,0,1,1,0,4,1,1,3,1,P3_bridge,P3_bridge|P4_confusable,0,按义项梳理，为不同义项各连接对应词群,
4765,trahir,VER,B2,8.5684,2,2,0,0,0,7,1,1,2,2,P3_bridge,P3_bridge|P4_confusable|P5_b2c1_synset,0,按义项梳理，为不同义项各连接对应词群,出卖；叛变
4766,descente,NOM,B2,8.549,2,0,0,2,0,16,1,2,3,2,P3_bridge,P3_bridge|P4_confusable,0,按义项梳理，为不同义项各连接对应词群,下坡
4767,cycle,NOM,B1,8.5238,2,2,0,0,0,15,1,3,3,3,P3_bridge,P3_bridge|P4_confusable,0,按义项梳理，为不同义项各连接对应词群,周期
4768,frein,NOM,B1,8.4878,2,1,1,0,0,6,1,1,3,3,P3_bridge,P3_bridge|P4_confusable,0,按义项梳理，为不同义项各连接对应词群,制动
4769,authentique,ADJ,B2,8.4722,2,1,0,1,0,5,1,3,3,3,P3_bridge,P3_bridge|P4_confusable,0,按义项梳理，为不同义项各连接对应词群,原装；地道
4770,cueillir,VER,B1,8.4073,2,2,0,0,0,4,1,3,3,2,P3_bridge,P3_bridge|P4_confusable,0,按义项梳理，为不同义项各连接对应词群,敛巴；采摘
4771,sûreté,NOM,B2,8.2495,2,1,1,0,0,11,1,1,1,2,P3_bridge,P3_bridge|P4_confusable,0,按义项梳理，为不同义项各连接对应词群,安保；安全
4772,bagage,NOM,B1,8.1528,2,0,2,0,0,4,1,1,3,3,P3_bridge,P3_bridge|P4_confusable,0,按义项梳理，为不同义项各连接对应词群,箱包；行囊
4773,indifférent,ADJ,B1,8.1451,2,1,0,1,0,7,1,2,2,3,P3_bridge,P3_bridge|P4_confusable,0,按义项梳理，为不同义项各连接对应词群,冷淡；冷漠
4774,sécher,VER,B2,8.0707,2,0,0,2,0,15,1,1,3,3,P3_bridge,P3_bridge|P4_confusable,0,按义项梳理，为不同义项各连接对应词群,吹风；干燥
4775,reconnaissance,NOM,B1,8.0072,2,2,0,0,0,10,1,1,3,3,P3_bridge,P3_bridge|P4_confusable,0,按义项梳理，为不同义项各连接对应词群,勘查；感恩
4776,valise,NOM,B1,7.9885,2,0,2,0,0,7,1,0,2,1,P3_bridge,P3_bridge|P4_confusable,0,按义项梳理，为不同义项各连接对应词群,提箱；箱子
4777,timbre,NOM,B2,7.8921,2,0,2,0,0,20,1,0,0,0,P3_bridge,P3_bridge,0,按义项梳理，为不同义项各连接对应词群,声线；邮票
4778,aboyer,VER,B1,7.8857,2,1,1,0,0,4,1,1,1,1,P3_bridge,P3_bridge|P4_confusable,0,按义项梳理，为不同义项各连接对应词群,叫嚣；狂吠
4779,tache,NOM,B2,7.8547,2,2,0,0,0,10,1,3,2,2,P3_bridge,P3_bridge|P4_confusable|P5_b2c1_synset,0,按义项梳理，为不同义项各连接对应词群,斑点；瑕疵
4780,tournant,NOM,B1,7.844,2,1,1,0,0,5,1,1,2,1,P3_bridge,P3_bridge|P4_confusable,0,按义项梳理，为不同义项各连接对应词群,拐角；转折
4781,sou,NOM,B1,7.7687,2,0,1,0,1,8,1,0,2,1,P3_bridge,P3_bridge,0,按义项梳理，为不同义项各连接对应词群,
4782,fiche,NOM,B1,7.7604,2,2,0,0,0,17,1,3,3,3,P3_bridge,P3_bridge|P4_confusable,0,按义项梳理，为不同义项各连接对应词群,卡片；外挂
4783,dépôt,NOM,B2,7.7332,2,0,1,1,0,13,1,1,1,0,P3_bridge,P3_bridge|P4_confusable,0,按义项梳理，为不同义项各连接对应词群,存款；沉积
4784,rose,NOM,B1,7.7315,2,1,1,0,0,17,1,1,3,3,P3_bridge,P3_bridge|P4_confusable,0,按义项梳理，为不同义项各连接对应词群,桃色；玫瑰
4785,assassin,ADJ,B2,7.6911,2,1,1,0,0,4,1,2,3,3,P3_bridge,P3_bridge|P4_confusable,0,按义项梳理，为不同义项各连接对应词群,凶手；刺客
4786,ordinaire,ADJ,B2,7.6476,2,0,1,0,1,6,1,1,3,1,P3_bridge,P3_bridge,0,按义项梳理，为不同义项各连接对应词群,一般；中常
4787,frappe,NOM,B1,7.6416,2,1,1,0,0,9,1,1,3,3,P3_bridge,P3_bridge|P4_confusable,0,按义项梳理，为不同义项各连接对应词群,劈；摷
4788,soulager,VER,B1,7.625,2,1,1,0,0,4,1,1,1,1,P3_bridge,P3_bridge|P4_confusable,0,按义项梳理，为不同义项各连接对应词群,减轻；释怀
4789,heurter,VER,B2,7.5783,2,0,1,0,1,6,1,0,1,1,P3_bridge,P3_bridge,0,按义项梳理，为不同义项各连接对应词群,冲撞；触动
4790,initiation,NOM,B1,7.5608,2,2,0,0,0,7,1,1,3,1,P3_bridge,P3_bridge|P4_confusable,0,按义项梳理，为不同义项各连接对应词群,入门
4791,considération,NOM,B2,7.5596,2,1,1,0,0,6,1,1,3,3,P3_bridge,P3_bridge|P4_confusable,0,按义项梳理，为不同义项各连接对应词群,声望；心眼
4792,étonnement,NOM,B1,7.5437,2,1,1,0,0,4,1,1,3,1,P3_bridge,P3_bridge|P4_confusable,0,按义项梳理，为不同义项各连接对应词群,惊愕；诧异
4793,liquide,ADJ,B2,7.5409,2,1,0,1,0,6,1,2,3,2,P3_bridge,P3_bridge|P4_confusable,0,按义项梳理，为不同义项各连接对应词群,液体
4794,scénario,NOM,B2,7.5316,2,0,1,0,1,5,1,0,0,1,P3_bridge,P3_bridge,0,按义项梳理，为不同义项各连接对应词群,剧情；剧本
4795,faiblesse,NOM,B1,7.5039,2,1,0,1,0,11,1,2,0,3,P3_bridge,P3_bridge|P4_confusable,0,按义项梳理，为不同义项各连接对应词群,嗜好；弱点
4796,palme,NOM,B1,7.4291,2,1,1,0,0,8,1,2,0,3,P3_bridge,P3_bridge|P4_confusable,0,按义项梳理，为不同义项各连接对应词群,蛙鞋
4797,valable,ADJ,B2,7.3715,2,1,1,0,0,4,1,1,3,2,P3_bridge,P3_bridge|P4_confusable,0,按义项梳理，为不同义项各连接对应词群,成立
4798,vêtir,VER,B2,7.3061,2,2,0,0,0,5,1,3,3,2,P3_bridge,P3_bridge|P4_confusable|P5_b2c1_synset,0,按义项梳理，为不同义项各连接对应词群,穿
4799,prévention,NOM,B2,7.2998,2,2,0,0,0,5,1,1,2,1,P3_bridge,P3_bridge|P4_confusable|P5_b2c1_synset,0,按义项梳理，为不同义项各连接对应词群,成见；预防措施
4800,mécanique,NOM,B2,7.278,2,1,1,0,0,11,1,1,2,3,P3_bridge,P3_bridge|P4_confusable,0,按义项梳理，为不同义项各连接对应词群,刻板；力学
4801,galop,NOM,B2,7.2636,2,2,0,0,0,6,1,1,1,3,P3_bridge,P3_bridge|P4_confusable|P5_b2c1_synset,0,按义项梳理，为不同义项各连接对应词群,
4802,nu,NOM,B1,7.2484,2,0,1,1,0,8,1,1,0,1,P3_bridge,P3_bridge|P4_confusable,0,按义项梳理，为不同义项各连接对应词群,三点；三点全露
4803,masquer,VER,B2,7.2162,2,1,1,0,0,9,1,1,3,2,P3_bridge,P3_bridge|P4_confusable,0,按义项梳理，为不同义项各连接对应词群,隐藏
4804,philosophe,NOM,B2,7.1998,2,2,0,0,0,7,1,0,2,1,P3_bridge,P3_bridge|P4_confusable|P5_b2c1_synset,0,按义项梳理，为不同义项各连接对应词群,哲学家
4805,bassin,NOM,B1,7.1668,2,0,1,0,1,11,1,0,0,0,P3_bridge,P3_bridge,0,按义项梳理，为不同义项各连接对应词群,洗盆；盆地
4806,consultation,NOM,B2,7.1665,2,2,0,0,0,6,1,1,3,2,P3_bridge,P3_bridge|P4_confusable|P5_b2c1_synset,0,按义项梳理，为不同义项各连接对应词群,协商；谘询
4807,job,NOM,B1,7.1591,2,0,1,0,1,4,1,0,0,1,P3_bridge,P3_bridge,0,按义项梳理，为不同义项各连接对应词群,
4808,vaincre,VER,B2,7.12,2,2,0,0,0,4,1,3,2,3,P3_bridge,P3_bridge|P4_confusable|P5_b2c1_synset,0,按义项梳理，为不同义项各连接对应词群,克服；击败
4809,panier,NOM,B1,7.1178,2,0,2,0,0,16,1,1,1,1,P3_bridge,P3_bridge|P4_confusable,0,按义项梳理，为不同义项各连接对应词群,推车；篓子
4810,fasciner,VER,B2,7.0351,2,2,0,0,0,7,1,2,2,3,P3_bridge,P3_bridge|P4_confusable|P5_b2c1_synset,0,按义项梳理，为不同义项各连接对应词群,引人入胜；迷惑
4811,ressortir,VER,B1,7.0349,2,2,0,0,0,7,1,1,3,1,P3_bridge,P3_bridge|P4_confusable,0,按义项梳理，为不同义项各连接对应词群,烘托；突出
4812,jury,NOM,B1,7.0074,2,1,1,0,0,4,1,0,3,3,P3_bridge,P3_bridge|P4_confusable,0,按义项梳理，为不同义项各连接对应词群,评审
4813,écologie,NOM,B1,6.9204,2,2,0,0,0,5,1,0,2,2,P3_bridge,P3_bridge|P4_confusable,0,按义项梳理，为不同义项各连接对应词群,原生；生态
4814,vanter,VER,B2,6.8343,2,0,2,0,0,4,1,0,3,3,P3_bridge,P3_bridge|P4_confusable,0,按义项梳理，为不同义项各连接对应词群,吹嘘；夸奖
4815,vitre,NOM,B1,6.5383,2,1,1,0,0,4,1,2,3,3,P3_bridge,P3_bridge|P4_confusable,0,按义项梳理，为不同义项各连接对应词群,玻璃窗
4816,abbaye,NOM,B1,6.4078,2,0,2,0,0,5,1,1,3,2,P3_bridge,P3_bridge|P4_confusable,0,按义项梳理，为不同义项各连接对应词群,
4817,sire,NOM,B1,6.3278,2,0,1,0,1,5,1,0,1,3,P3_bridge,P3_bridge,0,按义项梳理，为不同义项各连接对应词群,陛下
4818,séparation,NOM,B2,6.3261,2,0,1,0,1,6,1,1,2,2,P3_bridge,P3_bridge,0,按义项梳理，为不同义项各连接对应词群,分立；离异
4819,cohabitation,NOM,B1,6.282,2,1,1,0,0,4,1,1,1,1,P3_bridge,P3_bridge|P4_confusable,0,按义项梳理，为不同义项各连接对应词群,
4820,mobilité,NOM,B2,6.2335,2,2,0,0,0,5,1,2,3,3,P3_bridge,P3_bridge|P4_confusable|P5_b2c1_synset,0,按义项梳理，为不同义项各连接对应词群,
4821,envoi,NOM,B1,6.1749,2,1,1,0,0,5,1,3,2,1,P3_bridge,P3_bridge|P4_confusable,0,按义项梳理，为不同义项各连接对应词群,发送；装运
4822,démocratique,ADJ,B2,6.1601,2,1,1,0,0,5,1,1,3,3,P3_bridge,P3_bridge|P4_confusable,0,按义项梳理，为不同义项各连接对应词群,民主
4823,faible,NOM,B2,6.1555,2,0,1,1,0,5,1,4,3,3,P3_bridge,P3_bridge|P4_confusable,0,按义项梳理，为不同义项各连接对应词群,优柔；单薄
4824,lot,NOM,B2,6.1552,2,1,1,0,0,7,1,1,3,0,P3_bridge,P3_bridge|P4_confusable,0,按义项梳理，为不同义项各连接对应词群,批量；遭际
4825,syndicat,NOM,B2,6.1159,2,1,1,0,0,4,1,1,1,1,P3_bridge,P3_bridge|P4_confusable,0,按义项梳理，为不同义项各连接对应词群,工会
4826,sonore,ADJ,B2,6.0695,2,1,0,1,0,6,1,6,3,0,P3_bridge,P3_bridge|P4_confusable,0,按义项梳理，为不同义项各连接对应词群,响亮；嘹亮
4827,paire,NOM,B2,6.0645,2,1,1,0,0,8,1,1,3,3,P3_bridge,P3_bridge|P4_confusable,0,按义项梳理，为不同义项各连接对应词群,一对；双人
4828,fleurir,VER,B1,6.0602,2,2,0,0,0,6,1,5,2,2,P3_bridge,P3_bridge|P4_confusable,0,按义项梳理，为不同义项各连接对应词群,开放；开花
4829,expédier,VER,B2,6.0289,2,2,0,0,0,7,1,4,3,3,P3_bridge,P3_bridge|P4_confusable|P5_b2c1_synset,0,按义项梳理，为不同义项各连接对应词群,出货；加快
4830,réforme,NOM,B2,6.0032,2,0,1,0,1,9,1,1,1,1,P3_bridge,P3_bridge,0,按义项梳理，为不同义项各连接对应词群,变革；维新
4831,pair,NOM,B1,5.9843,2,1,1,0,0,8,1,6,3,3,P3_bridge,P3_bridge|P4_confusable,0,按义项梳理，为不同义项各连接对应词群,
4832,corrida,NOM,B1,5.94,2,0,2,0,0,7,1,0,2,2,P3_bridge,P3_bridge|P4_confusable,0,按义项梳理，为不同义项各连接对应词群,斗牛
4833,gravité,NOM,B2,5.9323,2,1,1,0,0,4,1,2,2,3,P3_bridge,P3_bridge|P4_confusable,0,按义项梳理，为不同义项各连接对应词群,严重性；地心引力
4834,conduite,NOM,B1,5.9216,2,0,1,0,1,10,1,1,3,1,P3_bridge,P3_bridge,0,按义项梳理，为不同义项各连接对应词群,为人；举止
4835,imprimer,VER,B1,5.8726,2,2,0,0,0,9,1,1,3,2,P3_bridge,P3_bridge|P4_confusable,0,按义项梳理，为不同义项各连接对应词群,印制；印刷
4836,regret,NOM,B1,5.8672,2,1,1,0,0,5,1,1,2,2,P3_bridge,P3_bridge|P4_confusable,0,按义项梳理，为不同义项各连接对应词群,懊悔；抱歉
4837,morale,NOM,B2,5.8453,2,0,2,0,0,4,1,2,3,3,P3_bridge,P3_bridge|P4_confusable,0,按义项梳理，为不同义项各连接对应词群,伦理；德性
4838,aménagement,NOM,B2,5.8051,2,1,1,0,0,4,1,1,2,1,P3_bridge,P3_bridge|P4_confusable,0,按义项梳理，为不同义项各连接对应词群,修订
4839,rédaction,NOM,B1,5.8018,2,1,1,0,0,4,1,1,1,1,P3_bridge,P3_bridge|P4_confusable,0,按义项梳理，为不同义项各连接对应词群,作文；写道
4840,facture,NOM,B1,5.7394,2,0,2,0,0,8,1,1,3,2,P3_bridge,P3_bridge|P4_confusable,0,按义项梳理，为不同义项各连接对应词群,出厂价；单据
4841,nier,VER,B2,5.7249,2,1,1,0,0,4,1,1,2,0,P3_bridge,P3_bridge|P4_confusable,0,按义项梳理，为不同义项各连接对应词群,否定；否认
4842,digne,ADJ,B2,5.7233,2,2,0,0,0,6,1,4,3,2,P3_bridge,P3_bridge|P4_confusable|P5_b2c1_synset,0,按义项梳理，为不同义项各连接对应词群,严肃；体面
4843,poursuite,NOM,B2,5.6956,2,1,0,1,0,8,1,1,1,1,P3_bridge,P3_bridge|P4_confusable,0,按义项梳理，为不同义项各连接对应词群,紧追
4844,vague,NOM,B1,5.683,2,0,2,0,0,11,1,1,3,3,P3_bridge,P3_bridge|P4_confusable,0,按义项梳理，为不同义项各连接对应词群,不明确；含糊
4845,abuser,VER,B2,5.6556,2,2,0,0,0,5,1,1,2,2,P3_bridge,P3_bridge|P4_confusable|P5_b2c1_synset,0,按义项梳理，为不同义项各连接对应词群,施虐；滥用
4846,irruption,NOM,B2,5.6466,2,0,2,0,0,4,1,1,3,2,P3_bridge,P3_bridge|P4_confusable,0,按义项梳理，为不同义项各连接对应词群,
4847,foire,NOM,B2,5.604,2,0,2,0,0,7,1,0,2,1,P3_bridge,P3_bridge|P4_confusable,0,按义项梳理，为不同义项各连接对应词群,博览会；市集
4848,appui,NOM,B2,5.5968,2,0,2,0,0,13,1,0,0,2,P3_bridge,P3_bridge|P4_confusable,0,按义项梳理，为不同义项各连接对应词群,依靠；后盾
4849,procéder,VER,B2,5.5943,2,2,0,0,0,7,1,1,1,2,P3_bridge,P3_bridge|P4_confusable|P5_b2c1_synset,0,按义项梳理，为不同义项各连接对应词群,
4850,lame,NOM,B1,5.5883,2,0,2,0,0,14,1,0,1,3,P3_bridge,P3_bridge|P4_confusable,0,按义项梳理，为不同义项各连接对应词群,刀锋；切片
4851,transition,NOM,B2,5.5863,2,1,1,0,0,10,1,1,3,2,P3_bridge,P3_bridge|P4_confusable,0,按义项梳理，为不同义项各连接对应词群,交接；传送
4852,préfecture,NOM,B1,5.4985,2,1,1,0,0,9,1,0,3,3,P3_bridge,P3_bridge|P4_confusable,0,按义项梳理，为不同义项各连接对应词群,专区；地区
4853,déborder,VER,B1,5.4927,2,0,1,1,0,10,1,1,2,2,P3_bridge,P3_bridge|P4_confusable,0,按义项梳理，为不同义项各连接对应词群,横流；横溢
4854,permanence,NOM,B2,5.4896,2,1,1,0,0,9,1,0,3,2,P3_bridge,P3_bridge|P4_confusable,0,按义项梳理，为不同义项各连接对应词群,
4855,tirage,NOM,B2,5.4643,2,1,1,0,0,28,1,1,3,2,P3_bridge,P3_bridge|P4_confusable,0,按义项梳理，为不同义项各连接对应词群,印刷量；发行量
4856,arabe,NOM,B2,5.4136,2,1,1,0,0,9,1,0,3,1,P3_bridge,P3_bridge|P4_confusable,0,按义项梳理，为不同义项各连接对应词群,阿拉伯
4857,grain,NOM,B2,5.4021,2,0,2,0,0,17,1,1,3,3,P3_bridge,P3_bridge|P4_confusable,0,按义项梳理，为不同义项各连接对应词群,籽实；纹路
4858,alternative,NOM,B2,5.3971,2,1,1,0,0,5,1,0,1,2,P3_bridge,P3_bridge|P4_confusable,0,按义项梳理，为不同义项各连接对应词群,替代品
4859,fureur,NOM,B2,5.3212,2,1,1,0,0,9,1,1,1,1,P3_bridge,P3_bridge|P4_confusable,0,按义项梳理，为不同义项各连接对应词群,暴怒；狂暴
4860,correspondance,NOM,B2,5.3118,2,1,1,0,0,7,1,1,3,3,P3_bridge,P3_bridge|P4_confusable,0,按义项梳理，为不同义项各连接对应词群,中转；书信
4861,délit,NOM,B2,5.2646,2,0,2,0,0,4,1,0,1,2,P3_bridge,P3_bridge|P4_confusable,0,按义项梳理，为不同义项各连接对应词群,罪行；罪过
4862,mythe,NOM,B1,5.25,2,2,0,0,0,4,1,2,3,2,P3_bridge,P3_bridge|P4_confusable,0,按义项梳理，为不同义项各连接对应词群,神话
4863,bonbon,NOM,B1,5.2406,2,0,2,0,0,6,1,1,3,1,P3_bridge,P3_bridge|P4_confusable,0,按义项梳理，为不同义项各连接对应词群,糖果
4864,solitaire,ADJ,B1,5.1899,2,0,0,2,0,4,1,0,3,2,P3_bridge,P3_bridge|P4_confusable,0,按义项梳理，为不同义项各连接对应词群,冷清；孤单
4865,cabine,NOM,B1,5.1765,2,1,1,0,0,7,1,1,3,2,P3_bridge,P3_bridge|P4_confusable,0,按义项梳理，为不同义项各连接对应词群,展台；舱房
4866,injection,NOM,B2,5.1716,2,1,1,0,0,7,1,1,2,1,P3_bridge,P3_bridge|P4_confusable,0,按义项梳理，为不同义项各连接对应词群,注射
4867,piqûre,NOM,B2,5.1646,2,1,1,0,0,9,1,1,3,0,P3_bridge,P3_bridge|P4_confusable,0,按义项梳理，为不同义项各连接对应词群,
4868,cendre,NOM,B2,5.156,2,2,0,0,0,8,1,2,1,1,P3_bridge,P3_bridge|P4_confusable|P5_b2c1_synset,0,按义项梳理，为不同义项各连接对应词群,土色；灰烬
4869,cassé,ADJ,B1,5.1408,2,1,1,0,0,5,1,1,3,2,P3_bridge,P3_bridge|P4_confusable,0,按义项梳理，为不同义项各连接对应词群,残破
4870,bougie,NOM,B1,5.1374,2,0,2,0,0,8,1,0,2,1,P3_bridge,P3_bridge|P4_confusable,0,按义项梳理，为不同义项各连接对应词群,蜡炬；蜡烛
4871,siffler,VER,B1,5.1235,2,2,0,0,0,13,1,2,2,2,P3_bridge,P3_bridge|P4_confusable,0,按义项梳理，为不同义项各连接对应词群,呼啸
4872,mortel,ADJ,B2,5.0232,2,1,1,0,0,7,1,1,3,2,P3_bridge,P3_bridge|P4_confusable,0,按义项梳理，为不同义项各连接对应词群,会死；你死我活
4873,divertissement,NOM,B2,5.0101,2,0,2,0,0,6,1,1,2,2,P3_bridge,P3_bridge|P4_confusable,0,按义项梳理，为不同义项各连接对应词群,娱乐；文娱
4874,ambassadeur,NOM,B2,4.9933,2,0,2,0,0,4,1,0,0,0,P3_bridge,P3_bridge,0,按义项梳理，为不同义项各连接对应词群,使者；大使
4875,gentillesse,NOM,B2,4.9915,2,0,1,1,0,4,1,2,0,2,P3_bridge,P3_bridge|P4_confusable,0,按义项梳理，为不同义项各连接对应词群,仁慈
4876,gage,NOM,B2,4.9498,2,1,1,0,0,6,1,1,2,2,P3_bridge,P3_bridge|P4_confusable,0,按义项梳理，为不同义项各连接对应词群,典；质
4877,rubrique,NOM,B2,4.9384,2,0,2,0,0,9,1,0,2,1,P3_bridge,P3_bridge|P4_confusable,0,按义项梳理，为不同义项各连接对应词群,专栏；头球
4878,nid,NOM,B2,4.9295,2,0,2,0,0,7,1,0,1,0,P3_bridge,P3_bridge|P4_confusable,0,按义项梳理，为不同义项各连接对应词群,巢穴
4879,prescription,NOM,B2,4.9017,2,1,1,0,0,5,1,0,3,2,P3_bridge,P3_bridge|P4_confusable,0,按义项梳理，为不同义项各连接对应词群,处方；时效
4880,redoubler,VER,B2,4.8828,2,1,1,0,0,6,1,1,3,2,P3_bridge,P3_bridge|P4_confusable,0,按义项梳理，为不同义项各连接对应词群,倍增；重叠
4881,déserter,VER,B1,4.8774,2,0,2,0,0,4,1,2,3,3,P3_bridge,P3_bridge|P4_confusable,0,按义项梳理，为不同义项各连接对应词群,
4882,répliquer,VER,B2,4.8503,2,1,1,0,0,6,1,0,2,3,P3_bridge,P3_bridge|P4_confusable,0,按义项梳理，为不同义项各连接对应词群,回答；应对
4883,curieusement,ADV,B1,4.8006,2,0,2,0,0,4,1,2,3,3,P3_bridge,P3_bridge|P4_confusable,0,按义项梳理，为不同义项各连接对应词群,说也奇怪
4884,tourmenter,VER,B1,4.7926,2,0,2,0,0,6,1,0,1,0,P3_bridge,P3_bridge|P4_confusable,0,按义项梳理，为不同义项各连接对应词群,折磨；折腾
4885,palier,NOM,B2,4.7543,2,0,2,0,0,6,1,0,2,3,P3_bridge,P3_bridge|P4_confusable,0,按义项梳理，为不同义项各连接对应词群,
4886,matériau,NOM,B2,4.7358,2,0,2,0,0,4,1,2,0,0,P3_bridge,P3_bridge,0,按义项梳理，为不同义项各连接对应词群,材料；材质
4887,orientation,NOM,B2,4.6586,2,1,1,0,0,9,1,1,3,3,P3_bridge,P3_bridge|P4_confusable,0,按义项梳理，为不同义项各连接对应词群,动向；取向
4888,apport,NOM,B2,4.6582,2,1,1,0,0,5,1,1,2,2,P3_bridge,P3_bridge|P4_confusable,0,按义项梳理，为不同义项各连接对应词群,投入
4889,épargner,VER,B2,4.6386,2,1,1,0,0,8,1,1,2,1,P3_bridge,P3_bridge|P4_confusable,0,按义项梳理，为不同义项各连接对应词群,存钱；宽恕
4890,échantillon,NOM,B2,4.6344,2,0,2,0,0,9,1,0,0,0,P3_bridge,P3_bridge,0,按义项梳理，为不同义项各连接对应词群,一瞥；抽样
4891,ramer,VER,B2,4.6059,2,1,1,0,0,4,1,1,2,1,P3_bridge,P3_bridge|P4_confusable,0,按义项梳理，为不同义项各连接对应词群,划拉；划船
4892,accumuler,VER,B2,4.5958,2,1,1,0,0,5,1,1,3,2,P3_bridge,P3_bridge|P4_confusable,0,按义项梳理，为不同义项各连接对应词群,堆砌；堆积
4893,émigrer,VER,B2,4.548,2,1,0,1,0,4,1,1,2,2,P3_bridge,P3_bridge|P4_confusable,0,按义项梳理，为不同义项各连接对应词群,移居；移民
4894,supplice,NOM,B2,4.5478,2,0,2,0,0,4,1,1,2,3,P3_bridge,P3_bridge|P4_confusable,0,按义项梳理，为不同义项各连接对应词群,
4895,inverse,ADJ,B2,4.5452,2,1,1,0,0,4,1,1,3,1,P3_bridge,P3_bridge|P4_confusable,0,按义项梳理，为不同义项各连接对应词群,倒数
4896,réel,NOM,B2,4.5261,2,1,1,0,0,4,1,8,2,2,P3_bridge,P3_bridge|P4_confusable,0,按义项梳理，为不同义项各连接对应词群,切实；实在
4897,encadrement,NOM,B2,4.5008,2,1,1,0,0,7,1,1,3,1,P3_bridge,P3_bridge|P4_confusable,0,按义项梳理，为不同义项各连接对应词群,
4898,paresse,NOM,B2,4.4791,2,2,0,0,0,4,1,2,1,3,P3_bridge,P3_bridge|P4_confusable|P5_b2c1_synset,0,按义项梳理，为不同义项各连接对应词群,迟钝
4899,saut,NOM,B2,4.4725,2,0,2,0,0,9,1,3,2,3,P3_bridge,P3_bridge|P4_confusable,0,按义项梳理，为不同义项各连接对应词群,停顿
4900,cortège,NOM,B2,4.4615,2,0,2,0,0,4,1,0,2,1,P3_bridge,P3_bridge|P4_confusable,0,按义项梳理，为不同义项各连接对应词群,车队
4901,grossier,ADJ,B2,4.4409,2,0,1,1,0,6,1,3,3,3,P3_bridge,P3_bridge|P4_confusable,0,按义项梳理，为不同义项各连接对应词群,下流；不敬
4902,triompher,VER,B2,4.3575,2,2,0,0,0,8,1,1,2,2,P3_bridge,P3_bridge|P4_confusable|P5_b2c1_synset,0,按义项梳理，为不同义项各连接对应词群,得胜
4903,tube,NOM,B1,4.3431,2,0,1,1,0,12,1,0,2,0,P3_bridge,P3_bridge|P4_confusable,0,按义项梳理，为不同义项各连接对应词群,管子
4904,fatal,ADJ,B1,4.3383,2,1,1,0,0,6,1,1,2,1,P3_bridge,P3_bridge|P4_confusable,0,按义项梳理，为不同义项各连接对应词群,致命
4905,fermier,NOM,B2,4.3298,2,1,1,0,0,4,1,1,0,0,P3_bridge,P3_bridge,0,按义项梳理，为不同义项各连接对应词群,农民
4906,repérer,VER,B2,4.3142,2,2,0,0,0,4,1,1,3,1,P3_bridge,P3_bridge|P4_confusable|P5_b2c1_synset,0,按义项梳理，为不同义项各连接对应词群,定位；定向
4907,superficiel,ADJ,B2,4.2641,2,1,0,1,0,4,1,1,2,2,P3_bridge,P3_bridge|P4_confusable,0,按义项梳理，为不同义项各连接对应词群,半桶水；浅薄
4908,drogue,NOM,B2,4.2526,2,1,1,0,0,12,1,1,3,1,P3_bridge,P3_bridge|P4_confusable,0,按义项梳理，为不同义项各连接对应词群,嗨药；毒品
4909,chronique,NOM,B2,4.2457,2,1,1,0,0,4,1,0,3,2,P3_bridge,P3_bridge|P4_confusable,0,按义项梳理，为不同义项各连接对应词群,专栏；慢性
4910,comptoir,NOM,B2,4.2386,2,1,1,0,0,6,1,1,0,3,P3_bridge,P3_bridge|P4_confusable,0,按义项梳理，为不同义项各连接对应词群,拦柜；柜台
4911,affiner,VER,B2,4.2342,2,1,1,0,0,12,1,1,3,3,P3_bridge,P3_bridge|P4_confusable,0,按义项梳理，为不同义项各连接对应词群,炼制；砥砺
4912,prestation,NOM,B2,4.2288,2,2,0,0,0,6,1,1,2,3,P3_bridge,P3_bridge|P4_confusable|P5_b2c1_synset,0,按义项梳理，为不同义项各连接对应词群,
4913,perpétuel,ADJ,B2,4.1942,2,1,1,0,0,7,1,0,1,1,P3_bridge,P3_bridge|P4_confusable,0,按义项梳理，为不同义项各连接对应词群,永久；永恒
4914,élémentaire,ADJ,B2,4.171,2,0,2,0,0,4,1,1,0,1,P3_bridge,P3_bridge|P4_confusable,0,按义项梳理，为不同义项各连接对应词群,低级；初步
4915,vedette,NOM,B2,4.154,2,0,2,0,0,9,1,0,3,1,P3_bridge,P3_bridge|P4_confusable,0,按义项梳理，为不同义项各连接对应词群,明星
4916,phase,NOM,B2,4.1508,2,0,2,0,0,8,1,0,0,2,P3_bridge,P3_bridge|P4_confusable,0,按义项梳理，为不同义项各连接对应词群,相位；过程
4917,coffre,NOM,B2,4.117,2,2,0,0,0,8,1,2,3,2,P3_bridge,P3_bridge|P4_confusable|P5_b2c1_synset,0,按义项梳理，为不同义项各连接对应词群,保险柜；柜子
4918,exploit,NOM,B2,4.103,2,1,1,0,0,5,1,2,2,2,P3_bridge,P3_bridge|P4_confusable,0,按义项梳理，为不同义项各连接对应词群,业绩；事迹
4919,faillir,VER,B1,4.0506,2,2,0,0,0,9,1,4,3,3,P3_bridge,P3_bridge|P4_confusable,0,按义项梳理，为不同义项各连接对应词群,差点儿
4920,opposition,NOM,B1,4.0425,2,1,1,0,0,6,1,1,2,1,P3_bridge,P3_bridge|P4_confusable,0,按义项梳理，为不同义项各连接对应词群,二话；反对派
4921,freiner,VER,B2,4.0366,2,1,0,1,0,4,1,1,3,3,P3_bridge,P3_bridge|P4_confusable,0,按义项梳理，为不同义项各连接对应词群,刹车
4922,règlement,NOM,B2,4.0343,2,1,0,1,0,11,1,1,3,2,P3_bridge,P3_bridge|P4_confusable,0,按义项梳理，为不同义项各连接对应词群,守则；章程
4923,revivre,VER,B1,3.9851,2,1,0,1,0,6,1,4,1,1,P3_bridge,P3_bridge|P4_confusable,0,按义项梳理，为不同义项各连接对应词群,复活；复苏
4924,acceptation,NOM,B2,3.9671,2,1,0,1,0,4,1,1,3,3,P3_bridge,P3_bridge|P4_confusable,0,按义项梳理，为不同义项各连接对应词群,
4925,revêtir,VER,B2,3.9042,2,2,0,0,0,9,1,1,3,1,P3_bridge,P3_bridge|P4_confusable|P5_b2c1_synset,0,按义项梳理，为不同义项各连接对应词群,穿上；配戴
4926,interruption,NOM,B2,3.9038,2,1,0,1,0,4,1,1,3,3,P3_bridge,P3_bridge|P4_confusable,0,按义项梳理，为不同义项各连接对应词群,中断；插话
4927,confiner,VER,B2,3.9025,2,1,1,0,0,4,1,1,2,1,P3_bridge,P3_bridge|P4_confusable,0,按义项梳理，为不同义项各连接对应词群,幽禁；禁锢
4928,piano,NOM,B2,3.8763,2,2,0,0,0,6,1,1,2,2,P3_bridge,P3_bridge|P4_confusable|P5_b2c1_synset,0,按义项梳理，为不同义项各连接对应词群,钢琴
4929,cote,NOM,B2,3.8009,2,1,1,0,0,12,1,2,3,1,P3_bridge,P3_bridge|P4_confusable,0,按义项梳理，为不同义项各连接对应词群,记号
4930,piloter,VER,B2,3.7727,2,2,0,0,0,5,1,1,2,3,P3_bridge,P3_bridge|P4_confusable|P5_b2c1_synset,0,按义项梳理，为不同义项各连接对应词群,带路；领航
4931,supérieur,NOM,B1,3.7622,2,0,2,0,0,4,1,1,2,0,P3_bridge,P3_bridge|P4_confusable,0,按义项梳理，为不同义项各连接对应词群,上司；上官
4932,coupure,NOM,B2,3.7229,2,0,2,0,0,11,1,1,0,2,P3_bridge,P3_bridge|P4_confusable,0,按义项梳理，为不同义项各连接对应词群,创口；口子
4933,abus,NOM,B2,3.6921,2,2,0,0,0,4,1,2,3,1,P3_bridge,P3_bridge|P4_confusable|P5_b2c1_synset,0,按义项梳理，为不同义项各连接对应词群,不公；弊病
4934,réciproque,ADJ,B2,3.6419,2,1,1,0,0,5,1,0,2,2,P3_bridge,P3_bridge|P4_confusable,0,按义项梳理，为不同义项各连接对应词群,互相；相互
4935,débrouiller,VER,B1,3.6256,2,2,0,0,0,5,1,1,3,2,P3_bridge,P3_bridge|P4_confusable,0,按义项梳理，为不同义项各连接对应词群,
4936,conservateur,NOM,B1,3.6236,2,0,1,1,0,8,1,1,2,3,P3_bridge,P3_bridge|P4_confusable,0,按义项梳理，为不同义项各连接对应词群,保守；馆长
4937,voyant,NOM,B2,3.6232,2,0,2,0,0,4,1,1,3,1,P3_bridge,P3_bridge|P4_confusable,0,按义项梳理，为不同义项各连接对应词群,刺目；打眼
4938,exode,NOM,B2,3.6196,2,0,2,0,0,4,1,0,1,1,P3_bridge,P3_bridge|P4_confusable,0,按义项梳理，为不同义项各连接对应词群,
4939,devise,NOM,B2,3.6189,2,1,1,0,0,8,1,1,3,3,P3_bridge,P3_bridge|P4_confusable,0,按义项梳理，为不同义项各连接对应词群,外币；座右铭
4940,résonner,VER,B2,3.6148,2,1,1,0,0,4,1,1,1,2,P3_bridge,P3_bridge|P4_confusable,0,按义项梳理，为不同义项各连接对应词群,响彻；响遍
4941,carrément,ADV,B2,3.5825,2,0,2,0,0,5,1,1,3,3,P3_bridge,P3_bridge|P4_confusable,0,按义项梳理，为不同义项各连接对应词群,干脆；径直
4942,raisonner,VER,B2,3.5757,2,2,0,0,0,7,1,1,3,2,P3_bridge,P3_bridge|P4_confusable|P5_b2c1_synset,0,按义项梳理，为不同义项各连接对应词群,开导
4943,batterie,NOM,B1,3.568,2,0,2,0,0,19,1,1,1,2,P3_bridge,P3_bridge|P4_confusable,0,按义项梳理，为不同义项各连接对应词群,一套；炮台
4944,vouer,VER,B2,3.5635,2,1,1,0,0,6,1,1,3,1,P3_bridge,P3_bridge|P4_confusable,0,按义项梳理，为不同义项各连接对应词群,抱有；许下
4945,renchérir,VER,B2,3.5424,2,0,1,1,0,4,1,1,2,1,P3_bridge,P3_bridge|P4_confusable,0,按义项梳理，为不同义项各连接对应词群,
4946,confus,ADJ,B2,3.5158,2,0,2,0,0,5,1,1,2,1,P3_bridge,P3_bridge|P4_confusable,0,按义项梳理，为不同义项各连接对应词群,不好意思；不安
4947,suppression,NOM,B2,3.5137,2,1,1,0,0,4,1,1,2,2,P3_bridge,P3_bridge|P4_confusable,0,按义项梳理，为不同义项各连接对应词群,抑止
4948,épaisseur,NOM,B2,3.5051,2,1,1,0,0,8,1,1,1,0,P3_bridge,P3_bridge|P4_confusable,0,按义项梳理，为不同义项各连接对应词群,厚度；迟钝
4949,détourner,VER,B2,3.4982,2,1,1,0,0,9,1,1,1,1,P3_bridge,P3_bridge|P4_confusable,0,按义项梳理，为不同义项各连接对应词群,劫持；吞没
4950,attraction,NOM,B2,3.4905,2,2,0,0,0,5,1,1,2,3,P3_bridge,P3_bridge|P4_confusable|P5_b2c1_synset,0,按义项梳理，为不同义项各连接对应词群,名堂；吸力
4951,sonnerie,NOM,B2,3.477,2,0,2,0,0,4,1,1,2,2,P3_bridge,P3_bridge|P4_confusable,0,按义项梳理，为不同义项各连接对应词群,铃声
4952,domination,NOM,B2,3.4739,2,1,1,0,0,5,1,1,3,3,P3_bridge,P3_bridge|P4_confusable,0,按义项梳理，为不同义项各连接对应词群,
4953,planétaire,ADJ,B2,3.4716,2,1,1,0,0,4,1,1,2,2,P3_bridge,P3_bridge|P4_confusable,0,按义项梳理，为不同义项各连接对应词群,
4954,cru,NOM,B2,3.4483,2,2,0,0,0,10,1,1,3,3,P3_bridge,P3_bridge|P4_confusable|P5_b2c1_synset,0,按义项梳理，为不同义项各连接对应词群,产区；粗陋
4955,section,NOM,B1,3.4115,2,0,2,0,0,9,1,0,2,3,P3_bridge,P3_bridge|P4_confusable,0,按义项梳理，为不同义项各连接对应词群,分段；截面
4956,fraîcheur,NOM,B1,3.4052,2,1,0,1,0,8,1,1,1,2,P3_bridge,P3_bridge|P4_confusable,0,按义项梳理，为不同义项各连接对应词群,
4957,lavabo,NOM,B1,3.3642,2,1,1,0,0,5,1,0,0,1,P3_bridge,P3_bridge|P4_confusable,0,按义项梳理，为不同义项各连接对应词群,水池；水箱
4958,contagieux,ADJ,B1,3.2948,2,1,1,0,0,4,1,1,1,1,P3_bridge,P3_bridge|P4_confusable,0,按义项梳理，为不同义项各连接对应词群,传染
4959,maquillage,NOM,B2,3.2565,2,1,1,0,0,4,1,1,2,2,P3_bridge,P3_bridge|P4_confusable,0,按义项梳理，为不同义项各连接对应词群,化妆；妆容
4960,infection,NOM,B2,3.2548,2,2,0,0,0,4,1,1,3,3,P3_bridge,P3_bridge|P4_confusable|P5_b2c1_synset,0,按义项梳理，为不同义项各连接对应词群,感染
4961,atomique,ADJ,B2,3.222,2,1,1,0,0,4,1,1,3,2,P3_bridge,P3_bridge|P4_confusable,0,按义项梳理，为不同义项各连接对应词群,
4962,galoper,VER,B2,3.2142,2,2,0,0,0,7,1,1,1,1,P3_bridge,P3_bridge|P4_confusable|P5_b2c1_synset,0,按义项梳理，为不同义项各连接对应词群,奔驰；疾驰
4963,amplifier,VER,B2,3.2125,2,2,0,0,0,4,1,1,3,3,P3_bridge,P3_bridge|P4_confusable|P5_b2c1_synset,0,按义项梳理，为不同义项各连接对应词群,增大；扩大
4964,refroidir,VER,B2,3.1548,2,1,0,1,0,5,1,2,1,2,P3_bridge,P3_bridge|P4_confusable,0,按义项梳理，为不同义项各连接对应词群,冷却
4965,bohémien,NOM,B1,3.1241,2,1,1,0,0,5,1,1,2,1,P3_bridge,P3_bridge|P4_confusable,0,按义项梳理，为不同义项各连接对应词群,
4966,accoucher,VER,B2,3.1086,2,1,1,0,0,5,1,1,3,2,P3_bridge,P3_bridge|P4_confusable,0,按义项梳理，为不同义项各连接对应词群,生孩子
4967,qualification,NOM,B2,3.1039,2,1,1,0,0,5,1,1,2,3,P3_bridge,P3_bridge|P4_confusable,0,按义项梳理，为不同义项各连接对应词群,技能；资格
4968,exalter,VER,B2,3.0693,2,1,1,0,0,5,1,1,1,2,P3_bridge,P3_bridge|P4_confusable,0,按义项梳理，为不同义项各连接对应词群,夸奖；振奋
4969,songe,NOM,B1,3.0583,2,1,0,1,0,7,1,1,2,2,P3_bridge,P3_bridge|P4_confusable,0,按义项梳理，为不同义项各连接对应词群,好梦；梦境
4970,fabrique,NOM,B2,3.0567,2,1,1,0,0,6,1,1,3,3,P3_bridge,P3_bridge|P4_confusable,0,按义项梳理，为不同义项各连接对应词群,厂
4971,principal,NOM,B2,3.0458,2,1,1,0,0,5,1,0,3,3,P3_bridge,P3_bridge|P4_confusable,0,按义项梳理，为不同义项各连接对应词群,主导；主干
4972,basilique,NOM,B2,3.0439,2,0,2,0,0,4,1,0,1,0,P3_bridge,P3_bridge|P4_confusable,0,按义项梳理，为不同义项各连接对应词群,大教堂；大殿
4973,emballage,NOM,B2,3.0317,2,1,1,0,0,6,1,2,2,2,P3_bridge,P3_bridge|P4_confusable,0,按义项梳理，为不同义项各连接对应词群,包装；外包装
4974,bobo,NOM,B2,3.0293,2,0,2,0,0,4,1,0,1,3,P3_bridge,P3_bridge|P4_confusable,0,按义项梳理，为不同义项各连接对应词群,
4975,remise,NOM,B2,3.0132,2,1,1,0,0,16,1,1,2,2,P3_bridge,P3_bridge|P4_confusable,0,按义项梳理，为不同义项各连接对应词群,减免；折扣
4976,indication,NOM,B1,3.0079,2,1,1,0,0,4,1,1,3,3,P3_bridge,P3_bridge|P4_confusable,0,按义项梳理，为不同义项各连接对应词群,主治；温馨提示
4977,expédition,NOM,B2,2.9867,2,1,1,0,0,7,1,1,1,3,P3_bridge,P3_bridge|P4_confusable,0,按义项梳理，为不同义项各连接对应词群,出货；发送
4978,gentilhomme,NOM,B2,2.9848,2,0,2,0,0,5,1,1,0,1,P3_bridge,P3_bridge|P4_confusable,0,按义项梳理，为不同义项各连接对应词群,君子；男士
4979,berge,NOM,B2,2.9452,2,0,2,0,0,5,1,0,3,3,P3_bridge,P3_bridge|P4_confusable,0,按义项梳理，为不同义项各连接对应词群,江畔
4980,truc,NOM,B2,2.8996,2,0,2,0,0,5,1,0,0,0,P3_bridge,P3_bridge,0,按义项梳理，为不同义项各连接对应词群,东西；手脚
4981,présidence,NOM,B1,2.851,2,2,0,0,0,5,1,2,3,3,P3_bridge,P3_bridge|P4_confusable,0,按义项梳理，为不同义项各连接对应词群,
4982,gymnastique,NOM,B2,2.8508,2,1,1,0,0,4,1,1,1,1,P3_bridge,P3_bridge|P4_confusable,0,按义项梳理，为不同义项各连接对应词群,体操；健美操
4983,globe,NOM,B2,2.8503,2,1,1,0,0,10,1,2,3,0,P3_bridge,P3_bridge|P4_confusable,0,按义项梳理，为不同义项各连接对应词群,圆球；地球
4984,chauffage,NOM,B2,2.8487,2,1,0,1,0,4,1,1,0,2,P3_bridge,P3_bridge|P4_confusable,0,按义项梳理，为不同义项各连接对应词群,供暖；加温
4985,mathématique,ADJ,B2,2.8094,2,1,0,1,0,6,1,1,3,3,P3_bridge,P3_bridge|P4_confusable,0,按义项梳理，为不同义项各连接对应词群,
4986,déshonorer,VER,B2,2.8086,2,1,0,1,0,4,1,3,3,2,P3_bridge,P3_bridge|P4_confusable,0,按义项梳理，为不同义项各连接对应词群,玷辱
4987,carré,ADJ,B2,2.8083,2,2,0,0,0,7,1,1,3,3,P3_bridge,P3_bridge|P4_confusable|P5_b2c1_synset,0,按义项梳理，为不同义项各连接对应词群,四方；四条
4988,gouffre,NOM,B2,2.8074,2,1,1,0,0,8,1,1,1,2,P3_bridge,P3_bridge|P4_confusable,0,按义项梳理，为不同义项各连接对应词群,天坑；深渊
4989,réviser,VER,B2,2.785,2,1,1,0,0,6,1,1,2,3,P3_bridge,P3_bridge|P4_confusable,0,按义项梳理，为不同义项各连接对应词群,修改；修正
4990,malicieux,ADJ,B2,2.7534,2,1,1,0,0,4,1,1,3,2,P3_bridge,P3_bridge|P4_confusable,0,按义项梳理，为不同义项各连接对应词群,狡黠；调皮
4991,dépouiller,VER,B2,2.7138,2,1,1,0,0,11,1,1,1,1,P3_bridge,P3_bridge|P4_confusable,0,按义项梳理，为不同义项各连接对应词群,去除；抢劫
4992,glacé,ADJ,B2,2.7122,2,1,1,0,0,8,1,1,3,3,P3_bridge,P3_bridge|P4_confusable,0,按义项梳理，为不同义项各连接对应词群,
4993,esclavage,NOM,B2,2.6679,2,1,0,1,0,4,1,1,2,2,P3_bridge,P3_bridge|P4_confusable,0,按义项梳理，为不同义项各连接对应词群,奴婢
4994,ego,NOM,B2,2.6397,2,1,1,0,0,4,1,0,3,1,P3_bridge,P3_bridge|P4_confusable,0,按义项梳理，为不同义项各连接对应词群,
4995,insensible,ADJ,B2,2.6362,2,0,1,1,0,4,1,1,3,2,P3_bridge,P3_bridge|P4_confusable,0,按义项梳理，为不同义项各连接对应词群,不解风情；寡情
4996,décret,NOM,B2,2.6165,2,1,1,0,0,11,1,1,2,2,P3_bridge,P3_bridge|P4_confusable,0,按义项梳理，为不同义项各连接对应词群,功令；法令
4997,consensus,NOM,B2,2.5857,2,0,1,1,0,4,1,1,2,1,P3_bridge,P3_bridge|P4_confusable,0,按义项梳理，为不同义项各连接对应词群,共识
4998,siéger,VER,B2,2.5663,2,2,0,0,0,5,1,1,3,3,P3_bridge,P3_bridge|P4_confusable|P5_b2c1_synset,0,按义项梳理，为不同义项各连接对应词群,设在
4999,flux,NOM,B2,2.557,2,0,2,0,0,7,1,9,1,1,P3_bridge,P3_bridge|P4_confusable,0,按义项梳理，为不同义项各连接对应词群,流向；流程
5000,camper,VER,B1,2.552,2,2,0,0,0,13,1,1,3,2,P3_bridge,P3_bridge|P4_confusable,0,按义项梳理，为不同义项各连接对应词群,塑造；宿营
5001,guise,NOM,B2,2.5393,2,0,2,0,0,4,1,1,1,0,P3_bridge,P3_bridge|P4_confusable,0,按义项梳理，为不同义项各连接对应词群,
5002,muraille,NOM,B2,2.5362,2,0,2,0,0,18,1,1,2,2,P3_bridge,P3_bridge|P4_confusable,0,按义项梳理，为不同义项各连接对应词群,城墙
5003,prétention,NOM,B2,2.5259,2,1,1,0,0,4,1,1,3,2,P3_bridge,P3_bridge|P4_confusable,0,按义项梳理，为不同义项各连接对应词群,
5004,légèreté,NOM,B2,2.5176,2,1,0,1,0,7,1,1,2,1,P3_bridge,P3_bridge|P4_confusable,0,按义项梳理，为不同义项各连接对应词群,
5005,surveillant,NOM,B2,2.5176,2,0,2,0,0,4,1,1,2,2,P3_bridge,P3_bridge|P4_confusable,0,按义项梳理，为不同义项各连接对应词群,督办
5006,questionner,VER,B2,2.5171,2,1,1,0,0,4,1,1,2,3,P3_bridge,P3_bridge|P4_confusable,0,按义项梳理，为不同义项各连接对应词群,审问
5007,résident,NOM,B2,2.4703,2,1,1,0,0,4,1,1,3,3,P3_bridge,P3_bridge|P4_confusable,0,按义项梳理，为不同义项各连接对应词群,居民；常驻
5008,chandelle,NOM,B2,2.4516,2,1,1,0,0,20,1,1,1,0,P3_bridge,P3_bridge|P4_confusable,0,按义项梳理，为不同义项各连接对应词群,蜡烛
5009,dépression,NOM,B2,2.4445,2,1,1,0,0,8,1,1,1,3,P3_bridge,P3_bridge|P4_confusable,0,按义项梳理，为不同义项各连接对应词群,不景气；低迷
5010,ordonnance,NOM,B1,2.4413,2,1,1,0,0,12,1,1,2,1,P3_bridge,P3_bridge|P4_confusable,0,按义项梳理，为不同义项各连接对应词群,处方；法令
5011,tempête,NOM,B1,2.439,2,0,2,0,0,5,1,0,3,1,P3_bridge,P3_bridge|P4_confusable,0,按义项梳理，为不同义项各连接对应词群,暴风雨；雷雨
5012,réservoir,NOM,B2,2.427,2,0,2,0,0,6,1,1,0,2,P3_bridge,P3_bridge|P4_confusable,0,按义项梳理，为不同义项各连接对应词群,水库；水池
5013,tapage,NOM,B2,2.4265,2,1,1,0,0,4,1,1,1,1,P3_bridge,P3_bridge|P4_confusable,0,按义项梳理，为不同义项各连接对应词群,花哨
5014,méchanceté,NOM,B2,2.4222,2,1,1,0,0,4,1,2,2,2,P3_bridge,P3_bridge|P4_confusable,0,按义项梳理，为不同义项各连接对应词群,
5015,solennel,ADJ,B1,2.4184,2,1,1,0,0,4,1,1,1,1,P3_bridge,P3_bridge|P4_confusable,0,按义项梳理，为不同义项各连接对应词群,严正；严肃
5016,teinte,NOM,B2,2.409,2,1,1,0,0,4,1,1,3,3,P3_bridge,P3_bridge|P4_confusable,0,按义项梳理，为不同义项各连接对应词群,染发；色彩
5017,éventail,NOM,B2,2.3902,2,0,2,0,0,5,1,3,2,0,P3_bridge,P3_bridge|P4_confusable,0,按义项梳理，为不同义项各连接对应词群,扇子
5018,reconduire,VER,B1,2.3887,2,1,1,0,0,4,1,1,3,3,P3_bridge,P3_bridge|P4_confusable,0,按义项梳理，为不同义项各连接对应词群,送
5019,humble,ADJ,B2,2.3718,2,0,1,1,0,7,1,0,0,3,P3_bridge,P3_bridge|P4_confusable,0,按义项梳理，为不同义项各连接对应词群,低三下四；低下
5020,humiliation,NOM,B2,2.3648,2,1,1,0,0,4,1,1,2,3,P3_bridge,P3_bridge|P4_confusable,0,按义项梳理，为不同义项各连接对应词群,屈辱；羞辱
5021,redresser,VER,B2,2.3061,2,0,0,2,0,8,1,1,0,2,P3_bridge,P3_bridge|P4_confusable,0,按义项梳理，为不同义项各连接对应词群,伸直；匡正
5022,contracter,VER,B2,2.2967,2,2,0,0,0,7,1,1,2,2,P3_bridge,P3_bridge|P4_confusable|P5_b2c1_synset,0,按义项梳理，为不同义项各连接对应词群,患有；缔结
5023,grossir,VER,B1,2.2838,2,1,0,1,0,6,1,3,3,3,P3_bridge,P3_bridge|P4_confusable,0,按义项梳理，为不同义项各连接对应词群,上膘
5024,matériel,NOM,B1,2.2771,2,0,1,1,0,5,1,2,3,3,P3_bridge,P3_bridge|P4_confusable,0,按义项梳理，为不同义项各连接对应词群,物质；用具
5025,gîte,NOM,B1,2.2481,2,0,2,0,0,7,1,1,2,1,P3_bridge,P3_bridge|P4_confusable,0,按义项梳理，为不同义项各连接对应词群,
5026,honorer,VER,B2,2.2331,2,1,0,1,0,8,1,1,3,2,P3_bridge,P3_bridge|P4_confusable,0,按义项梳理，为不同义项各连接对应词群,尊崇；尊敬
5027,placement,NOM,B2,2.2301,2,1,1,0,0,4,1,1,3,3,P3_bridge,P3_bridge|P4_confusable,0,按义项梳理，为不同义项各连接对应词群,
5028,perception,NOM,B2,2.2285,2,1,1,0,0,6,1,1,1,0,P3_bridge,P3_bridge|P4_confusable,0,按义项梳理，为不同义项各连接对应词群,感受；感知
5029,avant-garde,NOM,B2,2.2273,2,1,0,1,0,4,1,1,1,2,P3_bridge,P3_bridge|P4_confusable,0,按义项梳理，为不同义项各连接对应词群,先锋；前卫
5030,vertical,ADJ,B2,2.2104,2,1,0,1,0,4,1,0,1,2,P3_bridge,P3_bridge|P4_confusable,0,按义项梳理，为不同义项各连接对应词群,垂直；立式
5031,accession,NOM,B2,2.2078,2,1,1,0,0,5,1,1,3,2,P3_bridge,P3_bridge|P4_confusable,0,按义项梳理，为不同义项各连接对应词群,
5032,saint,NOM,B2,2.1999,2,1,1,0,0,4,1,0,3,3,P3_bridge,P3_bridge|P4_confusable,0,按义项梳理，为不同义项各连接对应词群,圣人；圣者
5033,procession,NOM,B2,2.1941,2,1,1,0,0,4,1,1,2,3,P3_bridge,P3_bridge|P4_confusable,0,按义项梳理，为不同义项各连接对应词群,
5034,relâcher,VER,B2,2.1936,2,2,0,0,0,10,1,1,2,2,P3_bridge,P3_bridge|P4_confusable|P5_b2c1_synset,0,按义项梳理，为不同义项各连接对应词群,减压；推出
5035,contamination,NOM,B2,2.1926,2,1,1,0,0,7,1,1,2,1,P3_bridge,P3_bridge|P4_confusable,0,按义项梳理，为不同义项各连接对应词群,污染；沾染
5036,armure,NOM,B1,2.1582,2,1,1,0,0,6,1,1,0,0,P3_bridge,P3_bridge,0,按义项梳理，为不同义项各连接对应词群,战袍；盔甲
5037,éternité,NOM,B1,2.1577,2,0,2,0,0,6,1,1,3,3,P3_bridge,P3_bridge|P4_confusable,0,按义项梳理，为不同义项各连接对应词群,万世；永恒
5038,proprement,ADV,B2,2.1546,2,1,1,0,0,6,1,1,2,2,P3_bridge,P3_bridge|P4_confusable,0,按义项梳理，为不同义项各连接对应词群,
5039,déduction,NOM,B2,2.1474,2,1,1,0,0,4,1,1,3,2,P3_bridge,P3_bridge|P4_confusable,0,按义项梳理，为不同义项各连接对应词群,减去；推论
5040,républicain,ADJ,B1,2.1402,2,0,1,1,0,4,1,1,1,1,P3_bridge,P3_bridge|P4_confusable,0,按义项梳理，为不同义项各连接对应词群,
5041,forger,VER,B2,2.1315,2,2,0,0,0,4,1,2,3,2,P3_bridge,P3_bridge|P4_confusable|P5_b2c1_synset,0,按义项梳理，为不同义项各连接对应词群,打造；锻造
5042,embraser,VER,B2,2.1258,2,1,1,0,0,6,1,1,2,2,P3_bridge,P3_bridge|P4_confusable,0,按义项梳理，为不同义项各连接对应词群,燎
5043,moule,NOM,B2,2.079,2,0,2,0,0,14,1,0,2,1,P3_bridge,P3_bridge|P4_confusable,0,按义项梳理，为不同义项各连接对应词群,模具；模型
5044,congrès,NOM,B2,2.0259,2,0,2,0,0,8,1,0,1,1,P3_bridge,P3_bridge|P4_confusable,0,按义项梳理，为不同义项各连接对应词群,国会；大会
5045,idole,NOM,B2,2.0225,2,0,2,0,0,6,1,0,0,0,P3_bridge,P3_bridge,0,按义项梳理，为不同义项各连接对应词群,偶像；爱豆
5046,irriter,VER,B2,2.0057,2,1,1,0,0,5,1,1,3,3,P3_bridge,P3_bridge|P4_confusable,0,按义项梳理，为不同义项各连接对应词群,刺激；恼人
5047,retraiter,VER,B1,1.992,2,2,0,0,0,4,1,1,3,2,P3_bridge,P3_bridge|P4_confusable,0,按义项梳理，为不同义项各连接对应词群,
5048,requête,NOM,B2,1.9771,2,1,1,0,0,5,1,1,3,2,P3_bridge,P3_bridge|P4_confusable,0,按义项梳理，为不同义项各连接对应词群,申请
5049,fraîchement,ADV,B2,1.963,2,0,2,0,0,4,1,1,2,2,P3_bridge,P3_bridge|P4_confusable,0,按义项梳理，为不同义项各连接对应词群,
5050,alterner,VER,B2,1.9382,2,2,0,0,0,4,1,0,3,3,P3_bridge,P3_bridge|P4_confusable|P5_b2c1_synset,0,按义项梳理，为不同义项各连接对应词群,交替；候补
5051,cuillère,NOM,B2,1.931,2,0,2,0,0,9,1,1,3,3,P3_bridge,P3_bridge|P4_confusable,0,按义项梳理，为不同义项各连接对应词群,勺子
5052,chuter,VER,B2,1.9255,2,1,1,0,0,6,1,1,3,2,P3_bridge,P3_bridge|P4_confusable,0,按义项梳理，为不同义项各连接对应词群,下挫；倒下
5053,légion,NOM,B1,1.9215,2,1,1,0,0,7,1,0,1,0,P3_bridge,P3_bridge|P4_confusable,0,按义项梳理，为不同义项各连接对应词群,
5054,standard,NOM,B1,1.9175,2,0,2,0,0,10,1,0,3,3,P3_bridge,P3_bridge|P4_confusable,0,按义项梳理，为不同义项各连接对应词群,交换机；制式
5055,bouclier,NOM,B1,1.9161,2,1,1,0,0,12,1,1,2,2,P3_bridge,P3_bridge|P4_confusable,0,按义项梳理，为不同义项各连接对应词群,盾牌
5056,résolution,NOM,B2,1.8848,2,1,1,0,0,18,1,1,2,2,P3_bridge,P3_bridge|P4_confusable,0,按义项梳理，为不同义项各连接对应词群,了断；决定
5057,chapitre,NOM,B2,1.8836,2,0,2,0,0,10,1,1,2,0,P3_bridge,P3_bridge|P4_confusable,0,按义项梳理，为不同义项各连接对应词群,桥段；章节
5058,compliment,NOM,B2,1.8802,2,1,1,0,0,6,1,1,2,1,P3_bridge,P3_bridge|P4_confusable,0,按义项梳理，为不同义项各连接对应词群,
5059,poussée,NOM,B2,1.7739,2,1,1,0,0,7,1,1,2,3,P3_bridge,P3_bridge|P4_confusable,0,按义项梳理，为不同义项各连接对应词群,推力
5060,retarder,VER,B2,1.7728,2,1,1,0,0,4,1,1,3,3,P3_bridge,P3_bridge|P4_confusable,0,按义项梳理，为不同义项各连接对应词群,延缓；延迟
5061,jet,NOM,B1,1.7547,2,1,1,0,0,13,1,6,3,1,P3_bridge,P3_bridge|P4_confusable,0,按义项梳理，为不同义项各连接对应词群,喷出；喷射机
5062,bondir,VER,B2,1.7521,2,2,0,0,0,5,1,1,1,1,P3_bridge,P3_bridge|P4_confusable|P5_b2c1_synset,0,按义项梳理，为不同义项各连接对应词群,升腾；弹跳
5063,convivial,ADJ,B2,1.7479,2,2,0,0,0,5,1,1,2,2,P3_bridge,P3_bridge|P4_confusable|P5_b2c1_synset,0,按义项梳理，为不同义项各连接对应词群,人性化
5064,pastille,NOM,B2,1.7219,2,0,2,0,0,8,1,0,1,1,P3_bridge,P3_bridge|P4_confusable,0,按义项梳理，为不同义项各连接对应词群,含片；芯片
5065,offenser,VER,B2,1.6503,2,1,1,0,0,4,1,1,2,1,P3_bridge,P3_bridge|P4_confusable,0,按义项梳理，为不同义项各连接对应词群,冒犯；冲撞
5066,explosif,ADJ,B2,1.5897,2,2,0,0,0,6,1,1,2,2,P3_bridge,P3_bridge|P4_confusable|P5_b2c1_synset,0,按义项梳理，为不同义项各连接对应词群,炸药；爆炸性
5067,relancer,VER,B2,1.5897,2,0,2,0,0,7,1,1,1,1,P3_bridge,P3_bridge|P4_confusable,0,按义项梳理，为不同义项各连接对应词群,
5068,pertinent,ADJ,B2,1.581,2,1,1,0,0,4,1,0,2,3,P3_bridge,P3_bridge|P4_confusable,0,按义项梳理，为不同义项各连接对应词群,中肯；值得知道
5069,infini,NOM,B2,1.5671,2,0,2,0,0,4,1,1,3,3,P3_bridge,P3_bridge|P4_confusable,0,按义项梳理，为不同义项各连接对应词群,无垠；无穷
5070,observateur,NOM,B2,1.5667,2,1,1,0,0,8,1,1,2,2,P3_bridge,P3_bridge|P4_confusable,0,按义项梳理，为不同义项各连接对应词群,旁观者
5071,mâle,ADJ,B2,1.5619,2,0,1,1,0,5,1,0,3,3,P3_bridge,P3_bridge|P4_confusable,0,按义项梳理，为不同义项各连接对应词群,男同胞；雄性
5072,éloignement,NOM,B2,1.5619,2,1,1,0,0,6,1,1,1,1,P3_bridge,P3_bridge|P4_confusable,0,按义项梳理，为不同义项各连接对应词群,远离
5073,pose,NOM,B2,1.5493,2,1,1,0,0,10,1,1,2,1,P3_bridge,P3_bridge|P4_confusable,0,按义项梳理，为不同义项各连接对应词群,暴光；架势
5074,gommer,VER,B2,1.5454,2,1,1,0,0,7,1,1,1,1,P3_bridge,P3_bridge|P4_confusable,0,按义项梳理，为不同义项各连接对应词群,
5075,mirage,NOM,B2,1.5454,2,0,2,0,0,4,1,1,2,3,P3_bridge,P3_bridge|P4_confusable,0,按义项梳理，为不同义项各连接对应词群,海市；海市蜃楼
5076,illégitime,ADJ,B2,1.5432,2,1,0,1,0,5,1,1,3,3,P3_bridge,P3_bridge|P4_confusable,0,按义项梳理，为不同义项各连接对应词群,不正；非法
5077,patrie,NOM,B2,1.5369,2,1,1,0,0,4,1,3,3,3,P3_bridge,P3_bridge|P4_confusable,0,按义项梳理，为不同义项各连接对应词群,国度；故乡
5078,semence,NOM,B2,1.5249,2,0,2,0,0,11,1,3,2,2,P3_bridge,P3_bridge|P4_confusable,0,按义项梳理，为不同义项各连接对应词群,精液
5079,utopie,NOM,B2,1.524,2,0,2,0,0,5,1,0,0,0,P3_bridge,P3_bridge,0,按义项梳理，为不同义项各连接对应词群,奇想；桃花源
5080,briquet,NOM,B2,1.5199,2,1,1,0,0,6,1,1,1,2,P3_bridge,P3_bridge|P4_confusable,0,按义项梳理，为不同义项各连接对应词群,打火机
5081,balancer,VER,B2,1.5191,2,1,1,0,0,15,1,1,2,1,P3_bridge,P3_bridge|P4_confusable,0,按义项梳理，为不同义项各连接对应词群,婆娑；彷徨
5082,stéréotype,NOM,B2,1.5183,2,0,2,0,0,4,1,1,3,0,P3_bridge,P3_bridge|P4_confusable,0,按义项梳理，为不同义项各连接对应词群,框框
5083,creux,ADJ,B2,1.5172,2,2,0,0,0,8,1,2,3,3,P3_bridge,P3_bridge|P4_confusable|P5_b2c1_synset,0,按义项梳理，为不同义项各连接对应词群,中空；低谷
5084,aveugler,VER,B2,1.5154,2,2,0,0,0,8,1,2,3,3,P3_bridge,P3_bridge|P4_confusable|P5_b2c1_synset,0,按义项梳理，为不同义项各连接对应词群,炫
5085,rébellion,NOM,B2,1.5136,2,1,0,1,0,4,1,2,3,0,P3_bridge,P3_bridge|P4_confusable,0,按义项梳理，为不同义项各连接对应词群,叛逆；造反
5086,flot,NOM,B2,1.5115,2,0,2,0,0,9,1,2,3,3,P3_bridge,P3_bridge|P4_confusable,0,按义项梳理，为不同义项各连接对应词群,卷曲；潮水
5087,embarquer,VER,B2,1.5097,2,1,0,1,0,6,1,1,2,3,P3_bridge,P3_bridge|P4_confusable,0,按义项梳理，为不同义项各连接对应词群,上车；乘船
5088,rustique,ADJ,B2,1.5066,2,0,1,1,0,5,1,0,3,1,P3_bridge,P3_bridge|P4_confusable,0,按义项梳理，为不同义项各连接对应词群,乡下人；乡气
5089,saler,VER,B2,1.5056,2,2,0,0,0,4,1,1,3,3,P3_bridge,P3_bridge|P4_confusable|P5_b2c1_synset,0,按义项梳理，为不同义项各连接对应词群,盐
5090,exhibition,NOM,B2,1.5053,2,2,0,0,0,4,1,1,3,3,P3_bridge,P3_bridge|P4_confusable|P5_b2c1_synset,0,按义项梳理，为不同义项各连接对应词群,
5091,manipuler,VER,B2,1.5053,2,2,0,0,0,5,1,1,3,3,P3_bridge,P3_bridge|P4_confusable|P5_b2c1_synset,0,按义项梳理，为不同义项各连接对应词群,摆布；摆弄
5092,autochtone,NOM,B2,1.5036,2,0,1,1,0,6,1,1,2,1,P3_bridge,P3_bridge|P4_confusable,0,按义项梳理，为不同义项各连接对应词群,乡土；土着
5093,excitation,NOM,B2,1.5015,2,1,0,1,0,8,1,1,2,2,P3_bridge,P3_bridge|P4_confusable,0,按义项梳理，为不同义项各连接对应词群,掉举
5094,aisance,NOM,B2,1.4986,2,1,1,0,0,4,1,1,0,1,P3_bridge,P3_bridge|P4_confusable,0,按义项梳理，为不同义项各连接对应词群,
5095,aligner,VER,B2,1.4967,2,2,0,0,0,5,1,1,2,3,P3_bridge,P3_bridge|P4_confusable|P5_b2c1_synset,0,按义项梳理，为不同义项各连接对应词群,加盟；对齐
5096,avancée,NOM,B2,1.493,2,0,1,1,0,5,1,2,0,3,P3_bridge,P3_bridge|P4_confusable,0,按义项梳理，为不同义项各连接对应词群,
5097,mandat,NOM,B2,1.4745,2,1,1,0,0,8,1,1,2,2,P3_bridge,P3_bridge|P4_confusable,0,按义项梳理，为不同义项各连接对应词群,委托书；工作范围
5098,couvert,NOM,B2,1.473,2,0,1,1,0,10,1,1,3,3,P3_bridge,P3_bridge|P4_confusable,0,按义项梳理，为不同义项各连接对应词群,低沉；阴晦
5099,audition,NOM,B2,1.471,2,1,1,0,0,4,1,1,3,1,P3_bridge,P3_bridge|P4_confusable,0,按义项梳理，为不同义项各连接对应词群,劲舞团；听到
5100,formel,ADJ,B2,1.4688,2,1,1,0,0,4,1,1,1,1,P3_bridge,P3_bridge|P4_confusable,0,按义项梳理，为不同义项各连接对应词群,形式上；正式
5101,brosse,NOM,B2,1.4551,2,1,1,0,0,10,1,1,2,2,P3_bridge,P3_bridge|P4_confusable,0,按义项梳理，为不同义项各连接对应词群,刷子
5102,emprunt,NOM,B2,1.454,2,1,1,0,0,5,1,1,1,1,P3_bridge,P3_bridge|P4_confusable,0,按义项梳理，为不同义项各连接对应词群,借款；假借
5103,malice,NOM,B2,1.4452,2,2,0,0,0,6,1,1,1,3,P3_bridge,P3_bridge|P4_confusable|P5_b2c1_synset,0,按义项梳理，为不同义项各连接对应词群,
5104,perfection,NOM,B2,1.4368,2,1,1,0,0,6,1,1,3,1,P3_bridge,P3_bridge|P4_confusable,0,按义项梳理，为不同义项各连接对应词群,理想
5105,sifflement,NOM,B2,1.4301,2,1,1,0,0,5,1,1,2,2,P3_bridge,P3_bridge|P4_confusable,0,按义项梳理，为不同义项各连接对应词群,口哨
5106,natte,NOM,B2,1.4297,2,1,1,0,0,5,1,1,2,3,P3_bridge,P3_bridge|P4_confusable,0,按义项梳理，为不同义项各连接对应词群,芦席；苇席
5107,fusiller,VER,B2,1.429,2,1,1,0,0,7,1,1,3,2,P3_bridge,P3_bridge|P4_confusable,0,按义项梳理，为不同义项各连接对应词群,枪杀
5108,détente,NOM,B2,1.4233,2,1,1,0,0,8,1,1,3,2,P3_bridge,P3_bridge|P4_confusable,0,按义项梳理，为不同义项各连接对应词群,扳机；缓和
5109,contourner,VER,B2,1.4217,2,2,0,0,0,6,1,2,1,2,P3_bridge,P3_bridge|P4_confusable|P5_b2c1_synset,0,按义项梳理，为不同义项各连接对应词群,绕过；规避
5110,classification,NOM,B2,1.4153,2,0,2,0,0,4,1,1,0,3,P3_bridge,P3_bridge|P4_confusable,0,按义项梳理，为不同义项各连接对应词群,类别
5111,ambulant,ADJ,B2,1.4117,2,0,1,1,0,6,1,4,3,3,P3_bridge,P3_bridge|P4_confusable,0,按义项梳理，为不同义项各连接对应词群,
5112,intuition,NOM,B2,1.4063,2,0,0,2,0,4,1,0,0,0,P3_bridge,P3_bridge,0,按义项梳理，为不同义项各连接对应词群,直观；直觉
5113,rareté,NOM,B2,1.4048,2,0,1,1,0,6,1,1,2,2,P3_bridge,P3_bridge|P4_confusable,0,按义项梳理，为不同义项各连接对应词群,异物；瑰宝
5114,étendue,NOM,B2,1.3835,2,1,1,0,0,7,1,1,0,2,P3_bridge,P3_bridge|P4_confusable,0,按义项梳理，为不同义项各连接对应词群,广度；广袤
5115,tabouret,NOM,B2,1.3728,2,1,1,0,0,7,1,1,2,2,P3_bridge,P3_bridge|P4_confusable,0,按义项梳理，为不同义项各连接对应词群,凳子
5116,attache,NOM,B2,1.3533,2,0,2,0,0,9,1,1,3,3,P3_bridge,P3_bridge|P4_confusable,0,按义项梳理，为不同义项各连接对应词群,卡
5117,capture,NOM,B2,1.3526,2,1,1,0,0,6,1,1,1,2,P3_bridge,P3_bridge|P4_confusable,0,按义项梳理，为不同义项各连接对应词群,俘获
5118,réservé,ADJ,B2,1.334,2,0,2,0,0,5,1,1,2,3,P3_bridge,P3_bridge|P4_confusable,0,按义项梳理，为不同义项各连接对应词群,内向；内敛
5119,écrouler,VER,B2,1.3324,2,0,2,0,0,4,1,1,2,2,P3_bridge,P3_bridge|P4_confusable,0,按义项梳理，为不同义项各连接对应词群,倒塌；倾倒
5120,contraction,NOM,B2,1.3243,2,1,0,1,0,6,1,1,2,3,P3_bridge,P3_bridge|P4_confusable,0,按义项梳理，为不同义项各连接对应词群,
5121,confession,NOM,B2,1.3232,2,1,1,0,0,6,1,1,1,2,P3_bridge,P3_bridge|P4_confusable,0,按义项梳理，为不同义项各连接对应词群,供述；告白
5122,fraternité,NOM,B2,1.2813,2,1,1,0,0,5,1,1,3,2,P3_bridge,P3_bridge|P4_confusable,0,按义项梳理，为不同义项各连接对应词群,兄弟会；博爱
5123,graver,VER,B2,1.2159,2,2,0,0,0,6,1,1,3,3,P3_bridge,P3_bridge|P4_confusable|P5_b2c1_synset,0,按义项梳理，为不同义项各连接对应词群,烧录；雕刻
5124,parlementaire,NOM,B2,1.2133,2,1,1,0,0,4,1,2,1,2,P3_bridge,P3_bridge|P4_confusable,0,按义项梳理，为不同义项各连接对应词群,议员
5125,comptable,ADJ,B2,1.1967,2,1,0,1,0,5,1,1,1,3,P3_bridge,P3_bridge|P4_confusable,0,按义项梳理，为不同义项各连接对应词群,会计；会计人员
5126,altération,NOM,B2,1.1943,2,1,1,0,0,9,1,0,3,3,P3_bridge,P3_bridge|P4_confusable,0,按义项梳理，为不同义项各连接对应词群,蚀变；风化
5127,anéantir,VER,B2,1.1838,2,0,2,0,0,6,1,1,2,2,P3_bridge,P3_bridge|P4_confusable,0,按义项梳理，为不同义项各连接对应词群,歼灭；毁灭
5128,dôme,NOM,B2,1.1786,2,0,2,0,0,6,1,0,1,0,P3_bridge,P3_bridge|P4_confusable,0,按义项梳理，为不同义项各连接对应词群,大教堂
5129,récupération,NOM,B2,1.173,2,1,1,0,0,5,1,1,1,1,P3_bridge,P3_bridge|P4_confusable,0,按义项梳理，为不同义项各连接对应词群,中兴
5130,dictature,NOM,B2,1.1602,2,0,1,1,0,4,1,1,0,2,P3_bridge,P3_bridge|P4_confusable,0,按义项梳理，为不同义项各连接对应词群,专制；专政
5131,hâter,VER,B2,1.1476,2,1,1,0,0,4,1,1,1,3,P3_bridge,P3_bridge|P4_confusable,0,按义项梳理，为不同义项各连接对应词群,加快
5132,conditionner,VER,B2,1.1112,2,2,0,0,0,8,1,1,2,3,P3_bridge,P3_bridge|P4_confusable|P5_b2c1_synset,0,按义项梳理，为不同义项各连接对应词群,
5133,révision,NOM,B2,1.1056,2,2,0,0,0,7,1,1,3,3,P3_bridge,P3_bridge|P4_confusable|P5_b2c1_synset,0,按义项梳理，为不同义项各连接对应词群,复习；大修
5134,bonne,NOM,B2,1.1007,2,0,2,0,0,4,1,1,3,1,P3_bridge,P3_bridge|P4_confusable,0,按义项梳理，为不同义项各连接对应词群,保姆；女佣
5135,robinet,NOM,B2,1.0847,2,0,2,0,0,5,1,0,2,1,P3_bridge,P3_bridge|P4_confusable,0,按义项梳理，为不同义项各连接对应词群,放的水；水龙头
5136,noircir,VER,B2,1.0687,2,0,1,1,0,9,1,1,2,2,P3_bridge,P3_bridge|P4_confusable,0,按义项梳理，为不同义项各连接对应词群,黩
5137,actif,NOM,B2,1.0473,2,0,0,2,0,4,1,2,3,3,P3_bridge,P3_bridge|P4_confusable,0,按义项梳理，为不同义项各连接对应词群,从业；劳动人民
5138,ordinaire,NOM,B2,1.0382,2,0,2,0,0,10,1,1,3,1,P3_bridge,P3_bridge|P4_confusable,0,按义项梳理，为不同义项各连接对应词群,一般；中常
5139,stop,NOM,B2,1.0338,2,1,1,0,0,6,1,0,3,1,P3_bridge,P3_bridge|P4_confusable,0,按义项梳理，为不同义项各连接对应词群,站住
5140,luminosité,NOM,B2,1.0174,2,1,1,0,0,4,1,1,2,1,P3_bridge,P3_bridge|P4_confusable,0,按义项梳理，为不同义项各连接对应词群,亮度
5141,rayonner,VER,B2,0.9824,2,2,0,0,0,6,1,1,3,1,P3_bridge,P3_bridge|P4_confusable|P5_b2c1_synset,0,按义项梳理，为不同义项各连接对应词群,发亮；发光
5142,emballer,VER,B2,0.9563,2,1,1,0,0,9,1,1,1,2,P3_bridge,P3_bridge|P4_confusable,0,按义项梳理，为不同义项各连接对应词群,包扎；封装
5143,casse-tête,NOM,B2,0.9362,2,0,2,0,0,9,1,1,2,0,P3_bridge,P3_bridge|P4_confusable,0,按义项梳理，为不同义项各连接对应词群,
5144,décollage,NOM,B2,0.9165,2,1,1,0,0,4,1,1,1,3,P3_bridge,P3_bridge|P4_confusable,0,按义项梳理，为不同义项各连接对应词群,升空
5145,balance,NOM,B2,0.8964,2,1,1,0,0,15,1,1,3,1,P3_bridge,P3_bridge|P4_confusable,0,按义项梳理，为不同义项各连接对应词群,天平；天秤
5146,radical,NOM,B2,0.8585,2,0,2,0,0,10,1,0,2,3,P3_bridge,P3_bridge|P4_confusable,0,按义项梳理，为不同义项各连接对应词群,根本；激进
5147,transfert,NOM,B2,0.8475,2,1,1,0,0,10,1,1,1,2,P3_bridge,P3_bridge|P4_confusable,0,按义项梳理，为不同义项各连接对应词群,中转；传输
5148,sacrifice,NOM,B2,0.8049,2,1,1,0,0,5,1,0,1,1,P3_bridge,P3_bridge|P4_confusable,0,按义项梳理，为不同义项各连接对应词群,牲礼；牺牲
5149,cristalliser,VER,B2,0.7913,2,1,0,1,0,5,1,1,1,2,P3_bridge,P3_bridge|P4_confusable,0,按义项梳理，为不同义项各连接对应词群,凝聚；结晶
5150,requérir,VER,B2,0.7913,2,1,1,0,0,5,1,1,1,3,P3_bridge,P3_bridge|P4_confusable,0,按义项梳理，为不同义项各连接对应词群,要有；需要
5151,session,NOM,B2,0.775,2,0,2,0,0,7,1,0,2,3,P3_bridge,P3_bridge|P4_confusable,0,按义项梳理，为不同义项各连接对应词群,届
5152,enquêteur,NOM,B2,0.7619,2,1,1,0,0,4,1,1,2,1,P3_bridge,P3_bridge|P4_confusable,0,按义项梳理，为不同义项各连接对应词群,侦察员；询问者
5153,borner,VER,B2,0.7262,2,2,0,0,0,7,1,1,2,3,P3_bridge,P3_bridge|P4_confusable|P5_b2c1_synset,0,按义项梳理，为不同义项各连接对应词群,限定
5154,malsain,ADJ,B2,0.7262,2,0,1,1,0,4,1,2,2,0,P3_bridge,P3_bridge|P4_confusable,0,按义项梳理，为不同义项各连接对应词群,
5155,optique,ADJ,B2,0.7202,2,2,0,0,0,4,1,0,3,3,P3_bridge,P3_bridge|P4_confusable|P5_b2c1_synset,0,按义项梳理，为不同义项各连接对应词群,光学
5156,matrice,NOM,B2,0.7118,2,0,2,0,0,17,1,1,3,3,P3_bridge,P3_bridge|P4_confusable,0,按义项梳理，为不同义项各连接对应词群,方阵；模具
5157,abréger,VER,B2,0.7115,2,0,1,1,0,5,1,2,2,0,P3_bridge,P3_bridge|P4_confusable,0,按义项梳理，为不同义项各连接对应词群,缩短
5158,ménager,VER,B2,0.7115,2,0,0,2,0,8,1,3,3,3,P3_bridge,P3_bridge|P4_confusable,0,按义项梳理，为不同义项各连接对应词群,惜；措
5159,restitution,NOM,B2,0.7115,2,1,1,0,0,5,1,1,2,3,P3_bridge,P3_bridge|P4_confusable,0,按义项梳理，为不同义项各连接对应词群,回放；绘图
5160,jetée,NOM,B2,0.7048,2,0,2,0,0,5,1,1,2,3,P3_bridge,P3_bridge|P4_confusable,0,按义项梳理，为不同义项各连接对应词群,埔
5161,aviser,VER,B2,0.7026,2,1,1,0,0,7,1,1,2,3,P3_bridge,P3_bridge|P4_confusable,0,按义项梳理，为不同义项各连接对应词群,关照；发觉
5162,sacoche,NOM,B2,0.7026,2,0,2,0,0,6,1,0,2,1,P3_bridge,P3_bridge|P4_confusable,0,按义项梳理，为不同义项各连接对应词群,夹子；货包
5163,dénicher,VER,B2,0.6965,2,1,1,0,0,7,1,0,2,2,P3_bridge,P3_bridge|P4_confusable,0,按义项梳理，为不同义项各连接对应词群,查获
5164,pantoufle,NOM,B2,0.696,2,0,2,0,0,5,1,0,1,0,P3_bridge,P3_bridge|P4_confusable,0,按义项梳理，为不同义项各连接对应词群,拖鞋；趿拉儿
5165,arguer,VER,B2,0.6893,2,1,1,0,0,6,1,1,3,0,P3_bridge,P3_bridge|P4_confusable,0,按义项梳理，为不同义项各连接对应词群,推论
5166,sonnette,NOM,B2,0.6893,2,0,2,0,0,6,1,1,3,2,P3_bridge,P3_bridge|P4_confusable,0,按义项梳理，为不同义项各连接对应词群,门铃
5167,pique,NOM,B2,0.6891,2,1,1,0,0,8,1,1,3,3,P3_bridge,P3_bridge|P4_confusable,0,按义项梳理，为不同义项各连接对应词群,矛
5168,chargement,NOM,B2,0.6864,2,1,1,0,0,5,1,1,2,2,P3_bridge,P3_bridge|P4_confusable,0,按义项梳理，为不同义项各连接对应词群,上机；上船
5169,souscrire,VER,B2,0.6853,2,0,1,1,0,5,1,1,2,0,P3_bridge,P3_bridge|P4_confusable,0,按义项梳理，为不同义项各连接对应词群,承销；申请
5170,emplir,VER,B2,0.6846,2,0,1,1,0,7,1,2,2,3,P3_bridge,P3_bridge|P4_confusable,0,按义项梳理，为不同义项各连接对应词群,布满
5171,accélérateur,NOM,B2,0.684,2,1,1,0,0,5,1,1,3,3,P3_bridge,P3_bridge|P4_confusable,0,按义项梳理，为不同义项各连接对应词群,加速器；油门
5172,compact,ADJ,B2,0.684,2,0,1,1,0,6,1,0,2,2,P3_bridge,P3_bridge|P4_confusable,0,按义项梳理，为不同义项各连接对应词群,小巧；紧凑
5173,crête,NOM,B2,0.684,2,0,1,1,0,18,1,0,2,0,P3_bridge,P3_bridge|P4_confusable,0,按义项梳理，为不同义项各连接对应词群,埂子；峰顶
5174,optique,NOM,B2,0.684,2,2,0,0,0,4,1,0,3,2,P3_bridge,P3_bridge|P4_confusable|P5_b2c1_synset,0,按义项梳理，为不同义项各连接对应词群,光学
5175,étincelant,ADJ,B2,0.684,2,1,1,0,0,4,1,1,1,1,P3_bridge,P3_bridge|P4_confusable,0,按义项梳理，为不同义项各连接对应词群,亮晶晶；油光
5176,griller,VER,B2,0.6815,2,1,1,0,0,13,1,1,2,2,P3_bridge,P3_bridge|P4_confusable,0,按义项梳理，为不同义项各连接对应词群,烘烤
5177,décaler,VER,B2,0.6811,2,2,0,0,0,6,1,1,3,3,P3_bridge,P3_bridge|P4_confusable|P5_b2c1_synset,0,按义项梳理，为不同义项各连接对应词群,移位
5178,ciseler,VER,B2,0.6763,2,1,1,0,0,6,1,1,1,0,P3_bridge,P3_bridge|P4_confusable,0,按义项梳理，为不同义项各连接对应词群,雕琢
5179,broche,NOM,B2,0.6762,2,0,2,0,0,21,1,0,2,1,P3_bridge,P3_bridge|P4_confusable,0,按义项梳理，为不同义项各连接对应词群,钗
5180,résignation,NOM,B2,0.6734,2,0,2,0,0,4,1,0,2,1,P3_bridge,P3_bridge|P4_confusable,0,按义项梳理，为不同义项各连接对应词群,顺从
5181,retrait,NOM,B2,0.6722,2,1,0,1,0,8,1,1,0,3,P3_bridge,P3_bridge|P4_confusable,0,按义项梳理，为不同义项各连接对应词群,取款；召回
5182,vanité,NOM,B2,0.6722,2,1,1,0,0,7,1,1,3,2,P3_bridge,P3_bridge|P4_confusable,0,按义项梳理，为不同义项各连接对应词群,虚荣；虚荣心
5183,boueux,ADJ,B2,0.6721,2,1,0,1,0,6,1,1,2,2,P3_bridge,P3_bridge|P4_confusable,0,按义项梳理，为不同义项各连接对应词群,泥泞
5184,entasser,VER,B2,0.6701,2,1,1,0,0,7,1,1,2,0,P3_bridge,P3_bridge|P4_confusable,0,按义项梳理，为不同义项各连接对应词群,堆放；堆砌
5185,furie,NOM,B2,0.6697,2,0,2,0,0,13,1,2,2,2,P3_bridge,P3_bridge|P4_confusable,0,按义项梳理，为不同义项各连接对应词群,狂暴
5186,automatique,ADJ,B2,0.6658,2,0,2,0,0,7,1,1,3,3,P3_bridge,P3_bridge|P4_confusable,0,按义项梳理，为不同义项各连接对应词群,自动
5187,correction,NOM,B2,0.6658,2,0,2,0,0,10,1,1,3,2,P3_bridge,P3_bridge|P4_confusable,0,按义项梳理，为不同义项各连接对应词群,修订
5188,commandement,NOM,B2,0.6656,2,1,1,0,0,7,1,1,1,2,P3_bridge,P3_bridge|P4_confusable,0,按义项梳理，为不同义项各连接对应词群,号令；统帅
5189,consciencieusement,ADV,B2,0.6645,2,0,2,0,0,4,1,1,0,1,P3_bridge,P3_bridge|P4_confusable,0,按义项梳理，为不同义项各连接对应词群,一秉虔诚
5190,chinois,NOM,B2,0.6634,2,0,2,0,0,11,1,0,0,0,P3_bridge,P3_bridge,0,按义项梳理，为不同义项各连接对应词群,中文；汉语
5191,aire,NOM,B2,0.6588,2,0,2,0,0,10,1,0,3,3,P3_bridge,P3_bridge|P4_confusable,0,按义项梳理，为不同义项各连接对应词群,场
5192,attribut,NOM,B2,0.6561,2,1,1,0,0,9,1,1,2,2,P3_bridge,P3_bridge|P4_confusable,0,按义项梳理，为不同义项各连接对应词群,宾词
5193,villageois,ADJ,B2,0.6511,2,0,1,1,0,4,1,1,3,2,P3_bridge,P3_bridge|P4_confusable,0,按义项梳理，为不同义项各连接对应词群,村民
5194,consolation,NOM,B2,0.6485,2,1,1,0,0,5,1,1,3,2,P3_bridge,P3_bridge|P4_confusable,0,按义项梳理，为不同义项各连接对应词群,慰藉
5195,charrier,VER,B2,0.6471,2,1,1,0,0,6,1,0,1,2,P3_bridge,P3_bridge|P4_confusable,0,按义项梳理，为不同义项各连接对应词群,吹牛；过分
5196,moral,NOM,B2,0.6471,2,1,1,0,0,4,1,2,3,3,P3_bridge,P3_bridge|P4_confusable,0,按义项梳理，为不同义项各连接对应词群,军心；士气
5197,lisse,ADJ,B2,0.6453,2,0,2,0,0,4,1,0,3,3,P3_bridge,P3_bridge|P4_confusable,0,按义项梳理，为不同义项各连接对应词群,光光；光滑
5198,maudit,ADJ,B2,0.6412,2,1,1,0,0,5,1,2,2,2,P3_bridge,P3_bridge|P4_confusable,0,按义项梳理，为不同义项各连接对应词群,该死
5199,grosseur,NOM,B2,0.6391,2,0,2,0,0,4,1,3,3,3,P3_bridge,P3_bridge|P4_confusable,0,按义项梳理，为不同义项各连接对应词群,个头；粗细
5200,audit,NOM,B2,0.6261,2,1,1,0,0,5,1,1,3,3,P3_bridge,P3_bridge|P4_confusable,0,按义项梳理，为不同义项各连接对应词群,审核；审计
5201,cadet,NOM,B2,0.623,2,0,0,2,0,13,1,0,2,0,P3_bridge,P3_bridge|P4_confusable,0,按义项梳理，为不同义项各连接对应词群,么
5202,cordial,ADJ,B2,0.6202,2,0,1,1,0,7,1,6,2,2,P3_bridge,P3_bridge|P4_confusable,0,按义项梳理，为不同义项各连接对应词群,恳切；深切
5203,intervalle,NOM,B2,0.6191,2,0,1,1,0,5,1,0,0,1,P3_bridge,P3_bridge|P4_confusable,0,按义项梳理，为不同义项各连接对应词群,区间；间距
5204,boucherie,NOM,B2,0.6179,2,1,1,0,0,5,1,0,3,0,P3_bridge,P3_bridge|P4_confusable,0,按义项梳理，为不同义项各连接对应词群,肉贩
5205,pointure,NOM,B2,0.6178,2,1,1,0,0,4,1,2,0,1,P3_bridge,P3_bridge|P4_confusable,0,按义项梳理，为不同义项各连接对应词群,大小；尺码
5206,manifeste,NOM,B2,0.6143,2,1,1,0,0,4,1,1,2,2,P3_bridge,P3_bridge|P4_confusable,0,按义项梳理，为不同义项各连接对应词群,宣言；明显
5207,confident,NOM,B2,0.6128,2,1,1,0,0,4,1,2,2,2,P3_bridge,P3_bridge|P4_confusable,0,按义项梳理，为不同义项各连接对应词群,亲信；密友
5208,étrangeté,NOM,B2,0.6014,2,2,0,0,0,4,1,2,3,0,P3_bridge,P3_bridge|P4_confusable|P5_b2c1_synset,0,按义项梳理，为不同义项各连接对应词群,奇特
5209,aveu,NOM,B2,0.6006,2,1,1,0,0,6,1,1,0,1,P3_bridge,P3_bridge|P4_confusable,0,按义项梳理，为不同义项各连接对应词群,供
5210,machin,NOM,B2,0.5982,2,0,2,0,0,5,1,1,3,0,P3_bridge,P3_bridge|P4_confusable,0,按义项梳理，为不同义项各连接对应词群,东西
5211,impur,ADJ,B2,0.5955,2,1,1,0,0,9,1,0,1,0,P3_bridge,P3_bridge|P4_confusable,0,按义项梳理，为不同义项各连接对应词群,浑浊；混浊
5212,planer,VER,B2,0.5901,2,0,1,1,0,8,1,0,3,3,P3_bridge,P3_bridge|P4_confusable,0,按义项梳理，为不同义项各连接对应词群,翀；翔
5213,béquille,NOM,B2,0.5848,2,0,2,0,0,9,1,0,1,1,P3_bridge,P3_bridge|P4_confusable,0,按义项梳理，为不同义项各连接对应词群,手杖；拐杖
5214,extrême,NOM,B2,0.5848,2,0,1,1,0,4,1,3,3,3,P3_bridge,P3_bridge|P4_confusable,0,按义项梳理，为不同义项各连接对应词群,极度；极端
5215,virage,NOM,B2,0.5848,2,1,1,0,0,6,1,1,3,3,P3_bridge,P3_bridge|P4_confusable,0,按义项梳理，为不同义项各连接对应词群,拐弯
5216,corbeille,NOM,B2,0.5628,2,0,2,0,0,9,1,0,1,1,P3_bridge,P3_bridge|P4_confusable,0,按义项梳理，为不同义项各连接对应词群,篮子
5217,posé,ADJ,B2,0.5513,2,0,2,0,0,6,1,1,3,3,P3_bridge,P3_bridge|P4_confusable,0,按义项梳理，为不同义项各连接对应词群,安静；提提
5218,crapaud,NOM,B2,0.5455,2,0,2,0,0,27,1,0,0,2,P3_bridge,P3_bridge|P4_confusable,0,按义项梳理，为不同义项各连接对应词群,蛤蟆
5219,imperméable,ADJ,B2,0.5397,2,1,1,0,0,4,1,1,1,1,P3_bridge,P3_bridge|P4_confusable,0,按义项梳理，为不同义项各连接对应词群,雨衣
5220,rabattre,VER,B2,0.5215,2,1,1,0,0,19,1,1,2,1,P3_bridge,P3_bridge|P4_confusable,0,按义项梳理，为不同义项各连接对应词群,翻盖
5221,fraise,NOM,B2,0.516,2,0,2,0,0,8,1,0,1,0,P3_bridge,P3_bridge|P4_confusable,0,按义项梳理，为不同义项各连接对应词群,士多啤梨；草莓
5222,brute,NOM,B2,0.4907,2,2,0,0,0,5,1,4,3,3,P3_bridge,P3_bridge|P4_confusable|P5_b2c1_synset,0,按义项梳理，为不同义项各连接对应词群,禽兽
5223,rampe,NOM,B2,0.4907,2,1,1,0,0,7,1,1,2,1,P3_bridge,P3_bridge|P4_confusable,0,按义项梳理，为不同义项各连接对应词群,扶手
5224,baladeur,NOM,B2,0.481,2,1,1,0,0,4,1,1,1,1,P3_bridge,P3_bridge|P4_confusable,0,按义项梳理，为不同义项各连接对应词群,随身听
5225,déployer,VER,C1,0.4293,2,1,1,0,0,4,1,1,2,3,P3_bridge,P3_bridge|P4_confusable,0,按义项梳理，为不同义项各连接对应词群,发扬；发挥
5226,réversible,ADJ,C1,0.4293,2,1,0,1,0,4,1,1,2,1,P3_bridge,P3_bridge|P4_confusable,0,按义项梳理，为不同义项各连接对应词群,可逆性
5227,broyer,VER,C1,0.4016,2,0,2,0,0,6,1,0,1,1,P3_bridge,P3_bridge|P4_confusable,0,按义项梳理，为不同义项各连接对应词群,研磨；破碎
5228,capsule,NOM,C1,0.4015,2,0,2,0,0,16,1,0,0,0,P3_bridge,P3_bridge,0,按义项梳理，为不同义项各连接对应词群,蒴
5229,lunaire,ADJ,C1,0.351,2,1,0,1,0,8,1,1,2,2,P3_bridge,P3_bridge|P4_confusable,0,按义项梳理，为不同义项各连接对应词群,阴
5230,cuvette,NOM,C1,0.3167,2,1,1,0,0,6,1,1,2,1,P3_bridge,P3_bridge|P4_confusable,0,按义项梳理，为不同义项各连接对应词群,脸盆
5231,prescrire,VER,C1,0.2926,2,1,1,0,0,4,1,0,3,3,P3_bridge,P3_bridge|P4_confusable,0,按义项梳理，为不同义项各连接对应词群,规定；配药
5232,assommer,VER,C1,0.2862,2,0,2,0,0,4,1,0,0,3,P3_bridge,P3_bridge|P4_confusable,0,按义项梳理，为不同义项各连接对应词群,打死；撞倒
5233,déluge,NOM,C1,0.2862,2,0,2,0,0,7,1,0,0,0,P3_bridge,P3_bridge,0,按义项梳理，为不同义项各连接对应词群,暴雨；洪水
5234,poireau,NOM,C1,0.2802,2,0,2,0,0,6,1,0,1,2,P3_bridge,P3_bridge|P4_confusable,0,按义项梳理，为不同义项各连接对应词群,韭
5235,absorption,NOM,C1,0.1951,2,1,1,0,0,5,1,1,3,1,P3_bridge,P3_bridge|P4_confusable,0,按义项梳理，为不同义项各连接对应词群,吞并；吸水
5236,miner,VER,C1,0.1951,2,1,0,1,0,7,1,6,3,3,P3_bridge,P3_bridge|P4_confusable,0,按义项梳理，为不同义项各连接对应词群,布雷
5237,strate,NOM,C1,0.1951,2,0,2,0,0,5,1,1,3,3,P3_bridge,P3_bridge|P4_confusable,0,按义项梳理，为不同义项各连接对应词群,地层
5238,cale,NOM,C1,0.1431,2,2,0,0,0,6,1,2,2,1,P3_bridge,P3_bridge|P4_confusable|P5_b2c1_synset,0,按义项梳理，为不同义项各连接对应词群,楔子
5239,exclusif,ADJ,C2,0.1431,2,2,0,0,0,5,1,1,3,3,P3_bridge,P3_bridge|P4_confusable|P5_b2c1_synset,0,按义项梳理，为不同义项各连接对应词群,专属；独享
5240,extirper,VER,C1,0.1431,2,0,1,1,0,7,1,0,1,0,P3_bridge,P3_bridge|P4_confusable,0,按义项梳理，为不同义项各连接对应词群,扫荡；根除
5241,junior,ADJ,C1,0.1431,2,0,0,2,0,5,1,0,3,3,P3_bridge,P3_bridge|P4_confusable,0,按义项梳理，为不同义项各连接对应词群,年少
5242,localisation,NOM,C1,0.1431,2,1,1,0,0,4,1,2,1,1,P3_bridge,P3_bridge|P4_confusable,0,按义项梳理，为不同义项各连接对应词群,国产化；外景
5243,mouillage,NOM,C1,0.1431,2,1,1,0,0,5,1,2,3,2,P3_bridge,P3_bridge|P4_confusable,0,按义项梳理，为不同义项各连接对应词群,浸润
5244,tige,NOM,C1,0.1431,2,0,2,0,0,14,1,0,3,2,P3_bridge,P3_bridge|P4_confusable,0,按义项梳理，为不同义项各连接对应词群,本；柄
5245,intitulé,NOM,C1,0.1315,2,1,1,0,0,4,1,2,3,3,P3_bridge,P3_bridge|P4_confusable,0,按义项梳理，为不同义项各连接对应词群,头衔
5246,sonde,NOM,C1,0.1315,2,0,2,0,0,10,1,2,2,3,P3_bridge,P3_bridge|P4_confusable,0,按义项梳理，为不同义项各连接对应词群,探子；探测器
5247,souveraineté,NOM,C1,0.1304,2,1,1,0,0,5,1,1,2,1,P3_bridge,P3_bridge|P4_confusable,0,按义项梳理，为不同义项各连接对应词群,主权；王权
5248,escorte,NOM,C1,0.1203,2,1,1,0,0,5,1,1,1,2,P3_bridge,P3_bridge|P4_confusable,0,按义项梳理，为不同义项各连接对应词群,伴舞；卫队
5249,valet,NOM,C1,0.1203,2,0,2,0,0,12,1,0,2,2,P3_bridge,P3_bridge|P4_confusable,0,按义项梳理，为不同义项各连接对应词群,仆人
5250,châssis,NOM,C1,0.1089,2,0,2,0,0,13,1,1,3,3,P3_bridge,P3_bridge|P4_confusable,0,按义项梳理，为不同义项各连接对应词群,底盘
5251,aval,NOM,C1,0.0975,2,0,1,1,0,5,1,1,1,3,P3_bridge,P3_bridge|P4_confusable,0,按义项梳理，为不同义项各连接对应词群,下游
5252,dissolution,NOM,C1,0.0975,2,1,0,1,0,6,1,1,2,2,P3_bridge,P3_bridge|P4_confusable,0,按义项梳理，为不同义项各连接对应词群,溶解
5253,démêler,VER,C1,0.0975,2,2,0,0,0,6,1,1,2,2,P3_bridge,P3_bridge|P4_confusable|P5_b2c1_synset,0,按义项梳理，为不同义项各连接对应词群,绎
5254,pesant,ADJ,C1,0.0975,2,1,1,0,0,6,1,1,1,3,P3_bridge,P3_bridge|P4_confusable,0,按义项梳理，为不同义项各连接对应词群,沉甸甸；沉重
5255,rattachement,NOM,C1,0.0975,2,1,0,1,0,4,1,1,2,3,P3_bridge,P3_bridge|P4_confusable,0,按义项梳理，为不同义项各连接对应词群,盯住；连结
5256,unilatéral,ADJ,C1,0.0975,2,0,0,2,0,4,1,1,2,2,P3_bridge,P3_bridge|P4_confusable,0,按义项梳理，为不同义项各连接对应词群,一面倒；单方
5257,moche,ADJ,C1,0.0944,2,0,1,1,0,4,1,0,1,1,P3_bridge,P3_bridge|P4_confusable,0,按义项梳理，为不同义项各连接对应词群,难看
5258,châtaigne,NOM,C1,0.0912,2,0,2,0,0,7,1,0,1,2,P3_bridge,P3_bridge|P4_confusable,0,按义项梳理，为不同义项各连接对应词群,板栗；栗子
5259,matelot,NOM,C1,0.0912,2,0,2,0,0,5,1,0,2,1,P3_bridge,P3_bridge|P4_confusable,0,按义项梳理，为不同义项各连接对应词群,水手
5260,engraisser,VER,C1,0.0905,2,2,0,0,0,6,1,1,3,1,P3_bridge,P3_bridge|P4_confusable|P5_b2c1_synset,0,按义项梳理，为不同义项各连接对应词群,肥
5261,brut,ADJ,C1,0.0726,2,2,0,0,0,9,1,4,1,1,P3_bridge,P3_bridge|P4_confusable|P5_b2c1_synset,0,按义项梳理，为不同义项各连接对应词群,生的；粗野的；未加工的
5262,coco,NOM,C1,0.0657,2,1,1,0,0,14,1,1,2,2,P3_bridge,P3_bridge|P4_confusable,0,按义项梳理，为不同义项各连接对应词群,鸡蛋
5263,commode,ADJ,C1,0.0657,2,1,1,0,0,6,1,2,2,2,P3_bridge,P3_bridge|P4_confusable,0,按义项梳理，为不同义项各连接对应词群,五斗柜；便捷
5264,original,NOM,C1,0.0657,2,0,2,0,0,5,1,1,3,3,P3_bridge,P3_bridge|P4_confusable,0,按义项梳理，为不同义项各连接对应词群,不俗；创意
5265,passif,NOM,C1,0.0657,2,0,1,1,0,4,1,1,3,3,P3_bridge,P3_bridge|P4_confusable,0,按义项梳理，为不同义项各连接对应词群,外向；消极
5266,relâchement,NOM,C1,0.0657,2,1,1,0,0,4,1,1,1,1,P3_bridge,P3_bridge|P4_confusable,0,按义项梳理，为不同义项各连接对应词群,走扁带
5267,teindre,VER,C1,0.0657,2,2,0,0,0,4,1,4,3,3,P3_bridge,P3_bridge|P4_confusable|P5_b2c1_synset,0,按义项梳理，为不同义项各连接对应词群,擩；染
5268,autochtone,ADJ,C1,0.0652,2,0,2,0,0,5,1,1,2,1,P3_bridge,P3_bridge|P4_confusable,0,按义项梳理，为不同义项各连接对应词群,乡土；土着
5269,brouiller,VER,C1,0.0652,2,1,0,1,0,6,1,1,3,3,P3_bridge,P3_bridge|P4_confusable,0,按义项梳理，为不同义项各连接对应词群,混淆
5270,dépouille,NOM,C1,0.0652,2,1,1,0,0,10,1,1,1,1,P3_bridge,P3_bridge|P4_confusable,0,按义项梳理，为不同义项各连接对应词群,遗体
5271,grincer,VER,C1,0.0652,2,2,0,0,0,4,1,2,3,3,P3_bridge,P3_bridge|P4_confusable|P5_b2c1_synset,0,按义项梳理，为不同义项各连接对应词群,咿
5272,infusion,NOM,C1,0.0652,2,1,1,0,0,5,1,1,3,3,P3_bridge,P3_bridge|P4_confusable,0,按义项梳理，为不同义项各连接对应词群,浸剂
5273,liquider,VER,C1,0.0652,2,1,1,0,0,5,1,2,3,2,P3_bridge,P3_bridge|P4_confusable,0,按义项梳理，为不同义项各连接对应词群,卖掉；吃完
5274,pilier,NOM,C1,0.0652,2,1,1,0,0,7,1,2,3,2,P3_bridge,P3_bridge|P4_confusable,0,按义项梳理，为不同义项各连接对应词群,支柱；柱子
5275,sifflet,NOM,C1,0.0652,2,1,1,0,0,13,1,1,2,2,P3_bridge,P3_bridge|P4_confusable,0,按义项梳理，为不同义项各连接对应词群,哨
5276,ténébreux,ADJ,C1,0.0652,2,1,1,0,0,5,1,0,1,0,P3_bridge,P3_bridge|P4_confusable,0,按义项梳理，为不同义项各连接对应词群,幽暗；阴森
5277,échauffer,VER,C1,0.0652,2,2,0,0,0,10,1,2,3,3,P3_bridge,P3_bridge|P4_confusable|P5_b2c1_synset,0,按义项梳理，为不同义项各连接对应词群,发怒；热身
5278,médiocrité,NOM,C1,0.0614,2,1,0,1,0,4,1,0,1,0,P3_bridge,P3_bridge|P4_confusable,0,按义项梳理，为不同义项各连接对应词群,低劣
5279,platitude,NOM,C1,0.0614,2,1,1,0,0,6,1,2,3,3,P3_bridge,P3_bridge|P4_confusable,0,按义项梳理，为不同义项各连接对应词群,卑躬屈节；庸俗
5280,proie,NOM,C1,0.0614,2,0,1,1,0,5,1,0,2,3,P3_bridge,P3_bridge|P4_confusable,0,按义项梳理，为不同义项各连接对应词群,受害者
5281,trouée,NOM,C1,0.0614,2,1,1,0,0,4,1,1,2,1,P3_bridge,P3_bridge|P4_confusable,0,按义项梳理，为不同义项各连接对应词群,突破口
5282,alignement,NOM,C1,0.0592,2,1,1,0,0,8,1,1,3,2,P3_bridge,P3_bridge|P4_confusable,0,按义项梳理，为不同义项各连接对应词群,盯住
5283,amollir,VER,C1,0.0592,2,1,0,1,0,5,1,2,2,2,P3_bridge,P3_bridge|P4_confusable,0,按义项梳理，为不同义项各连接对应词群,软化
5284,épouvante,NOM,C1,0.0568,2,2,0,0,0,4,1,2,3,2,P3_bridge,P3_bridge|P4_confusable|P5_b2c1_synset,0,按义项梳理，为不同义项各连接对应词群,惊骇
5285,finaliste,NOM,C1,0.0553,2,2,0,0,0,4,1,1,3,3,P3_bridge,P3_bridge|P4_confusable|P5_b2c1_synset,0,按义项梳理，为不同义项各连接对应词群,入围
5286,amont,NOM,C1,0.0544,2,0,1,1,0,4,1,1,0,1,P3_bridge,P3_bridge|P4_confusable,0,按义项梳理，为不同义项各连接对应词群,上游
5287,assortiment,NOM,C1,0.0544,2,1,1,0,0,5,1,1,1,1,P3_bridge,P3_bridge|P4_confusable,0,按义项梳理，为不同义项各连接对应词群,相配
5288,empiler,VER,C1,0.0544,2,1,1,0,0,5,1,2,1,1,P3_bridge,P3_bridge|P4_confusable,0,按义项梳理，为不同义项各连接对应词群,丛集；堆满
5289,lunette,NOM,C1,0.0544,2,0,2,0,0,14,1,1,3,2,P3_bridge,P3_bridge|P4_confusable,0,按义项梳理，为不同义项各连接对应词群,瞄准具；瞄准装置
5290,vêtu,ADJ,C1,0.0544,2,1,1,0,0,4,1,1,1,2,P3_bridge,P3_bridge|P4_confusable,0,按义项梳理，为不同义项各连接对应词群,身着
5291,gronder,VER,C1,0.0514,2,0,2,0,0,4,1,0,0,0,P3_bridge,P3_bridge,0,按义项梳理，为不同义项各连接对应词群,呵斥；咆哮
5292,incident,ADJ,C1,0.0514,2,2,0,0,0,4,1,1,2,2,P3_bridge,P3_bridge|P4_confusable|P5_b2c1_synset,0,按义项梳理，为不同义项各连接对应词群,事变；事端
5293,méditer,VER,C1,0.0514,2,1,1,0,0,4,1,1,2,3,P3_bridge,P3_bridge|P4_confusable,0,按义项梳理，为不同义项各连接对应词群,思忖；沉思
5294,épurer,VER,C1,0.0514,2,1,1,0,0,10,1,1,1,2,P3_bridge,P3_bridge|P4_confusable,0,按义项梳理，为不同义项各连接对应词群,清洁
5295,regard,NOM,B1,141.5148,3,1,2,0,0,5,1,2,3,3,P4_confusable,P4_confusable,0,人工判断形音候选，审校后发布 trap/compare,目光；眼神
5296,remettre,VER,B1,116.8434,3,1,2,0,0,30,1,1,2,3,P4_confusable,P4_confusable,0,人工判断形音候选，审校后发布 trap/compare,交付；交纳
5297,avenir,NOM,B1,110.2962,2,0,1,1,0,3,1,1,2,2,P4_confusable,P4_confusable,0,人工判断形音候选，审校后发布 trap/compare,前景；前程
5298,professionnel,ADJ,B1,107.607,2,1,0,1,0,2,1,2,3,2,P4_confusable,P4_confusable,0,人工判断形音候选，审校后发布 trap/compare,专业；专业人员
5299,élever,VER,B1,106.478,6,4,2,0,0,17,1,2,3,2,P4_confusable,P4_confusable,0,人工判断形音候选，审校后发布 trap/compare,上涨；举起
5300,résultat,NOM,B1,102.557,3,1,1,1,0,1,1,1,0,1,P4_confusable,P4_confusable,0,人工判断形音候选，审校后发布 trap/compare,下文；产物
5301,actuel,ADJ,B1,99.2638,3,1,0,2,0,3,1,1,3,3,P4_confusable,P4_confusable,0,人工判断形音候选，审校后发布 trap/compare,今；新
5302,physique,ADJ,B1,96.0383,4,2,0,2,0,6,1,1,3,3,P4_confusable,P4_confusable,0,人工判断形音候选，审校后发布 trap/compare,体魄；外貌
5303,assassin,NOM,B1,90.7489,5,2,2,1,0,2,1,2,3,2,P4_confusable,P4_confusable,0,人工判断形音候选，审校后发布 trap/compare,凶手；刺客
5304,victime,NOM,B1,89.6622,7,0,1,6,0,5,1,0,3,1,P4_confusable,P4_confusable,0,人工判断形音候选，审校后发布 trap/compare,伤者；受害人
5305,attirer,VER,B1,86.4715,3,3,0,0,0,2,1,1,1,2,P4_confusable,P4_confusable,0,人工判断形音候选，审校后发布 trap/compare,吸引；唤起
5306,importer,VER,B1,84.3123,2,1,1,0,0,2,1,1,3,3,P4_confusable,P4_confusable,0,人工判断形音候选，审校后发布 trap/compare,传入；入口
5307,risque,NOM,B1,78.0893,4,1,1,2,0,2,1,1,1,1,P4_confusable,P4_confusable,0,人工判断形音候选，审校后发布 trap/compare,危险性；风险
5308,tendre,VER,B1,76.6274,4,4,0,0,0,8,1,13,3,2,P4_confusable,P4_confusable,0,人工判断形音候选，审校后发布 trap/compare,交给；亲爱
5309,charger,VER,B1,75.4802,3,3,0,0,0,24,1,1,3,3,P4_confusable,P4_confusable,0,人工判断形音候选，审校后发布 trap/compare,冲锋；加载
5310,consommation,NOM,B1,72.6592,2,0,1,1,0,0,0,1,2,2,P4_confusable,P4_confusable,0,人工判断形音候选，审校后发布 trap/compare,摄入；消耗
5311,imposer,VER,B1,72.209,3,3,0,0,0,10,1,1,3,3,P4_confusable,P4_confusable,0,人工判断形音候选，审校后发布 trap/compare,强求；征收
5312,réduire,VER,B1,71.1308,4,2,1,1,0,15,1,26,3,3,P4_confusable,P4_confusable,0,人工判断形音候选，审校后发布 trap/compare,减削；减小
5313,courant,NOM,B1,70.8917,3,2,1,0,0,13,1,2,3,1,P4_confusable,P4_confusable,0,人工判断形音候选，审校后发布 trap/compare,常务；常见
5314,hasard,NOM,B1,66.2957,3,1,1,1,0,4,1,0,1,1,P4_confusable,P4_confusable,0,人工判断形音候选，审校后发布 trap/compare,巧合；机遇
5315,relever,VER,B1,64.5561,3,0,1,2,0,44,1,2,2,3,P4_confusable,P4_confusable,0,人工判断形音候选，审校后发布 trap/compare,免除；打捞
5316,contrat,NOM,B1,62.7264,3,1,2,0,0,4,1,0,0,2,P4_confusable,P4_confusable,0,人工判断形音候选，审校后发布 trap/compare,合同；合约
5317,faible,ADJ,B1,58.4272,4,2,2,0,0,8,1,4,3,3,P4_confusable,P4_confusable,0,人工判断形音候选，审校后发布 trap/compare,优柔；单薄
5318,cesser,VER,B1,58.2042,2,2,0,0,0,1,1,13,2,1,P4_confusable,P4_confusable,0,人工判断形音候选，审校后发布 trap/compare,作罢；停住
5319,rythme,NOM,B1,57.7455,2,0,2,0,0,3,1,0,2,3,P4_confusable,P4_confusable,0,人工判断形音候选，审校后发布 trap/compare,律动；节奏
5320,sol,NOM,B1,56.6616,3,0,2,1,0,10,1,1,3,3,P4_confusable,P4_confusable,0,人工判断形音候选，审校后发布 trap/compare,土地；土壤
5321,provoquer,VER,B1,56.2945,6,2,4,0,0,4,1,1,3,2,P4_confusable,P4_confusable,0,人工判断形音候选，审校后发布 trap/compare,叫阵；引发
5322,limiter,VER,B1,55.9675,6,3,3,0,0,3,1,1,3,3,P4_confusable,P4_confusable,0,人工判断形音候选，审校后发布 trap/compare,制约；定格
5323,unique,ADJ,B1,54.6053,3,0,1,2,0,4,1,5,3,3,P4_confusable,P4_confusable,0,人工判断形音候选，审校后发布 trap/compare,别致；单一
5324,blesser,VER,B1,54.0862,3,3,0,0,0,10,1,3,3,3,P4_confusable,P4_confusable,0,人工判断形音候选，审校后发布 trap/compare,伤人；伤害
5325,spécialiste,NOM,B1,52.6466,2,1,1,0,0,2,1,2,2,2,P4_confusable,P4_confusable,0,人工判断形音候选，审校后发布 trap/compare,专家
5326,existence,NOM,B1,51.5574,3,0,1,2,0,2,1,3,3,3,P4_confusable,P4_confusable,0,人工判断形音候选，审校后发布 trap/compare,人生；今世
5327,fil,NOM,B1,51.3477,7,5,2,0,0,19,1,5,2,3,P4_confusable,P4_confusable,0,人工判断形音候选，审校后发布 trap/compare,线缆；话头
5328,priver,VER,B1,49.1221,3,2,0,1,0,5,1,2,2,3,P4_confusable,P4_confusable,0,人工判断形音候选，审校后发布 trap/compare,剥夺
5329,établir,VER,B1,48.0953,6,2,2,1,1,14,1,3,3,3,P4_confusable,P4_confusable,0,人工判断形音候选，审校后发布 trap/compare,建立，确立；制定
5330,savoir,NOM,B1,47.9751,2,1,1,0,0,1,1,4,3,3,P4_confusable,P4_confusable,0,人工判断形音候选，审校后发布 trap/compare,学问；得知
5331,mémoire,NOM,B1,47.2118,4,1,2,1,0,12,1,4,1,1,P4_confusable,P4_confusable,0,人工判断形音候选，审校后发布 trap/compare,存储器；脑际
5332,rapporter,VER,B1,46.6873,3,2,1,0,0,26,1,1,3,3,P4_confusable,P4_confusable,0,人工判断形音候选，审校后发布 trap/compare,反映；报告
5333,transmettre,VER,B1,45.9914,4,3,1,0,0,2,1,1,1,1,P4_confusable,P4_confusable,0,人工判断形音候选，审校后发布 trap/compare,传承；传染
5334,salaire,NOM,B1,44.7439,6,3,3,0,0,3,1,1,3,3,P4_confusable,P4_confusable,0,人工判断形音候选，审校后发布 trap/compare,军饷；工薪
5335,modifier,VER,B1,44.6698,2,1,1,0,0,1,1,1,3,3,P4_confusable,P4_confusable,0,人工判断形音候选，审校后发布 trap/compare,修改；删改
5336,diminuer,VER,B1,44.3583,4,1,1,2,0,3,1,1,2,2,P4_confusable,P4_confusable,0,人工判断形音候选，审校后发布 trap/compare,减低；减小
5337,accorder,VER,B1,44.31,6,1,4,1,0,12,1,1,3,2,P4_confusable,P4_confusable,0,人工判断形音候选，审校后发布 trap/compare,予以；允诺
5338,technique,ADJ,B1,43.7268,3,2,1,0,0,1,1,3,3,3,P4_confusable,P4_confusable,0,人工判断形音候选，审校后发布 trap/compare,手法；技术
5339,supposer,VER,B1,43.6933,3,1,2,0,0,5,1,1,3,1,P4_confusable,P4_confusable,0,人工判断形音候选，审校后发布 trap/compare,假设；推想
5340,destiner,VER,B1,43.613,3,3,0,0,0,3,1,3,3,3,P4_confusable,P4_confusable,0,人工判断形音候选，审校后发布 trap/compare,
5341,artistique,ADJ,B1,43.1685,2,1,1,0,0,1,1,1,2,2,P4_confusable,P4_confusable,0,人工判断形音候选，审校后发布 trap/compare,精巧；精美
5342,financier,ADJ,B1,43.1645,2,2,0,0,0,2,1,1,3,3,P4_confusable,P4_confusable,0,人工判断形音候选，审校后发布 trap/compare,财政
5343,autrefois,ADV,B1,43.1506,2,0,1,1,0,1,1,1,3,1,P4_confusable,P4_confusable,0,人工判断形音候选，审校后发布 trap/compare,从先；从前
5344,étendre,VER,B2,42.756,3,3,0,0,0,17,1,2,2,3,P4_confusable,P4_confusable|P5_b2c1_synset,0,人工判断形音候选，审校后发布 trap/compare,伸展；伸开
5345,quotidien,NOM,B1,42.67,3,1,1,1,0,2,1,2,3,2,P4_confusable,P4_confusable,0,人工判断形音候选，审校后发布 trap/compare,日常；日报
5346,malheur,NOM,B1,42.3998,5,1,3,1,0,3,1,2,1,1,P4_confusable,P4_confusable,0,人工判断形音候选，审校后发布 trap/compare,不幸；不测
5347,cerveau,NOM,B1,41.8203,3,1,2,0,0,6,1,1,2,0,P4_confusable,P4_confusable,0,人工判断形音候选，审校后发布 trap/compare,大脑；头脑
5348,correspondre,VER,B1,41.6951,4,3,1,0,0,6,1,3,3,3,P4_confusable,P4_confusable,0,人工判断形音候选，审校后发布 trap/compare,对应；搭调
5349,effectuer,VER,B1,40.7178,2,0,2,0,0,1,1,17,1,1,P4_confusable,P4_confusable,0,人工判断形音候选，审校后发布 trap/compare,做
5350,régulièrement,ADV,B1,40.5074,2,0,2,0,0,3,1,1,3,3,P4_confusable,P4_confusable,0,人工判断形音候选，审校后发布 trap/compare,定时；定期
5351,contribuer,VER,B1,39.9965,2,1,1,0,0,2,1,2,3,3,P4_confusable,P4_confusable,0,人工判断形音候选，审校后发布 trap/compare,捐赠；贡献
5352,cou,NOM,B1,38.8171,2,2,0,0,0,0,0,2,3,3,P4_confusable,P4_confusable,0,人工判断形音候选，审校后发布 trap/compare,头颈；脖子
5353,manteau,NOM,B1,38.3365,3,0,3,0,0,10,1,0,3,2,P4_confusable,P4_confusable,0,人工判断形音候选，审校后发布 trap/compare,外套；外衣
5354,collectif,ADJ,B1,37.9409,3,2,0,1,0,2,1,2,3,3,P4_confusable,P4_confusable,0,人工判断形音候选，审校后发布 trap/compare,集体
5355,compagnon,NOM,B1,37.679,3,1,2,0,0,10,1,3,1,2,P4_confusable,P4_confusable,0,人工判断形音候选，审校后发布 trap/compare,伙伴；伴侣
5356,craindre,VER,B2,37.6371,4,2,1,1,0,4,1,2,2,3,P4_confusable,P4_confusable,0,人工判断形音候选，审校后发布 trap/compare,害怕；弱爆
5357,inutile,ADJ,B1,37.2718,2,1,1,0,0,3,1,1,2,1,P4_confusable,P4_confusable,0,人工判断形音候选，审校后发布 trap/compare,不中用；不必要
5358,totalement,ADV,B1,37.1247,2,0,1,1,0,1,1,1,3,3,P4_confusable,P4_confusable,0,人工判断形音候选，审校后发布 trap/compare,一概；全副
5359,plaindre,VER,B1,36.5213,4,2,0,2,0,2,1,1,2,2,P4_confusable,P4_confusable,0,人工判断形音候选，审校后发布 trap/compare,惜
5360,veille,NOM,B1,36.1089,2,1,1,0,0,0,0,5,3,3,P4_confusable,P4_confusable,0,人工判断形音候选，审校后发布 trap/compare,前夕；前夜
5361,total,ADJ,B1,35.0194,3,2,0,1,0,1,1,3,3,3,P4_confusable,P4_confusable,0,人工判断形音候选，审校后发布 trap/compare,全盘；全部
5362,associer,VER,B1,34.3113,4,2,1,1,0,4,1,1,3,3,P4_confusable,P4_confusable,0,人工判断形音候选，审校后发布 trap/compare,合伙；相配
5363,intellectuel,ADJ,B2,33.7006,2,1,1,0,0,2,1,1,3,3,P4_confusable,P4_confusable,0,人工判断形音候选，审校后发布 trap/compare,知识分子；读书人
5364,généralement,ADV,B1,32.7068,3,1,2,0,0,1,1,4,2,3,P4_confusable,P4_confusable,0,人工判断形音候选，审校后发布 trap/compare,大凡；大抵
5365,municipal,ADJ,B1,32.6442,2,2,0,0,0,1,1,1,2,2,P4_confusable,P4_confusable,0,人工判断形音候选，审校后发布 trap/compare,市立
5366,star,NOM,B1,32.4459,2,0,2,0,0,1,1,0,3,1,P4_confusable,P4_confusable,0,人工判断形音候选，审校后发布 trap/compare,大腕；明星
5367,tissu,NOM,B1,32.2318,4,1,3,0,0,4,1,1,3,2,P4_confusable,P4_confusable,0,人工判断形音候选，审校后发布 trap/compare,组织；织物
5368,régional,ADJ,B1,32.0033,2,0,2,0,0,1,1,0,1,0,P4_confusable,P4_confusable,0,人工判断形音候选，审校后发布 trap/compare,区域性；地区
5369,rassembler,VER,B1,31.5575,5,2,2,1,0,5,1,1,2,3,P4_confusable,P4_confusable,0,人工判断形音候选，审校后发布 trap/compare,丛集；凑合
5370,urgence,NOM,B1,31.5244,2,2,0,0,0,2,1,3,2,3,P4_confusable,P4_confusable,0,人工判断形音候选，审校后发布 trap/compare,急事；急难
5371,diplôme,NOM,B1,31.3638,2,2,0,0,0,2,1,5,2,3,P4_confusable,P4_confusable,0,人工判断形音候选，审校后发布 trap/compare,文凭；毕业证书
5372,univers,NOM,B2,30.8789,4,1,2,1,0,11,1,1,1,1,P4_confusable,P4_confusable,0,人工判断形音候选，审校后发布 trap/compare,乾坤；天地
5373,résister,VER,B1,30.486,5,2,0,3,0,7,1,4,3,2,P4_confusable,P4_confusable,0,人工判断形音候选，审校后发布 trap/compare,强忍；抵住
5374,introduire,VER,B2,30.4708,3,2,1,0,0,8,1,1,3,3,P4_confusable,P4_confusable,0,人工判断形音候选，审校后发布 trap/compare,介绍；引进
5375,témoigner,VER,B1,30.3642,2,2,0,0,0,3,1,1,2,2,P4_confusable,P4_confusable,0,人工判断形音候选，审校后发布 trap/compare,体现；作证
5376,hurler,VER,B1,30.2094,3,1,2,0,0,8,1,1,1,1,P4_confusable,P4_confusable,0,人工判断形音候选，审校后发布 trap/compare,叫喊；号叫
5377,exiger,VER,B1,29.2512,2,2,0,0,0,3,1,2,2,3,P4_confusable,P4_confusable,0,人工判断形音候选，审校后发布 trap/compare,强求；索取
5378,bas,NOM,B1,29.2378,4,0,2,2,0,6,1,7,3,1,P4_confusable,P4_confusable,0,人工判断形音候选，审校后发布 trap/compare,下流；下面
5379,reculer,VER,B1,28.7878,3,2,0,1,0,8,1,4,3,3,P4_confusable,P4_confusable,0,人工判断形音候选，审校后发布 trap/compare,倒退；反转
5380,coupable,ADJ,B1,28.5848,4,4,0,0,0,2,1,3,1,1,P4_confusable,P4_confusable,0,人工判断形音候选，审校后发布 trap/compare,主犯；罪人
5381,individuel,ADJ,B2,28.1793,3,2,0,1,0,3,1,1,2,1,P4_confusable,P4_confusable,0,人工判断形音候选，审校后发布 trap/compare,个别；单人
5382,transporter,VER,B1,27.9638,4,1,3,0,0,8,1,1,2,2,P4_confusable,P4_confusable,0,人工判断形音候选，审校后发布 trap/compare,拖曳；搬走
5383,nourrir,VER,B1,27.9023,3,2,1,0,0,14,1,4,3,3,P4_confusable,P4_confusable,0,人工判断形音候选，审校后发布 trap/compare,供养；哺育
5384,éditeur,NOM,B1,27.7642,2,2,0,0,0,3,1,1,3,3,P4_confusable,P4_confusable,0,人工判断形音候选，审校后发布 trap/compare,出版者；发行人
5385,confier,VER,B1,27.7521,3,2,1,0,0,4,1,1,2,1,P4_confusable,P4_confusable,0,人工判断形音候选，审校后发布 trap/compare,委托；寄托
5386,essentiellement,ADV,B2,27.5493,2,0,2,0,0,2,1,1,2,3,P4_confusable,P4_confusable,0,人工判断形音候选，审校后发布 trap/compare,基本；基本上
5387,mobile,ADJ,B2,27.3698,5,4,1,0,0,0,0,11,1,2,P4_confusable,P4_confusable,0,人工判断形音候选，审校后发布 trap/compare,床铃；活动
5388,demeurer,VER,B1,27.3172,4,2,1,0,1,6,1,1,2,2,P4_confusable,P4_confusable,0,人工判断形音候选，审校后发布 trap/compare,停留；居住（正式）
5389,indispensable,ADJ,B1,27.2899,2,0,2,0,0,2,1,1,1,1,P4_confusable,P4_confusable,0,人工判断形音候选，审校后发布 trap/compare,不可或缺；必不可少
5390,meuble,NOM,B1,26.8661,4,2,1,1,0,5,1,3,3,3,P4_confusable,P4_confusable,0,人工判断形音候选，审校后发布 trap/compare,家俱；家具
5391,démocratie,NOM,B2,26.8282,2,1,0,1,0,2,1,6,3,3,P4_confusable,P4_confusable,0,人工判断形音候选，审校后发布 trap/compare,德谟克拉西；民主
5392,dépenser,VER,B1,26.7802,2,2,0,0,0,2,1,1,3,2,P4_confusable,P4_confusable,0,人工判断形音候选，审校后发布 trap/compare,开支；开销
5393,résistance,NOM,B1,26.6212,5,1,2,2,0,14,1,1,3,2,P4_confusable,P4_confusable,0,人工判断形音候选，审校后发布 trap/compare,后劲；抗性
5394,récemment,ADV,B2,26.08,2,0,2,0,0,1,1,1,1,0,P4_confusable,P4_confusable,0,人工判断形音候选，审校后发布 trap/compare,前段时间；挽近
5395,écraser,VER,B1,26.0561,4,3,1,0,0,9,1,3,3,3,P4_confusable,P4_confusable,0,人工判断形音候选，审校后发布 trap/compare,压住；压倒
5396,examiner,VER,B1,25.8934,2,1,1,0,0,2,1,1,1,1,P4_confusable,P4_confusable,0,人工判断形音候选，审校后发布 trap/compare,审查；审核
5397,pot,NOM,B1,25.8647,3,1,2,0,0,18,1,5,3,2,P4_confusable,P4_confusable,0,人工判断形音候选，审校后发布 trap/compare,罐子；赌注
5398,efficace,ADJ,B1,25.804,8,2,3,3,0,3,1,2,3,2,P4_confusable,P4_confusable,0,人工判断形音候选，审校后发布 trap/compare,中用；干净利落
5399,vivant,ADJ,B1,25.6238,3,0,0,3,0,6,1,1,3,3,P4_confusable,P4_confusable,0,人工判断形音候选，审校后发布 trap/compare,传神；活泼
5400,série,NOM,B1,25.5517,3,0,1,2,0,9,1,3,3,0,P4_confusable,P4_confusable,0,人工判断形音候选，审校后发布 trap/compare,一连串；成套
5401,accrocher,VER,B1,25.2374,3,2,0,1,0,11,1,1,3,3,P4_confusable,P4_confusable,0,人工判断形音候选，审校后发布 trap/compare,全力以赴；张挂
5402,interrompre,VER,B1,25.1727,4,2,1,1,0,4,1,1,1,1,P4_confusable,P4_confusable,0,人工判断形音候选，审校后发布 trap/compare,中断；中止
5403,percevoir,VER,B2,25.0861,3,2,1,0,0,2,1,2,3,3,P4_confusable,P4_confusable,0,人工判断形音候选，审校后发布 trap/compare,感知；察觉；征收
5404,psychologique,ADJ,B1,25.0709,3,3,0,0,0,1,1,0,3,3,P4_confusable,P4_confusable,0,人工判断形音候选，审校后发布 trap/compare,心理；精神
5405,parcours,NOM,B1,25.0429,3,1,2,0,0,7,1,1,1,1,P4_confusable,P4_confusable,0,人工判断形音候选，审校后发布 trap/compare,历程；旅途
5406,émouvoir,VER,B1,24.9703,3,3,0,0,0,0,0,1,3,3,P4_confusable,P4_confusable,0,人工判断形音候选，审校后发布 trap/compare,感动；打动
5407,marchand,NOM,B1,24.9332,4,3,1,0,0,4,1,1,2,2,P4_confusable,P4_confusable,0,人工判断形音候选，审校后发布 trap/compare,商人；商业的
5408,extrême,ADJ,B2,24.7835,4,2,1,1,0,6,1,3,3,3,P4_confusable,P4_confusable,0,人工判断形音候选，审校后发布 trap/compare,极度；极端
5409,prétendre,VER,B1,24.7103,3,2,1,0,0,5,1,4,2,3,P4_confusable,P4_confusable,0,人工判断形音候选，审校后发布 trap/compare,号称；声称
5410,provenir,VER,B1,24.2708,2,1,1,0,0,1,1,1,2,1,P4_confusable,P4_confusable,0,人工判断形音候选，审校后发布 trap/compare,起始
5411,refermer,VER,B1,24.2527,2,1,0,1,0,3,1,1,0,3,P4_confusable,P4_confusable,0,人工判断形音候选，审校后发布 trap/compare,合拢
5412,central,ADJ,B1,24.0006,4,3,0,1,0,2,1,1,3,2,P4_confusable,P4_confusable,0,人工判断形音候选，审校后发布 trap/compare,中环
5413,recommander,VER,B1,23.9072,3,1,2,0,0,9,1,1,2,2,P4_confusable,P4_confusable,0,人工判断形音候选，审校后发布 trap/compare,介绍；保送
5414,réellement,ADV,B1,23.7932,2,1,1,0,0,3,1,2,2,2,P4_confusable,P4_confusable,0,人工判断形音候选，审校后发布 trap/compare,实在；实际上
5415,analyse,NOM,B2,23.6962,3,2,0,1,0,10,1,3,3,3,P4_confusable,P4_confusable,0,人工判断形音候选，审校后发布 trap/compare,分析；解析
5416,consulter,VER,B1,23.3448,3,3,0,0,0,7,1,3,2,3,P4_confusable,P4_confusable,0,人工判断形音候选，审校后发布 trap/compare,协商；参考
5417,destin,NOM,B1,23.3109,3,1,2,0,0,3,1,1,3,1,P4_confusable,P4_confusable,0,人工判断形音候选，审校后发布 trap/compare,命运；天命
5418,baisse,NOM,B1,23.136,3,1,0,2,0,3,1,1,3,1,P4_confusable,P4_confusable,0,人工判断形音候选，审校后发布 trap/compare,衰退
5419,enseigner,VER,B1,22.5224,3,2,1,0,0,7,1,3,3,2,P4_confusable,P4_confusable,0,人工判断形音候选，审校后发布 trap/compare,任教；任课
5420,participation,NOM,B2,22.4153,2,2,0,0,0,3,1,1,3,3,P4_confusable,P4_confusable|P5_b2c1_synset,0,人工判断形音候选，审校后发布 trap/compare,参与
5421,déclaration,NOM,B2,22.3833,2,1,1,0,0,0,0,1,1,1,P4_confusable,P4_confusable,0,人工判断形音候选，审校后发布 trap/compare,一说；声明
5422,recueillir,VER,B2,22.1419,3,2,1,0,0,8,1,1,3,2,P4_confusable,P4_confusable,0,人工判断形音候选，审校后发布 trap/compare,募集；征求
5423,complexe,ADJ,B2,22.1337,4,2,1,1,0,3,1,1,3,3,P4_confusable,P4_confusable,0,人工判断形音候选，审校后发布 trap/compare,复杂；情结
5424,bague,NOM,B1,22.1088,3,0,3,0,0,10,1,1,3,1,P4_confusable,P4_confusable,0,人工判断形音候选，审校后发布 trap/compare,戒指；指环
5425,lent,ADJ,B1,22.0474,3,1,0,2,0,4,1,2,2,3,P4_confusable,P4_confusable,0,人工判断形音候选，审校后发布 trap/compare,慢性；拖拉
5426,talent,NOM,B1,22.0021,3,1,2,0,0,5,1,1,2,3,P4_confusable,P4_confusable,0,人工判断形音候选，审校后发布 trap/compare,人杰；因素
5427,réparer,VER,B1,21.8543,3,2,1,0,0,6,1,1,1,3,P4_confusable,P4_confusable,0,人工判断形音候选，审校后发布 trap/compare,修好；修整
5428,haine,NOM,B1,21.7848,2,2,0,0,0,1,1,1,3,1,P4_confusable,P4_confusable,0,人工判断形音候选，审校后发布 trap/compare,仇恨；怨恨
5429,user,VER,B1,21.623,3,3,0,0,0,8,1,3,3,1,P4_confusable,P4_confusable,0,人工判断形音候选，审校后发布 trap/compare,消磨；消耗
5430,évidence,NOM,B1,21.5554,4,0,3,1,0,2,1,1,2,3,P4_confusable,P4_confusable,0,人工判断形音候选，审校后发布 trap/compare,公理
5431,secret,ADJ,B1,21.5537,3,1,1,1,0,6,1,1,3,1,P4_confusable,P4_confusable,0,人工判断形音候选，审校后发布 trap/compare,不记名；奥秘
5432,immigration,NOM,B2,21.5092,2,1,0,1,0,2,1,1,2,3,P4_confusable,P4_confusable,0,人工判断形音候选，审校后发布 trap/compare,出入境
5433,chaleur,NOM,B1,21.4764,3,1,0,2,0,6,1,9,3,1,P4_confusable,P4_confusable,0,人工判断形音候选，审校后发布 trap/compare,暖意；热力
5434,précédent,ADJ,B1,21.4443,3,1,1,1,0,2,1,2,3,1,P4_confusable,P4_confusable,0,人工判断形音候选，审校后发布 trap/compare,上一个；上个
5435,renforcer,VER,B2,21.3227,3,1,2,0,0,4,1,1,3,1,P4_confusable,P4_confusable,0,人工判断形音候选，审校后发布 trap/compare,加固；加强
5436,dessus,ADV,B1,21.1179,2,0,0,2,0,1,1,1,3,3,P4_confusable,P4_confusable,0,人工判断形音候选，审校后发布 trap/compare,上边；上面
5437,enrichir,VER,B1,21.0864,3,2,1,0,0,5,1,1,2,2,P4_confusable,P4_confusable,0,人工判断形音候选，审校后发布 trap/compare,丰富；充实
5438,matinée,NOM,B1,20.6284,2,1,0,1,0,3,1,1,2,2,P4_confusable,P4_confusable,0,人工判断形音候选，审校后发布 trap/compare,上午；前晌
5439,initier,VER,B1,20.5764,3,3,0,0,0,4,1,1,1,1,P4_confusable,P4_confusable,0,人工判断形音候选，审校后发布 trap/compare,入门；创始
5440,fuir,VER,B1,20.5713,3,2,1,0,0,8,1,2,2,2,P4_confusable,P4_confusable,0,人工判断形音候选，审校后发布 trap/compare,亡命；出奔
5441,fier,ADJ,B1,20.4452,3,2,1,0,0,0,0,17,3,3,P4_confusable,P4_confusable,0,人工判断形音候选，审校后发布 trap/compare,昂然；骄傲
5442,concevoir,VER,B2,20.3856,3,3,0,0,0,3,1,2,3,3,P4_confusable,P4_confusable|P5_b2c1_synset,0,人工判断形音候选，审校后发布 trap/compare,懂得；拟具
5443,trembler,VER,B1,20.242,4,3,1,0,0,4,1,2,2,2,P4_confusable,P4_confusable,0,人工判断形音候选，审校后发布 trap/compare,发抖；哆嗦
5444,souci,NOM,B2,20.2212,3,2,1,0,0,5,1,3,2,0,P4_confusable,P4_confusable,0,人工判断形音候选，审校后发布 trap/compare,心事；忧愁
5445,viser,VER,B2,19.9729,3,2,1,0,0,6,1,7,3,2,P4_confusable,P4_confusable,0,人工判断形音候选，审校后发布 trap/compare,瞄准；针对
5446,professionnel,NOM,B1,19.807,2,1,1,0,0,1,1,1,3,2,P4_confusable,P4_confusable,0,人工判断形音候选，审校后发布 trap/compare,专业；专业人员
5447,fondamental,ADJ,B2,19.7806,2,2,0,0,0,3,1,1,1,3,P4_confusable,P4_confusable|P5_b2c1_synset,0,人工判断形音候选，审校后发布 trap/compare,根本的，基础的
5448,favorable,ADJ,B2,19.7194,2,1,1,0,0,3,1,1,2,3,P4_confusable,P4_confusable,0,人工判断形音候选，审校后发布 trap/compare,优厚；优惠
5449,exceptionnel,ADJ,B1,19.6867,2,1,1,0,0,2,1,11,3,3,P4_confusable,P4_confusable,0,人工判断形音候选，审校后发布 trap/compare,上佳；不同寻常
5450,fréquent,ADJ,B1,19.4004,5,3,0,2,0,5,1,4,3,3,P4_confusable,P4_confusable,0,人工判断形音候选，审校后发布 trap/compare,常见；频数
5451,rarement,ADV,B1,19.3452,2,1,0,1,0,1,1,1,2,2,P4_confusable,P4_confusable,0,人工判断形音候选，审校后发布 trap/compare,偶尔；鲜少
5452,entourage,NOM,B1,19.2535,2,1,1,0,0,3,1,1,1,1,P4_confusable,P4_confusable,0,人工判断形音候选，审校后发布 trap/compare,环境
5453,choc,NOM,B1,19.0562,4,1,3,0,0,9,1,2,1,1,P4_confusable,P4_confusable,0,人工判断形音候选，审校后发布 trap/compare,交锋；撞击
5454,piège,NOM,B1,18.9456,3,1,2,0,0,6,1,6,2,2,P4_confusable,P4_confusable,0,人工判断形音候选，审校后发布 trap/compare,圈套；捉捕器
5455,accéder,VER,B1,18.8718,4,3,1,0,0,3,1,1,1,2,P4_confusable,P4_confusable,0,人工判断形音候选，审校后发布 trap/compare,接入
5456,agiter,VER,B1,18.847,3,1,2,0,0,0,0,1,3,3,P4_confusable,P4_confusable,0,人工判断形音候选，审校后发布 trap/compare,动荡；扑扇
5457,téléspectateur,NOM,B1,18.8383,2,1,1,0,0,1,1,1,2,1,P4_confusable,P4_confusable,0,人工判断形音候选，审校后发布 trap/compare,
5458,technologique,ADJ,B1,18.6769,2,1,1,0,0,1,1,1,3,2,P4_confusable,P4_confusable,0,人工判断形音候选，审校后发布 trap/compare,
5459,promesse,NOM,B2,18.617,4,2,2,0,0,3,1,1,1,0,P4_confusable,P4_confusable,0,人工判断形音候选，审校后发布 trap/compare,允诺；出息
5460,moral,ADJ,B1,18.5868,3,2,1,0,0,7,1,2,3,3,P4_confusable,P4_confusable,0,人工判断形音候选，审校后发布 trap/compare,军心；士气
5461,exemplaire,NOM,B1,18.4199,2,1,1,0,0,3,1,1,2,2,P4_confusable,P4_confusable,0,人工判断形音候选，审校后发布 trap/compare,样本；样机
5462,pur,ADJ,B2,18.4169,5,4,0,1,0,0,0,7,3,3,P4_confusable,P4_confusable,0,人工判断形音候选，审校后发布 trap/compare,剔透；单纯
5463,séance,NOM,B1,18.1501,3,1,2,0,0,4,1,1,0,1,P4_confusable,P4_confusable,0,人工判断形音候选，审校后发布 trap/compare,场次
5464,angoisse,NOM,B2,18.0888,2,1,1,0,0,2,1,1,1,1,P4_confusable,P4_confusable,0,人工判断形音候选，审校后发布 trap/compare,提心吊胆
5465,biologique,ADJ,B2,18.0018,2,1,0,1,0,3,1,1,3,3,P4_confusable,P4_confusable,0,人工判断形音候选，审校后发布 trap/compare,生命；生物
5466,plonger,VER,B2,17.8851,3,2,1,0,0,11,1,1,3,2,P4_confusable,P4_confusable,0,人工判断形音候选，审校后发布 trap/compare,扑救；跳水
5467,occidental,ADJ,B1,17.7987,2,0,1,1,0,3,1,7,2,1,P4_confusable,P4_confusable,0,人工判断形音候选，审校后发布 trap/compare,洋人；老毛子
5468,plaisanterie,NOM,B1,17.489,2,0,1,1,0,3,1,1,2,3,P4_confusable,P4_confusable,0,人工判断形音候选，审校后发布 trap/compare,戏言；玩笑
5469,réaction,NOM,B1,17.4662,3,3,0,0,0,8,1,1,1,1,P4_confusable,P4_confusable,0,人工判断形音候选，审校后发布 trap/compare,反动；反应
5470,regrouper,VER,B1,17.2623,4,2,0,2,0,3,1,1,3,2,P4_confusable,P4_confusable,0,人工判断形音候选，审校后发布 trap/compare,丛集；蕴积
5471,visible,ADJ,B2,17.1538,5,3,0,2,0,3,1,2,3,3,P4_confusable,P4_confusable,0,人工判断形音候选，审校后发布 trap/compare,在即；有形
5472,compétence,NOM,B2,17.0666,3,0,3,0,0,7,1,1,2,2,P4_confusable,P4_confusable,0,人工判断形音候选，审校后发布 trap/compare,一手；两把刷子
5473,raisonnable,ADJ,B1,16.8027,3,1,2,0,0,6,1,1,3,1,P4_confusable,P4_confusable,0,人工判断形音候选，审校后发布 trap/compare,合理；懂事
5474,progresser,VER,B1,16.7791,6,2,1,3,0,3,1,3,3,2,P4_confusable,P4_confusable,0,人工判断形音候选，审校后发布 trap/compare,上进；前进
5475,fatigue,NOM,B1,16.7653,6,0,3,3,0,4,1,1,2,1,P4_confusable,P4_confusable,0,人工判断形音候选，审校后发布 trap/compare,疲乏；疲劳
5476,plat,ADJ,B1,16.7563,3,2,1,0,0,6,1,3,2,1,P4_confusable,P4_confusable,0,人工判断形音候选，审校后发布 trap/compare,大浅盘；平坦
5477,exclure,VER,B2,16.4684,3,2,1,0,0,3,1,1,3,3,P4_confusable,P4_confusable,0,人工判断形音候选，审校后发布 trap/compare,去掉；封杀
5478,désert,ADJ,B1,16.4527,2,0,1,1,0,1,1,2,3,3,P4_confusable,P4_confusable,0,人工判断形音候选，审校后发布 trap/compare,冷落；大漠
5479,sérieux,NOM,B1,16.3337,3,1,1,1,0,0,0,1,3,2,P4_confusable,P4_confusable,0,人工判断形音候选，审校后发布 trap/compare,严肃；严重
5480,faciliter,VER,B1,16.2362,2,0,1,1,0,1,1,3,2,2,P4_confusable,P4_confusable,0,人工判断形音候选，审校后发布 trap/compare,便利；促成
5481,mondialisation,NOM,B2,16.2309,2,1,1,0,0,1,1,3,2,2,P4_confusable,P4_confusable,0,人工判断形音候选，审校后发布 trap/compare,全球化
5482,longuement,ADV,B1,16.2205,2,1,0,1,0,1,1,0,1,1,P4_confusable,P4_confusable,0,人工判断形音候选，审校后发布 trap/compare,
5483,transmission,NOM,B1,16.1608,2,1,1,0,0,3,1,1,1,1,P4_confusable,P4_confusable,0,人工判断形音候选，审校后发布 trap/compare,传动；传输
5484,inégalité,NOM,B2,16.0474,4,1,1,2,0,5,1,1,1,1,P4_confusable,P4_confusable,0,人工判断形音候选，审校后发布 trap/compare,不平等；不等
5485,militaire,ADJ,B1,16.0007,3,0,2,1,0,3,1,1,3,3,P4_confusable,P4_confusable,0,人工判断形音候选，审校后发布 trap/compare,军人；军方
5486,officier,NOM,B1,15.9895,3,0,2,1,0,5,1,1,3,3,P4_confusable,P4_confusable,0,人工判断形音候选，审校后发布 trap/compare,军官；统领
5487,convenir,VER,B1,15.9398,3,3,0,0,0,6,1,2,2,3,P4_confusable,P4_confusable,0,人工判断形音候选，审校后发布 trap/compare,适合
5488,précisément,ADV,B1,15.8133,2,0,2,0,0,3,1,1,3,1,P4_confusable,P4_confusable,0,人工判断形音候选，审校后发布 trap/compare,便是；刚好
5489,dire,NOM,B2,15.781,2,1,1,0,0,2,1,12,1,1,P4_confusable,P4_confusable,0,人工判断形音候选，审校后发布 trap/compare,一说；叙说
5490,aube,NOM,B2,15.746,3,0,1,2,0,7,1,0,3,2,P4_confusable,P4_confusable,0,人工判断形音候选，审校后发布 trap/compare,凌晨；天亮
5491,susceptible,ADJ,B2,15.6938,2,0,1,1,0,3,1,1,1,0,P4_confusable,P4_confusable,0,人工判断形音候选，审校后发布 trap/compare,多愁善感；敏感
5492,excès,NOM,B1,15.6775,4,2,1,1,0,11,1,2,3,2,P4_confusable,P4_confusable,0,人工判断形音候选，审校后发布 trap/compare,过分
5493,tas,NOM,B1,15.5473,3,1,2,0,0,16,1,1,1,1,P4_confusable,P4_confusable,0,人工判断形音候选，审校后发布 trap/compare,垛；堆
5494,assassiner,VER,B2,15.4241,3,2,1,0,0,5,1,2,3,3,P4_confusable,P4_confusable,0,人工判断形音候选，审校后发布 trap/compare,刺杀；干掉
5495,artiste,ADJ,B1,15.4015,2,1,1,0,0,1,1,1,2,2,P4_confusable,P4_confusable,0,人工判断形音候选，审校后发布 trap/compare,美术家；艺人
5496,empereur,NOM,B2,15.3464,3,2,1,0,0,5,1,0,2,0,P4_confusable,P4_confusable,0,人工判断形音候选，审校后发布 trap/compare,大圣；天子
5497,concentrer,VER,B1,15.3373,3,1,1,1,0,5,1,1,1,2,P4_confusable,P4_confusable,0,人工判断形音候选，审校后发布 trap/compare,倾注；浓缩
5498,conquérir,VER,B1,15.3317,3,2,1,0,0,4,1,1,2,3,P4_confusable,P4_confusable,0,人工判断形音候选，审校后发布 trap/compare,夺得；征服
5499,mine,NOM,B1,15.3261,5,4,1,0,0,15,1,2,3,2,P4_confusable,P4_confusable,0,人工判断形音候选，审校后发布 trap/compare,容颜；气色
5500,fumeur,NOM,B1,15.3253,2,1,0,1,0,3,1,1,3,3,P4_confusable,P4_confusable,0,人工判断形音候选，审校后发布 trap/compare,
5501,passager,NOM,B1,15.3133,2,1,1,0,0,3,1,2,3,2,P4_confusable,P4_confusable,0,人工判断形音候选，审校后发布 trap/compare,乘客；旅客
5502,éternel,ADJ,B1,15.1418,4,0,1,3,0,0,0,2,2,3,P4_confusable,P4_confusable,0,人工判断形音候选，审校后发布 trap/compare,一如既往；千古
5503,renouveler,VER,B1,15.1075,4,2,2,0,0,7,1,1,3,2,P4_confusable,P4_confusable,0,人工判断形音候选，审校后发布 trap/compare,刷新；推陈出新
5504,attribuer,VER,B1,14.8127,4,2,2,0,0,3,1,1,3,3,P4_confusable,P4_confusable,0,人工判断形音候选，审校后发布 trap/compare,交办；归因
5505,nucléaire,ADJ,B1,14.8035,4,2,2,0,0,4,1,0,1,1,P4_confusable,P4_confusable,0,人工判断形音候选，审校后发布 trap/compare,核子
5506,branche,NOM,B1,14.7714,4,1,3,0,0,6,1,1,2,3,P4_confusable,P4_confusable,0,人工判断形音候选，审校后发布 trap/compare,分支；枝头
5507,unir,VER,B1,14.7697,2,1,1,0,0,3,1,2,3,3,P4_confusable,P4_confusable,0,人工判断形音候选，审校后发布 trap/compare,团结；拧成一股绳
5508,spécifique,ADJ,B2,14.7023,2,2,0,0,0,0,0,0,3,3,P4_confusable,P4_confusable,0,人工判断形音候选，审校后发布 trap/compare,专用；固有
5509,catholique,ADJ,B1,14.6388,2,1,0,1,0,2,1,1,3,1,P4_confusable,P4_confusable,0,人工判断形音候选，审校后发布 trap/compare,
5510,artisan,NOM,B2,14.5111,2,2,0,0,0,3,1,1,3,3,P4_confusable,P4_confusable|P5_b2c1_synset,0,人工判断形音候选，审校后发布 trap/compare,工匠；艺人
5511,multiple,ADJ,B2,14.3557,2,0,1,1,0,2,1,0,3,3,P4_confusable,P4_confusable,0,人工判断形音候选，审校后发布 trap/compare,倍式；倍数
5512,test,NOM,B1,14.3211,4,1,3,0,0,5,1,3,2,2,P4_confusable,P4_confusable,0,人工判断形音候选，审校后发布 trap/compare,实验；检定
5513,compétition,NOM,B1,14.3003,2,1,1,0,0,3,1,4,3,3,P4_confusable,P4_confusable,0,人工判断形音候选，审校后发布 trap/compare,对抗赛；比赛
5514,automobile,ADJ,B1,14.2988,2,1,1,0,0,3,1,2,2,2,P4_confusable,P4_confusable,0,人工判断形音候选，审校后发布 trap/compare,机动车；汽车
5515,parlement,NOM,B2,14.2807,3,3,0,0,0,9,1,2,3,3,P4_confusable,P4_confusable|P5_b2c1_synset,0,人工判断形音候选，审校后发布 trap/compare,国会；议会
5516,auditeur,NOM,B1,14.2228,5,3,2,0,0,6,1,6,3,3,P4_confusable,P4_confusable,0,人工判断形音候选，审校后发布 trap/compare,听众；听友
5517,néanmoins,ADV,B2,14.1349,2,0,2,0,0,1,1,1,1,1,P4_confusable,P4_confusable,0,人工判断形音候选，审校后发布 trap/compare,不过；却是
5518,reprocher,VER,B2,14.1051,2,2,0,0,0,3,1,1,3,2,P4_confusable,P4_confusable|P5_b2c1_synset,0,人工判断形音候选，审校后发布 trap/compare,嗔怨；抢白
5519,véritablement,ADV,B1,14.0271,2,0,2,0,0,3,1,1,1,1,P4_confusable,P4_confusable,0,人工判断形音候选，审校后发布 trap/compare,真真
5520,financer,VER,B1,13.8361,2,2,0,0,0,3,1,1,2,3,P4_confusable,P4_confusable,0,人工判断形音候选，审校后发布 trap/compare,出资；出钱
5521,esthétique,ADJ,B2,13.7786,2,1,0,1,0,3,1,1,1,2,P4_confusable,P4_confusable,0,人工判断形音候选，审校后发布 trap/compare,唯美；审美
5522,choquer,VER,B1,13.4118,5,2,2,1,0,8,1,1,2,1,P4_confusable,P4_confusable,0,人工判断形音候选，审校后发布 trap/compare,冲击；得罪
5523,automobile,NOM,B1,13.3569,2,2,0,0,0,1,1,2,2,2,P4_confusable,P4_confusable,0,人工判断形音候选，审校后发布 trap/compare,机动车；汽车
5524,bref,ADJ,B2,13.3454,3,1,2,0,0,4,1,3,1,1,P4_confusable,P4_confusable,0,人工判断形音候选，审校后发布 trap/compare,总而言之；短暂
5525,relatif,ADJ,B2,13.3264,5,3,0,2,0,4,1,3,3,3,P4_confusable,P4_confusable,0,人工判断形音候选，审校后发布 trap/compare,相对
5526,dessous,ADV,B1,13.3223,2,0,0,2,0,1,1,1,3,3,P4_confusable,P4_confusable,0,人工判断形音候选，审校后发布 trap/compare,下边；下面
5527,celer,VER,B1,13.1901,2,0,1,1,0,1,1,0,0,3,P4_confusable,P4_confusable,0,人工判断形音候选，审校后发布 trap/compare,
5528,marchandise,NOM,B1,13.0176,2,1,1,0,0,1,1,2,2,2,P4_confusable,P4_confusable,0,人工判断形音候选，审校后发布 trap/compare,产品；商品
5529,résider,VER,B1,12.9852,3,2,1,0,0,4,1,6,1,1,P4_confusable,P4_confusable,0,人工判断形音候选，审校后发布 trap/compare,住家；居住
5530,drame,NOM,B1,12.9834,3,2,1,0,0,4,1,3,2,2,P4_confusable,P4_confusable,0,人工判断形音候选，审校后发布 trap/compare,惨剧；戏剧
5531,concurrence,NOM,B1,12.7291,3,2,0,1,0,6,1,1,3,3,P4_confusable,P4_confusable,0,人工判断形音候选，审校后发布 trap/compare,竞争
5532,immigrer,VER,B1,12.6674,3,2,0,1,0,1,1,7,3,3,P4_confusable,P4_confusable,0,人工判断形音候选，审校后发布 trap/compare,移民
5533,éducatif,ADJ,B1,12.6497,2,2,0,0,0,1,1,1,2,3,P4_confusable,P4_confusable,0,人工判断形音候选，审校后发布 trap/compare,
5534,éliminer,VER,B2,12.6345,3,1,2,0,0,5,1,3,3,2,P4_confusable,P4_confusable,0,人工判断形音候选，审校后发布 trap/compare,出局；删除
5535,trancher,VER,B2,12.6299,3,2,1,0,0,7,1,2,3,3,P4_confusable,P4_confusable,0,人工判断形音候选，审校后发布 trap/compare,劈开；解决
5536,noble,ADJ,B1,12.5082,6,1,2,3,0,6,1,1,3,1,P4_confusable,P4_confusable,0,人工判断形音候选，审校后发布 trap/compare,列侯；崇高
5537,poule,NOM,B2,12.2286,3,1,0,2,0,12,1,1,3,2,P4_confusable,P4_confusable,0,人工判断形音候选，审校后发布 trap/compare,母鸡
5538,location,NOM,B2,12.2231,2,2,0,0,0,2,1,2,1,3,P4_confusable,P4_confusable|P5_b2c1_synset,0,人工判断形音候选，审校后发布 trap/compare,出租；租金
5539,veiller,VER,B2,12.0439,3,2,1,0,0,8,1,3,3,3,P4_confusable,P4_confusable,0,人工判断形音候选，审校后发布 trap/compare,彻夜；待命
5540,divorce,NOM,B2,11.9596,2,1,0,1,0,2,1,1,1,1,P4_confusable,P4_confusable,0,人工判断形音候选，审校后发布 trap/compare,离婚；离异
5541,urgent,ADJ,B2,11.9378,4,2,2,0,0,1,1,1,2,3,P4_confusable,P4_confusable,0,人工判断形音候选，审校后发布 trap/compare,加急；急迫
5542,baser,VER,B2,11.9044,2,1,1,0,0,3,1,1,3,2,P4_confusable,P4_confusable,0,人工判断形音候选，审校后发布 trap/compare,
5543,parer,VER,B2,11.8559,4,2,2,0,0,13,1,17,3,3,P4_confusable,P4_confusable,0,人工判断形音候选，审校后发布 trap/compare,修饰
5544,exclusion,NOM,B2,11.7881,2,2,0,0,0,1,1,1,3,3,P4_confusable,P4_confusable|P5_b2c1_synset,0,人工判断形音候选，审校后发布 trap/compare,
5545,mensonge,NOM,B1,11.708,3,0,3,0,0,3,1,1,2,1,P4_confusable,P4_confusable,0,人工判断形音候选，审校后发布 trap/compare,假话；虚谎
5546,admiration,NOM,B2,11.5831,2,1,1,0,0,3,1,2,2,3,P4_confusable,P4_confusable,0,人工判断形音候选，审校后发布 trap/compare,钦佩
5547,global,ADJ,B1,11.5062,3,2,1,0,0,0,0,1,3,1,P4_confusable,P4_confusable,0,人工判断形音候选，审校后发布 trap/compare,全方位；全球
5548,protester,VER,B2,11.3173,3,2,1,0,0,4,1,1,3,3,P4_confusable,P4_confusable,0,人工判断形音候选，审校后发布 trap/compare,抗议
5549,punir,VER,B2,11.2454,3,1,1,1,0,4,1,1,1,1,P4_confusable,P4_confusable,0,人工判断形音候选，审校后发布 trap/compare,发落；处分
5550,murmurer,VER,B1,11.2193,3,1,2,0,0,5,1,1,3,1,P4_confusable,P4_confusable,0,人工判断形音候选，审校后发布 trap/compare,低语，喃喃
5551,satisfaction,NOM,B1,11.2028,3,1,0,2,0,4,1,1,2,3,P4_confusable,P4_confusable,0,人工判断形音候选，审校后发布 trap/compare,
5552,religieux,NOM,B1,11.0736,2,0,1,1,0,2,1,1,3,3,P4_confusable,P4_confusable,0,人工判断形音候选，审校后发布 trap/compare,
5553,spécialiser,VER,B2,11.067,2,2,0,0,0,2,1,1,2,2,P4_confusable,P4_confusable|P5_b2c1_synset,0,人工判断形音候选，审校后发布 trap/compare,
5554,critique,ADJ,B1,11.0625,3,0,3,0,0,8,1,0,2,2,P4_confusable,P4_confusable,0,人工判断形音候选，审校后发布 trap/compare,临界；危急
5555,minorité,NOM,B2,11.0581,3,3,0,0,0,5,1,2,1,2,P4_confusable,P4_confusable|P5_b2c1_synset,0,人工判断形音候选，审校后发布 trap/compare,少数
5556,capital,ADJ,B2,11.0231,2,1,1,0,0,0,0,6,3,3,P4_confusable,P4_confusable,0,人工判断形音候选，审校后发布 trap/compare,本金；本钱
5557,chauffer,VER,B1,10.9717,3,3,0,0,0,18,1,1,3,3,P4_confusable,P4_confusable,0,人工判断形音候选，审校后发布 trap/compare,加热
5558,charbon,NOM,B1,10.906,3,0,3,0,0,26,1,0,2,0,P4_confusable,P4_confusable,0,人工判断形音候选，审校后发布 trap/compare,煤炭
5559,dégrader,VER,B2,10.897,5,1,2,2,0,6,1,2,2,2,P4_confusable,P4_confusable,0,人工判断形音候选，审校后发布 trap/compare,贬
5560,respectueux,ADJ,B1,10.8239,2,1,1,0,0,2,1,1,1,3,P4_confusable,P4_confusable,0,人工判断形音候选，审校后发布 trap/compare,恭敬
5561,confort,NOM,B1,10.6994,2,1,1,0,0,2,1,1,3,3,P4_confusable,P4_confusable,0,人工判断形音候选，审校后发布 trap/compare,
5562,conception,NOM,B2,10.6172,3,1,2,0,0,7,1,1,2,2,P4_confusable,P4_confusable,0,人工判断形音候选，审校后发布 trap/compare,形制；构想
5563,participant,NOM,B2,10.6057,2,2,0,0,0,1,1,1,3,1,P4_confusable,P4_confusable|P5_b2c1_synset,0,人工判断形音候选，审校后发布 trap/compare,参与者；参加者
5564,conseiller,NOM,B1,10.521,2,0,2,0,0,3,1,2,2,2,P4_confusable,P4_confusable,0,人工判断形音候选，审校后发布 trap/compare,劝告；劝说
5565,fâcher,VER,B1,10.4721,3,2,0,1,0,0,0,2,2,2,P4_confusable,P4_confusable,0,人工判断形音候选，审校后发布 trap/compare,发怒
5566,marchand,ADJ,B1,10.4542,3,1,2,0,0,6,1,1,2,2,P4_confusable,P4_confusable,0,人工判断形音候选，审校后发布 trap/compare,商人；商家
5567,récompenser,VER,B1,10.447,2,1,0,1,0,3,1,1,3,2,P4_confusable,P4_confusable,0,人工判断形音候选，审校后发布 trap/compare,回报；奖励
5568,colocation,NOM,B1,10.3164,2,2,0,0,0,1,1,1,1,2,P4_confusable,P4_confusable,0,人工判断形音候选，审校后发布 trap/compare,室友
5569,délicat,ADJ,B2,10.2315,5,1,2,2,0,16,1,1,2,2,P4_confusable,P4_confusable,0,人工判断形音候选，审校后发布 trap/compare,刁钻；娇嫩
5570,préserver,VER,B2,10.206,2,2,0,0,0,1,1,1,3,3,P4_confusable,P4_confusable|P5_b2c1_synset,0,人工判断形音候选，审校后发布 trap/compare,保住；保全
5571,précéder,VER,B2,10.1274,3,2,1,0,0,3,1,1,3,2,P4_confusable,P4_confusable,0,人工判断形音候选，审校后发布 trap/compare,
5572,politesse,NOM,B1,10.0896,3,1,2,0,0,2,1,1,3,1,P4_confusable,P4_confusable,0,人工判断形音候选，审校后发布 trap/compare,礼节；礼貌
5573,arrêté,NOM,B1,10.0794,2,1,1,0,0,2,1,1,3,2,P4_confusable,P4_confusable,0,人工判断形音候选，审校后发布 trap/compare,附则
5574,tarder,VER,B1,10.0336,2,2,0,0,0,3,1,4,2,3,P4_confusable,P4_confusable,0,人工判断形音候选，审校后发布 trap/compare,耽误
5575,survivre,VER,B1,10.0045,3,2,1,0,0,5,1,1,3,3,P4_confusable,P4_confusable,0,人工判断形音候选，审校后发布 trap/compare,保命；存活
5576,folie,NOM,B1,9.9232,5,0,4,1,0,12,1,1,2,2,P4_confusable,P4_confusable,0,人工判断形音候选，审校后发布 trap/compare,痫；瘈
5577,pratiquement,ADV,B1,9.7516,2,0,1,1,0,2,1,1,3,3,P4_confusable,P4_confusable,0,人工判断形音候选，审校后发布 trap/compare,
5578,dispute,NOM,B1,9.7501,2,1,1,0,0,3,1,1,1,1,P4_confusable,P4_confusable,0,人工判断形音候选，审校后发布 trap/compare,争议；口角
5579,surveillance,NOM,B2,9.7448,2,1,1,0,0,1,1,1,2,2,P4_confusable,P4_confusable,0,人工判断形音候选，审校后发布 trap/compare,监理
5580,juridique,ADJ,B2,9.7333,3,1,1,1,0,3,1,1,0,2,P4_confusable,P4_confusable,0,人工判断形音候选，审校后发布 trap/compare,依法；正版
5581,conjugal,ADJ,B2,9.7101,2,1,1,0,0,1,1,1,2,1,P4_confusable,P4_confusable,0,人工判断形音候选，审校后发布 trap/compare,
5582,préoccuper,VER,B2,9.7044,3,1,2,0,0,2,1,1,2,2,P4_confusable,P4_confusable,0,人工判断形音候选，审校后发布 trap/compare,萦绕
5583,sexuel,ADJ,B1,9.6368,3,2,1,0,0,3,1,0,1,3,P4_confusable,P4_confusable,0,人工判断形音候选，审校后发布 trap/compare,桃色
5584,argument,NOM,B2,9.6286,3,2,0,1,0,7,1,2,2,1,P4_confusable,P4_confusable,0,人工判断形音候选，审校后发布 trap/compare,一说；变元
5585,signification,NOM,B2,9.5924,2,2,0,0,0,3,1,1,3,3,P4_confusable,P4_confusable|P5_b2c1_synset,0,人工判断形音候选，审校后发布 trap/compare,含义；含意
5586,nettement,ADV,B2,9.5803,3,0,3,0,0,3,1,1,3,2,P4_confusable,P4_confusable,0,人工判断形音候选，审校后发布 trap/compare,截然
5587,récompense,NOM,B1,9.53,3,1,1,1,0,4,1,1,3,3,P4_confusable,P4_confusable,0,人工判断形音候选，审校后发布 trap/compare,回报；回馈
5588,promouvoir,VER,B2,9.4966,4,2,1,1,0,5,1,1,3,3,P4_confusable,P4_confusable,0,人工判断形音候选，审校后发布 trap/compare,促进；倡导
5589,embauche,NOM,B2,9.4202,3,1,0,2,0,2,1,1,2,2,P4_confusable,P4_confusable,0,人工判断形音候选，审校后发布 trap/compare,
5590,adhérer,VER,B2,9.3708,3,3,0,0,0,3,1,1,3,2,P4_confusable,P4_confusable|P5_b2c1_synset,0,人工判断形音候选，审校后发布 trap/compare,粘连；进入
5591,cercle,NOM,B2,9.3406,5,3,2,0,0,18,1,1,2,2,P4_confusable,P4_confusable,0,人工判断形音候选，审校后发布 trap/compare,圆圈；圈子
5592,tranche,NOM,B1,9.3253,3,1,2,0,0,21,1,1,3,2,P4_confusable,P4_confusable,0,人工判断形音候选，审校后发布 trap/compare,片
5593,déboucher,VER,B2,9.2685,3,2,0,1,0,5,1,1,1,3,P4_confusable,P4_confusable,0,人工判断形音候选，审校后发布 trap/compare,流入；通向
5594,décès,NOM,B1,9.2683,2,1,1,0,0,1,1,0,0,2,P4_confusable,P4_confusable,0,人工判断形音候选，审校后发布 trap/compare,死亡人数
5595,défi,NOM,B2,9.2657,2,1,1,0,0,2,1,1,3,2,P4_confusable,P4_confusable,0,人工判断形音候选，审校后发布 trap/compare,挑战
5596,camp,NOM,B1,9.1114,3,2,1,0,0,9,1,4,3,3,P4_confusable,P4_confusable,0,人工判断形音候选，审校后发布 trap/compare,壁垒；阵营
5597,nuire,VER,B2,9.0888,3,3,0,0,0,1,1,2,2,2,P4_confusable,P4_confusable|P5_b2c1_synset,0,人工判断形音候选，审校后发布 trap/compare,暴
5598,invisible,ADJ,B1,9.0717,3,1,0,2,0,3,1,1,2,3,P4_confusable,P4_confusable,0,人工判断形音候选，审校后发布 trap/compare,无形；看不见
5599,coûteux,ADJ,B2,9.0389,2,1,1,0,0,2,1,1,1,2,P4_confusable,P4_confusable,0,人工判断形音候选，审校后发布 trap/compare,太贵
5600,gigantesque,ADJ,B1,9.009,2,1,0,1,0,2,1,1,2,0,P4_confusable,P4_confusable,0,人工判断形音候选，审校后发布 trap/compare,巨大；庞大
5601,alimenter,VER,B2,9.0061,2,1,1,0,0,3,1,0,3,3,P4_confusable,P4_confusable,0,人工判断形音候选，审校后发布 trap/compare,养活；喂食
5602,essuyer,VER,B1,8.9734,4,0,1,3,0,4,1,1,1,0,P4_confusable,P4_confusable,0,人工判断形音候选，审校后发布 trap/compare,划拉；拭抹
5603,strict,ADJ,B1,8.896,2,1,0,1,0,3,1,1,2,1,P4_confusable,P4_confusable,0,人工判断形音候选，审校后发布 trap/compare,严密；严格
5604,révolte,NOM,B2,8.8835,4,1,2,1,0,3,1,1,3,2,P4_confusable,P4_confusable,0,人工判断形音候选，审校后发布 trap/compare,暴动；造反
5605,malheureux,NOM,B1,8.8311,3,1,0,2,0,4,1,2,3,3,P4_confusable,P4_confusable,0,人工判断形音候选，审校后发布 trap/compare,不高兴；落落寡欢
5606,remarquable,ADJ,B2,8.7708,2,1,0,1,0,1,1,1,3,3,P4_confusable,P4_confusable,0,人工判断形音候选，审校后发布 trap/compare,不简单；优异
5607,succéder,VER,B2,8.6918,3,3,0,0,0,4,1,1,2,3,P4_confusable,P4_confusable|P5_b2c1_synset,0,人工判断形音候选，审校后发布 trap/compare,后继
5608,précaire,ADJ,B2,8.6322,3,1,1,1,0,3,1,1,2,0,P4_confusable,P4_confusable,0,人工判断形音候选，审校后发布 trap/compare,堪虞
5609,vigueur,NOM,B2,8.6129,2,1,0,1,0,1,1,3,2,1,P4_confusable,P4_confusable,0,人工判断形音候选，审校后发布 trap/compare,元气；劲儿
5610,fusil,NOM,B1,8.6075,5,1,3,1,0,7,1,1,2,1,P4_confusable,P4_confusable,0,人工判断形音候选，审校后发布 trap/compare,钢枪
5611,brutal,ADJ,B1,8.5472,3,2,0,1,0,2,1,1,3,3,P4_confusable,P4_confusable,0,人工判断形音候选，审校后发布 trap/compare,强暴；横暴
5612,rite,NOM,B2,8.5228,3,2,1,0,0,5,1,2,2,3,P4_confusable,P4_confusable,0,人工判断形音候选，审校后发布 trap/compare,礼
5613,épuiser,VER,B2,8.5003,4,3,0,1,0,11,1,1,3,3,P4_confusable,P4_confusable,0,人工判断形音候选，审校后发布 trap/compare,期满；用光
5614,aménager,VER,B1,8.445,2,2,0,0,0,2,1,7,3,1,P4_confusable,P4_confusable,0,人工判断形音候选，审校后发布 trap/compare,布置；整修
5615,discret,ADJ,B1,8.3934,8,0,4,4,0,5,1,2,3,3,P4_confusable,P4_confusable,0,人工判断形音候选，审校后发布 trap/compare,不起眼；不连续
5616,plier,VER,B1,8.3727,3,2,0,1,0,12,1,4,2,3,P4_confusable,P4_confusable,0,人工判断形音候选，审校后发布 trap/compare,合拢；折叠
5617,implantation,NOM,B2,8.3682,2,1,1,0,0,2,1,1,3,3,P4_confusable,P4_confusable,0,人工判断形音候选，审校后发布 trap/compare,插入
5618,verbal,ADJ,B1,8.2575,2,1,1,0,0,3,1,1,2,2,P4_confusable,P4_confusable,0,人工判断形音候选，审校后发布 trap/compare,语言
5619,calmement,ADV,B2,8.2566,2,1,1,0,0,1,1,2,3,1,P4_confusable,P4_confusable,0,人工判断形音候选，审校后发布 trap/compare,从容；坦承
5620,commencement,NOM,B1,8.2518,2,0,2,0,0,0,0,0,1,2,P4_confusable,P4_confusable,0,人工判断形音候选，审校后发布 trap/compare,发轫；开头
5621,montée,NOM,B2,8.1983,3,0,1,2,0,9,1,1,0,3,P4_confusable,P4_confusable,0,人工判断形音候选，审校后发布 trap/compare,
5622,agréer,VER,B1,8.1286,2,2,0,0,0,2,1,1,0,1,P4_confusable,P4_confusable,0,人工判断形音候选，审校后发布 trap/compare,
5623,implanter,VER,B1,8.0644,3,2,0,1,0,4,1,4,3,2,P4_confusable,P4_confusable,0,人工判断形音候选，审校后发布 trap/compare,插入；树立
5624,significatif,ADJ,B2,7.9577,2,2,0,0,0,0,0,1,3,2,P4_confusable,P4_confusable,0,人工判断形音候选，审校后发布 trap/compare,意味；有意义
5625,marge,NOM,B2,7.9506,3,1,2,0,0,6,1,2,1,2,P4_confusable,P4_confusable,0,人工判断形音候选，审校后发布 trap/compare,余地；空白
5626,vital,ADJ,B2,7.9158,2,1,1,0,0,3,1,1,1,3,P4_confusable,P4_confusable,0,人工判断形音候选，审校后发布 trap/compare,紧要
5627,affectif,ADJ,B2,7.9082,3,2,1,0,0,3,1,1,2,3,P4_confusable,P4_confusable,0,人工判断形音候选，审校后发布 trap/compare,
5628,adhérent,NOM,B2,7.8787,3,1,2,0,0,1,1,1,2,2,P4_confusable,P4_confusable,0,人工判断形音候选，审校后发布 trap/compare,会员
5629,émettre,VER,B1,7.8677,2,1,0,1,0,3,1,1,3,3,P4_confusable,P4_confusable,0,人工判断形音候选，审校后发布 trap/compare,出具；发出
5630,affreux,ADJ,B1,7.8404,3,1,2,0,0,4,1,1,3,1,P4_confusable,P4_confusable,0,人工判断形音候选，审校后发布 trap/compare,糟糕
5631,tendre,ADJ,B1,7.8339,4,2,2,0,0,10,1,13,3,2,P4_confusable,P4_confusable,0,人工判断形音候选，审校后发布 trap/compare,交给；亲爱
5632,distingué,ADJ,B2,7.827,3,1,1,1,0,3,1,1,2,2,P4_confusable,P4_confusable,0,人工判断形音候选，审校后发布 trap/compare,典雅；大方
5633,prédire,VER,B2,7.7961,3,2,1,0,0,5,1,2,2,2,P4_confusable,P4_confusable,0,人工判断形音候选，审校后发布 trap/compare,预言
5634,criminalité,NOM,B2,7.7804,2,1,1,0,0,2,1,1,3,3,P4_confusable,P4_confusable,0,人工判断形音候选，审校后发布 trap/compare,
5635,équilibrer,VER,B2,7.6974,2,1,1,0,0,1,1,1,3,3,P4_confusable,P4_confusable,0,人工判断形音候选，审校后发布 trap/compare,相等
5636,primaire,ADJ,B1,7.6425,3,1,1,1,0,6,1,2,2,2,P4_confusable,P4_confusable,0,人工判断形音候选，审校后发布 trap/compare,主要；初次
5637,file,NOM,B1,7.5461,3,3,0,0,0,6,1,2,3,3,P4_confusable,P4_confusable,0,人工判断形音候选，审校后发布 trap/compare,纵队；行列
5638,absurde,ADJ,B1,7.5193,3,1,2,0,0,2,1,0,1,1,P4_confusable,P4_confusable,0,人工判断形音候选，审校后发布 trap/compare,不知所谓；悠悠
5639,variable,ADJ,B1,7.5132,6,1,1,4,0,4,1,1,3,3,P4_confusable,P4_confusable,0,人工判断形音候选，审校后发布 trap/compare,变元；变数
5640,revendication,NOM,B2,7.4417,3,1,2,0,0,4,1,1,2,2,P4_confusable,P4_confusable,0,人工判断形音候选，审校后发布 trap/compare,
5641,progression,NOM,B2,7.4249,3,2,0,1,0,4,1,1,3,1,P4_confusable,P4_confusable,0,人工判断形音候选，审校后发布 trap/compare,推进；渐进
5642,contraire,ADJ,B2,7.3752,2,1,1,0,0,3,1,2,3,2,P4_confusable,P4_confusable,0,人工判断形音候选，审校后发布 trap/compare,反义；相反
5643,incident,NOM,B1,7.3463,2,1,1,0,0,2,1,1,3,3,P4_confusable,P4_confusable,0,人工判断形音候选，审校后发布 trap/compare,事变；事端
5644,certitude,NOM,B2,7.3355,2,0,0,2,0,3,1,3,1,1,P4_confusable,P4_confusable,0,人工判断形音候选，审校后发布 trap/compare,可靠性；坚信
5645,conquête,NOM,B1,7.2076,3,1,2,0,0,3,1,1,3,2,P4_confusable,P4_confusable,0,人工判断形音候选，审校后发布 trap/compare,夺得；攻克
5646,affecter,VER,B2,7.1948,3,3,0,0,0,0,0,1,3,3,P4_confusable,P4_confusable,0,人工判断形音候选，审校后发布 trap/compare,委任；影响
5647,légitime,ADJ,B2,7.1836,5,3,1,1,0,5,1,1,3,3,P4_confusable,P4_confusable,0,人工判断形音候选，审校后发布 trap/compare,合法；有道
5648,éditer,VER,B2,7.1818,4,4,0,0,0,4,1,2,3,3,P4_confusable,P4_confusable|P5_b2c1_synset,0,人工判断形音候选，审校后发布 trap/compare,修改；出版
5649,éventuel,ADJ,B2,7.1143,2,1,1,0,0,2,1,1,3,3,P4_confusable,P4_confusable,0,人工判断形音候选，审校后发布 trap/compare,
5650,excellence,NOM,B2,7.067,2,1,0,1,0,2,1,1,1,1,P4_confusable,P4_confusable,0,人工判断形音候选，审校后发布 trap/compare,
5651,quasiment,ADV,B1,7.0606,2,1,1,0,0,0,0,0,1,1,P4_confusable,P4_confusable,0,人工判断形音候选，审校后发布 trap/compare,
5652,partiel,ADJ,B1,7.0498,3,1,0,2,0,3,1,1,2,1,P4_confusable,P4_confusable,0,人工判断形音候选，审校后发布 trap/compare,片面
5653,polluer,VER,B2,7.0267,3,1,2,0,0,4,1,0,1,1,P4_confusable,P4_confusable,0,人工判断形音候选，审校后发布 trap/compare,污染
5654,délinquance,NOM,B2,6.9884,3,2,1,0,0,1,1,2,2,2,P4_confusable,P4_confusable,0,人工判断形音候选，审校后发布 trap/compare,
5655,confédération,NOM,B2,6.9882,2,0,2,0,0,0,0,1,3,3,P4_confusable,P4_confusable,0,人工判断形音候选，审校后发布 trap/compare,联盟
5656,décliner,VER,B2,6.9511,3,1,1,1,0,11,1,1,2,3,P4_confusable,P4_confusable,0,人工判断形音候选，审校后发布 trap/compare,减退；推辞
5657,avérer,VER,B2,6.9442,2,1,1,0,0,3,1,0,3,0,P4_confusable,P4_confusable,0,人工判断形音候选，审校后发布 trap/compare,属实
5658,estime,NOM,B2,6.8768,2,1,1,0,0,3,1,3,3,3,P4_confusable,P4_confusable,0,人工判断形音候选，审校后发布 trap/compare,估价
5659,payant,ADJ,B1,6.8264,2,1,0,1,0,3,1,1,1,1,P4_confusable,P4_confusable,0,人工判断形音候选，审校后发布 trap/compare,收费；有偿
5660,progressif,ADJ,B2,6.8079,3,2,0,1,0,6,1,1,2,2,P4_confusable,P4_confusable,0,人工判断形音候选，审校后发布 trap/compare,与时俱进；逐行
5661,contraindre,VER,B2,6.8075,2,2,0,0,0,3,1,2,1,3,P4_confusable,P4_confusable|P5_b2c1_synset,0,人工判断形音候选，审校后发布 trap/compare,威逼；强制
5662,lenteur,NOM,B1,6.7513,3,1,0,2,0,3,1,1,2,1,P4_confusable,P4_confusable,0,人工判断形音候选，审校后发布 trap/compare,迟钝
5663,élite,NOM,B2,6.7479,2,0,0,2,0,2,1,1,2,2,P4_confusable,P4_confusable,0,人工判断形音候选，审校后发布 trap/compare,精华；精英
5664,adepte,NOM,B1,6.7039,3,0,3,0,0,4,1,0,0,1,P4_confusable,P4_confusable,0,人工判断形音候选，审校后发布 trap/compare,信徒；党羽
5665,explosion,NOM,B2,6.6887,3,2,1,0,0,4,1,1,2,3,P4_confusable,P4_confusable,0,人工判断形音候选，审校后发布 trap/compare,爆炸；爆裂
5666,bon,ADV,B1,6.6671,2,0,1,1,0,0,0,5,3,3,P4_confusable,P4_confusable,0,人工判断形音候选，审校后发布 trap/compare,不赖；优良
5667,paisible,ADJ,B2,6.6608,3,1,1,1,0,5,1,2,1,1,P4_confusable,P4_confusable,0,人工判断形音候选，审校后发布 trap/compare,和平；宁静
5668,locataire,NOM,B2,6.656,2,1,0,1,0,3,1,1,2,1,P4_confusable,P4_confusable,0,人工判断形音候选，审校后发布 trap/compare,房客；承租人
5669,utilisateur,NOM,B2,6.6528,2,1,1,0,0,1,1,1,2,2,P4_confusable,P4_confusable,0,人工判断形音候选，审校后发布 trap/compare,使用者；用户
5670,harmonie,NOM,B2,6.6515,6,2,2,2,0,9,1,3,3,3,P4_confusable,P4_confusable,0,人工判断形音候选，审校后发布 trap/compare,匀称；和合
5671,cabane,NOM,B1,6.65,4,0,4,0,0,6,1,0,1,1,P4_confusable,P4_confusable,0,人工判断形音候选，审校后发布 trap/compare,寮房
5672,attentivement,ADV,B1,6.6246,2,1,1,0,0,1,1,2,2,3,P4_confusable,P4_confusable,0,人工判断形音候选，审校后发布 trap/compare,一心一意；密切
5673,poudre,NOM,B2,6.598,3,3,0,0,0,8,1,2,3,3,P4_confusable,P4_confusable|P5_b2c1_synset,0,人工判断形音候选，审校后发布 trap/compare,末；沙
5674,alliance,NOM,B2,6.5931,5,1,4,0,0,10,1,1,1,2,P4_confusable,P4_confusable,0,人工判断形音候选，审校后发布 trap/compare,同盟；联盟
5675,émerger,VER,B2,6.5816,3,2,0,1,0,5,1,1,3,3,P4_confusable,P4_confusable,0,人工判断形音候选，审校后发布 trap/compare,冒出；冒头
5676,hostile,ADJ,B2,6.5397,3,2,0,1,0,3,1,1,1,1,P4_confusable,P4_confusable,0,人工判断形音候选，审校后发布 trap/compare,敌对
5677,naviguer,VER,B2,6.5389,3,2,1,0,0,4,1,1,3,3,P4_confusable,P4_confusable,0,人工判断形音候选，审校后发布 trap/compare,巡航；浏览
5678,génétique,ADJ,B2,6.5256,2,2,0,0,0,3,1,1,1,2,P4_confusable,P4_confusable|P5_b2c1_synset,0,人工判断形音候选，审校后发布 trap/compare,基因
5679,chrétien,ADJ,B2,6.5026,2,2,0,0,0,3,1,0,2,1,P4_confusable,P4_confusable|P5_b2c1_synset,0,人工判断形音候选，审校后发布 trap/compare,基督徒
5680,incertitude,NOM,B2,6.4917,4,1,1,2,0,5,1,1,1,1,P4_confusable,P4_confusable,0,人工判断形音候选，审校后发布 trap/compare,不确定
5681,paradoxal,ADJ,B2,6.4553,2,2,0,0,0,2,1,0,2,2,P4_confusable,P4_confusable|P5_b2c1_synset,0,人工判断形音候选，审校后发布 trap/compare,
5682,exécution,NOM,B2,6.4301,2,2,0,0,0,3,1,1,3,2,P4_confusable,P4_confusable|P5_b2c1_synset,0,人工判断形音候选，审校后发布 trap/compare,做工；演技
5683,terrestre,ADJ,B2,6.3748,7,0,1,6,0,3,1,1,3,1,P4_confusable,P4_confusable,0,人工判断形音候选，审校后发布 trap/compare,陆上；陆基
5684,support,NOM,B1,6.3231,3,1,2,0,0,6,1,1,2,0,P4_confusable,P4_confusable,0,人工判断形音候选，审校后发布 trap/compare,后盾；撑杆
5685,fabricant,NOM,B2,6.2846,2,1,1,0,0,1,1,1,3,3,P4_confusable,P4_confusable,0,人工判断形音候选，审校后发布 trap/compare,制造商；制造者
5686,dense,ADJ,B2,6.2649,2,1,1,0,0,0,0,2,3,3,P4_confusable,P4_confusable,0,人工判断形音候选，审校后发布 trap/compare,凝重；密密
5687,libéral,ADJ,B2,6.2278,3,1,0,2,0,8,1,1,3,3,P4_confusable,P4_confusable,0,人工判断形音候选，审校后发布 trap/compare,开通；慷慨
5688,tracer,VER,B2,6.2042,3,3,0,0,0,7,1,2,3,3,P4_confusable,P4_confusable|P5_b2c1_synset,0,人工判断形音候选，审校后发布 trap/compare,追踪
5689,formuler,VER,B1,6.1318,3,2,1,0,0,3,1,1,3,3,P4_confusable,P4_confusable,0,人工判断形音候选，审校后发布 trap/compare,制订；拟定
5690,exemplaire,ADJ,B2,6.019,2,1,1,0,0,2,1,1,2,2,P4_confusable,P4_confusable,0,人工判断形音候选，审校后发布 trap/compare,样本；样机
5691,ambitieux,ADJ,B2,5.9764,2,0,2,0,0,3,1,1,1,1,P4_confusable,P4_confusable,0,人工判断形音候选，审校后发布 trap/compare,耸
5692,technicien,NOM,B1,5.9756,2,2,0,0,0,1,1,2,3,3,P4_confusable,P4_confusable,0,人工判断形音候选，审校后发布 trap/compare,技师；技术员
5693,prévision,NOM,B1,5.9573,4,1,3,0,0,3,1,1,3,3,P4_confusable,P4_confusable,0,人工判断形音候选，审校后发布 trap/compare,预报；预见
5694,courber,VER,B2,5.9438,3,2,1,0,0,4,1,2,3,2,P4_confusable,P4_confusable,0,人工判断形音候选，审校后发布 trap/compare,弯腰
5695,créatif,ADJ,B2,5.938,3,2,1,0,0,2,1,1,3,3,P4_confusable,P4_confusable,0,人工判断形音候选，审校后发布 trap/compare,创意
5696,révolutionner,VER,B1,5.9246,2,1,1,0,0,2,1,1,3,3,P4_confusable,P4_confusable,0,人工判断形音候选，审校后发布 trap/compare,
5697,cycliste,NOM,B1,5.8877,3,2,1,0,0,3,1,0,3,2,P4_confusable,P4_confusable,0,人工判断形音候选，审校后发布 trap/compare,单车族
5698,loyal,ADJ,B1,5.8795,2,1,0,1,0,2,1,4,2,2,P4_confusable,P4_confusable,0,人工判断形音候选，审校后发布 trap/compare,忠实；有情有义
5699,violet,ADJ,B1,5.8794,2,0,2,0,0,2,1,0,3,3,P4_confusable,P4_confusable,0,人工判断形音候选，审校后发布 trap/compare,堇色；紫色
5700,couturier,NOM,B1,5.86,2,1,1,0,0,3,1,1,3,2,P4_confusable,P4_confusable,0,人工判断形音候选，审校后发布 trap/compare,裁缝
5701,pile,NOM,B2,5.8529,3,2,1,0,0,10,1,2,3,3,P4_confusable,P4_confusable,0,人工判断形音候选，审校后发布 trap/compare,一堆
5702,pôle,NOM,B2,5.8458,3,0,3,0,0,14,1,0,2,2,P4_confusable,P4_confusable,0,人工判断形音候选，审校后发布 trap/compare,杆子；极点
5703,couture,NOM,B2,5.8278,3,3,0,0,0,7,1,1,3,3,P4_confusable,P4_confusable|P5_b2c1_synset,0,人工判断形音候选，审校后发布 trap/compare,针线活
5704,résumé,NOM,B2,5.7602,2,1,1,0,0,2,1,1,2,2,P4_confusable,P4_confusable,0,人工判断形音候选，审校后发布 trap/compare,小结；提要
5705,refuge,NOM,B1,5.7384,3,1,2,0,0,8,1,0,3,1,P4_confusable,P4_confusable,0,人工判断形音候选，审校后发布 trap/compare,蔽身处
5706,rumeur,NOM,B2,5.7294,4,0,4,0,0,6,1,0,1,2,P4_confusable,P4_confusable,0,人工判断形音候选，审校后发布 trap/compare,传言；坊间传言
5707,réchauffer,VER,B2,5.7154,4,2,1,1,0,5,1,2,3,3,P4_confusable,P4_confusable,0,人工判断形音候选，审校后发布 trap/compare,加热
5708,dette,NOM,B1,5.7068,4,1,2,1,0,2,1,1,2,2,P4_confusable,P4_confusable,0,人工判断形音候选，审校后发布 trap/compare,债务；欠款
5709,capital,NOM,B2,5.7012,3,3,0,0,0,0,0,6,3,3,P4_confusable,P4_confusable,0,人工判断形音候选，审校后发布 trap/compare,本金；本钱
5710,stratégique,ADJ,B2,5.6711,7,1,6,0,0,14,1,0,2,2,P4_confusable,P4_confusable,0,人工判断形音候选，审校后发布 trap/compare,形胜；战略性
5711,absent,ADJ,B2,5.6672,2,1,0,1,0,3,1,1,2,2,P4_confusable,P4_confusable,0,人工判断形音候选，审校后发布 trap/compare,
5712,agressif,ADJ,B2,5.6649,3,3,0,0,0,1,1,1,1,2,P4_confusable,P4_confusable|P5_b2c1_synset,0,人工判断形音候选，审校后发布 trap/compare,咄咄逼人；好胜
5713,réputer,VER,B2,5.657,2,2,0,0,0,1,1,1,3,3,P4_confusable,P4_confusable|P5_b2c1_synset,0,人工判断形音候选，审校后发布 trap/compare,
5714,excuse,NOM,B1,5.6266,2,1,1,0,0,3,1,1,2,2,P4_confusable,P4_confusable,0,人工判断形音候选，审校后发布 trap/compare,借口；抱歉
5715,punition,NOM,B1,5.6135,5,1,3,1,0,2,1,1,1,1,P4_confusable,P4_confusable,0,人工判断形音候选，审校后发布 trap/compare,刑罚
5716,synthétiser,VER,B2,5.5973,2,2,0,0,0,2,1,1,2,1,P4_confusable,P4_confusable|P5_b2c1_synset,0,人工判断形音候选，审校后发布 trap/compare,合成；综合
5717,mental,ADJ,B2,5.5717,2,0,2,0,0,3,1,0,3,2,P4_confusable,P4_confusable,0,人工判断形音候选，审校后发布 trap/compare,心理；心窍
5718,supporter,NOM,B2,5.5689,2,0,2,0,0,2,1,0,3,1,P4_confusable,P4_confusable,0,人工判断形音候选，审校后发布 trap/compare,力挺；受到
5719,discrètement,ADV,B2,5.545,2,0,2,0,0,3,1,1,2,3,P4_confusable,P4_confusable,0,人工判断形音候选，审校后发布 trap/compare,不着痕迹
5720,bien-être,NOM,B2,5.5338,2,0,1,1,0,2,1,2,3,0,P4_confusable,P4_confusable,0,人工判断形音候选，审校后发布 trap/compare,安乐；安康
5721,abri,NOM,B1,5.5297,5,0,5,0,0,6,1,0,1,1,P4_confusable,P4_confusable,0,人工判断形音候选，审校后发布 trap/compare,地洞
5722,collectivité,NOM,B2,5.5262,2,2,0,0,0,3,1,2,0,2,P4_confusable,P4_confusable|P5_b2c1_synset,0,人工判断形音候选，审校后发布 trap/compare,社区；集体
5723,rouvrir,VER,B2,5.5031,2,0,0,2,0,2,1,1,3,2,P4_confusable,P4_confusable,0,人工判断形音候选，审校后发布 trap/compare,再开；重启
5724,faculté,NOM,B2,5.4817,3,0,3,0,0,7,1,0,1,1,P4_confusable,P4_confusable,0,人工判断形音候选，审校后发布 trap/compare,专科；功能
5725,officiellement,ADV,B2,5.4779,2,0,2,0,0,1,1,1,3,1,P4_confusable,P4_confusable,0,人工判断形音候选，审校后发布 trap/compare,
5726,final,ADJ,B2,5.4584,3,1,1,1,0,3,1,1,3,3,P4_confusable,P4_confusable,0,人工判断形音候选，审校后发布 trap/compare,最后；最终
5727,habile,ADJ,B1,5.4321,3,1,2,0,0,4,1,1,3,1,P4_confusable,P4_confusable,0,人工判断形音候选，审校后发布 trap/compare,娴熟；巧手
5728,abolir,VER,B2,5.4191,2,1,1,0,0,3,1,1,2,1,P4_confusable,P4_confusable,0,人工判断形音候选，审校后发布 trap/compare,废止；废除
5729,récolter,VER,B2,5.415,2,1,1,0,0,3,1,0,3,1,P4_confusable,P4_confusable,0,人工判断形音候选，审校后发布 trap/compare,收获；采收
5730,restreindre,VER,B2,5.4007,2,1,1,0,0,2,1,1,2,2,P4_confusable,P4_confusable,0,人工判断形音候选，审校后发布 trap/compare,制约；抑止
5731,humide,ADJ,B2,5.3576,2,1,0,1,0,2,1,1,3,1,P4_confusable,P4_confusable,0,人工判断形音候选，审校后发布 trap/compare,润泽；湿润
5732,ancien,NOM,B2,5.357,3,0,2,1,0,8,1,0,1,1,P4_confusable,P4_confusable,0,人工判断形音候选，审校后发布 trap/compare,前辈；古老
5733,rond,NOM,B1,5.3477,5,0,4,1,0,10,1,3,2,3,P4_confusable,P4_confusable,0,人工判断形音候选，审校后发布 trap/compare,圆圈；圆形
5734,massif,NOM,B2,5.3458,4,0,4,0,0,8,1,0,3,3,P4_confusable,P4_confusable,0,人工判断形音候选，审校后发布 trap/compare,厚重；巨量
5735,flore,NOM,B1,5.3017,3,1,2,0,0,4,1,1,3,2,P4_confusable,P4_confusable,0,人工判断形音候选，审校后发布 trap/compare,弗罗热；花卉
5736,handicap,NOM,B2,5.2995,3,2,1,0,0,5,1,0,3,3,P4_confusable,P4_confusable,0,人工判断形音候选，审校后发布 trap/compare,
5737,automatiquement,ADV,B1,5.2947,2,0,2,0,0,3,1,2,2,2,P4_confusable,P4_confusable,0,人工判断形音候选，审校后发布 trap/compare,自动；自然而然
5738,combiner,VER,B2,5.284,5,1,4,0,0,5,1,1,3,1,P4_confusable,P4_confusable,0,人工判断形音候选，审校后发布 trap/compare,兼具；兼有
5739,exil,NOM,B1,5.2755,2,1,1,0,0,3,1,1,1,2,P4_confusable,P4_confusable,0,人工判断形音候选，审校后发布 trap/compare,流亡
5740,infini,ADJ,B2,5.2634,5,1,2,2,0,7,1,3,3,3,P4_confusable,P4_confusable,0,人工判断形音候选，审校后发布 trap/compare,无垠；无穷
5741,fragile,ADJ,B2,5.2612,6,0,4,2,0,4,1,0,2,1,P4_confusable,P4_confusable,0,人工判断形音候选，审校后发布 trap/compare,单薄；娇嫩
5742,crainte,NOM,B2,5.2009,2,2,0,0,0,2,1,1,2,2,P4_confusable,P4_confusable|P5_b2c1_synset,0,人工判断形音候选，审校后发布 trap/compare,心眼儿；恐惧
5743,racine,NOM,B2,5.1989,6,2,3,1,0,13,1,2,3,2,P4_confusable,P4_confusable,0,人工判断形音候选，审校后发布 trap/compare,支根；根目录
5744,réprimer,VER,B2,5.1973,2,1,1,0,0,0,0,1,1,3,P4_confusable,P4_confusable,0,人工判断形音候选，审校后发布 trap/compare,压制；遏止
5745,absorber,VER,B2,5.1916,3,1,2,0,0,5,1,1,1,1,P4_confusable,P4_confusable,0,人工判断形音候选，审校后发布 trap/compare,吸取；吸收
5746,arbitre,NOM,B2,5.1909,3,2,1,0,0,3,1,2,3,2,P4_confusable,P4_confusable,0,人工判断形音候选，审校后发布 trap/compare,裁判；裁判员
5747,rapidité,NOM,B2,5.1909,2,0,1,1,0,2,1,1,3,2,P4_confusable,P4_confusable,0,人工判断形音候选，审校后发布 trap/compare,及时性；急速
5748,détenir,VER,B2,5.1835,2,2,0,0,0,2,1,1,3,1,P4_confusable,P4_confusable|P5_b2c1_synset,0,人工判断形音候选，审校后发布 trap/compare,关押；占有
5749,singulier,ADJ,B2,5.1723,5,0,2,3,0,5,1,1,2,1,P4_confusable,P4_confusable,0,人工判断形音候选，审校后发布 trap/compare,奇特；怪异
5750,attractif,ADJ,B2,5.0868,2,2,0,0,0,2,1,3,2,3,P4_confusable,P4_confusable|P5_b2c1_synset,0,人工判断形音候选，审校后发布 trap/compare,吸引人；颜值高
5751,procédure,NOM,B2,5.0817,7,0,7,0,0,5,1,1,1,2,P4_confusable,P4_confusable,0,人工判断形音候选，审校后发布 trap/compare,条贯；程序
5752,abattre,VER,B2,5.0757,24,2,20,2,0,16,1,1,3,3,P4_confusable,P4_confusable,0,人工判断形音候选，审校后发布 trap/compare,击倒；击坠
5753,typique,ADJ,B2,5.0757,2,1,0,1,0,0,0,1,3,3,P4_confusable,P4_confusable,0,人工判断形音候选，审校后发布 trap/compare,代表性；典型
5754,fosse,NOM,B2,5.0463,2,1,1,0,0,0,0,3,3,1,P4_confusable,P4_confusable,0,人工判断形音候选，审校后发布 trap/compare,坑；坜
5755,concurrent,NOM,B2,5.0423,2,1,1,0,0,0,0,1,3,3,P4_confusable,P4_confusable,0,人工判断形音候选，审校后发布 trap/compare,参赛者；对手
5756,compromis,NOM,B2,5.0415,2,0,2,0,0,2,1,1,2,1,P4_confusable,P4_confusable,0,人工判断形音候选，审校后发布 trap/compare,折衷
5757,projection,NOM,B1,5.0362,4,1,2,1,0,15,1,6,3,2,P4_confusable,P4_confusable,0,人工判断形音候选，审校后发布 trap/compare,愿景
5758,fierté,NOM,B1,5.0196,2,1,1,0,0,2,1,1,2,2,P4_confusable,P4_confusable,0,人工判断形音候选，审校后发布 trap/compare,傲气；气焰
5759,aisé,ADJ,B2,5.019,3,2,1,0,0,4,1,1,2,2,P4_confusable,P4_confusable,0,人工判断形音候选，审校后发布 trap/compare,大方；安逸
5760,performant,ADJ,B2,5.0101,2,0,2,0,0,2,1,1,1,1,P4_confusable,P4_confusable,0,人工判断形音候选，审校后发布 trap/compare,
5761,option,NOM,B1,4.9975,4,1,2,1,0,7,1,1,3,2,P4_confusable,P4_confusable,0,人工判断形音候选，审校后发布 trap/compare,定购；期权
5762,vapeur,NOM,B2,4.9659,3,2,1,0,0,8,1,3,1,1,P4_confusable,P4_confusable,0,人工判断形音候选，审校后发布 trap/compare,头晕；废气
5763,franchement,ADV,B2,4.9593,8,0,8,0,0,4,1,2,3,3,P4_confusable,P4_confusable,0,人工判断形音候选，审校后发布 trap/compare,干脆；索性
5764,occasionnel,ADJ,B2,4.9465,2,1,0,1,0,2,1,0,2,2,P4_confusable,P4_confusable,0,人工判断形音候选，审校后发布 trap/compare,
5765,encombrer,VER,B2,4.9156,2,2,0,0,0,1,1,2,3,3,P4_confusable,P4_confusable|P5_b2c1_synset,0,人工判断形音候选，审校后发布 trap/compare,涌进
5766,conviction,NOM,B2,4.8815,2,0,2,0,0,2,1,1,2,0,P4_confusable,P4_confusable,0,人工判断形音候选，审校后发布 trap/compare,深信
5767,détendre,VER,B1,4.8751,3,2,1,0,0,6,1,2,2,2,P4_confusable,P4_confusable,0,人工判断形音候选，审校后发布 trap/compare,伸开；放松
5768,orgueilleux,ADJ,B2,4.8643,3,1,2,0,0,3,1,0,2,1,P4_confusable,P4_confusable,0,人工判断形音候选，审校后发布 trap/compare,骄傲
5769,licencier,VER,B2,4.8599,4,2,1,1,0,5,1,1,3,3,P4_confusable,P4_confusable,0,人工判断形音候选，审校后发布 trap/compare,裁员；辞退
5770,dispenser,VER,B2,4.8577,2,0,2,0,0,3,1,1,2,2,P4_confusable,P4_confusable,0,人工判断形音候选，审校后发布 trap/compare,免除；分发
5771,conforme,ADJ,B2,4.8496,2,2,0,0,0,3,1,1,3,3,P4_confusable,P4_confusable|P5_b2c1_synset,0,人工判断形音候选，审校后发布 trap/compare,濡忍
5772,antique,ADJ,B2,4.8481,2,0,1,1,0,0,0,0,3,1,P4_confusable,P4_confusable,0,人工判断形音候选，审校后发布 trap/compare,积弊
5773,concilier,VER,B2,4.8438,2,1,1,0,0,3,1,2,2,2,P4_confusable,P4_confusable,0,人工判断形音候选，审校后发布 trap/compare,和解；排解
5774,cliché,NOM,B1,4.8354,3,0,3,0,0,6,1,1,1,2,P4_confusable,P4_confusable,0,人工判断形音候选，审校后发布 trap/compare,口头禅
5775,case,NOM,B1,4.8337,3,0,3,0,0,12,1,0,3,1,P4_confusable,P4_confusable,0,人工判断形音候选，审校后发布 trap/compare,复选框；小屋
5776,temporaire,ADJ,B2,4.8324,5,1,2,2,0,1,1,1,3,3,P4_confusable,P4_confusable,0,人工判断形音候选，审校后发布 trap/compare,一次性；临时
5777,norme,NOM,B2,4.8323,4,2,2,0,0,9,1,5,1,1,P4_confusable,P4_confusable,0,人工判断形音候选，审校后发布 trap/compare,准则；制式
5778,limpide,ADJ,B2,4.8285,2,1,0,1,0,0,0,1,2,1,P4_confusable,P4_confusable,0,人工判断形音候选，审校后发布 trap/compare,剔透；水汪汪
5779,honteux,ADJ,B2,4.8266,3,1,2,0,0,4,1,1,1,1,P4_confusable,P4_confusable,0,人工判断形音候选，审校后发布 trap/compare,可耻；惭愧
5780,provincial,NOM,B1,4.8237,2,1,0,1,0,3,1,0,1,1,P4_confusable,P4_confusable,0,人工判断形音候选，审校后发布 trap/compare,
5781,audace,NOM,B2,4.8076,2,1,1,0,0,2,1,1,1,1,P4_confusable,P4_confusable,0,人工判断形音候选，审校后发布 trap/compare,气魄；胆量
5782,déclin,NOM,B2,4.7938,3,1,0,2,0,2,1,1,3,2,P4_confusable,P4_confusable,0,人工判断形音候选，审校后发布 trap/compare,下挫
5783,puits,NOM,B2,4.7764,3,2,1,0,0,8,1,5,0,2,P4_confusable,P4_confusable,0,人工判断形音候选，审校后发布 trap/compare,水井
5784,aspirer,VER,B2,4.7662,4,2,2,0,0,5,1,1,3,3,P4_confusable,P4_confusable,0,人工判断形音候选，审校后发布 trap/compare,向往；吸入
5785,replier,VER,B1,4.761,3,2,1,0,0,4,1,1,3,3,P4_confusable,P4_confusable,0,人工判断形音候选，审校后发布 trap/compare,
5786,mépriser,VER,B2,4.7458,4,3,1,0,0,2,1,1,3,3,P4_confusable,P4_confusable,0,人工判断形音候选，审校后发布 trap/compare,傲视；嫌弃
5787,rival,NOM,B2,4.726,2,1,1,0,0,1,1,9,3,3,P4_confusable,P4_confusable,0,人工判断形音候选，审校后发布 trap/compare,对头；对手
5788,réconcilier,VER,B2,4.7201,3,0,0,3,0,5,1,1,2,2,P4_confusable,P4_confusable,0,人工判断形音候选，审校后发布 trap/compare,劝解；开通
5789,créateur,ADJ,B2,4.7109,2,2,0,0,0,2,1,1,3,3,P4_confusable,P4_confusable|P5_b2c1_synset,0,人工判断形音候选，审校后发布 trap/compare,创作者；创始人
5790,sentimental,ADJ,B2,4.6997,2,1,0,1,0,2,1,1,3,2,P4_confusable,P4_confusable,0,人工判断形音候选，审校后发布 trap/compare,多情；多愁善感
5791,mineur,NOM,B2,4.6987,2,1,0,1,0,0,0,3,3,1,P4_confusable,P4_confusable,0,人工判断形音候选，审校后发布 trap/compare,年幼；未成
5792,emprisonner,VER,B2,4.6975,3,1,2,0,0,2,1,1,3,1,P4_confusable,P4_confusable,0,人工判断形音候选，审校后发布 trap/compare,关押；囚禁
5793,coïncidence,NOM,B1,4.6828,2,1,1,0,0,2,1,1,3,3,P4_confusable,P4_confusable,0,人工判断形音候选，审校后发布 trap/compare,巧合；机遇
5794,tailler,VER,B2,4.6647,6,1,5,0,0,11,1,1,3,3,P4_confusable,P4_confusable,0,人工判断形音候选，审校后发布 trap/compare,修剪；修整
5795,prudent,ADJ,B1,4.6624,6,2,3,1,0,2,1,3,3,3,P4_confusable,P4_confusable,0,人工判断形音候选，审校后发布 trap/compare,审慎；小心翼翼
5796,voisinage,NOM,B2,4.657,3,0,3,0,0,11,1,0,1,0,P4_confusable,P4_confusable,0,人工判断形音候选，审校后发布 trap/compare,相邻；街坊
5797,couronne,NOM,B1,4.6504,3,1,2,0,0,30,1,1,2,0,P4_confusable,P4_confusable,0,人工判断形音候选，审校后发布 trap/compare,王位；王冠
5798,différencier,VER,B2,4.6415,2,0,1,1,0,2,1,1,3,2,P4_confusable,P4_confusable,0,人工判断形音候选，审校后发布 trap/compare,辨别
5799,lycéen,NOM,B2,4.6332,2,1,1,0,0,1,1,1,2,1,P4_confusable,P4_confusable,0,人工判断形音候选，审校后发布 trap/compare,中学生；男生
5800,réapparaître,VER,B1,4.6077,2,1,0,1,0,1,1,1,1,1,P4_confusable,P4_confusable,0,人工判断形音候选，审校后发布 trap/compare,
5801,cigare,NOM,B1,4.5973,2,1,1,0,0,3,1,1,2,2,P4_confusable,P4_confusable,0,人工判断形音候选，审校后发布 trap/compare,卷烟；烟卷
5802,séduisant,ADJ,B2,4.5752,2,1,1,0,0,1,1,1,1,1,P4_confusable,P4_confusable,0,人工判断形音候选，审校后发布 trap/compare,俊俏；妩媚
5803,sanction,NOM,B2,4.5739,3,1,2,0,0,4,1,0,2,2,P4_confusable,P4_confusable,0,人工判断形音候选，审校后发布 trap/compare,
5804,adoption,NOM,B2,4.5687,3,2,0,1,0,4,1,1,3,3,P4_confusable,P4_confusable,0,人工判断形音候选，审校后发布 trap/compare,收养；领养
5805,derrière,NOM,B2,4.5621,3,0,2,1,0,3,1,0,3,1,P4_confusable,P4_confusable,0,人工判断形音候选，审校后发布 trap/compare,后头；后面
5806,étonné,ADJ,B2,4.5482,2,1,1,0,0,1,1,1,3,3,P4_confusable,P4_confusable,0,人工判断形音候选，审校后发布 trap/compare,惊异；惊讶
5807,alarme,NOM,B2,4.5251,3,1,2,0,0,7,1,1,1,1,P4_confusable,P4_confusable,0,人工判断形音候选，审校后发布 trap/compare,报警器；警号
5808,sensiblement,ADV,B2,4.52,6,0,6,0,0,2,1,1,2,2,P4_confusable,P4_confusable,0,人工判断形音候选，审校后发布 trap/compare,
5809,remords,NOM,B2,4.5109,2,0,2,0,0,1,1,1,0,1,P4_confusable,P4_confusable,0,人工判断形音候选，审校后发布 trap/compare,内疚
5810,vainqueur,NOM,B1,4.5079,3,1,2,0,0,3,1,1,1,1,P4_confusable,P4_confusable,0,人工判断形音候选，审校后发布 trap/compare,胜利者；胜者
5811,accélérer,VER,B1,4.4949,6,2,2,2,0,4,1,3,3,3,P4_confusable,P4_confusable,0,人工判断形音候选，审校后发布 trap/compare,促进；加大油门
5812,nouveau,NOM,B1,4.4837,2,1,1,0,0,3,1,5,3,2,P4_confusable,P4_confusable,0,人工判断形音候选，审校后发布 trap/compare,新人
5813,repenser,VER,B1,4.4831,2,1,1,0,0,2,1,1,2,1,P4_confusable,P4_confusable,0,人工判断形音候选，审校后发布 trap/compare,
5814,vice-président,NOM,B2,4.4761,2,1,1,0,0,0,0,1,1,0,P4_confusable,P4_confusable,0,人工判断形音候选，审校后发布 trap/compare,副主席；副总统
5815,contradiction,NOM,B2,4.4747,3,1,2,0,0,4,1,2,1,3,P4_confusable,P4_confusable,0,人工判断形音候选，审校后发布 trap/compare,矛盾；辩驳
5816,exigence,NOM,B2,4.4654,3,1,2,0,0,5,1,1,2,2,P4_confusable,P4_confusable,0,人工判断形音候选，审校后发布 trap/compare,必要条件；需求
5817,terriblement,ADV,B1,4.4578,2,0,2,0,0,3,1,1,1,1,P4_confusable,P4_confusable,0,人工判断形音候选，审校后发布 trap/compare,得可以；要命
5818,haïr,VER,B1,4.4541,2,1,1,0,0,1,1,2,3,2,P4_confusable,P4_confusable,0,人工判断形音候选，审校后发布 trap/compare,仇恨；怨恨
5819,quasi,ADV,B2,4.4238,2,1,1,0,0,0,0,0,1,2,P4_confusable,P4_confusable,0,人工判断形音候选，审校后发布 trap/compare,
5820,effrayant,ADJ,B2,4.4232,4,1,3,0,0,3,1,2,3,2,P4_confusable,P4_confusable,0,人工判断形音候选，审校后发布 trap/compare,吓人；惊心胆颤
5821,rentable,ADJ,B2,4.4193,3,2,1,0,0,3,1,1,1,2,P4_confusable,P4_confusable,0,人工判断形音候选，审校后发布 trap/compare,合算；赚钱
5822,pacte,NOM,B2,4.4134,4,0,4,0,0,2,1,0,2,3,P4_confusable,P4_confusable,0,人工判断形音候选，审校后发布 trap/compare,公约
5823,rémunération,NOM,B2,4.3964,4,1,3,0,0,3,1,1,1,1,P4_confusable,P4_confusable,0,人工判断形音候选，审校后发布 trap/compare,待遇；报酬
5824,vulnérable,ADJ,B2,4.3876,2,2,0,0,0,2,1,1,1,1,P4_confusable,P4_confusable|P5_b2c1_synset,0,人工判断形音候选，审校后发布 trap/compare,不堪一击；弱势
5825,chérir,VER,B1,4.3809,5,0,5,0,0,2,1,1,3,1,P4_confusable,P4_confusable,0,人工判断形音候选，审校后发布 trap/compare,心疼；怀抱
5826,remédier,VER,B2,4.3711,2,1,1,0,0,1,1,1,1,1,P4_confusable,P4_confusable,0,人工判断形音候选，审校后发布 trap/compare,
5827,protestation,NOM,B2,4.3514,2,1,1,0,0,3,1,1,3,3,P4_confusable,P4_confusable,0,人工判断形音候选，审校后发布 trap/compare,
5828,combler,VER,B2,4.3472,7,1,6,0,0,6,1,0,2,1,P4_confusable,P4_confusable,0,人工判断形音候选，审校后发布 trap/compare,填平；填满
5829,copie,NOM,B2,4.3404,7,1,3,3,0,10,1,2,3,2,P4_confusable,P4_confusable,0,人工判断形音候选，审校后发布 trap/compare,副本；影本
5830,boucle,NOM,B1,4.2968,4,2,2,0,0,18,1,2,2,3,P4_confusable,P4_confusable,0,人工判断形音候选，审校后发布 trap/compare,扣子；搭扣
5831,célébrité,NOM,B2,4.2764,3,0,3,0,0,3,1,1,3,3,P4_confusable,P4_confusable,0,人工判断形音候选，审校后发布 trap/compare,名人；名士
5832,accessible,ADJ,B2,4.2547,3,1,2,0,0,3,1,1,3,1,P4_confusable,P4_confusable,0,人工判断形音候选，审校后发布 trap/compare,
5833,rationnel,ADJ,B2,4.2438,5,3,0,2,0,7,1,1,1,3,P4_confusable,P4_confusable,0,人工判断形音候选，审校后发布 trap/compare,合理；理性
5834,aspiration,NOM,B2,4.2386,5,1,3,1,0,4,1,1,2,3,P4_confusable,P4_confusable,0,人工判断形音候选，审校后发布 trap/compare,吸入；吸气
5835,dureté,NOM,B2,4.2363,12,0,4,8,0,11,1,1,3,3,P4_confusable,P4_confusable,0,人工判断形音候选，审校后发布 trap/compare,刚性；硬度
5836,comparable,ADJ,B2,4.2306,3,2,0,1,0,3,1,1,3,2,P4_confusable,P4_confusable,0,人工判断形音候选，审校后发布 trap/compare,可比
5837,soigneusement,ADV,B1,4.2283,2,0,2,0,0,1,1,1,2,2,P4_confusable,P4_confusable,0,人工判断形音候选，审校后发布 trap/compare,刻意；好好儿
5838,monstrueux,ADJ,B2,4.2039,11,2,7,2,0,8,1,1,2,2,P4_confusable,P4_confusable,0,人工判断形音候选，审校后发布 trap/compare,妖
5839,compréhension,NOM,B2,4.196,3,0,2,1,0,3,1,0,2,2,P4_confusable,P4_confusable,0,人工判断形音候选，审校后发布 trap/compare,会心；体谅
5840,bouchon,NOM,B2,4.194,4,0,4,0,0,17,1,2,0,1,P4_confusable,P4_confusable,0,人工判断形音候选，审校后发布 trap/compare,堵车；瓶颈
5841,criminel,ADJ,B2,4.1859,3,2,1,0,0,4,1,1,3,2,P4_confusable,P4_confusable,0,人工判断形音候选，审校后发布 trap/compare,刑事；犯罪分子
5842,partenariat,NOM,B2,4.1838,2,1,1,0,0,2,1,0,1,0,P4_confusable,P4_confusable,0,人工判断形音候选，审校后发布 trap/compare,伙伴关系
5843,adolescence,NOM,B2,4.1797,2,2,0,0,0,2,1,2,3,2,P4_confusable,P4_confusable|P5_b2c1_synset,0,人工判断形音候选，审校后发布 trap/compare,青少年
5844,coucher,NOM,B1,4.1383,3,0,0,3,0,5,1,1,2,2,P4_confusable,P4_confusable,0,人工判断形音候选，审校后发布 trap/compare,落下；过夜
5845,pli,NOM,B1,4.1315,4,2,2,0,0,15,1,5,2,2,P4_confusable,P4_confusable,0,人工判断形音候选，审校后发布 trap/compare,皱纹
5846,effrayer,VER,B2,4.0691,4,2,2,0,0,1,1,1,3,2,P4_confusable,P4_confusable,0,人工判断形音候选，审校后发布 trap/compare,吓倒；吓唬
5847,redouter,VER,B2,4.0675,2,1,1,0,0,3,1,1,3,2,P4_confusable,P4_confusable,0,人工判断形音候选，审校后发布 trap/compare,怖
5848,attentif,ADJ,B1,4.0594,3,1,2,0,0,2,1,2,3,3,P4_confusable,P4_confusable,0,人工判断形音候选，审校后发布 trap/compare,仔细；体贴
5849,affrontement,NOM,B2,4.0544,3,1,2,0,0,2,1,1,2,1,P4_confusable,P4_confusable,0,人工判断形音候选，审校后发布 trap/compare,豗
5850,militant,ADJ,B2,4.0527,2,2,0,0,0,3,1,1,3,3,P4_confusable,P4_confusable|P5_b2c1_synset,0,人工判断形音候选，审校后发布 trap/compare,战士；斗士
5851,fondement,NOM,B2,4.019,5,2,3,0,0,8,1,1,3,1,P4_confusable,P4_confusable,0,人工判断形音候选，审校后发布 trap/compare,依据；地脚
5852,traité,NOM,B2,4.0071,2,1,1,0,0,3,1,1,3,3,P4_confusable,P4_confusable,0,人工判断形音候选，审校后发布 trap/compare,条约；论文
5853,monarchie,NOM,B1,3.9791,2,1,0,1,0,3,1,1,2,2,P4_confusable,P4_confusable,0,人工判断形音候选，审校后发布 trap/compare,
5854,répartition,NOM,B2,3.937,4,1,3,0,0,4,1,1,3,2,P4_confusable,P4_confusable,0,人工判断形音候选，审校后发布 trap/compare,事业部；分布
5855,enflammer,VER,B2,3.9209,4,2,2,0,0,3,1,1,3,2,P4_confusable,P4_confusable,0,人工判断形音候选，审校后发布 trap/compare,发炎；点燃
5856,admirateur,NOM,B2,3.9191,2,2,0,0,0,1,1,1,3,3,P4_confusable,P4_confusable|P5_b2c1_synset,0,人工判断形音候选，审校后发布 trap/compare,
5857,four,NOM,B1,3.9152,3,0,2,1,0,12,1,1,3,3,P4_confusable,P4_confusable,0,人工判断形音候选，审校后发布 trap/compare,炉子；烤箱
5858,tolérer,VER,B2,3.8762,3,2,1,0,0,4,1,3,3,3,P4_confusable,P4_confusable,0,人工判断形音候选，审校后发布 trap/compare,包容；容忍
5859,caserne,NOM,B1,3.8714,2,0,2,0,0,2,1,0,2,1,P4_confusable,P4_confusable,0,人工判断形音候选，审校后发布 trap/compare,兵营
5860,excessif,ADJ,B2,3.861,8,2,5,1,0,2,1,1,2,3,P4_confusable,P4_confusable,0,人工判断形音候选，审校后发布 trap/compare,偏激；极度
5861,bienfait,NOM,B2,3.8514,2,1,0,1,0,1,1,2,1,3,P4_confusable,P4_confusable,0,人工判断形音候选，审校后发布 trap/compare,恩惠
5862,digue,NOM,B2,3.8438,3,1,2,0,0,4,1,1,3,0,P4_confusable,P4_confusable,0,人工判断形音候选，审校后发布 trap/compare,堤坝；堤防
5863,natalité,NOM,B2,3.8431,2,1,0,1,0,1,1,1,2,2,P4_confusable,P4_confusable,0,人工判断形音候选，审校后发布 trap/compare,
5864,inégal,ADJ,B2,3.8088,3,2,0,1,0,4,1,1,1,2,P4_confusable,P4_confusable,0,人工判断形音候选，审校后发布 trap/compare,不均；参差不齐
5865,piquer,VER,B1,3.7915,4,3,1,0,0,38,1,5,3,3,P4_confusable,P4_confusable,0,人工判断形音候选，审校后发布 trap/compare,刺伤
5866,marin,NOM,B2,3.779,3,1,2,0,0,5,1,1,2,2,P4_confusable,P4_confusable,0,人工判断形音候选，审校后发布 trap/compare,水手；海事
5867,agression,NOM,B2,3.7749,2,2,0,0,0,1,1,1,3,3,P4_confusable,P4_confusable|P5_b2c1_synset,0,人工判断形音候选，审校后发布 trap/compare,侵略
5868,bruyant,ADJ,B1,3.756,2,1,0,1,0,2,1,1,2,2,P4_confusable,P4_confusable,0,人工判断形音候选，审校后发布 trap/compare,吵杂；嘈杂
5869,spirituel,ADJ,B2,3.755,3,1,0,2,0,8,1,1,3,3,P4_confusable,P4_confusable,0,人工判断形音候选，审校后发布 trap/compare,妙趣
5870,impossible,NOM,B1,3.7462,2,1,0,1,0,3,1,1,3,3,P4_confusable,P4_confusable,0,人工判断形音候选，审校后发布 trap/compare,不可能；办不到
5871,dictionnaire,NOM,B2,3.7441,4,0,4,0,0,5,1,4,2,1,P4_confusable,P4_confusable,0,人工判断形音候选，审校后发布 trap/compare,字典；词典
5872,répertoire,NOM,B1,3.7322,3,1,2,0,0,7,1,0,1,0,P4_confusable,P4_confusable,0,人工判断形音候选，审校后发布 trap/compare,剧目；文件夹
5873,aujourd'hui,NOM,B2,3.7221,2,1,1,0,0,1,1,1,1,1,P4_confusable,P4_confusable,0,人工判断形音候选，审校后发布 trap/compare,今儿；今天
5874,raisonnement,NOM,B2,3.7179,2,1,0,1,0,3,1,1,3,1,P4_confusable,P4_confusable,0,人工判断形音候选，审校后发布 trap/compare,思路；推理
5875,jadis,ADV,B2,3.716,2,0,1,1,0,1,1,0,2,1,P4_confusable,P4_confusable,0,人工判断形音候选，审校后发布 trap/compare,往日；往昔
5876,investissement,NOM,B2,3.7103,2,1,1,0,0,0,0,1,3,3,P4_confusable,P4_confusable,0,人工判断形音候选，审校后发布 trap/compare,投入；投资
5877,recul,NOM,B2,3.6866,6,1,3,2,0,8,1,1,2,3,P4_confusable,P4_confusable,0,人工判断形音候选，审校后发布 trap/compare,
5878,coffret,NOM,B1,3.6784,2,1,1,0,0,1,1,1,3,0,P4_confusable,P4_confusable,0,人工判断形音候选，审校后发布 trap/compare,盒
5879,éternellement,ADV,B2,3.6767,2,0,2,0,0,3,1,1,1,2,P4_confusable,P4_confusable,0,人工判断形音候选，审校后发布 trap/compare,一生一世；永远
5880,roche,NOM,B1,3.6721,4,3,1,0,0,6,1,1,3,3,P4_confusable,P4_confusable,0,人工判断形音候选，审校后发布 trap/compare,岩石
5881,abbé,NOM,B1,3.6281,3,0,3,0,0,5,1,1,1,3,P4_confusable,P4_confusable,0,人工判断形音候选，审校后发布 trap/compare,方丈
5882,agresser,VER,B1,3.6264,3,3,0,0,0,1,1,4,3,3,P4_confusable,P4_confusable,0,人工判断形音候选，审校后发布 trap/compare,拦劫
5883,défaire,VER,B2,3.5894,3,1,2,0,0,13,1,1,3,1,P4_confusable,P4_confusable,0,人工判断形音候选，审校后发布 trap/compare,拆开；撤销
5884,atténuer,VER,B2,3.5884,4,0,3,1,0,2,1,1,3,2,P4_confusable,P4_confusable,0,人工判断形音候选，审校后发布 trap/compare,冲淡；减弱
5885,respectif,ADJ,B2,3.5884,2,2,0,0,0,2,1,1,3,3,P4_confusable,P4_confusable|P5_b2c1_synset,0,人工判断形音候选，审校后发布 trap/compare,
5886,défiler,VER,B2,3.5837,4,4,0,0,0,10,1,1,3,2,P4_confusable,P4_confusable|P5_b2c1_synset,0,人工判断形音候选，审校后发布 trap/compare,
5887,brique,NOM,B2,3.5833,3,1,2,0,0,9,1,1,3,3,P4_confusable,P4_confusable,0,人工判断形音候选，审校后发布 trap/compare,砖头
5888,bénéfique,ADJ,B2,3.5807,2,0,0,2,0,1,1,1,3,3,P4_confusable,P4_confusable,0,人工判断形音候选，审校后发布 trap/compare,有助；有益
5889,disperser,VER,B2,3.5796,3,0,2,1,0,5,1,0,1,0,P4_confusable,P4_confusable,0,人工判断形音候选，审校后发布 trap/compare,分散；四散
5890,résistant,ADJ,B2,3.5762,2,1,0,1,0,3,1,1,3,2,P4_confusable,P4_confusable,0,人工判断形音候选，审校后发布 trap/compare,坚固；结实
5891,demandeur,NOM,B2,3.5747,2,1,1,0,0,2,1,1,2,3,P4_confusable,P4_confusable,0,人工判断形音候选，审校后发布 trap/compare,申请人
5892,prôner,VER,B2,3.5718,7,0,5,2,0,3,1,0,3,3,P4_confusable,P4_confusable,0,人工判断形音候选，审校后发布 trap/compare,主张；宣扬
5893,familier,NOM,B2,3.5625,2,1,1,0,0,0,0,1,3,3,P4_confusable,P4_confusable,0,人工判断形音候选，审校后发布 trap/compare,亲信；亲切
5894,habileté,NOM,B2,3.5605,3,1,2,0,0,3,1,1,1,1,P4_confusable,P4_confusable,0,人工判断形音候选，审校后发布 trap/compare,出手；功力
5895,foncé,ADJ,B2,3.5519,2,1,1,0,0,1,1,1,2,3,P4_confusable,P4_confusable,0,人工判断形音候选，审校后发布 trap/compare,黝黑
5896,bonté,NOM,B1,3.5495,4,0,4,0,0,8,1,1,2,2,P4_confusable,P4_confusable,0,人工判断形音候选，审校后发布 trap/compare,仁慈；善心
5897,déception,NOM,B2,3.5428,3,0,2,1,0,2,1,0,2,1,P4_confusable,P4_confusable,0,人工判断形音候选，审校后发布 trap/compare,不如意；失落
5898,infectieux,ADJ,B2,3.541,2,1,1,0,0,2,1,1,3,3,P4_confusable,P4_confusable,0,人工判断形音候选，审校后发布 trap/compare,
5899,rétablir,VER,B2,3.5374,3,2,1,0,0,5,1,1,3,3,P4_confusable,P4_confusable,0,人工判断形音候选，审校后发布 trap/compare,恢复，重建
5900,déçu,ADJ,B1,3.5216,3,0,0,3,0,2,1,0,3,0,P4_confusable,P4_confusable,0,人工判断形音候选，审校后发布 trap/compare,失意；怅怅然
5901,semblant,NOM,B1,3.5138,2,1,1,0,0,3,1,1,3,2,P4_confusable,P4_confusable,0,人工判断形音候选，审校后发布 trap/compare,外貌
5902,crépuscule,NOM,B2,3.5106,2,0,0,2,0,3,1,0,2,0,P4_confusable,P4_confusable,0,人工判断形音候选，审校后发布 trap/compare,余晖；天黑
5903,démolir,VER,B1,3.4926,6,0,3,2,1,4,1,0,1,1,P4_confusable,P4_confusable,0,人工判断形音候选，审校后发布 trap/compare,拆除；拆毁；痛击
5904,défigurer,VER,B2,3.4864,2,1,1,0,0,2,1,1,3,3,P4_confusable,P4_confusable,0,人工判断形音候选，审校后发布 trap/compare,毁容
5905,dynamisme,NOM,B2,3.4811,2,0,1,1,0,2,1,2,2,2,P4_confusable,P4_confusable,0,人工判断形音候选，审校后发布 trap/compare,冲劲；动感
5906,aptitude,NOM,B2,3.4691,10,0,9,1,0,2,1,1,3,0,P4_confusable,P4_confusable,0,人工判断形音候选，审校后发布 trap/compare,性向；才干
5907,titulaire,ADJ,B2,3.4574,2,1,0,1,0,2,1,3,3,3,P4_confusable,P4_confusable,0,人工判断形音候选，审校后发布 trap/compare,持有人
5908,optimiste,ADJ,B2,3.4554,2,1,0,1,0,3,1,0,1,3,P4_confusable,P4_confusable,0,人工判断形音候选，审校后发布 trap/compare,乐观；看好
5909,obsession,NOM,B2,3.447,2,2,0,0,0,3,1,1,2,2,P4_confusable,P4_confusable|P5_b2c1_synset,0,人工判断形音候选，审校后发布 trap/compare,执著；热衷
5910,successif,ADJ,B1,3.4438,3,2,1,0,0,3,1,1,2,3,P4_confusable,P4_confusable,0,人工判断形音候选，审校后发布 trap/compare,有序；连续
5911,incendier,VER,B1,3.4347,3,1,2,0,0,6,1,1,2,2,P4_confusable,P4_confusable,0,人工判断形音候选，审校后发布 trap/compare,放火；焚烧
5912,avènement,NOM,B2,3.4314,2,1,0,1,0,3,1,1,3,1,P4_confusable,P4_confusable,0,人工判断形音候选，审校后发布 trap/compare,
5913,nouer,VER,B2,3.4195,4,2,1,1,0,7,1,2,3,1,P4_confusable,P4_confusable,0,人工判断形音候选，审校后发布 trap/compare,打结
5914,lâche,ADJ,B1,3.3953,3,0,1,2,0,5,1,3,3,2,P4_confusable,P4_confusable,0,人工判断形音候选，审校后发布 trap/compare,懦夫；懦弱
5915,brutalement,ADV,B2,3.3871,4,0,4,0,0,2,1,1,2,2,P4_confusable,P4_confusable,0,人工判断形音候选，审校后发布 trap/compare,陡然
5916,convaincant,ADJ,B1,3.3863,2,1,1,0,0,1,1,1,1,1,P4_confusable,P4_confusable,0,人工判断形音候选，审校后发布 trap/compare,剀切
5917,impatient,ADJ,B1,3.3796,3,1,2,0,0,2,1,1,2,2,P4_confusable,P4_confusable,0,人工判断形音候选，审校后发布 trap/compare,心切；心急
5918,adjoindre,VER,B2,3.3772,2,1,1,0,0,3,1,1,2,2,P4_confusable,P4_confusable,0,人工判断形音候选，审校后发布 trap/compare,附上
5919,extension,NOM,B2,3.3754,7,1,2,4,0,14,1,1,2,0,P4_confusable,P4_confusable,0,人工判断形音候选，审校后发布 trap/compare,伸开；分机
5920,uni,ADJ,B1,3.3488,3,1,1,1,0,6,1,0,0,2,P4_confusable,P4_confusable,0,人工判断形音候选，审校后发布 trap/compare,平坦；平整
5921,soupçon,NOM,B2,3.3076,3,1,2,0,0,4,1,1,1,1,P4_confusable,P4_confusable,0,人工判断形音候选，审校后发布 trap/compare,嫌疑；怀疑
5922,démentir,VER,B2,3.3067,3,0,3,0,0,6,1,1,1,2,P4_confusable,P4_confusable,0,人工判断形音候选，审校后发布 trap/compare,不符
5923,fracture,NOM,B2,3.3058,2,0,2,0,0,3,1,1,2,1,P4_confusable,P4_confusable,0,人工判断形音候选，审校后发布 trap/compare,骨折
5924,affaiblir,VER,B2,3.3035,3,0,1,2,0,2,1,2,2,1,P4_confusable,P4_confusable,0,人工判断形音候选，审校后发布 trap/compare,冲淡；减弱
5925,générer,VER,B2,3.2923,2,1,1,0,0,1,1,1,3,2,P4_confusable,P4_confusable,0,人工判断形音候选，审校后发布 trap/compare,生出
5926,capter,VER,B2,3.2606,4,1,2,1,0,8,1,1,3,2,P4_confusable,P4_confusable,0,人工判断形音候选，审校后发布 trap/compare,接收；撷取
5927,panique,NOM,B1,3.2468,3,1,1,1,0,2,1,1,3,3,P4_confusable,P4_confusable,0,人工判断形音候选，审校后发布 trap/compare,恐慌；惊惧
5928,probable,ADJ,B2,3.2459,2,1,1,0,0,3,1,2,2,3,P4_confusable,P4_confusable,0,人工判断形音候选，审校后发布 trap/compare,可能
5929,illégal,ADJ,B1,3.2458,4,1,1,2,0,1,1,1,2,2,P4_confusable,P4_confusable,0,人工判断形音候选，审校后发布 trap/compare,不合法；违规
5930,élimination,NOM,B2,3.2411,2,1,1,0,0,3,1,1,2,2,P4_confusable,P4_confusable,0,人工判断形音候选，审校后发布 trap/compare,除去
5931,expérimentation,NOM,B2,3.2387,2,1,1,0,0,2,1,1,3,3,P4_confusable,P4_confusable,0,人工判断形音候选，审校后发布 trap/compare,
5932,plancher,NOM,B2,3.2305,3,1,1,1,0,6,1,1,2,2,P4_confusable,P4_confusable,0,人工判断形音候选，审校后发布 trap/compare,地板；地面
5933,sécuriser,VER,B2,3.2211,2,1,1,0,0,3,1,1,2,2,P4_confusable,P4_confusable,0,人工判断形音候选，审校后发布 trap/compare,
5934,théorique,ADJ,B2,3.22,2,2,0,0,0,2,1,0,3,3,P4_confusable,P4_confusable|P5_b2c1_synset,0,人工判断形音候选，审校后发布 trap/compare,
5935,catastrophique,ADJ,B2,3.217,2,1,1,0,0,2,1,0,1,1,P4_confusable,P4_confusable,0,人工判断形音候选，审校后发布 trap/compare,
5936,virer,VER,B2,3.2139,3,1,1,1,0,16,1,5,3,1,P4_confusable,P4_confusable,0,人工判断形音候选，审校后发布 trap/compare,拐弯儿；转帐
5937,destruction,NOM,B2,3.2106,5,1,3,1,0,2,1,1,1,2,P4_confusable,P4_confusable,0,人工判断形音候选，审校后发布 trap/compare,覆灭
5938,administrer,VER,B2,3.1959,3,2,1,0,0,8,1,1,3,3,P4_confusable,P4_confusable,0,人工判断形音候选，审校后发布 trap/compare,代管；治理
5939,titulaire,NOM,B2,3.1886,2,1,1,0,0,3,1,3,3,1,P4_confusable,P4_confusable,0,人工判断形音候选，审校后发布 trap/compare,持有人
5940,embêter,VER,B2,3.1805,4,1,3,0,0,3,1,2,1,0,P4_confusable,P4_confusable,0,人工判断形音候选，审校后发布 trap/compare,为难；打扰
5941,féminisme,NOM,B1,3.179,2,0,0,2,0,2,1,1,0,2,P4_confusable,P4_confusable,0,人工判断形音候选，审校后发布 trap/compare,
5942,recruter,VER,B2,3.1756,3,2,1,0,0,6,1,1,3,3,P4_confusable,P4_confusable,0,人工判断形音候选，审校后发布 trap/compare,吸取；吸收
5943,reconstituer,VER,B2,3.175,2,1,1,0,0,3,1,1,3,2,P4_confusable,P4_confusable,0,人工判断形音候选，审校后发布 trap/compare,重组
5944,consentir,VER,B2,3.1644,4,1,3,0,0,5,1,1,2,2,P4_confusable,P4_confusable,0,人工判断形音候选，审校后发布 trap/compare,允诺；同意
5945,conservation,NOM,B2,3.1634,2,0,1,1,0,2,1,1,3,2,P4_confusable,P4_confusable,0,人工判断形音候选，审校后发布 trap/compare,保养；保管
5946,colocataire,NOM,B1,3.1554,2,2,0,0,0,2,1,1,2,2,P4_confusable,P4_confusable,0,人工判断形音候选，审校后发布 trap/compare,同住
5947,multitude,NOM,B2,3.1528,14,0,14,0,0,2,1,0,1,1,P4_confusable,P4_confusable,0,人工判断形音候选，审校后发布 trap/compare,万众；人海
5948,stocker,VER,B2,3.1514,2,2,0,0,0,2,1,0,2,1,P4_confusable,P4_confusable|P5_b2c1_synset,0,人工判断形音候选，审校后发布 trap/compare,囤积；存储
5949,interdit,NOM,B2,3.1477,4,2,2,0,0,7,1,2,3,3,P4_confusable,P4_confusable,0,人工判断形音候选，审校后发布 trap/compare,被禁；被禁止
5950,pénal,ADJ,B2,3.1449,2,2,0,0,0,1,1,1,3,3,P4_confusable,P4_confusable|P5_b2c1_synset,0,人工判断形音候选，审校后发布 trap/compare,刑事
5951,légal,ADJ,B2,3.1247,7,2,3,2,0,4,1,1,2,2,P4_confusable,P4_confusable,0,人工判断形音候选，审校后发布 trap/compare,合法；法定
5952,sobre,ADJ,B2,3.1137,4,0,3,1,0,5,1,0,0,1,P4_confusable,P4_confusable,0,人工判断形音候选，审校后发布 trap/compare,朴素；简练
5953,pasteur,NOM,B2,3.1127,2,1,1,0,0,3,1,2,2,0,P4_confusable,P4_confusable,0,人工判断形音候选，审校后发布 trap/compare,牧民
5954,mou,ADJ,B2,3.1071,4,2,1,1,0,11,1,5,2,2,P4_confusable,P4_confusable,0,人工判断形音候选，审校后发布 trap/compare,松软；柔弱的
5955,ancrer,VER,B2,3.1047,3,2,1,0,0,4,1,1,3,3,P4_confusable,P4_confusable,0,人工判断形音候选，审校后发布 trap/compare,
5956,refroidissement,NOM,B2,3.0982,2,1,0,1,0,3,1,2,1,1,P4_confusable,P4_confusable,0,人工判断形音候选，审校后发布 trap/compare,
5957,constructeur,NOM,B2,3.0968,3,1,2,0,0,2,1,1,1,2,P4_confusable,P4_confusable,0,人工判断形音候选，审校后发布 trap/compare,制造者；建设者
5958,rayonnement,NOM,B2,3.0901,2,1,1,0,0,3,1,1,3,3,P4_confusable,P4_confusable,0,人工判断形音候选，审校后发布 trap/compare,威望；辐射
5959,ouest,ADJ,B1,3.0848,2,0,1,1,0,1,1,0,1,2,P4_confusable,P4_confusable,0,人工判断形音候选，审校后发布 trap/compare,西方；西面
5960,actionner,VER,B2,3.0819,2,1,1,0,0,2,1,1,3,3,P4_confusable,P4_confusable,0,人工判断形音候选，审校后发布 trap/compare,牵动
5961,occasionner,VER,B2,3.0674,2,1,1,0,0,1,1,0,2,2,P4_confusable,P4_confusable,0,人工判断形音候选，审校后发布 trap/compare,
5962,bandit,NOM,B2,3.0621,7,1,5,1,0,2,1,0,0,3,P4_confusable,P4_confusable,0,人工判断形音候选，审校后发布 trap/compare,匪徒；土匪
5963,usager,NOM,B2,3.0621,4,1,3,0,0,1,1,1,2,2,P4_confusable,P4_confusable,0,人工判断形音候选，审校后发布 trap/compare,使用者
5964,réplique,NOM,B2,3.0515,3,1,2,0,0,9,1,0,3,1,P4_confusable,P4_confusable,0,人工判断形音候选，审校后发布 trap/compare,辩驳
5965,butte,NOM,B2,3.0502,5,1,4,0,0,6,1,1,3,3,P4_confusable,P4_confusable,0,人工判断形音候选，审校后发布 trap/compare,包包
5966,surfer,VER,B2,3.0448,2,1,1,0,0,3,1,1,2,1,P4_confusable,P4_confusable,0,人工判断形音候选，审校后发布 trap/compare,
5967,ruse,NOM,B2,3.0409,2,1,1,0,0,3,1,1,3,1,P4_confusable,P4_confusable,0,人工判断形音候选，审校后发布 trap/compare,伎俩；手脚
5968,égoïste,ADJ,B2,3.0155,2,2,0,0,0,2,1,0,3,2,P4_confusable,P4_confusable|P5_b2c1_synset,0,人工判断形音候选，审校后发布 trap/compare,自私
5969,boulot,ADJ,B1,3.01,2,0,1,1,0,1,1,1,3,2,P4_confusable,P4_confusable,0,人工判断形音候选，审校后发布 trap/compare,活儿
5970,horizontal,ADJ,B2,3.0013,2,0,0,2,0,2,1,1,1,1,P4_confusable,P4_confusable,0,人工判断形音候选，审校后发布 trap/compare,卧式；横向
5971,tragédie,NOM,B1,2.9987,3,0,3,0,0,3,1,1,1,0,P4_confusable,P4_confusable,0,人工判断形音候选，审校后发布 trap/compare,悲剧
5972,habituellement,ADV,B1,2.9959,2,0,2,0,0,1,1,1,3,2,P4_confusable,P4_confusable,0,人工判断形音候选，审校后发布 trap/compare,平时；往常
5973,perpétuer,VER,B2,2.9795,2,1,1,0,0,1,1,0,1,1,P4_confusable,P4_confusable,0,人工判断形音候选，审校后发布 trap/compare,
5974,arrestation,NOM,B1,2.9688,2,1,1,0,0,2,1,1,1,2,P4_confusable,P4_confusable,0,人工判断形音候选，审校后发布 trap/compare,逮捕
5975,scandaleux,ADJ,B2,2.9437,2,1,1,0,0,1,1,1,3,2,P4_confusable,P4_confusable,0,人工判断形音候选，审校后发布 trap/compare,不像话；匪夷所思
5976,rêverie,NOM,B1,2.9425,2,0,2,0,0,2,1,1,2,0,P4_confusable,P4_confusable,0,人工判断形音候选，审校后发布 trap/compare,梦话；痴想
5977,soucier,VER,B2,2.9343,3,1,2,0,0,3,1,1,2,2,P4_confusable,P4_confusable,0,人工判断形音候选，审校后发布 trap/compare,
5978,copier,VER,B2,2.9309,4,2,2,0,0,5,1,1,3,2,P4_confusable,P4_confusable,0,人工判断形音候选，审校后发布 trap/compare,临摹；仿制
5979,truffe,NOM,B2,2.8719,3,1,2,0,0,7,1,0,2,1,P4_confusable,P4_confusable,0,人工判断形音候选，审校后发布 trap/compare,
5980,indigner,VER,B1,2.8716,2,1,1,0,0,2,1,1,3,2,P4_confusable,P4_confusable,0,人工判断形音候选，审校后发布 trap/compare,愤慨
5981,pompe,NOM,B2,2.8716,5,4,0,1,0,14,1,4,3,3,P4_confusable,P4_confusable,0,人工判断形音候选，审校后发布 trap/compare,帮浦；泵浦
5982,débutant,ADJ,B1,2.8588,2,1,1,0,0,1,1,1,2,1,P4_confusable,P4_confusable,0,人工判断形音候选，审校后发布 trap/compare,初学者；新手
5983,expérimenter,VER,B2,2.8425,2,2,0,0,0,2,1,3,3,3,P4_confusable,P4_confusable|P5_b2c1_synset,0,人工判断形音候选，审校后发布 trap/compare,体验；历经
5984,résolument,ADV,B2,2.8296,2,0,2,0,0,3,1,1,3,1,P4_confusable,P4_confusable,0,人工判断形音候选，审校后发布 trap/compare,斩钉截铁；狠狠
5985,réparation,NOM,B1,2.8071,3,1,1,1,0,8,1,1,3,3,P4_confusable,P4_confusable,0,人工判断形音候选，审校后发布 trap/compare,
5986,équivalent,ADJ,B2,2.7965,3,1,2,0,0,1,1,1,2,3,P4_confusable,P4_confusable,0,人工判断形音候选，审校后发布 trap/compare,对等；相当
5987,rempart,NOM,B2,2.7955,2,0,2,0,0,3,1,1,2,3,P4_confusable,P4_confusable,0,人工判断形音候选，审校后发布 trap/compare,壁垒
5988,abondant,ADJ,B1,2.7821,3,1,2,0,0,6,1,2,3,3,P4_confusable,P4_confusable,0,人工判断形音候选，审校后发布 trap/compare,不菲；丰富
5989,épouvanter,VER,B2,2.7811,2,2,0,0,0,2,1,1,3,2,P4_confusable,P4_confusable|P5_b2c1_synset,0,人工判断形音候选，审校后发布 trap/compare,
5990,biologie,NOM,B2,2.7739,2,2,0,0,0,2,1,2,3,3,P4_confusable,P4_confusable|P5_b2c1_synset,0,人工判断形音候选，审校后发布 trap/compare,生物学
5991,cordon,NOM,B2,2.7607,3,0,3,0,0,43,1,0,3,2,P4_confusable,P4_confusable,0,人工判断形音候选，审校后发布 trap/compare,线缆
5992,faiblement,ADV,B1,2.7435,2,1,0,1,0,1,1,2,3,3,P4_confusable,P4_confusable,0,人工判断形音候选，审校后发布 trap/compare,
5993,audacieux,ADJ,B2,2.7428,3,1,2,0,0,4,1,1,2,1,P4_confusable,P4_confusable,0,人工判断形音候选，审校后发布 trap/compare,大胆；果敢
5994,sculpter,VER,B2,2.7379,2,1,1,0,0,2,1,1,1,2,P4_confusable,P4_confusable,0,人工判断形音候选，审校后发布 trap/compare,雕刻
5995,perfectionner,VER,B1,2.732,3,1,2,0,0,2,1,1,2,2,P4_confusable,P4_confusable,0,人工判断形音候选，审校后发布 trap/compare,改进
5996,anesthésie,NOM,B2,2.7187,2,2,0,0,0,1,1,2,2,2,P4_confusable,P4_confusable|P5_b2c1_synset,0,人工判断形音候选，审校后发布 trap/compare,麻醉
5997,déprimer,VER,B1,2.7099,5,2,2,1,0,5,1,2,2,3,P4_confusable,P4_confusable,0,人工判断形音候选，审校后发布 trap/compare,
5998,salir,VER,B1,2.6934,7,0,5,2,0,5,1,2,3,3,P4_confusable,P4_confusable,0,人工判断形音候选，审校后发布 trap/compare,弄脏；搞乌龙
5999,extrémité,NOM,B2,2.6933,5,1,4,0,0,7,1,2,1,1,P4_confusable,P4_confusable,0,人工判断形音候选，审校后发布 trap/compare,尽头；界限
6000,décentraliser,VER,B2,2.6786,2,1,0,1,0,2,1,0,1,2,P4_confusable,P4_confusable,0,人工判断形音候选，审校后发布 trap/compare,下放；放权
6001,paresseux,NOM,B2,2.6614,2,1,1,0,0,2,1,1,1,2,P4_confusable,P4_confusable,0,人工判断形音候选，审校后发布 trap/compare,懒人；懒惰
6002,souterrain,ADJ,B2,2.6556,3,1,1,1,0,4,1,1,1,1,P4_confusable,P4_confusable,0,人工判断形音候选，审校后发布 trap/compare,地下；地底
6003,dévouement,NOM,B2,2.6538,2,0,2,0,0,3,1,1,2,1,P4_confusable,P4_confusable,0,人工判断形音候选，审校后发布 trap/compare,
6004,magicien,NOM,B1,2.6538,3,0,3,0,0,3,1,1,0,3,P4_confusable,P4_confusable,0,人工判断形音候选，审校后发布 trap/compare,巫师；马子
6005,désastre,NOM,B2,2.6441,2,1,1,0,0,1,1,1,1,2,P4_confusable,P4_confusable,0,人工判断形音候选，审校后发布 trap/compare,大祸；大败
6006,borne,NOM,B2,2.624,9,1,8,0,0,13,1,4,2,3,P4_confusable,P4_confusable,0,人工判断形音候选，审校后发布 trap/compare,公里；界限
6007,zéro,NOM,B1,2.622,5,0,5,0,0,11,1,0,2,0,P4_confusable,P4_confusable,0,人工判断形音候选，审校后发布 trap/compare,〇；零
6008,réglementer,VER,B2,2.6203,2,2,0,0,0,1,1,1,3,1,P4_confusable,P4_confusable|P5_b2c1_synset,0,人工判断形音候选，审校后发布 trap/compare,絜
6009,conscient,ADJ,B2,2.6193,3,1,0,2,0,1,1,3,3,3,P4_confusable,P4_confusable,0,人工判断形音候选，审校后发布 trap/compare,有意识；睡醒
6010,division,NOM,B2,2.6193,12,1,6,5,0,17,1,1,2,3,P4_confusable,P4_confusable,0,人工判断形音候选，审校后发布 trap/compare,不和；事业部
6011,globalisation,NOM,B2,2.6173,2,1,1,0,0,2,1,1,2,1,P4_confusable,P4_confusable,0,人工判断形音候选，审校后发布 trap/compare,
6012,détriment,NOM,B2,2.6148,2,0,2,0,0,3,1,0,2,0,P4_confusable,P4_confusable,0,人工判断形音候选，审校后发布 trap/compare,
6013,méthodologie,NOM,B2,2.5979,3,0,3,0,0,3,1,1,2,1,P4_confusable,P4_confusable,0,人工判断形音候选，审校后发布 trap/compare,方法论
6014,agacer,VER,B2,2.5863,2,1,1,0,0,3,1,1,1,1,P4_confusable,P4_confusable,0,人工判断形音候选，审校后发布 trap/compare,缠绕
6015,rebelle,ADJ,B1,2.582,3,0,2,1,0,6,1,2,3,2,P4_confusable,P4_confusable,0,人工判断形音候选，审校后发布 trap/compare,反叛分子
6016,convier,VER,B2,2.5805,2,1,1,0,0,2,1,0,3,1,P4_confusable,P4_confusable,0,人工判断形音候选，审校后发布 trap/compare,
6017,minimal,ADJ,B2,2.579,3,2,0,1,0,1,1,1,2,2,P4_confusable,P4_confusable,0,人工判断形音候选，审校后发布 trap/compare,甚微
6018,assembler,VER,B2,2.5779,4,2,2,0,0,6,1,3,3,3,P4_confusable,P4_confusable,0,人工判断形音候选，审校后发布 trap/compare,会合；会聚
6019,épicier,NOM,B2,2.5761,2,1,1,0,0,2,1,1,1,2,P4_confusable,P4_confusable,0,人工判断形音候选，审校后发布 trap/compare,
6020,bombe,NOM,B2,2.5672,4,1,3,0,0,18,1,1,2,3,P4_confusable,P4_confusable,0,人工判断形音候选，审校后发布 trap/compare,炸弹
6021,complice,NOM,B2,2.5593,2,0,1,1,0,1,1,1,2,3,P4_confusable,P4_confusable,0,人工判断形音候选，审校后发布 trap/compare,同伙；团伙
6022,consigne,NOM,B2,2.5593,6,1,5,0,0,7,1,1,3,2,P4_confusable,P4_confusable,0,人工判断形音候选，审校后发布 trap/compare,押金
6023,défaite,NOM,B2,2.5538,3,1,1,1,0,4,1,1,3,2,P4_confusable,P4_confusable,0,人工判断形音候选，审校后发布 trap/compare,弊
6024,académie,NOM,B2,2.5532,3,2,1,0,0,8,1,2,3,2,P4_confusable,P4_confusable,0,人工判断形音候选，审校后发布 trap/compare,学园；学术界
6025,compliqué,ADJ,B2,2.5512,2,0,2,0,0,1,1,1,3,3,P4_confusable,P4_confusable,0,人工判断形音候选，审校后发布 trap/compare,啰唆；啰嗦
6026,inconscient,ADJ,B2,2.5471,3,1,0,2,0,5,1,2,1,1,P4_confusable,P4_confusable,0,人工判断形音候选，审校后发布 trap/compare,不自觉；无意识
6027,race,NOM,B2,2.5454,3,3,0,0,0,10,1,3,2,3,P4_confusable,P4_confusable|P5_b2c1_synset,0,人工判断形音候选，审校后发布 trap/compare,种族
6028,remboursement,NOM,B2,2.5431,2,1,1,0,0,1,1,1,3,1,P4_confusable,P4_confusable,0,人工判断形音候选，审校后发布 trap/compare,还款；退款
6029,finance,NOM,B2,2.5375,3,3,0,0,0,6,1,5,3,3,P4_confusable,P4_confusable|P5_b2c1_synset,0,人工判断形音候选，审校后发布 trap/compare,现款；理财
6030,pourtour,NOM,B2,2.5305,2,0,2,0,0,3,1,1,2,1,P4_confusable,P4_confusable,0,人工判断形音候选，审校后发布 trap/compare,塝
6031,mutuel,ADJ,B2,2.5301,2,1,1,0,0,1,1,1,3,2,P4_confusable,P4_confusable,0,人工判断形音候选，审校后发布 trap/compare,互相；交互
6032,pressant,ADJ,B1,2.528,4,1,3,0,0,3,1,1,1,1,P4_confusable,P4_confusable,0,人工判断形音候选，审校后发布 trap/compare,急迫；紧要
6033,rude,ADJ,B2,2.5279,5,1,2,2,0,11,1,0,1,1,P4_confusable,P4_confusable,0,人工判断形音候选，审校后发布 trap/compare,不客气；严峻
6034,paisiblement,ADV,B2,2.5267,2,1,1,0,0,1,1,1,2,1,P4_confusable,P4_confusable,0,人工判断形音候选，审校后发布 trap/compare,
6035,introduction,NOM,B2,2.526,3,1,1,1,0,8,1,1,2,2,P4_confusable,P4_confusable,0,人工判断形音候选，审校后发布 trap/compare,叙言；导论
6036,demi,ADJ,B2,2.5232,3,2,0,1,0,1,1,0,3,3,P4_confusable,P4_confusable,0,人工判断形音候选，审校后发布 trap/compare,半
6037,subtilité,NOM,B2,2.5213,2,1,1,0,0,2,1,1,1,1,P4_confusable,P4_confusable,0,人工判断形音候选，审校后发布 trap/compare,纤细
6038,conservateur,ADJ,B1,2.5128,2,0,1,1,0,3,1,1,3,3,P4_confusable,P4_confusable,0,人工判断形音候选，审校后发布 trap/compare,保守；馆长
6039,avaler,VER,B2,2.5115,4,0,3,1,0,13,1,1,2,3,P4_confusable,P4_confusable,0,人工判断形音候选，审校后发布 trap/compare,下去；吞下
6040,rassemblement,NOM,B2,2.5074,6,1,4,1,0,2,1,1,1,2,P4_confusable,P4_confusable,0,人工判断形音候选，审校后发布 trap/compare,集
6041,tyrannie,NOM,B2,2.5008,3,1,2,0,0,5,1,0,1,0,P4_confusable,P4_confusable,0,人工判断形音候选，审校后发布 trap/compare,专制；僭主政治
6042,devant,NOM,B1,2.4995,2,0,1,1,0,2,1,1,3,3,P4_confusable,P4_confusable,0,人工判断形音候选，审校后发布 trap/compare,前边；前面
6043,embarras,NOM,B2,2.4981,3,1,2,0,0,7,1,1,2,3,P4_confusable,P4_confusable,0,人工判断形音候选，审校后发布 trap/compare,周折；苦处
6044,déléguer,VER,B2,2.4973,2,2,0,0,0,3,1,1,3,3,P4_confusable,P4_confusable|P5_b2c1_synset,0,人工判断形音候选，审校后发布 trap/compare,下放；委托
6045,couver,VER,B2,2.4927,5,0,5,0,0,6,1,0,3,1,P4_confusable,P4_confusable,0,人工判断形音候选，审校后发布 trap/compare,抱窝；酝酿
6046,spécifiquement,ADV,B2,2.4924,2,1,1,0,0,1,1,0,3,3,P4_confusable,P4_confusable,0,人工判断形音候选，审校后发布 trap/compare,
6047,impulsion,NOM,B2,2.4907,2,1,1,0,0,2,1,1,2,1,P4_confusable,P4_confusable,0,人工判断形音候选，审校后发布 trap/compare,冲动；脉冲
6048,gaieté,NOM,B2,2.4882,7,1,2,4,0,9,1,1,1,1,P4_confusable,P4_confusable,0,人工判断形音候选，审校后发布 trap/compare,
6049,excéder,VER,B2,2.4853,4,2,2,0,0,4,1,0,0,2,P4_confusable,P4_confusable,0,人工判断形音候选，审校后发布 trap/compare,超出；超过
6050,exceller,VER,B2,2.4827,2,1,1,0,0,1,1,1,2,0,P4_confusable,P4_confusable,0,人工判断形音候选，审校后发布 trap/compare,逸
6051,évacuer,VER,B2,2.4763,4,1,3,0,0,5,1,1,1,2,P4_confusable,P4_confusable,0,人工判断形音候选，审校后发布 trap/compare,排放；排泄
6052,partisan,NOM,B2,2.4761,5,2,2,1,0,4,1,1,3,1,P4_confusable,P4_confusable,0,人工判断形音候选，审校后发布 trap/compare,信徒；党羽
6053,splendide,ADJ,B2,2.4738,3,1,2,0,0,2,1,0,2,2,P4_confusable,P4_confusable,0,人工判断形音候选，审校后发布 trap/compare,光大；光辉
6054,filet,NOM,B2,2.4732,3,2,1,0,0,25,1,1,3,2,P4_confusable,P4_confusable,0,人工判断形音候选，审校后发布 trap/compare,网罗
6055,ruiner,VER,B2,2.4717,5,2,2,1,0,3,1,1,2,2,P4_confusable,P4_confusable,0,人工判断形音候选，审校后发布 trap/compare,损毁；断送
6056,parution,NOM,B2,2.4681,2,1,1,0,0,2,1,1,1,1,P4_confusable,P4_confusable,0,人工判断形音候选，审校后发布 trap/compare,发表；放人
6057,bavard,ADJ,B1,2.4675,3,0,1,2,0,1,1,2,2,3,P4_confusable,P4_confusable,0,人工判断形音候选，审校后发布 trap/compare,健谈；啰嗦
6058,distraction,NOM,B2,2.4654,4,1,2,1,0,5,1,0,1,3,P4_confusable,P4_confusable,0,人工判断形音候选，审校后发布 trap/compare,娱
6059,méfiance,NOM,B2,2.4645,2,1,1,0,0,1,1,1,2,2,P4_confusable,P4_confusable,0,人工判断形音候选，审校后发布 trap/compare,不信；不信任
6060,frénésie,NOM,B2,2.4634,2,0,2,0,0,2,1,0,0,1,P4_confusable,P4_confusable,0,人工判断形音候选，审校后发布 trap/compare,狂乱；狂暴
6061,estimation,NOM,B2,2.4463,4,1,3,0,0,7,1,1,3,3,P4_confusable,P4_confusable,0,人工判断形音候选，审校后发布 trap/compare,估价；估值
6062,formellement,ADV,B2,2.445,4,0,4,0,0,3,1,1,1,1,P4_confusable,P4_confusable,0,人工判断形音候选，审校后发布 trap/compare,
6063,maintien,NOM,B2,2.445,2,1,1,0,0,3,1,1,1,1,P4_confusable,P4_confusable,0,人工判断形音候选，审校后发布 trap/compare,仪表；体态
6064,infiniment,ADV,B2,2.4419,2,0,2,0,0,3,1,1,3,3,P4_confusable,P4_confusable,0,人工判断形音候选，审校后发布 trap/compare,
6065,modification,NOM,B2,2.4374,5,1,4,0,0,4,1,1,2,1,P4_confusable,P4_confusable,0,人工判断形音候选，审校后发布 trap/compare,变动；变化
6066,raffiner,VER,B2,2.4361,3,3,0,0,0,4,1,1,3,3,P4_confusable,P4_confusable|P5_b2c1_synset,0,人工判断形音候选，审校后发布 trap/compare,加工
6067,souple,ADJ,B1,2.4361,4,2,1,1,0,5,1,2,3,2,P4_confusable,P4_confusable,0,人工判断形音候选，审校后发布 trap/compare,松软；柔顺
6068,convive,NOM,B2,2.436,2,2,0,0,0,1,1,2,3,2,P4_confusable,P4_confusable|P5_b2c1_synset,0,人工判断形音候选，审校后发布 trap/compare,
6069,vaniteux,ADJ,B2,2.4352,3,1,2,0,0,2,1,1,3,2,P4_confusable,P4_confusable,0,人工判断形音候选，审校后发布 trap/compare,
6070,prioritaire,ADJ,B2,2.4342,3,1,1,1,0,2,1,0,3,1,P4_confusable,P4_confusable,0,人工判断形音候选，审校后发布 trap/compare,
6071,fréquentation,NOM,B1,2.4333,2,1,1,0,0,2,1,1,3,3,P4_confusable,P4_confusable,0,人工判断形音候选，审校后发布 trap/compare,交往；交际
6072,vouloir,NOM,B2,2.4333,2,1,1,0,0,2,1,0,2,2,P4_confusable,P4_confusable,0,人工判断形音候选，审校后发布 trap/compare,想要；愿意
6073,instable,ADJ,B2,2.4305,5,2,1,2,0,6,1,1,2,1,P4_confusable,P4_confusable,0,人工判断形音候选，审校后发布 trap/compare,不稳；不稳定
6074,menu,ADJ,B2,2.4234,2,0,1,1,0,2,1,1,3,1,P4_confusable,P4_confusable,0,人工判断形音候选，审校后发布 trap/compare,套餐；娇小
6075,éblouissant,ADJ,B2,2.4221,2,1,1,0,0,1,1,1,1,1,P4_confusable,P4_confusable,0,人工判断形音候选，审校后发布 trap/compare,刺眼；耀眼
6076,découper,VER,B2,2.4127,3,0,3,0,0,6,1,1,2,2,P4_confusable,P4_confusable,0,人工判断形音候选，审校后发布 trap/compare,分割开；切成
6077,commerçant,ADJ,B2,2.4124,2,1,1,0,0,3,1,1,3,3,P4_confusable,P4_confusable,0,人工判断形音候选，审校后发布 trap/compare,业者；商人
6078,silencieusement,ADV,B1,2.3895,2,1,0,1,0,2,1,1,1,3,P4_confusable,P4_confusable,0,人工判断形音候选，审校后发布 trap/compare,悄悄
6079,cool,ADJ,B2,2.3891,3,0,1,2,0,5,1,0,2,2,P4_confusable,P4_confusable,0,人工判断形音候选，审校后发布 trap/compare,酷毙；酷炫
6080,manuel,NOM,B2,2.3869,5,0,5,0,0,5,1,0,1,3,P4_confusable,P4_confusable,0,人工判断形音候选，审校后发布 trap/compare,手册；手动
6081,combattant,NOM,B1,2.3866,2,0,2,0,0,3,1,1,3,3,P4_confusable,P4_confusable,0,人工判断形音候选，审校后发布 trap/compare,战士
6082,défier,VER,B2,2.3858,3,1,2,0,0,6,1,1,3,3,P4_confusable,P4_confusable,0,人工判断形音候选，审校后发布 trap/compare,不信任；不畏
6083,abîmer,VER,B2,2.3762,4,1,3,0,0,7,1,1,1,2,P4_confusable,P4_confusable,0,人工判断形音候选，审校后发布 trap/compare,
6084,sociologique,ADJ,B2,2.3738,2,2,0,0,0,2,1,0,3,3,P4_confusable,P4_confusable|P5_b2c1_synset,0,人工判断形音候选，审校后发布 trap/compare,
6085,capturer,VER,B2,2.3731,8,1,7,0,0,2,1,1,3,1,P4_confusable,P4_confusable,0,人工判断形音候选，审校后发布 trap/compare,俘获；抓拍
6086,palmier,NOM,B2,2.3713,2,1,1,0,0,2,1,1,0,2,P4_confusable,P4_confusable,0,人工判断形音候选，审校后发布 trap/compare,棕榈
6087,adoptif,ADJ,B1,2.3709,3,2,0,1,0,3,1,1,2,2,P4_confusable,P4_confusable,0,人工判断形音候选，审校后发布 trap/compare,义
6088,arrivé,NOM,B1,2.3693,2,1,1,0,0,1,1,1,2,3,P4_confusable,P4_confusable,0,人工判断形音候选，审校后发布 trap/compare,
6089,copieux,ADJ,B1,2.3672,2,0,2,0,0,1,1,0,2,2,P4_confusable,P4_confusable,0,人工判断形音候选，审校后发布 trap/compare,丰盛；饶沃
6090,correctement,ADV,B2,2.3646,2,1,1,0,0,1,1,1,2,2,P4_confusable,P4_confusable,0,人工判断形音候选，审校后发布 trap/compare,好好；好生
6091,mécontent,ADJ,B2,2.3643,2,1,0,1,0,1,1,1,2,2,P4_confusable,P4_confusable,0,人工判断形音候选，审校后发布 trap/compare,不满
6092,apparent,ADJ,B2,2.3547,2,1,0,1,0,2,1,1,3,2,P4_confusable,P4_confusable,0,人工判断形音候选，审校后发布 trap/compare,外部
6093,maigrir,VER,B1,2.3499,2,1,0,1,0,3,1,2,2,0,P4_confusable,P4_confusable,0,人工判断形音候选，审校后发布 trap/compare,减肥；消瘦
6094,désastreux,ADJ,B2,2.3385,3,1,2,0,0,2,1,1,1,1,P4_confusable,P4_confusable,0,人工判断形音候选，审校后发布 trap/compare,不得了；惨重
6095,confusion,NOM,B2,2.3298,3,1,1,1,0,7,1,1,3,3,P4_confusable,P4_confusable,0,人工判断形音候选，审校后发布 trap/compare,恍忽；恍惚
6096,mortalité,NOM,B2,2.3262,2,1,0,1,0,3,1,1,2,1,P4_confusable,P4_confusable,0,人工判断形音候选，审校后发布 trap/compare,
6097,locuteur,NOM,B2,2.323,3,0,0,3,0,2,1,1,1,1,P4_confusable,P4_confusable,0,人工判断形音候选，审校后发布 trap/compare,
6098,raser,VER,B2,2.3222,4,2,2,0,0,0,0,1,1,1,P4_confusable,P4_confusable,0,人工判断形音候选，审校后发布 trap/compare,剃；夷
6099,conformiste,ADJ,B2,2.3022,3,2,1,0,0,1,1,1,2,2,P4_confusable,P4_confusable,0,人工判断形音候选，审校后发布 trap/compare,
6100,involontaire,ADJ,B2,2.2913,2,1,0,1,0,1,1,1,2,2,P4_confusable,P4_confusable,0,人工判断形音候选，审校后发布 trap/compare,
6101,caution,NOM,B2,2.282,3,0,3,0,0,10,1,1,2,2,P4_confusable,P4_confusable,0,人工判断形音候选，审校后发布 trap/compare,保证金；押金
6102,reconstruire,VER,B2,2.279,5,2,3,0,0,2,1,1,2,3,P4_confusable,P4_confusable,0,人工判断形音候选，审校后发布 trap/compare,再造；翻盖
6103,limitation,NOM,B2,2.2782,3,1,1,1,0,1,1,1,2,3,P4_confusable,P4_confusable,0,人工判断形音候选，审校后发布 trap/compare,局限性；限制
6104,blanchir,VER,B2,2.2764,4,1,0,3,0,19,1,1,3,3,P4_confusable,P4_confusable,0,人工判断形音候选，审校后发布 trap/compare,漂白；粉刷
6105,agitation,NOM,B1,2.2763,3,1,1,1,0,5,1,1,1,1,P4_confusable,P4_confusable,0,人工判断形音候选，审校后发布 trap/compare,掉举；风波
6106,adroit,ADJ,B1,2.2599,2,0,1,1,0,3,1,1,3,2,P4_confusable,P4_confusable,0,人工判断形音候选，审校后发布 trap/compare,利落；巧手
6107,campement,NOM,B2,2.2415,2,1,1,0,0,2,1,1,3,0,P4_confusable,P4_confusable,0,人工判断形音候选，审校后发布 trap/compare,营地
6108,métropolitain,ADJ,B2,2.2405,2,1,1,0,0,3,1,0,1,1,P4_confusable,P4_confusable,0,人工判断形音候选，审校后发布 trap/compare,
6109,arrogance,NOM,B2,2.2351,2,1,1,0,0,1,1,1,1,2,P4_confusable,P4_confusable,0,人工判断形音候选，审校后发布 trap/compare,架子；气焰
6110,replacer,VER,B2,2.229,2,1,1,0,0,3,1,1,1,0,P4_confusable,P4_confusable,0,人工判断形音候选，审校后发布 trap/compare,
6111,fondamentalement,ADV,B2,2.2273,3,0,3,0,0,3,1,1,1,1,P4_confusable,P4_confusable,0,人工判断形音候选，审校后发布 trap/compare,从根本上；基本上
6112,indigène,ADJ,B2,2.2273,2,0,2,0,0,3,1,0,3,3,P4_confusable,P4_confusable,0,人工判断形音候选，审校后发布 trap/compare,原住民；原地
6113,passager,ADJ,B2,2.2273,5,0,4,1,0,3,1,2,3,2,P4_confusable,P4_confusable,0,人工判断形音候选，审校后发布 trap/compare,乘客；旅客
6114,muscle,NOM,B2,2.2251,3,3,0,0,0,2,1,3,3,3,P4_confusable,P4_confusable|P5_b2c1_synset,0,人工判断形音候选，审校后发布 trap/compare,肌肉
6115,souiller,VER,B2,2.2206,5,0,4,1,0,3,1,0,2,0,P4_confusable,P4_confusable,0,人工判断形音候选，审校后发布 trap/compare,弄脏；糟蹋
6116,congeler,VER,B2,2.2173,2,1,0,1,0,3,1,1,2,2,P4_confusable,P4_confusable,0,人工判断形音候选，审校后发布 trap/compare,冷冻；冻结
6117,expulser,VER,B2,2.2078,4,0,4,0,0,3,1,1,1,1,P4_confusable,P4_confusable,0,人工判断形音候选，审校后发布 trap/compare,开除；放逐
6118,destinée,NOM,B2,2.1969,8,1,6,1,0,3,1,1,3,3,P4_confusable,P4_confusable,0,人工判断形音候选，审校后发布 trap/compare,天命；天时
6119,entrepreneur,NOM,B2,2.1934,2,1,1,0,0,2,1,1,2,2,P4_confusable,P4_confusable,0,人工判断形音候选，审校后发布 trap/compare,企业家；创业者
6120,invasion,NOM,B2,2.1677,3,1,2,0,0,5,1,0,1,1,P4_confusable,P4_confusable,0,人工判断形音候选，审校后发布 trap/compare,入侵
6121,stratagème,NOM,B2,2.1643,2,0,2,0,0,3,1,0,0,1,P4_confusable,P4_confusable,0,人工判断形音候选，审校后发布 trap/compare,方策；花招
6122,baiser,NOM,B1,2.1608,2,0,2,0,0,3,1,1,3,0,P4_confusable,P4_confusable,0,人工判断形音候选，审校后发布 trap/compare,亲亲；亲吻
6123,provenance,NOM,B2,2.1594,6,1,5,0,0,2,1,0,3,2,P4_confusable,P4_confusable,0,人工判断形音候选，审校后发布 trap/compare,原产地；来源
6124,bien-aimé,NOM,B2,2.1548,2,1,1,0,0,1,1,2,0,1,P4_confusable,P4_confusable,0,人工判断形音候选，审校后发布 trap/compare,心上人；心肝
6125,harmonieux,ADJ,B2,2.1333,2,1,1,0,0,1,1,1,3,3,P4_confusable,P4_confusable,0,人工判断形音候选，审校后发布 trap/compare,合手；和美
6126,affection,NOM,B2,2.115,5,3,2,0,0,3,1,1,3,3,P4_confusable,P4_confusable,0,人工判断形音候选，审校后发布 trap/compare,亲情；人情味
6127,fatalité,NOM,B2,2.1133,3,1,2,0,0,3,1,1,2,2,P4_confusable,P4_confusable,0,人工判断形音候选，审校后发布 trap/compare,不幸
6128,durement,ADV,B2,2.1124,2,1,1,0,0,1,1,2,3,3,P4_confusable,P4_confusable,0,人工判断形音候选，审校后发布 trap/compare,着实
6129,prohiber,VER,B2,2.0813,3,1,1,1,0,1,1,0,2,2,P4_confusable,P4_confusable,0,人工判断形音候选，审校后发布 trap/compare,
6130,retenue,NOM,B2,2.081,4,0,4,0,0,8,1,1,1,3,P4_confusable,P4_confusable,0,人工判断形音候选，审校后发布 trap/compare,留堂
6131,vérification,NOM,B2,2.079,3,0,3,0,0,7,1,1,1,1,P4_confusable,P4_confusable,0,人工判断形音候选，审校后发布 trap/compare,检查；檢定
6132,identification,NOM,B2,2.0778,2,1,0,1,0,3,1,1,3,3,P4_confusable,P4_confusable,0,人工判断形音候选，审校后发布 trap/compare,辨识
6133,vécu,NOM,B2,2.0679,2,1,1,0,0,2,1,1,3,1,P4_confusable,P4_confusable,0,人工判断形音候选，审校后发布 trap/compare,经历
6134,contribution,NOM,B2,2.0607,4,2,2,0,0,4,1,1,2,3,P4_confusable,P4_confusable,0,人工判断形音候选，审校后发布 trap/compare,功劳；捐助
6135,partiellement,ADV,B2,2.0605,2,1,0,1,0,1,1,1,3,2,P4_confusable,P4_confusable,0,人工判断形音候选，审校后发布 trap/compare,
6136,mécanique,ADJ,B2,2.0449,3,2,1,0,0,8,1,1,2,2,P4_confusable,P4_confusable,0,人工判断形音候选，审校后发布 trap/compare,刻板；力学
6137,noblesse,NOM,B2,2.0434,3,1,0,2,0,5,1,2,2,0,P4_confusable,P4_confusable,0,人工判断形音候选，审校后发布 trap/compare,列侯；贵族
6138,assemblage,NOM,B2,2.0407,3,1,2,0,0,0,0,1,2,0,P4_confusable,P4_confusable,0,人工判断形音候选，审校后发布 trap/compare,组件
6139,concitoyen,NOM,B2,2.0379,2,0,2,0,0,1,1,1,2,2,P4_confusable,P4_confusable,0,人工判断形音候选，审校后发布 trap/compare,同胞；老乡
6140,artificiellement,ADV,B2,2.0336,2,1,0,1,0,1,1,1,2,1,P4_confusable,P4_confusable,0,人工判断形音候选，审校后发布 trap/compare,
6141,casquette,NOM,B2,2.0228,3,0,3,0,0,5,1,1,1,2,P4_confusable,P4_confusable,0,人工判断形音候选，审校后发布 trap/compare,
6142,avant-hier,ADV,B2,2.0192,2,1,0,1,0,1,1,1,0,1,P4_confusable,P4_confusable,0,人工判断形音候选，审校后发布 trap/compare,前天；前日
6143,muscler,VER,B1,1.9978,3,1,2,0,0,2,1,1,3,3,P4_confusable,P4_confusable,0,人工判断形音候选，审校后发布 trap/compare,
6144,isolement,NOM,B2,1.9969,3,1,2,0,0,6,1,1,2,0,P4_confusable,P4_confusable,0,人工判断形音候选，审校后发布 trap/compare,闭关
6145,mousse,NOM,B2,1.9956,3,1,2,0,0,10,1,1,2,2,P4_confusable,P4_confusable,0,人工判断形音候选，审校后发布 trap/compare,幕斯；慕丝
6146,creux,NOM,B2,1.9931,4,0,2,2,0,8,1,2,3,3,P4_confusable,P4_confusable,0,人工判断形音候选，审校后发布 trap/compare,中空；低谷
6147,impuissance,NOM,B2,1.9931,2,0,0,2,0,3,1,1,2,3,P4_confusable,P4_confusable,0,人工判断形音候选，审校后发布 trap/compare,不举；阳痿
6148,individualiste,ADJ,B2,1.9825,2,1,0,1,0,2,1,1,3,3,P4_confusable,P4_confusable,0,人工判断形音候选，审校后发布 trap/compare,
6149,discrétion,NOM,B2,1.9822,3,0,2,1,0,4,1,1,3,2,P4_confusable,P4_confusable,0,人工判断形音候选，审校后发布 trap/compare,
6150,barrage,NOM,B2,1.9819,3,0,3,0,0,10,1,1,0,3,P4_confusable,P4_confusable,0,人工判断形音候选，审校后发布 trap/compare,堤坝；大坝
6151,chronique,ADJ,B2,1.9799,3,1,0,2,0,3,1,0,3,2,P4_confusable,P4_confusable,0,人工判断形音候选，审校后发布 trap/compare,专栏；慢性
6152,énigme,NOM,B2,1.9793,3,1,1,1,0,2,1,1,3,1,P4_confusable,P4_confusable,0,人工判断形音候选，审校后发布 trap/compare,神奥；谜团
6153,abondance,NOM,B2,1.9782,3,0,1,2,0,0,0,1,3,2,P4_confusable,P4_confusable,0,人工判断形音候选，审校后发布 trap/compare,余裕；充裕
6154,bourgeoisie,NOM,B1,1.9586,3,1,0,2,0,4,1,1,1,1,P4_confusable,P4_confusable,0,人工判断形音候选，审校后发布 trap/compare,资产阶级
6155,incomparable,ADJ,B2,1.9585,2,1,0,1,0,1,1,1,1,1,P4_confusable,P4_confusable,0,人工判断形音候选，审校后发布 trap/compare,举世无双；无出其右
6156,chiffrer,VER,B2,1.9458,4,0,2,2,0,7,1,1,2,2,P4_confusable,P4_confusable,0,人工判断形音候选，审校后发布 trap/compare,报价
6157,instantané,ADJ,B2,1.9453,4,0,1,3,0,2,1,1,3,2,P4_confusable,P4_confusable,0,人工判断形音候选，审校后发布 trap/compare,快照；瞬时
6158,favori,ADJ,B2,1.9442,2,2,0,0,0,2,1,1,2,3,P4_confusable,P4_confusable|P5_b2c1_synset,0,人工判断形音候选，审校后发布 trap/compare,亲信；可望取胜者
6159,dernièrement,ADV,B1,1.9387,2,1,1,0,0,1,1,1,2,1,P4_confusable,P4_confusable,0,人工判断形音候选，审校后发布 trap/compare,前一向；最近
6160,fusion,NOM,B2,1.9229,3,2,0,1,0,9,1,5,3,3,P4_confusable,P4_confusable,0,人工判断形音候选，审校后发布 trap/compare,溶化；熔化
6161,pointu,ADJ,B2,1.9205,2,1,1,0,0,3,1,2,0,1,P4_confusable,P4_confusable,0,人工判断形音候选，审校后发布 trap/compare,剑尖；尖尖
6162,prochainement,ADV,B2,1.9145,2,1,1,0,0,1,1,1,1,1,P4_confusable,P4_confusable,0,人工判断形音候选，审校后发布 trap/compare,很快；旋即
6163,soustraction,NOM,B2,1.9101,2,1,1,0,0,2,1,1,1,1,P4_confusable,P4_confusable,0,人工判断形音候选，审校后发布 trap/compare,
6164,obsessionnel,ADJ,B2,1.9039,2,1,1,0,0,2,1,1,1,1,P4_confusable,P4_confusable,0,人工判断形音候选，审校后发布 trap/compare,
6165,ouvertement,ADV,B2,1.9009,2,0,2,0,0,1,1,1,1,1,P4_confusable,P4_confusable,0,人工判断形音候选，审校后发布 trap/compare,公然；当面
6166,aigu,ADJ,B2,1.8757,5,0,2,3,0,8,1,3,3,0,P4_confusable,P4_confusable,0,人工判断形音候选，审校后发布 trap/compare,剧烈；尖利
6167,électeur,NOM,B1,1.8752,2,1,1,0,0,2,1,1,2,2,P4_confusable,P4_confusable,0,人工判断形音候选，审校后发布 trap/compare,选民
6168,lancement,NOM,B2,1.8683,3,0,3,0,0,3,1,1,2,1,P4_confusable,P4_confusable,0,人工判断形音候选，审校后发布 trap/compare,掀起
6169,capricieux,ADJ,B2,1.8672,2,1,1,0,0,3,1,1,1,1,P4_confusable,P4_confusable,0,人工判断形音候选，审校后发布 trap/compare,任性；善变
6170,véhiculer,VER,B2,1.8627,2,1,1,0,0,2,1,1,1,1,P4_confusable,P4_confusable,0,人工判断形音候选，审校后发布 trap/compare,传送
6171,prétendant,NOM,B2,1.8535,2,1,1,0,0,3,1,2,2,3,P4_confusable,P4_confusable,0,人工判断形音候选，审校后发布 trap/compare,
6172,collaborer,VER,B2,1.8402,4,2,2,0,0,2,1,1,3,3,P4_confusable,P4_confusable,0,人工判断形音候选，审校后发布 trap/compare,会师；共事
6173,dénouer,VER,B2,1.8372,3,2,0,1,0,3,1,1,2,1,P4_confusable,P4_confusable,0,人工判断形音候选，审校后发布 trap/compare,弄清；解下
6174,variation,NOM,B2,1.831,3,0,3,0,0,5,1,1,3,3,P4_confusable,P4_confusable,0,人工判断形音候选，审校后发布 trap/compare,变化；变异
6175,analytique,ADJ,B2,1.8118,3,1,1,1,0,3,1,1,2,2,P4_confusable,P4_confusable,0,人工判断形音候选，审校后发布 trap/compare,
6176,écoutant,NOM,B2,1.801,2,1,1,0,0,2,1,1,2,2,P4_confusable,P4_confusable,0,人工判断形音候选，审校后发布 trap/compare,
6177,délice,NOM,B2,1.7754,2,1,1,0,0,2,1,1,3,2,P4_confusable,P4_confusable,0,人工判断形音候选，审校后发布 trap/compare,乐趣
6178,centraliser,VER,B1,1.7752,2,1,0,1,0,2,1,1,1,3,P4_confusable,P4_confusable,0,人工判断形音候选，审校后发布 trap/compare,集中
6179,manger,NOM,B1,1.7743,2,1,1,0,0,2,1,1,2,3,P4_confusable,P4_confusable,0,人工判断形音候选，审校后发布 trap/compare,吃食；吃饭
6180,carré,NOM,B2,1.7368,6,1,4,1,0,25,1,1,3,3,P4_confusable,P4_confusable,0,人工判断形音候选，审校后发布 trap/compare,四方；四条
6181,handicaper,VER,B2,1.7189,2,2,0,0,0,2,1,0,3,3,P4_confusable,P4_confusable|P5_b2c1_synset,0,人工判断形音候选，审校后发布 trap/compare,
6182,mandataire,NOM,B2,1.7109,3,1,2,0,0,4,1,1,2,1,P4_confusable,P4_confusable,0,人工判断形音候选，审校后发布 trap/compare,代理服务器
6183,mèche,NOM,B2,1.7064,4,1,2,1,0,21,1,1,1,1,P4_confusable,P4_confusable,0,人工判断形音候选，审校后发布 trap/compare,炷；绺
6184,subvention,NOM,B2,1.7005,3,2,1,0,0,2,1,1,2,2,P4_confusable,P4_confusable,0,人工判断形音候选，审校后发布 trap/compare,拨款；津贴
6185,linguiste,NOM,B2,1.6828,2,2,0,0,0,3,1,1,3,3,P4_confusable,P4_confusable|P5_b2c1_synset,0,人工判断形音候选，审校后发布 trap/compare,
6186,synthétique,ADJ,B1,1.66,3,2,0,1,0,5,1,1,3,3,P4_confusable,P4_confusable,0,人工判断形音候选，审校后发布 trap/compare,合成
6187,compassion,NOM,B1,1.658,2,0,2,0,0,2,1,0,3,1,P4_confusable,P4_confusable,0,人工判断形音候选，审校后发布 trap/compare,同情；恻隐之心
6188,balai,NOM,B2,1.6576,3,1,2,0,0,10,1,1,2,3,P4_confusable,P4_confusable,0,人工判断形音候选，审校后发布 trap/compare,扫帚
6189,fascination,NOM,B1,1.6527,2,1,1,0,0,3,1,1,2,2,P4_confusable,P4_confusable,0,人工判断形音候选，审校后发布 trap/compare,
6190,abattage,NOM,B2,1.6104,3,1,2,0,0,13,1,1,1,1,P4_confusable,P4_confusable,0,人工判断形音候选，审校后发布 trap/compare,屠戮；砍伐
6191,mouvoir,VER,B2,1.6104,3,1,2,0,0,4,1,8,3,3,P4_confusable,P4_confusable,0,人工判断形音候选，审校后发布 trap/compare,移动
6192,cyclone,NOM,B2,1.6103,2,0,2,0,0,0,0,0,3,2,P4_confusable,P4_confusable,0,人工判断形音候选，审校后发布 trap/compare,卷风；龙卷风
6193,détresse,NOM,B2,1.6084,2,0,1,1,0,0,0,0,1,2,P4_confusable,P4_confusable,0,人工判断形音候选，审校后发布 trap/compare,不幸；苦楚
6194,charnel,ADJ,B2,1.6052,3,1,2,0,0,3,1,1,2,1,P4_confusable,P4_confusable,0,人工判断形音候选，审校后发布 trap/compare,
6195,exécutif,ADJ,B2,1.6033,3,2,0,1,0,1,1,1,3,3,P4_confusable,P4_confusable,0,人工判断形音候选，审校后发布 trap/compare,执行；执行官
6196,électron,NOM,B2,1.6026,2,2,0,0,0,3,1,2,3,3,P4_confusable,P4_confusable|P5_b2c1_synset,0,人工判断形音候选，审校后发布 trap/compare,电子
6197,recyclage,NOM,B2,1.592,2,1,1,0,0,2,1,1,1,1,P4_confusable,P4_confusable,0,人工判断形音候选，审校后发布 trap/compare,再造
6198,obtention,NOM,B2,1.5897,2,1,1,0,0,2,1,1,1,1,P4_confusable,P4_confusable,0,人工判断形音候选，审校后发布 trap/compare,
6199,prompt,ADJ,B2,1.5897,9,0,8,1,0,6,1,0,1,1,P4_confusable,P4_confusable,0,人工判断形音候选，审校后发布 trap/compare,敏捷；灵活
6200,prospère,ADJ,B2,1.5897,3,1,2,0,0,2,1,2,3,3,P4_confusable,P4_confusable,0,人工判断形音候选，审校后发布 trap/compare,兴旺；兴盛
6201,ivre,ADJ,B2,1.5856,5,2,3,0,0,2,1,2,1,3,P4_confusable,P4_confusable,0,人工判断形音候选，审校后发布 trap/compare,醉酒
6202,individuellement,ADV,B2,1.5822,2,0,2,0,0,2,1,1,2,1,P4_confusable,P4_confusable,0,人工判断形音候选，审校后发布 trap/compare,亲自；单个
6203,concéder,VER,B2,1.5776,2,1,1,0,0,3,1,1,2,1,P4_confusable,P4_confusable,0,人工判断形音候选，审校后发布 trap/compare,伏输；让出
6204,psychique,ADJ,B2,1.575,2,0,1,1,0,2,1,0,1,1,P4_confusable,P4_confusable,0,人工判断形音候选，审校后发布 trap/compare,心理；通灵
6205,subit,ADJ,B2,1.5649,2,1,1,0,0,1,1,0,2,3,P4_confusable,P4_confusable,0,人工判断形音候选，审校后发布 trap/compare,猝；骤
6206,méfait,NOM,B2,1.5645,2,0,1,1,0,3,1,1,2,2,P4_confusable,P4_confusable,0,人工判断形音候选，审校后发布 trap/compare,坏事
6207,incertain,ADJ,B2,1.563,3,1,2,0,0,5,1,1,1,1,P4_confusable,P4_confusable,0,人工判断形音候选，审校后发布 trap/compare,不定；无数
6208,aubergiste,NOM,B2,1.5618,3,1,2,0,0,1,1,1,2,2,P4_confusable,P4_confusable,0,人工判断形音候选，审校后发布 trap/compare,店家
6209,avide,ADJ,B2,1.5613,6,1,4,1,0,6,1,1,2,3,P4_confusable,P4_confusable,0,人工判断形音候选，审校后发布 trap/compare,贪婪；贪馋
6210,spécificité,NOM,B2,1.561,3,1,1,1,0,2,1,0,3,3,P4_confusable,P4_confusable,0,人工判断形音候选，审校后发布 trap/compare,
6211,séparément,ADV,B2,1.561,2,1,0,1,0,1,1,1,2,2,P4_confusable,P4_confusable,0,人工判断形音候选，审校后发布 trap/compare,分头；另行
6212,indéfiniment,ADV,B2,1.559,2,0,2,0,0,3,1,1,0,2,P4_confusable,P4_confusable,0,人工判断形音候选，审校后发布 trap/compare,
6213,unification,NOM,B2,1.558,2,1,0,1,0,2,1,0,2,3,P4_confusable,P4_confusable,0,人工判断形音候选，审校后发布 trap/compare,合一
6214,volontairement,ADV,B2,1.558,3,0,2,1,0,1,1,1,3,3,P4_confusable,P4_confusable,0,人工判断形音候选，审校后发布 trap/compare,成心；故意
6215,hôtelier,NOM,B2,1.5575,3,1,2,0,0,2,1,1,2,1,P4_confusable,P4_confusable,0,人工判断形音候选，审校后发布 trap/compare,
6216,immodéré,ADJ,B2,1.5528,2,1,0,1,0,2,1,2,0,3,P4_confusable,P4_confusable,0,人工判断形音候选，审校后发布 trap/compare,宕；浪
6217,national,NOM,B2,1.5528,2,1,0,1,0,1,1,1,2,3,P4_confusable,P4_confusable,0,人工判断形音候选，审校后发布 trap/compare,全国性；国内
6218,dépensier,ADJ,B2,1.5526,3,2,0,1,0,1,1,1,2,2,P4_confusable,P4_confusable,0,人工判断形音候选，审校后发布 trap/compare,
6219,pressentiment,NOM,B2,1.551,2,1,1,0,0,2,1,1,3,3,P4_confusable,P4_confusable,0,人工判断形音候选，审校后发布 trap/compare,
6220,caprice,NOM,B2,1.5463,5,1,4,0,0,6,1,1,1,1,P4_confusable,P4_confusable,0,人工判断形音候选，审校后发布 trap/compare,任性；意气
6221,impulsif,ADJ,B2,1.5451,2,1,1,0,0,2,1,1,1,1,P4_confusable,P4_confusable,0,人工判断形音候选，审校后发布 trap/compare,冲动；浮躁
6222,émigration,NOM,B2,1.5432,2,1,1,0,0,3,1,1,3,2,P4_confusable,P4_confusable,0,人工判断形音候选，审校后发布 trap/compare,
6223,indemniser,VER,B2,1.5415,2,2,0,0,0,1,1,1,3,3,P4_confusable,P4_confusable|P5_b2c1_synset,0,人工判断形音候选，审校后发布 trap/compare,补偿；赔偿
6224,légaliser,VER,B2,1.5392,4,1,0,3,0,2,1,1,2,2,P4_confusable,P4_confusable,0,人工判断形音候选，审校后发布 trap/compare,
6225,détecter,VER,B2,1.5388,2,2,0,0,0,1,1,1,3,3,P4_confusable,P4_confusable|P5_b2c1_synset,0,人工判断形音候选，审校后发布 trap/compare,侦察；侦测
6226,médiocre,ADJ,B2,1.5376,3,1,1,1,0,2,1,0,1,0,P4_confusable,P4_confusable,0,人工判断形音候选，审校后发布 trap/compare,中路；低级
6227,solidité,NOM,B2,1.5376,2,1,1,0,0,1,1,1,3,3,P4_confusable,P4_confusable,0,人工判断形音候选，审校后发布 trap/compare,
6228,usure,NOM,B2,1.5376,3,2,1,0,0,3,1,1,3,2,P4_confusable,P4_confusable,0,人工判断形音候选，审校后发布 trap/compare,磨损
6229,proverbe,NOM,B2,1.5371,3,0,3,0,0,3,1,1,2,2,P4_confusable,P4_confusable,0,人工判断形音候选，审校后发布 trap/compare,俗话；成语
6230,voyant,ADJ,B2,1.5332,3,1,0,2,0,3,1,1,3,1,P4_confusable,P4_confusable,0,人工判断形音候选，审校后发布 trap/compare,刺目；打眼
6231,innover,VER,B2,1.5304,4,1,3,0,0,4,1,2,3,2,P4_confusable,P4_confusable,0,人工判断形音候选，审校后发布 trap/compare,推陈布新；革新
6232,grouper,VER,B2,1.5267,2,2,0,0,0,3,1,1,3,2,P4_confusable,P4_confusable|P5_b2c1_synset,0,人工判断形音候选，审校后发布 trap/compare,组
6233,rangée,NOM,B2,1.5216,2,0,2,0,0,3,1,1,1,3,P4_confusable,P4_confusable,0,人工判断形音候选，审校后发布 trap/compare,一排；一连串
6234,ravage,NOM,B2,1.5204,4,1,3,0,0,6,1,1,3,3,P4_confusable,P4_confusable,0,人工判断形音候选，审校后发布 trap/compare,
6235,inhumain,ADJ,B2,1.5189,2,0,2,0,0,3,1,1,3,1,P4_confusable,P4_confusable,0,人工判断形音候选，审校后发布 trap/compare,残忍；非人
6236,constante,NOM,B2,1.5183,2,1,0,1,0,3,1,1,2,2,P4_confusable,P4_confusable,0,人工判断形音候选，审校后发布 trap/compare,定数；常量
6237,consultatif,ADJ,B2,1.5175,2,2,0,0,0,1,1,1,2,1,P4_confusable,P4_confusable|P5_b2c1_synset,0,人工判断形音候选，审校后发布 trap/compare,
6238,prime,NOM,B2,1.5164,3,0,3,0,0,11,1,7,3,3,P4_confusable,P4_confusable,0,人工判断形音候选，审校后发布 trap/compare,奖金；赏金
6239,aristocratique,ADJ,B2,1.5151,5,2,3,0,0,4,1,1,3,3,P4_confusable,P4_confusable,0,人工判断形音候选，审校后发布 trap/compare,
6240,archaïque,ADJ,B2,1.5127,4,0,2,2,0,3,1,0,0,2,P4_confusable,P4_confusable,0,人工判断形音候选，审校后发布 trap/compare,
6241,localité,NOM,B2,1.5095,7,0,7,0,0,3,1,2,3,3,P4_confusable,P4_confusable,0,人工判断形音候选，审校后发布 trap/compare,地头；所在地
6242,parade,NOM,B2,1.5078,2,2,0,0,0,0,0,1,3,3,P4_confusable,P4_confusable,0,人工判断形音候选，审校后发布 trap/compare,
6243,gonfler,VER,B2,1.5077,3,0,3,0,0,8,1,0,1,1,P4_confusable,P4_confusable,0,人工判断形音候选，审校后发布 trap/compare,打气
6244,refléter,VER,B2,1.5059,2,1,1,0,0,3,1,1,3,1,P4_confusable,P4_confusable,0,人工判断形音候选，审校后发布 trap/compare,反射；反映
6245,valide,ADJ,B2,1.5034,4,2,1,1,0,4,1,2,2,2,P4_confusable,P4_confusable,0,人工判断形音候选，审校后发布 trap/compare,有效
6246,serein,ADJ,B2,1.5012,3,1,1,1,0,2,1,1,3,2,P4_confusable,P4_confusable,0,人工判断形音候选，审校后发布 trap/compare,宁静；安详
6247,hasardeux,ADJ,B2,1.5009,2,1,1,0,0,2,1,0,3,1,P4_confusable,P4_confusable,0,人工判断形音候选，审校后发布 trap/compare,
6248,mélancolie,NOM,B2,1.5009,3,1,1,1,0,3,1,1,1,1,P4_confusable,P4_confusable,0,人工判断形音候选，审校后发布 trap/compare,忧郁症；惆怅
6249,propice,ADJ,B2,1.5009,2,0,2,0,0,3,1,0,2,0,P4_confusable,P4_confusable,0,人工判断形音候选，审校后发布 trap/compare,吉利；吉祥
6250,regroupement,NOM,B2,1.5005,4,1,3,0,0,3,1,1,3,2,P4_confusable,P4_confusable,0,人工判断形音候选，审校后发布 trap/compare,
6251,citadin,ADJ,B2,1.4997,2,0,1,1,0,1,1,0,1,3,P4_confusable,P4_confusable,0,人工判断形音候选，审校后发布 trap/compare,城市居民；市民
6252,diplomatique,ADJ,B2,1.4995,2,2,0,0,0,2,1,1,3,2,P4_confusable,P4_confusable|P5_b2c1_synset,0,人工判断形音候选，审校后发布 trap/compare,
6253,aristocrate,NOM,B2,1.4979,3,2,1,0,0,3,1,2,2,2,P4_confusable,P4_confusable,0,人工判断形音候选，审校后发布 trap/compare,
6254,nocif,ADJ,B2,1.4911,2,1,1,0,0,1,1,0,1,1,P4_confusable,P4_confusable,0,人工判断形音候选，审校后发布 trap/compare,
6255,habitué,ADJ,B2,1.4901,2,1,1,0,0,1,1,1,3,1,P4_confusable,P4_confusable,0,人工判断形音候选，审校后发布 trap/compare,忸；惯
6256,souplesse,NOM,B2,1.4872,4,1,2,1,0,6,1,1,1,1,P4_confusable,P4_confusable,0,人工判断形音候选，审校后发布 trap/compare,弹性；灵活性
6257,temporel,ADJ,B2,1.4859,2,0,0,2,0,3,1,1,3,3,P4_confusable,P4_confusable,0,人工判断形音候选，审校后发布 trap/compare,
6258,feuilleter,VER,B2,1.4858,2,1,1,0,0,3,1,1,2,2,P4_confusable,P4_confusable,0,人工判断形音候选，审校后发布 trap/compare,浏览；翻阅
6259,opposant,NOM,B2,1.4845,2,1,0,1,0,2,1,1,2,3,P4_confusable,P4_confusable,0,人工判断形音候选，审校后发布 trap/compare,对头
6260,aléatoire,ADJ,B2,1.4842,3,0,3,0,0,4,1,0,0,1,P4_confusable,P4_confusable,0,人工判断形音候选，审校后发布 trap/compare,惙
6261,recycler,VER,B2,1.4836,2,2,0,0,0,3,1,1,1,1,P4_confusable,P4_confusable|P5_b2c1_synset,0,人工判断形音候选，审校后发布 trap/compare,回收；还魂
6262,désireux,ADJ,B2,1.4814,2,1,1,0,0,1,1,1,3,3,P4_confusable,P4_confusable,0,人工判断形音候选，审校后发布 trap/compare,心切
6263,hautain,ADJ,B2,1.4794,2,0,1,1,0,1,1,1,2,2,P4_confusable,P4_confusable,0,人工判断形音候选，审校后发布 trap/compare,傲慢；眼高
6264,séduction,NOM,B2,1.4771,2,1,1,0,0,2,1,1,2,2,P4_confusable,P4_confusable,0,人工判断形音候选，审校后发布 trap/compare,勾引；魅力
6265,distinctement,ADV,B2,1.4762,3,0,3,0,0,2,1,1,2,1,P4_confusable,P4_confusable,0,人工判断形音候选，审校后发布 trap/compare,
6266,novateur,NOM,B2,1.4737,2,0,1,1,0,2,1,2,1,0,P4_confusable,P4_confusable,0,人工判断形音候选，审校后发布 trap/compare,
6267,saleté,NOM,B2,1.4717,3,0,2,1,0,7,1,1,2,1,P4_confusable,P4_confusable,0,人工判断形音候选，审校后发布 trap/compare,卑劣；污垢
6268,couramment,ADV,B2,1.4708,2,1,1,0,0,2,1,1,0,3,P4_confusable,P4_confusable,0,人工判断形音候选，审校后发布 trap/compare,流利；顺畅
6269,embarrasser,VER,B2,1.4663,2,1,1,0,0,3,1,1,2,3,P4_confusable,P4_confusable,0,人工判断形音候选，审校后发布 trap/compare,丢脸；难倒
6270,arrivant,NOM,B2,1.4614,2,1,1,0,0,1,1,1,2,1,P4_confusable,P4_confusable,0,人工判断形音候选，审校后发布 trap/compare,
6271,irréversible,ADJ,B2,1.4566,2,1,0,1,0,1,1,1,1,1,P4_confusable,P4_confusable,0,人工判断形音候选，审校后发布 trap/compare,
6272,vraisemblablement,ADV,B2,1.4541,2,0,2,0,0,2,1,1,1,2,P4_confusable,P4_confusable,0,人工判断形音候选，审校后发布 trap/compare,大半
6273,terreur,NOM,B2,1.4532,4,4,0,0,0,4,1,6,2,1,P4_confusable,P4_confusable|P5_b2c1_synset,0,人工判断形音候选，审校后发布 trap/compare,恐怖
6274,arrogant,ADJ,B2,1.4527,6,1,4,1,0,1,1,1,1,2,P4_confusable,P4_confusable,0,人工判断形音候选，审校后发布 trap/compare,倨傲；嚣张
6275,préventif,ADJ,B2,1.4524,2,2,0,0,0,1,1,1,2,2,P4_confusable,P4_confusable|P5_b2c1_synset,0,人工判断形音候选，审校后发布 trap/compare,先发制人；预防
6276,changeant,ADJ,B2,1.4463,3,0,2,1,0,6,1,1,3,2,P4_confusable,P4_confusable,0,人工判断形音候选，审校后发布 trap/compare,善变
6277,devis,NOM,B2,1.4426,5,1,4,0,0,3,1,1,3,3,P4_confusable,P4_confusable,0,人工判断形音候选，审校后发布 trap/compare,
6278,énergique,ADJ,B2,1.4338,2,1,1,0,0,2,1,1,2,3,P4_confusable,P4_confusable,0,人工判断形音候选，审校后发布 trap/compare,大力；强势
6279,germe,NOM,B2,1.4335,3,1,2,0,0,8,1,1,3,2,P4_confusable,P4_confusable,0,人工判断形音候选，审校后发布 trap/compare,病菌
6280,tsunami,NOM,B2,1.4309,2,0,2,0,0,2,1,0,1,0,P4_confusable,P4_confusable,0,人工判断形音候选，审校后发布 trap/compare,海啸
6281,désespérant,ADJ,B2,1.425,2,1,0,1,0,1,1,1,3,3,P4_confusable,P4_confusable,0,人工判断形音候选，审校后发布 trap/compare,
6282,voyou,NOM,B2,1.4217,6,0,6,0,0,4,1,1,3,1,P4_confusable,P4_confusable,0,人工判断形音候选，审校后发布 trap/compare,流氓；白相人
6283,expertise,NOM,B2,1.4136,3,2,1,0,0,3,1,2,2,2,P4_confusable,P4_confusable,0,人工判断形音候选，审校后发布 trap/compare,专业性
6284,rigide,ADJ,B2,1.4109,2,0,0,2,0,3,1,0,1,1,P4_confusable,P4_confusable,0,人工判断形音候选，审校后发布 trap/compare,僵硬；刻板
6285,exagéré,ADJ,B2,1.4094,2,0,1,1,0,1,1,0,1,1,P4_confusable,P4_confusable,0,人工判断形音候选，审校后发布 trap/compare,荒唐；邪乎
6286,courtois,ADJ,B2,1.3972,7,1,6,0,0,4,1,2,1,3,P4_confusable,P4_confusable,0,人工判断形音候选，审校后发布 trap/compare,儒雅
6287,rassurant,ADJ,B2,1.3955,2,0,0,2,0,1,1,1,1,1,P4_confusable,P4_confusable,0,人工判断形音候选，审校后发布 trap/compare,
6288,marié,ADJ,B2,1.395,3,1,0,2,0,1,1,1,3,3,P4_confusable,P4_confusable,0,人工判断形音候选，审校后发布 trap/compare,已婚；结为
6289,snobisme,NOM,B2,1.3782,2,2,0,0,0,1,1,0,2,0,P4_confusable,P4_confusable|P5_b2c1_synset,0,人工判断形音候选，审校后发布 trap/compare,嫌贫爱富
6290,flatter,VER,B2,1.3557,3,1,1,1,0,8,1,1,3,3,P4_confusable,P4_confusable,0,人工判断形音候选，审校后发布 trap/compare,吹嘘；吹捧
6291,verrou,NOM,B2,1.3545,2,1,1,0,0,3,1,1,1,2,P4_confusable,P4_confusable,0,人工判断形音候选，审校后发布 trap/compare,闭锁
6292,conformer,VER,B2,1.3523,3,2,1,0,0,2,1,1,2,3,P4_confusable,P4_confusable,0,人工判断形音候选，审校后发布 trap/compare,
6293,démonter,VER,B2,1.3482,4,0,4,0,0,15,1,1,3,3,P4_confusable,P4_confusable,0,人工判断形音候选，审校后发布 trap/compare,不知所措；拆卸
6294,appréciation,NOM,B2,1.3442,3,1,2,0,0,3,1,1,1,1,P4_confusable,P4_confusable,0,人工判断形音候选，审校后发布 trap/compare,估价；评估
6295,sympathiser,VER,B2,1.3384,2,2,0,0,0,1,1,1,3,3,P4_confusable,P4_confusable|P5_b2c1_synset,0,人工判断形音候选，审校后发布 trap/compare,
6296,promis,NOM,B2,1.3354,2,2,0,0,0,1,1,0,1,3,P4_confusable,P4_confusable|P5_b2c1_synset,0,人工判断形音候选，审校后发布 trap/compare,
6297,remède,NOM,B2,1.3352,3,1,2,0,0,4,1,2,2,1,P4_confusable,P4_confusable,0,人工判断形音候选，审校后发布 trap/compare,慰藉；药剂
6298,consoler,VER,B2,1.325,3,1,1,1,0,3,1,1,1,3,P4_confusable,P4_confusable,0,人工判断形音候选，审校后发布 trap/compare,劝慰；安慰
6299,saveur,NOM,B2,1.3151,2,2,0,0,0,3,1,2,1,3,P4_confusable,P4_confusable|P5_b2c1_synset,0,人工判断形音候选，审校后发布 trap/compare,味道；情味
6300,désaccord,NOM,B2,1.3081,6,0,4,2,0,2,1,1,3,1,P4_confusable,P4_confusable,0,人工判断形音候选，审校后发布 trap/compare,不和；分歧
6301,faussement,ADV,B2,1.2996,2,1,0,1,0,2,1,1,0,3,P4_confusable,P4_confusable,0,人工判断形音候选，审校后发布 trap/compare,
6302,vestibule,NOM,B2,1.2972,2,0,2,0,0,3,1,0,1,1,P4_confusable,P4_confusable,0,人工判断形音候选，审校后发布 trap/compare,套间；玄关
6303,divin,ADJ,B2,1.2966,3,1,1,1,0,7,1,1,2,3,P4_confusable,P4_confusable,0,人工判断形音候选，审校后发布 trap/compare,
6304,rondelle,NOM,B2,1.2921,3,0,3,0,0,8,1,2,3,1,P4_confusable,P4_confusable,0,人工判断形音候选，审校后发布 trap/compare,弹簧垫圈
6305,déterminé,ADJ,B2,1.2828,4,2,1,1,0,6,1,1,3,3,P4_confusable,P4_confusable,0,人工判断形音候选，审校后发布 trap/compare,一定；决绝
6306,compatriote,NOM,B2,1.2787,2,1,1,0,0,1,1,1,1,1,P4_confusable,P4_confusable,0,人工判断形音候选，审校后发布 trap/compare,乡亲；同乡
6307,volumineux,ADJ,B2,1.273,2,1,1,0,0,2,1,1,2,2,P4_confusable,P4_confusable,0,人工判断形音候选，审校后发布 trap/compare,庞大；粗大
6308,abaisser,VER,B2,1.249,12,1,11,0,0,13,1,1,1,3,P4_confusable,P4_confusable,0,人工判断形音候选，审校后发布 trap/compare,下调；减低
6309,store,NOM,B2,1.2443,2,0,2,0,0,2,1,0,2,2,P4_confusable,P4_confusable,0,人工判断形音候选，审校后发布 trap/compare,
6310,interagir,VER,B2,1.241,2,2,0,0,0,1,1,1,2,2,P4_confusable,P4_confusable|P5_b2c1_synset,0,人工判断形音候选，审校后发布 trap/compare,相互作用；相联
6311,processeur,NOM,B2,1.2308,2,2,0,0,0,2,1,2,3,2,P4_confusable,P4_confusable|P5_b2c1_synset,0,人工判断形音候选，审校后发布 trap/compare,
6312,dériver,VER,B2,1.2168,3,1,1,1,0,10,1,1,3,1,P4_confusable,P4_confusable,0,人工判断形音候选，审校后发布 trap/compare,导出；得出
6313,concret,NOM,B2,1.2133,2,0,2,0,0,2,1,1,2,3,P4_confusable,P4_confusable,0,人工判断形音候选，审校后发布 trap/compare,具体；实际
6314,florissant,ADJ,B2,1.2133,2,1,1,0,0,1,1,1,2,2,P4_confusable,P4_confusable,0,人工判断形音候选，审校后发布 trap/compare,兴盛；昌明
6315,pomper,VER,B2,1.2133,4,1,3,0,0,12,1,1,3,2,P4_confusable,P4_confusable,0,人工判断形音候选，审校后发布 trap/compare,唧；抽
6316,rétif,ADJ,B2,1.2133,4,0,3,1,0,2,1,0,1,1,P4_confusable,P4_confusable,0,人工判断形音候选，审校后发布 trap/compare,拗
6317,rétribution,NOM,B2,1.2133,3,1,2,0,0,2,1,1,1,3,P4_confusable,P4_confusable,0,人工判断形音候选，审校后发布 trap/compare,回馈
6318,simplifier,VER,B2,1.2133,2,1,1,0,0,2,1,2,2,2,P4_confusable,P4_confusable,0,人工判断形音候选，审校后发布 trap/compare,简化；简单化
6319,singulièrement,ADV,B2,1.2133,4,0,4,0,0,6,1,1,1,2,P4_confusable,P4_confusable,0,人工判断形音候选，审校后发布 trap/compare,
6320,traumatisme,NOM,B2,1.2133,3,0,3,0,0,2,1,0,1,2,P4_confusable,P4_confusable,0,人工判断形音候选，审校后发布 trap/compare,创伤；外伤
6321,poli,ADJ,B2,1.2055,10,4,4,2,0,4,1,1,3,2,P4_confusable,P4_confusable,0,人工判断形音候选，审校后发布 trap/compare,光泽；光滑
6322,décéder,VER,B2,1.1956,2,2,0,0,0,1,1,1,3,3,P4_confusable,P4_confusable|P5_b2c1_synset,0,人工判断形音候选，审校后发布 trap/compare,上山；去世
6323,transiter,VER,B2,1.1907,2,2,0,0,0,2,1,1,3,3,P4_confusable,P4_confusable|P5_b2c1_synset,0,人工判断形音候选，审校后发布 trap/compare,过境；过渡
6324,dérisoire,ADJ,B2,1.1807,2,1,1,0,0,3,1,1,3,2,P4_confusable,P4_confusable,0,人工判断形音候选，审校后发布 trap/compare,
6325,provocation,NOM,B2,1.1807,2,1,1,0,0,1,1,1,2,2,P4_confusable,P4_confusable,0,人工判断形音候选，审校后发布 trap/compare,挑拨；教唆
6326,dévaster,VER,B2,1.1602,3,1,2,0,0,2,1,1,2,1,P4_confusable,P4_confusable,0,人工判断形音候选，审校后发布 trap/compare,摧残
6327,stupéfiant,NOM,B2,1.1544,2,0,2,0,0,3,1,1,3,3,P4_confusable,P4_confusable,0,人工判断形音候选，审校后发布 trap/compare,了不起；惊爆
6328,enviable,ADJ,B2,1.1456,2,1,1,0,0,1,1,1,0,1,P4_confusable,P4_confusable,0,人工判断形音候选，审校后发布 trap/compare,骄人
6329,pénaliser,VER,B2,1.1455,2,1,0,1,0,3,1,1,2,3,P4_confusable,P4_confusable,0,人工判断形音候选，审校后发布 trap/compare,判罚；惩处
6330,brusque,ADJ,B2,1.1372,2,0,2,0,0,2,1,1,1,1,P4_confusable,P4_confusable,0,人工判断形音候选，审校后发布 trap/compare,粗莽
6331,déjection,NOM,B2,1.134,2,0,2,0,0,3,1,1,1,0,P4_confusable,P4_confusable,0,人工判断形音候选，审校后发布 trap/compare,
6332,rôder,VER,B2,1.134,3,0,3,0,0,2,1,0,1,1,P4_confusable,P4_confusable,0,人工判断形音候选，审校后发布 trap/compare,闲逛
6333,souterrain,NOM,B2,1.1225,2,1,1,0,0,1,1,1,1,1,P4_confusable,P4_confusable,0,人工判断形音候选，审校后发布 trap/compare,地下；地底
6334,emblème,NOM,B2,1.1175,2,1,1,0,0,2,1,1,2,0,P4_confusable,P4_confusable,0,人工判断形音候选，审校后发布 trap/compare,象徵
6335,repli,NOM,B2,1.1151,3,1,2,0,0,6,1,1,3,3,P4_confusable,P4_confusable,0,人工判断形音候选，审校后发布 trap/compare,襞
6336,amer,ADJ,B2,1.11,3,1,1,1,0,4,1,1,3,2,P4_confusable,P4_confusable,0,人工判断形音候选，审校后发布 trap/compare,惨烈
6337,occupant,NOM,B2,1.1074,2,1,1,0,0,2,1,1,3,3,P4_confusable,P4_confusable,0,人工判断形音候选，审校后发布 trap/compare,
6338,fente,NOM,B2,1.0973,3,1,2,0,0,10,1,1,2,3,P4_confusable,P4_confusable,0,人工判断形音候选，审校后发布 trap/compare,切口；夹缝
6339,ravager,VER,B2,1.0966,3,2,1,0,0,3,1,1,2,2,P4_confusable,P4_confusable,0,人工判断形音候选，审校后发布 trap/compare,
6340,dessus,NOM,B2,1.0863,3,0,1,2,0,8,1,1,3,3,P4_confusable,P4_confusable,0,人工判断形音候选，审校后发布 trap/compare,上边；上面
6341,vigilant,ADJ,B2,1.0806,3,0,2,1,0,1,1,1,1,1,P4_confusable,P4_confusable,0,人工判断形音候选，审校后发布 trap/compare,提防；机警
6342,normal,NOM,B2,1.0443,3,1,2,0,0,1,1,1,3,3,P4_confusable,P4_confusable,0,人工判断形音候选，审校后发布 trap/compare,对头；普通
6343,chiper,VER,B2,1.0388,2,0,2,0,0,3,1,0,1,0,P4_confusable,P4_confusable,0,人工判断形音候选，审校后发布 trap/compare,偷
6344,généticien,NOM,B2,1.0381,2,2,0,0,0,1,1,1,1,2,P4_confusable,P4_confusable|P5_b2c1_synset,0,人工判断形音候选，审校后发布 trap/compare,
6345,intestin,NOM,B2,1.0379,2,0,2,0,0,2,1,0,1,1,P4_confusable,P4_confusable,0,人工判断形音候选，审校后发布 trap/compare,肠管；肠道
6346,endurance,NOM,B2,1.035,2,1,1,0,0,1,1,2,1,1,P4_confusable,P4_confusable,0,人工判断形音候选，审校后发布 trap/compare,体能；后劲
6347,offense,NOM,B2,1.0342,4,1,2,1,0,2,1,2,3,1,P4_confusable,P4_confusable,0,人工判断形音候选，审校后发布 trap/compare,犯罪；罪愆
6348,législatif,ADJ,B2,1.0255,2,1,0,1,0,3,1,1,1,1,P4_confusable,P4_confusable,0,人工判断形音候选，审校后发布 trap/compare,
6349,éveil,NOM,B2,1.0255,3,1,2,0,0,4,1,1,2,2,P4_confusable,P4_confusable,0,人工判断形音候选，审校后发布 trap/compare,
6350,snob,ADJ,B2,1.0211,2,1,0,1,0,1,1,0,2,1,P4_confusable,P4_confusable,0,人工判断形音候选，审校后发布 trap/compare,嫌贫爱富
6351,mobilier,ADJ,B2,1.0158,2,1,0,1,0,2,1,2,2,1,P4_confusable,P4_confusable,0,人工判断形音候选，审校后发布 trap/compare,
6352,christ,NOM,B2,1.0077,2,2,0,0,0,1,1,1,1,2,P4_confusable,P4_confusable|P5_b2c1_synset,0,人工判断形音候选，审校后发布 trap/compare,基督
6353,voiturer,VER,B2,1.0076,2,1,1,0,0,3,1,1,2,2,P4_confusable,P4_confusable,0,人工判断形音候选，审校后发布 trap/compare,
6354,odieux,ADJ,B2,1.0074,2,0,1,1,0,2,1,0,1,3,P4_confusable,P4_confusable,0,人工判断形音候选，审校后发布 trap/compare,不像话；恶劣
6355,marron,NOM,B2,1.0073,20,0,20,0,0,27,1,0,1,2,P4_confusable,P4_confusable,0,人工判断形音候选，审校后发布 trap/compare,板栗；栗子
6356,plasticité,NOM,B2,1.0016,3,1,1,1,0,3,1,1,3,2,P4_confusable,P4_confusable,0,人工判断形音候选，审校后发布 trap/compare,适应性
6357,léguer,VER,B2,0.9976,2,2,0,0,0,2,1,3,3,3,P4_confusable,P4_confusable|P5_b2c1_synset,0,人工判断形音候选，审校后发布 trap/compare,遗留
6358,potier,NOM,B2,0.9609,2,2,0,0,0,2,1,1,1,1,P4_confusable,P4_confusable|P5_b2c1_synset,0,人工判断形音候选，审校后发布 trap/compare,瓬
6359,poignard,NOM,B2,0.9608,2,1,1,0,0,3,1,1,3,2,P4_confusable,P4_confusable,0,人工判断形音候选，审校后发布 trap/compare,尖刀；钢枪
6360,gaspiller,VER,B2,0.9589,2,0,1,1,0,2,1,0,1,2,P4_confusable,P4_confusable,0,人工判断形音候选，审校后发布 trap/compare,挥霍浪费；浪费
6361,rénover,VER,B2,0.9458,3,0,3,0,0,2,1,0,1,1,P4_confusable,P4_confusable,0,人工判断形音候选，审校后发布 trap/compare,再造；改建
6362,accroissement,NOM,B2,0.9426,3,1,2,0,0,5,1,1,2,2,P4_confusable,P4_confusable,0,人工判断形音候选，审校后发布 trap/compare,增加
6363,épouvantable,ADJ,B2,0.942,3,2,1,0,0,3,1,1,2,2,P4_confusable,P4_confusable,0,人工判断形音候选，审校后发布 trap/compare,森然
6364,restriction,NOM,B2,0.9385,2,1,0,1,0,3,1,1,2,0,P4_confusable,P4_confusable,0,人工判断形音候选，审校后发布 trap/compare,禁制
6365,espionner,VER,B2,0.911,2,1,1,0,0,2,1,1,1,1,P4_confusable,P4_confusable,0,人工判断形音候选，审校后发布 trap/compare,侦探；偷窥
6366,habité,ADJ,B2,0.8843,2,1,0,1,0,0,0,1,3,3,P4_confusable,P4_confusable,0,人工判断形音候选，审校后发布 trap/compare,载人
6367,leader,NOM,B2,0.8841,3,0,3,0,0,4,1,0,0,1,P4_confusable,P4_confusable,0,人工判断形音候选，审校后发布 trap/compare,头儿；头领
6368,étoffe,NOM,B2,0.8792,2,0,2,0,0,0,0,0,2,1,P4_confusable,P4_confusable,0,人工判断形音候选，审校后发布 trap/compare,料
6369,ciseau,NOM,B2,0.8778,3,1,2,0,0,8,1,3,3,0,P4_confusable,P4_confusable,0,人工判断形音候选，审校后发布 trap/compare,錾子
6370,bourg,NOM,B2,0.8607,2,1,1,0,0,3,1,3,3,3,P4_confusable,P4_confusable,0,人工判断形音候选，审校后发布 trap/compare,城镇；市镇
6371,infecter,VER,B2,0.8585,5,1,3,1,0,3,1,1,3,3,P4_confusable,P4_confusable,0,人工判断形音候选，审校后发布 trap/compare,感染
6372,prototype,NOM,B2,0.8565,5,0,3,2,0,4,1,1,1,0,P4_confusable,P4_confusable,0,人工判断形音候选，审校后发布 trap/compare,原型；样板
6373,garderie,NOM,B2,0.8475,2,1,1,0,0,2,1,1,2,1,P4_confusable,P4_confusable,0,人工判断形音候选，审校后发布 trap/compare,保育院；托儿所
6374,vertical,NOM,B2,0.8475,2,1,0,1,0,2,1,0,1,2,P4_confusable,P4_confusable,0,人工判断形音候选，审校后发布 trap/compare,垂直；立式
6375,succession,NOM,B2,0.8268,3,2,1,0,0,4,1,1,2,3,P4_confusable,P4_confusable,0,人工判断形音候选，审校后发布 trap/compare,继承；连环
6376,ordure,NOM,B2,0.8229,5,0,5,0,0,5,1,0,3,2,P4_confusable,P4_confusable,0,人工判断形音候选，审校后发布 trap/compare,杂物
6377,éduquer,VER,B2,0.8058,4,3,1,0,0,3,1,3,2,3,P4_confusable,P4_confusable,0,人工判断形音候选，审校后发布 trap/compare,培养；培育
6378,anticipation,NOM,B2,0.7913,4,1,3,0,0,7,1,1,1,2,P4_confusable,P4_confusable,0,人工判断形音候选，审校后发布 trap/compare,预期
6379,communément,ADV,B2,0.7913,2,1,1,0,0,2,1,1,1,0,P4_confusable,P4_confusable,0,人工判断形音候选，审校后发布 trap/compare,普遍
6380,libéralisme,NOM,B2,0.7913,2,2,0,0,0,3,1,1,1,3,P4_confusable,P4_confusable|P5_b2c1_synset,0,人工判断形音候选，审校后发布 trap/compare,自由主义
6381,soustraire,VER,B2,0.7913,2,1,1,0,0,3,1,1,1,1,P4_confusable,P4_confusable,0,人工判断形音候选，审校后发布 trap/compare,减；抽
6382,statuer,VER,B2,0.7913,2,1,1,0,0,1,1,1,3,0,P4_confusable,P4_confusable,0,人工判断形音候选，审校后发布 trap/compare,审理
6383,sérénité,NOM,B2,0.7913,2,1,0,1,0,3,1,1,0,1,P4_confusable,P4_confusable,0,人工判断形音候选，审校后发布 trap/compare,宁静；安详
6384,émotionnel,ADJ,B2,0.7913,2,1,1,0,0,2,1,1,2,1,P4_confusable,P4_confusable,0,人工判断形音候选，审校后发布 trap/compare,感情上
6385,stagiaire,ADJ,B2,0.7841,2,1,1,0,0,1,1,1,1,2,P4_confusable,P4_confusable,0,人工判断形音候选，审校后发布 trap/compare,实习生
6386,collant,ADJ,B2,0.7367,2,1,1,0,0,3,1,1,3,1,P4_confusable,P4_confusable,0,人工判断形音候选，审校后发布 trap/compare,紧身；黏答答
6387,décrier,VER,B2,0.7262,3,0,2,1,0,2,1,1,2,3,P4_confusable,P4_confusable,0,人工判断形音候选，审校后发布 trap/compare,贬低
6388,imprévu,ADJ,B2,0.7262,3,0,3,0,0,2,1,1,2,1,P4_confusable,P4_confusable,0,人工判断形音候选，审校后发布 trap/compare,不时之需；出乎意料
6389,éloquent,ADJ,B2,0.7262,2,1,1,0,0,3,1,1,2,1,P4_confusable,P4_confusable,0,人工判断形音候选，审校后发布 trap/compare,舌灿莲花
6390,socialisme,NOM,B2,0.7247,2,1,0,1,0,2,1,1,2,3,P4_confusable,P4_confusable,0,人工判断形音候选，审校后发布 trap/compare,社会主义；社会主义制度
6391,continuellement,ADV,B2,0.7219,2,0,2,0,0,1,1,1,2,2,P4_confusable,P4_confusable,0,人工判断形音候选，审校后发布 trap/compare,一味；向来
6392,flexibilité,NOM,B2,0.7219,4,1,2,1,0,6,1,1,1,1,P4_confusable,P4_confusable,0,人工判断形音候选，审校后发布 trap/compare,柔性；灵活性
6393,monopole,NOM,B2,0.7219,3,1,0,2,0,3,1,0,2,2,P4_confusable,P4_confusable,0,人工判断形音候选，审校后发布 trap/compare,垄断；独占
6394,remplacement,NOM,B2,0.7219,2,1,1,0,0,3,1,1,2,3,P4_confusable,P4_confusable,0,人工判断形音候选，审校后发布 trap/compare,换人；置换
6395,senteur,NOM,B2,0.7219,2,1,1,0,0,2,1,0,2,1,P4_confusable,P4_confusable,0,人工判断形音候选，审校后发布 trap/compare,气味；气息
6396,tordre,VER,B2,0.7219,2,0,1,1,0,2,1,1,2,2,P4_confusable,P4_confusable,0,人工判断形音候选，审校后发布 trap/compare,扭曲；掰弯
6397,ténu,ADJ,B2,0.7219,2,0,1,1,0,1,1,1,3,0,P4_confusable,P4_confusable,0,人工判断形音候选，审校后发布 trap/compare,修长
6398,acquéreur,NOM,B2,0.7202,2,1,1,0,0,1,1,1,3,1,P4_confusable,P4_confusable,0,人工判断形音候选，审校后发布 trap/compare,
6399,dissoudre,VER,B2,0.7202,2,2,0,0,0,3,1,1,1,1,P4_confusable,P4_confusable|P5_b2c1_synset,0,人工判断形音候选，审校后发布 trap/compare,化解；拆散
6400,fondu,ADJ,B2,0.7202,2,1,1,0,0,3,1,1,1,1,P4_confusable,P4_confusable,0,人工判断形音候选，审校后发布 trap/compare,融合的
6401,rotation,NOM,B2,0.7202,3,1,2,0,0,6,1,0,2,2,P4_confusable,P4_confusable,0,人工判断形音候选，审校后发布 trap/compare,周转；回旋
6402,transitoire,ADJ,B2,0.7202,2,0,2,0,0,3,1,1,3,2,P4_confusable,P4_confusable,0,人工判断形音候选，审校后发布 trap/compare,一过性；浮云
6403,échelon,NOM,B2,0.7202,4,0,4,0,0,3,1,1,1,1,P4_confusable,P4_confusable,0,人工判断形音候选，审校后发布 trap/compare,梯队
6404,allouer,VER,B2,0.7167,4,1,3,0,0,3,1,1,0,1,P4_confusable,P4_confusable,0,人工判断形音候选，审校后发布 trap/compare,划定；划拨
6405,communiste,NOM,B2,0.7167,3,1,2,0,0,3,1,1,3,1,P4_confusable,P4_confusable,0,人工判断形音候选，审校后发布 trap/compare,共产；共产党人
6406,éloquence,NOM,B2,0.7167,4,1,3,0,0,2,1,2,1,1,P4_confusable,P4_confusable,0,人工判断形音候选，审校后发布 trap/compare,口才
6407,émetteur,NOM,B2,0.7167,3,1,1,1,0,6,1,1,3,1,P4_confusable,P4_confusable,0,人工判断形音候选，审校后发布 trap/compare,发行人
6408,mouillé,ADJ,B2,0.7154,3,1,2,0,0,5,1,2,3,2,P4_confusable,P4_confusable,0,人工判断形音候选，审校后发布 trap/compare,湿透
6409,continuité,NOM,B2,0.7115,5,0,1,4,0,4,1,1,2,3,P4_confusable,P4_confusable,0,人工判断形音候选，审校后发布 trap/compare,连续性
6410,débile,ADJ,B2,0.7115,3,0,1,2,0,2,1,0,2,2,P4_confusable,P4_confusable,0,人工判断形音候选，审校后发布 trap/compare,低能的，弱智的（口语）
6411,encenser,VER,B2,0.7094,3,0,2,1,0,4,1,0,3,2,P4_confusable,P4_confusable,0,人工判断形音候选，审校后发布 trap/compare,抬举
6412,judicieux,ADJ,B2,0.7094,2,0,2,0,0,2,1,1,1,1,P4_confusable,P4_confusable,0,人工判断形音候选，审校后发布 trap/compare,中肯；识趣
6413,équité,NOM,B2,0.7094,2,2,0,0,0,3,1,0,3,2,P4_confusable,P4_confusable|P5_b2c1_synset,0,人工判断形音候选，审校后发布 trap/compare,公道
6414,clément,ADJ,B2,0.7091,3,0,2,1,0,1,1,1,2,2,P4_confusable,P4_confusable,0,人工判断形音候选，审校后发布 trap/compare,克莱门
6415,cancérigène,ADJ,B2,0.7085,2,1,1,0,0,2,1,1,3,1,P4_confusable,P4_confusable,0,人工判断形音候选，审校后发布 trap/compare,致癌；致癌物
6416,composant,NOM,B2,0.7085,2,0,2,0,0,2,1,1,2,2,P4_confusable,P4_confusable,0,人工判断形音候选，审校后发布 trap/compare,元件；元器件
6417,conciliation,NOM,B2,0.7085,2,1,1,0,0,3,1,1,3,3,P4_confusable,P4_confusable,0,人工判断形音候选，审校后发布 trap/compare,劝解
6418,effectif,ADJ,B2,0.7085,2,0,1,1,0,3,1,1,2,3,P4_confusable,P4_confusable,0,人工判断形音候选，审校后发布 trap/compare,名额；好用
6419,malmener,VER,B2,0.7085,2,0,1,1,0,3,1,1,0,3,P4_confusable,P4_confusable,0,人工判断形音候选，审校后发布 trap/compare,动粗；欺侮
6420,récepteur,NOM,B2,0.7085,3,0,2,1,0,4,1,1,1,0,P4_confusable,P4_confusable,0,人工判断形音候选，审校后发布 trap/compare,受体；接收器
6421,canular,NOM,B2,0.7068,2,0,2,0,0,3,1,0,0,1,P4_confusable,P4_confusable,0,人工判断形音候选，审校后发布 trap/compare,骗局
6422,coder,VER,B2,0.7068,2,0,1,1,0,3,1,0,1,1,P4_confusable,P4_confusable,0,人工判断形音候选，审校后发布 trap/compare,编码
6423,comble,NOM,B2,0.7068,3,1,2,0,0,10,1,0,1,2,P4_confusable,P4_confusable,0,人工判断形音候选，审校后发布 trap/compare,极点；顶峰
6424,brèche,NOM,B2,0.7046,3,0,3,0,0,12,1,0,1,2,P4_confusable,P4_confusable,0,人工判断形音候选，审校后发布 trap/compare,突破口；缺口
6425,meurtrier,NOM,B2,0.7046,3,1,1,1,0,1,1,1,2,2,P4_confusable,P4_confusable,0,人工判断形音候选，审校后发布 trap/compare,凶手
6426,soulagement,NOM,B2,0.7046,2,1,1,0,0,1,1,1,1,1,P4_confusable,P4_confusable,0,人工判断形音候选，审校后发布 trap/compare,缓和
6427,châtier,VER,B2,0.7027,11,1,10,0,0,4,1,1,3,3,P4_confusable,P4_confusable,0,人工判断形音候选，审校后发布 trap/compare,处分；处罚
6428,hardi,ADJ,B2,0.7027,5,0,5,0,0,12,1,0,1,1,P4_confusable,P4_confusable,0,人工判断形音候选，审校后发布 trap/compare,冒昧；大胆
6429,médire,VER,B2,0.7027,3,0,3,0,0,1,1,2,2,3,P4_confusable,P4_confusable,0,人工判断形音候选，审校后发布 trap/compare,嘀；讪
6430,disciple,NOM,B2,0.7026,3,0,3,0,0,2,1,2,0,1,P4_confusable,P4_confusable,0,人工判断形音候选，审校后发布 trap/compare,传人；信徒
6431,compensation,NOM,B2,0.7013,2,1,1,0,0,0,0,1,3,2,P4_confusable,P4_confusable,0,人工判断形音候选，审校后发布 trap/compare,回馈；补偿
6432,enraciner,VER,B2,0.7013,2,2,0,0,0,3,1,1,3,1,P4_confusable,P4_confusable|P5_b2c1_synset,0,人工判断形音候选，审校后发布 trap/compare,扎根；根深蒂固
6433,expéditeur,NOM,B2,0.7013,2,1,0,1,0,1,1,1,3,3,P4_confusable,P4_confusable,0,人工判断形音候选，审校后发布 trap/compare,写信人；寄信人
6434,femelle,ADJ,B2,0.7013,2,0,0,2,0,2,1,1,1,1,P4_confusable,P4_confusable,0,人工判断形音候选，审校后发布 trap/compare,雌性
6435,marginal,ADJ,B2,0.7013,4,2,1,1,0,5,1,1,1,1,P4_confusable,P4_confusable,0,人工判断形音候选，审校后发布 trap/compare,边际
6436,physicien,NOM,B2,0.7013,2,2,0,0,0,3,1,2,3,2,P4_confusable,P4_confusable|P5_b2c1_synset,0,人工判断形音候选，审校后发布 trap/compare,物理学家
6437,prime,ADJ,B2,0.7004,2,2,0,0,0,3,1,7,3,3,P4_confusable,P4_confusable|P5_b2c1_synset,0,人工判断形音候选，审校后发布 trap/compare,奖金；赏金
6438,alléger,VER,B2,0.6985,2,0,2,0,0,3,1,1,3,3,P4_confusable,P4_confusable,0,人工判断形音候选，审校后发布 trap/compare,减轻
6439,connu,ADJ,B2,0.6982,2,0,1,1,0,1,1,1,1,1,P4_confusable,P4_confusable,0,人工判断形音候选，审校后发布 trap/compare,所知；有名
6440,piano,ADV,B2,0.6982,2,1,1,0,0,2,1,1,2,2,P4_confusable,P4_confusable,0,人工判断形音候选，审校后发布 trap/compare,钢琴
6441,groupement,NOM,B2,0.6976,4,1,2,1,0,6,1,1,3,2,P4_confusable,P4_confusable,0,人工判断形音候选，审校后发布 trap/compare,党派；团体
6442,sévèrement,ADV,B2,0.6971,2,1,1,0,0,3,1,1,3,1,P4_confusable,P4_confusable,0,人工判断形音候选，审校后发布 trap/compare,从严；着实
6443,délimiter,VER,B2,0.6965,2,1,1,0,0,1,1,1,3,3,P4_confusable,P4_confusable,0,人工判断形音候选，审校后发布 trap/compare,划定；界定
6444,insurrection,NOM,B2,0.6932,2,0,2,0,0,1,1,0,1,1,P4_confusable,P4_confusable,0,人工判断形音候选，审校后发布 trap/compare,起义
6445,interne,ADJ,B2,0.6898,2,0,1,1,0,0,0,0,3,2,P4_confusable,P4_confusable,0,人工判断形音候选，审校后发布 trap/compare,内在；内置
6446,désillusion,NOM,B2,0.6893,2,0,1,1,0,1,1,1,1,2,P4_confusable,P4_confusable,0,人工判断形音候选，审校后发布 trap/compare,幻灭
6447,intégral,ADJ,B2,0.6893,2,0,1,1,0,2,1,1,2,2,P4_confusable,P4_confusable,0,人工判断形音候选，审校后发布 trap/compare,全盘；完整
6448,irrationnel,ADJ,B2,0.6893,2,1,0,1,0,2,1,1,2,2,P4_confusable,P4_confusable,0,人工判断形音候选，审校后发布 trap/compare,无理
6449,aristocratie,NOM,B2,0.6892,4,2,0,2,0,3,1,1,3,3,P4_confusable,P4_confusable,0,人工判断形音候选，审校后发布 trap/compare,上层；精英
6450,atterrissage,NOM,B2,0.6892,2,1,0,1,0,3,1,1,2,1,P4_confusable,P4_confusable,0,人工判断形音候选，审校后发布 trap/compare,登陆
6451,indulgent,ADJ,B2,0.6891,3,0,2,1,0,1,1,1,1,1,P4_confusable,P4_confusable,0,人工判断形音候选，审校后发布 trap/compare,从宽；宽容
6452,provisoire,ADJ,B2,0.6891,2,0,2,0,0,2,1,1,3,2,P4_confusable,P4_confusable,0,人工判断形音候选，审校后发布 trap/compare,临时；初次
6453,sanctionner,VER,B2,0.6891,2,1,1,0,0,2,1,0,2,2,P4_confusable,P4_confusable,0,人工判断形音候选，审校后发布 trap/compare,制裁；处分
6454,habillé,ADJ,B2,0.6889,2,0,1,1,0,3,1,1,3,3,P4_confusable,P4_confusable,0,人工判断形音候选，审校后发布 trap/compare,身着
6455,pareil,ADV,B2,0.6866,2,1,1,0,0,2,1,1,2,3,P4_confusable,P4_confusable,0,人工判断形音候选，审校后发布 trap/compare,一样；不相上下
6456,agrément,NOM,B2,0.6864,4,2,1,1,0,8,1,1,1,3,P4_confusable,P4_confusable,0,人工判断形音候选，审校后发布 trap/compare,情趣
6457,attrait,NOM,B2,0.6864,2,1,1,0,0,2,1,1,1,1,P4_confusable,P4_confusable,0,人工判断形音候选，审校后发布 trap/compare,魅力
6458,fini,ADJ,B2,0.6861,4,1,1,2,0,9,1,1,2,3,P4_confusable,P4_confusable,0,人工判断形音候选，审校后发布 trap/compare,作好；精良
6459,diversification,NOM,B2,0.6853,3,1,1,1,0,2,1,1,2,3,P4_confusable,P4_confusable,0,人工判断形音候选，审校后发布 trap/compare,多样化
6460,rêvé,ADJ,B2,0.6844,2,2,0,0,0,1,1,1,3,3,P4_confusable,P4_confusable|P5_b2c1_synset,0,人工判断形音候选，审校后发布 trap/compare,梦幻
6461,arborer,VER,B2,0.684,2,1,1,0,0,3,1,0,2,0,P4_confusable,P4_confusable,0,人工判断形音候选，审校后发布 trap/compare,举起
6462,argumenter,VER,B2,0.684,2,1,1,0,0,2,1,1,2,1,P4_confusable,P4_confusable,0,人工判断形音候选，审校后发布 trap/compare,争论；推论
6463,cime,NOM,B2,0.684,2,0,2,0,0,1,1,0,1,1,P4_confusable,P4_confusable,0,人工判断形音候选，审校后发布 trap/compare,尖峰；山顶
6464,célébration,NOM,B2,0.684,2,1,1,0,0,1,1,1,3,2,P4_confusable,P4_confusable,0,人工判断形音候选，审校后发布 trap/compare,庆
6465,fiabilité,NOM,B2,0.684,2,1,1,0,0,1,1,1,3,2,P4_confusable,P4_confusable,0,人工判断形音候选，审校后发布 trap/compare,信用；可信度
6466,temporairement,ADV,B2,0.684,2,1,1,0,0,1,1,1,3,3,P4_confusable,P4_confusable,0,人工判断形音候选，审校后发布 trap/compare,一时；权时
6467,viril,ADJ,B2,0.684,3,1,2,0,0,4,1,1,2,1,P4_confusable,P4_confusable,0,人工判断形音候选，审校后发布 trap/compare,洸
6468,éleveur,NOM,B2,0.684,2,1,1,0,0,2,1,2,3,3,P4_confusable,P4_confusable,0,人工判断形音候选，审校后发布 trap/compare,饲养员
6469,heureux,NOM,B2,0.6838,2,1,0,1,0,2,1,1,3,1,P4_confusable,P4_confusable,0,人工判断形音候选，审校后发布 trap/compare,乐滋滋；可喜
6470,vis,NOM,B2,0.6825,2,2,0,0,0,3,1,2,2,2,P4_confusable,P4_confusable|P5_b2c1_synset,0,人工判断形音候选，审校后发布 trap/compare,螺丝；螺杆
6471,altérité,NOM,B2,0.6811,2,1,0,1,0,1,1,0,2,2,P4_confusable,P4_confusable,0,人工判断形音候选，审校后发布 trap/compare,他性；他者性
6472,aride,ADJ,B2,0.6777,2,0,1,1,0,3,1,0,2,1,P4_confusable,P4_confusable,0,人工判断形音候选，审校后发布 trap/compare,干旱；干燥
6473,entrevue,NOM,B2,0.6756,2,0,2,0,0,2,1,1,1,1,P4_confusable,P4_confusable,0,人工判断形音候选，审校后发布 trap/compare,会晤
6474,gracieusement,ADV,B2,0.6755,2,0,2,0,0,2,1,1,2,2,P4_confusable,P4_confusable,0,人工判断形音候选，审校后发布 trap/compare,翩
6475,expérimenté,ADJ,B2,0.675,2,2,0,0,0,1,1,2,3,3,P4_confusable,P4_confusable|P5_b2c1_synset,0,人工判断形音候选，审校后发布 trap/compare,历练；娴熟
6476,management,NOM,B2,0.675,2,0,2,0,0,3,1,0,2,1,P4_confusable,P4_confusable,0,人工判断形音候选，审校后发布 trap/compare,管理；管理学
6477,handicapé,ADJ,B2,0.6742,2,1,0,1,0,1,1,0,3,3,P4_confusable,P4_confusable,0,人工判断形音候选，审校后发布 trap/compare,伤残；残疾人
6478,adversité,NOM,B2,0.6741,2,0,1,1,0,1,1,1,2,1,P4_confusable,P4_confusable,0,人工判断形音候选，审校后发布 trap/compare,不幸；厄运
6479,maudire,VER,B2,0.6741,2,2,0,0,0,3,1,2,2,3,P4_confusable,P4_confusable|P5_b2c1_synset,0,人工判断形音候选，审校后发布 trap/compare,诅咒；责骂
6480,affliger,VER,B2,0.6722,4,1,3,0,0,4,1,1,2,2,P4_confusable,P4_confusable,0,人工判断形音候选，审校后发布 trap/compare,忧；瘅
6481,atterrir,VER,B2,0.6721,2,1,0,1,0,3,1,1,1,2,P4_confusable,P4_confusable,0,人工判断形音候选，审校后发布 trap/compare,上岸；着陆
6482,ranimer,VER,B2,0.6721,4,0,4,0,0,5,1,1,2,0,P4_confusable,P4_confusable,0,人工判断形音候选，审校后发布 trap/compare,搞活
6483,évacuation,NOM,B2,0.6721,8,1,7,0,0,5,1,1,3,2,P4_confusable,P4_confusable,0,人工判断形音候选，审校后发布 trap/compare,撤出
6484,fainéant,NOM,B2,0.6717,2,0,2,0,0,1,1,1,2,1,P4_confusable,P4_confusable,0,人工判断形音候选，审校后发布 trap/compare,懒惰
6485,ivresse,NOM,B2,0.6717,2,1,0,1,0,3,1,1,1,1,P4_confusable,P4_confusable,0,人工判断形音候选，审校后发布 trap/compare,酒醉
6486,détachement,NOM,B2,0.6699,3,1,0,2,0,4,1,1,1,3,P4_confusable,P4_confusable,0,人工判断形音候选，审校后发布 trap/compare,支队
6487,pompeux,ADJ,B2,0.6699,3,1,2,0,0,2,1,1,2,3,P4_confusable,P4_confusable,0,人工判断形音候选，审校后发布 trap/compare,奢华；虚夸
6488,importuner,VER,B2,0.6697,2,0,2,0,0,2,1,0,2,1,P4_confusable,P4_confusable,0,人工判断形音候选，审校后发布 trap/compare,气人；烦人
6489,bravoure,NOM,B2,0.6695,2,1,1,0,0,1,1,1,2,0,P4_confusable,P4_confusable,0,人工判断形音候选，审校后发布 trap/compare,恿
6490,embuscade,NOM,B2,0.6695,2,0,2,0,0,2,1,0,1,1,P4_confusable,P4_confusable,0,人工判断形音候选，审校后发布 trap/compare,伏击；圈套
6491,terroriste,NOM,B2,0.6695,2,2,0,0,0,3,1,1,3,3,P4_confusable,P4_confusable|P5_b2c1_synset,0,人工判断形音候选，审校后发布 trap/compare,恐怖分子
6492,altérer,VER,B2,0.6693,3,2,1,0,0,4,1,1,3,3,P4_confusable,P4_confusable,0,人工判断形音候选，审校后发布 trap/compare,变质；异动
6493,gifle,NOM,B2,0.6674,5,0,5,0,0,3,1,0,3,1,P4_confusable,P4_confusable,0,人工判断形音候选，审校后发布 trap/compare,嘴巴；巴掌
6494,brutalité,NOM,B2,0.6652,3,1,1,1,0,3,1,1,3,3,P4_confusable,P4_confusable,0,人工判断形音候选，审校后发布 trap/compare,强暴；蛮横
6495,amusement,NOM,B2,0.665,4,0,4,0,0,4,1,1,2,1,P4_confusable,P4_confusable,0,人工判断形音候选，审校后发布 trap/compare,
6496,endurer,VER,B2,0.665,3,1,2,0,0,3,1,2,1,1,P4_confusable,P4_confusable,0,人工判断形音候选，审校后发布 trap/compare,受到；忍耐
6497,ministériel,ADJ,B2,0.6635,2,2,0,0,0,2,1,1,2,0,P4_confusable,P4_confusable|P5_b2c1_synset,0,人工判断形音候选，审校后发布 trap/compare,部长
6498,embaucher,VER,B2,0.6605,4,1,1,2,0,3,1,2,3,1,P4_confusable,P4_confusable,0,人工判断形音候选，审校后发布 trap/compare,招聘；租赁
6499,effroyable,ADJ,B2,0.6597,2,0,2,0,0,2,1,1,1,0,P4_confusable,P4_confusable,0,人工判断形音候选，审校后发布 trap/compare,可怕
6500,théoriquement,ADV,B2,0.6597,2,1,0,1,0,3,1,0,3,3,P4_confusable,P4_confusable,0,人工判断形音候选，审校后发布 trap/compare,理论上
6501,décoller,VER,B2,0.6595,4,3,1,0,0,8,1,1,3,2,P4_confusable,P4_confusable,0,人工判断形音候选，审校后发布 trap/compare,升空；启航
6502,expansif,ADJ,B2,0.6593,2,2,0,0,0,3,1,1,1,1,P4_confusable,P4_confusable|P5_b2c1_synset,0,人工判断形音候选，审校后发布 trap/compare,粗放
6503,exaspérer,VER,B2,0.6556,2,0,2,0,0,3,1,0,0,1,P4_confusable,P4_confusable,0,人工判断形音候选，审校后发布 trap/compare,激怒
6504,asservir,VER,B2,0.6546,3,1,2,0,0,5,1,1,3,3,P4_confusable,P4_confusable,0,人工判断形音候选，审校后发布 trap/compare,伺服；奴役
6505,insignifiant,ADJ,B2,0.6546,5,0,4,1,0,4,1,0,3,2,P4_confusable,P4_confusable,0,人工判断形音候选，审校后发布 trap/compare,不起眼；些许
6506,clandestin,ADJ,B2,0.6508,2,0,1,1,0,1,1,0,0,1,P4_confusable,P4_confusable,0,人工判断形音候选，审校后发布 trap/compare,地下；秘密
6507,découvert,ADJ,B2,0.6502,2,1,0,1,0,2,1,1,2,3,P4_confusable,P4_confusable,0,人工判断形音候选，审校后发布 trap/compare,敞
6508,maximal,ADJ,B2,0.6496,3,1,1,1,0,2,1,0,3,3,P4_confusable,P4_confusable,0,人工判断形音候选，审校后发布 trap/compare,
6509,imposteur,NOM,B2,0.6471,2,0,2,0,0,3,1,0,1,0,P4_confusable,P4_confusable,0,人工判断形音候选，审校后发布 trap/compare,冒名
6510,licenciement,NOM,B2,0.6471,3,1,1,1,0,2,1,1,3,3,P4_confusable,P4_confusable,0,人工判断形音候选，审校后发布 trap/compare,解雇
6511,émotif,ADJ,B2,0.6469,2,1,0,1,0,0,0,1,2,0,P4_confusable,P4_confusable,0,人工判断形音候选，审校后发布 trap/compare,多情；感情上
6512,perplexe,ADJ,B2,0.6463,2,1,1,0,0,2,1,0,3,1,P4_confusable,P4_confusable,0,人工判断形音候选，审校后发布 trap/compare,一脸茫然；云里雾里
6513,pion,NOM,B2,0.6463,3,1,2,0,0,10,1,1,1,0,P4_confusable,P4_confusable,0,人工判断形音候选，审校后发布 trap/compare,小卒
6514,équation,NOM,B2,0.6463,3,0,2,1,0,9,1,0,2,2,P4_confusable,P4_confusable,0,人工判断形音候选，审校后发布 trap/compare,方程；方程式
6515,châtiment,NOM,B2,0.6454,3,1,2,0,0,1,1,1,3,3,P4_confusable,P4_confusable,0,人工判断形音候选，审校后发布 trap/compare,刑罚；惩治
6516,maniaque,ADJ,B2,0.6448,2,1,1,0,0,2,1,1,2,2,P4_confusable,P4_confusable,0,人工判断形音候选，审校后发布 trap/compare,怪人；狂人
6517,indescriptible,ADJ,B2,0.6412,2,0,2,0,0,2,1,1,2,0,P4_confusable,P4_confusable,0,人工判断形音候选，审校后发布 trap/compare,无法形容；莫名
6518,différer,VER,B2,0.6367,2,0,1,1,0,3,1,1,3,3,P4_confusable,P4_confusable,0,人工判断形音候选，审校后发布 trap/compare,延迟；挨延
6519,griffe,NOM,B2,0.6322,3,1,2,0,0,17,1,1,2,2,P4_confusable,P4_confusable,0,人工判断形音候选，审校后发布 trap/compare,爪儿；爪子
6520,outrage,NOM,B2,0.6306,5,1,4,0,0,4,1,1,3,2,P4_confusable,P4_confusable,0,人工判断形音候选，审校后发布 trap/compare,诟
6521,capitalisme,NOM,B2,0.6275,2,1,0,1,0,3,1,2,0,3,P4_confusable,P4_confusable,0,人工判断形音候选，审校后发布 trap/compare,资本主义
6522,adjoint,NOM,B2,0.6261,2,1,1,0,0,2,1,1,1,1,P4_confusable,P4_confusable,0,人工判断形音候选，审校后发布 trap/compare,副手
6523,approuver,VER,B2,0.6261,3,1,2,0,0,3,1,1,0,3,P4_confusable,P4_confusable,0,人工判断形音候选，审校后发布 trap/compare,准予；准许
6524,délinquant,ADJ,B2,0.6207,2,1,1,0,0,1,1,1,3,3,P4_confusable,P4_confusable,0,人工判断形音候选，审校后发布 trap/compare,犯人
6525,prodigieux,ADJ,B2,0.6202,2,1,0,1,0,2,1,0,1,3,P4_confusable,P4_confusable,0,人工判断形音候选，审校后发布 trap/compare,出类拔萃；神奇
6526,manie,NOM,B2,0.6194,2,1,1,0,0,3,1,1,3,0,P4_confusable,P4_confusable,0,人工判断形音候选，审校后发布 trap/compare,癖
6527,malformation,NOM,B2,0.6191,2,1,1,0,0,1,1,2,1,2,P4_confusable,P4_confusable,0,人工判断形音候选，审校后发布 trap/compare,畸型
6528,négociant,NOM,B2,0.6191,2,1,1,0,0,2,1,1,2,2,P4_confusable,P4_confusable,0,人工判断形音候选，审校后发布 trap/compare,商户
6529,meurtrier,ADJ,B2,0.6162,2,1,1,0,0,2,1,1,2,2,P4_confusable,P4_confusable,0,人工判断形音候选，审校后发布 trap/compare,凶手
6530,consultant,NOM,B2,0.6143,2,1,1,0,0,3,1,1,3,3,P4_confusable,P4_confusable,0,人工判断形音候选，审校后发布 trap/compare,咨询；咨询顾问
6531,néant,NOM,B2,0.6143,4,0,2,2,0,6,1,2,3,3,P4_confusable,P4_confusable,0,人工判断形音候选，审校后发布 trap/compare,虚无
6532,cassure,NOM,B2,0.6131,3,0,3,0,0,3,1,1,3,3,P4_confusable,P4_confusable,0,人工判断形音候选，审校后发布 trap/compare,破裂
6533,réadaptation,NOM,B2,0.6122,3,1,2,0,0,3,1,1,3,3,P4_confusable,P4_confusable,0,人工判断形音候选，审校后发布 trap/compare,
6534,amertume,NOM,B2,0.6006,2,1,0,1,0,3,1,1,2,1,P4_confusable,P4_confusable,0,人工判断形音候选，审校后发布 trap/compare,恨意；苦处
6535,robuste,ADJ,B2,0.5979,4,0,1,3,0,4,1,0,2,1,P4_confusable,P4_confusable,0,人工判断形音候选，审校后发布 trap/compare,健壮；厚实
6536,délicatesse,NOM,B2,0.5978,2,1,1,0,0,0,0,1,2,1,P4_confusable,P4_confusable,0,人工判断形音候选，审校后发布 trap/compare,正直；纤细
6537,pudeur,NOM,B2,0.5978,2,1,1,0,0,2,1,0,1,1,P4_confusable,P4_confusable,0,人工判断形音候选，审校后发布 trap/compare,羞耻
6538,imprudent,ADJ,B2,0.5962,2,1,0,1,0,2,1,1,2,2,P4_confusable,P4_confusable,0,人工判断形音候选，审校后发布 trap/compare,不慎；疏率
6539,cartable,NOM,B2,0.5955,2,0,2,0,0,3,1,1,0,1,P4_confusable,P4_confusable,0,人工判断形音候选，审校后发布 trap/compare,书包
6540,illustre,ADJ,B2,0.5955,5,0,1,4,0,2,1,1,2,3,P4_confusable,P4_confusable,0,人工判断形音候选，审校后发布 trap/compare,崋；炳
6541,implorer,VER,B2,0.584,2,0,2,0,0,1,1,1,2,2,P4_confusable,P4_confusable,0,人工判断形音候选，审校后发布 trap/compare,哀求；央告
6542,registre,NOM,B2,0.5833,3,1,2,0,0,10,1,2,3,2,P4_confusable,P4_confusable,0,人工判断形音候选，审校后发布 trap/compare,寄存器；汇编
6543,déconcerter,VER,B2,0.5678,3,0,3,0,0,3,1,0,1,1,P4_confusable,P4_confusable,0,人工判断形音候选，审校后发布 trap/compare,难住
6544,ventilation,NOM,B2,0.5513,3,1,2,0,0,3,1,1,2,3,P4_confusable,P4_confusable,0,人工判断形音候选，审校后发布 trap/compare,通风
6545,fauve,NOM,B2,0.5504,3,0,3,0,0,6,1,0,2,1,P4_confusable,P4_confusable,0,人工判断形音候选，审校后发布 trap/compare,野兽
6546,ému,ADJ,B2,0.5465,2,1,0,1,0,2,1,1,1,0,P4_confusable,P4_confusable,0,人工判断形音候选，审校后发布 trap/compare,慷慨；激动
6547,végétation,NOM,B2,0.5355,2,1,1,0,0,0,0,1,2,2,P4_confusable,P4_confusable,0,人工判断形音候选，审校后发布 trap/compare,植物；植被
6548,parterre,NOM,B2,0.5199,3,0,3,0,0,4,1,1,0,2,P4_confusable,P4_confusable,0,人工判断形音候选，审校后发布 trap/compare,花坛
6549,allongé,ADJ,B2,0.5168,2,0,1,1,0,2,1,2,3,3,P4_confusable,P4_confusable,0,人工判断形音候选，审校后发布 trap/compare,躺着
6550,modérer,VER,B2,0.5168,4,1,2,1,0,4,1,2,3,3,P4_confusable,P4_confusable,0,人工判断形音候选，审校后发布 trap/compare,收敛；节制
6551,têtu,ADJ,B2,0.516,2,0,2,0,0,1,1,0,2,2,P4_confusable,P4_confusable,0,人工判断形音候选，审校后发布 trap/compare,偏执；固执
6552,frêle,ADJ,B2,0.508,6,0,3,3,0,3,1,0,2,0,P4_confusable,P4_confusable,0,人工判断形音候选，审校后发布 trap/compare,单薄
6553,border,VER,B2,0.5039,3,1,0,2,0,11,1,1,2,3,P4_confusable,P4_confusable,0,人工判断形音候选，审校后发布 trap/compare,濒临
6554,restant,NOM,B2,0.5039,2,1,1,0,0,1,1,1,1,3,P4_confusable,P4_confusable,0,人工判断形音候选，审校后发布 trap/compare,余下；余额
6555,substitution,NOM,B2,0.5039,2,1,1,0,0,3,1,1,1,2,P4_confusable,P4_confusable,0,人工判断形音候选，审校后发布 trap/compare,换人
6556,menteur,ADJ,B2,0.4857,2,1,0,1,0,1,1,1,2,3,P4_confusable,P4_confusable,0,人工判断形音候选，审校后发布 trap/compare,爱说谎；说谎
6557,serment,NOM,B2,0.4831,2,1,1,0,0,2,1,0,2,2,P4_confusable,P4_confusable,0,人工判断形音候选，审校后发布 trap/compare,誓言
6558,décidé,ADJ,B2,0.4789,2,1,1,0,0,3,1,4,3,3,P4_confusable,P4_confusable,0,人工判断形音候选，审校后发布 trap/compare,坚决；果断
6559,frugal,ADJ,B2,0.4743,2,0,1,1,0,3,1,0,3,0,P4_confusable,P4_confusable,0,人工判断形音候选，审校后发布 trap/compare,节俭；节食
6560,assécher,VER,B2,0.4692,2,1,1,0,0,2,1,1,3,2,P4_confusable,P4_confusable,0,人工判断形音候选，审校后发布 trap/compare,吸干；排水
6561,tacher,VER,B2,0.4692,3,1,2,0,0,2,1,1,3,3,P4_confusable,P4_confusable,0,人工判断形音候选，审校后发布 trap/compare,擩；浼
6562,déplier,VER,B2,0.463,4,2,1,1,0,2,1,1,3,3,P4_confusable,P4_confusable,0,人工判断形音候选，审校后发布 trap/compare,打开；摊开
6563,humilier,VER,B2,0.463,3,2,1,0,0,3,1,2,3,3,P4_confusable,P4_confusable,0,人工判断形音候选，审校后发布 trap/compare,㧑损；丢脸
6564,divinité,NOM,B2,0.4587,4,1,3,0,0,5,1,2,1,0,P4_confusable,P4_confusable,0,人工判断形音候选，审校后发布 trap/compare,天仙；天神
6565,joyau,NOM,B2,0.4478,2,1,1,0,0,2,1,1,2,3,P4_confusable,P4_confusable,0,人工判断形音候选，审校后发布 trap/compare,宝物
6566,harmoniser,VER,B2,0.4461,3,2,1,0,0,2,1,1,3,3,P4_confusable,P4_confusable,0,人工判断形音候选，审校后发布 trap/compare,协调；调协
6567,adhésif,ADJ,C1,0.4293,3,2,1,0,0,1,1,1,1,1,P4_confusable,P4_confusable,0,人工判断形音候选，审校后发布 trap/compare,粘合剂；胶粘剂
6568,culpabilité,NOM,C1,0.4293,2,1,0,1,0,2,1,2,1,1,P4_confusable,P4_confusable,0,人工判断形音候选，审校后发布 trap/compare,有罪；罪名
6569,contredire,VER,C1,0.4171,5,3,2,0,0,4,1,0,2,2,P4_confusable,P4_confusable,0,人工判断形音候选，审校后发布 trap/compare,反驳；与…矛盾
6570,lavande,NOM,C1,0.4016,2,1,1,0,0,2,1,1,3,1,P4_confusable,P4_confusable,0,人工判断形音候选，审校后发布 trap/compare,熏衣草；薰衣草
6571,effondrement,NOM,C1,0.3902,2,1,0,1,0,2,1,1,3,3,P4_confusable,P4_confusable,0,人工判断形音候选，审校后发布 trap/compare,獘
6572,réussi,ADJ,C1,0.3899,2,1,0,1,0,1,1,0,2,2,P4_confusable,P4_confusable,0,人工判断形音候选，审校后发布 trap/compare,绩
6573,épuisement,NOM,C1,0.3568,2,1,1,0,0,3,1,1,3,3,P4_confusable,P4_confusable,0,人工判断形音候选，审校后发布 trap/compare,衰竭
6574,contour,NOM,C1,0.342,4,1,3,0,0,6,1,1,3,2,P4_confusable,P4_confusable,0,人工判断形音候选，审校后发布 trap/compare,外形；方圆
6575,régiment,NOM,C1,0.3347,2,1,1,0,0,3,1,0,2,2,P4_confusable,P4_confusable,0,人工判断形音候选，审校后发布 trap/compare,中队
6576,festin,NOM,C1,0.3344,2,0,2,0,0,2,1,0,2,3,P4_confusable,P4_confusable,0,人工判断形音候选，审校后发布 trap/compare,宴席；飨宴
6577,authentification,NOM,C1,0.2862,2,1,1,0,0,3,1,1,3,3,P4_confusable,P4_confusable,0,人工判断形音候选，审校后发布 trap/compare,认证；身份验证
6578,contaminer,VER,C1,0.2862,8,1,6,1,0,12,1,1,3,2,P4_confusable,P4_confusable,0,人工判断形音候选，审校后发布 trap/compare,传染；感染
6579,cuve,NOM,C1,0.2862,5,1,4,0,0,4,1,1,1,1,P4_confusable,P4_confusable,0,人工判断形音候选，审校后发布 trap/compare,杅；缸
6580,destinataire,NOM,C1,0.2862,7,1,3,3,0,3,1,1,1,2,P4_confusable,P4_confusable,0,人工判断形音候选，审校后发布 trap/compare,收件人；收信人
6581,flexible,ADJ,C1,0.2862,3,1,1,1,0,5,1,1,1,1,P4_confusable,P4_confusable,0,人工判断形音候选，审校后发布 trap/compare,伸缩；动L
6582,interdit,ADJ,C1,0.2862,6,2,3,1,0,2,1,2,3,3,P4_confusable,P4_confusable,0,人工判断形音候选，审校后发布 trap/compare,被禁；被禁止
6583,lésion,NOM,C1,0.2862,2,1,1,0,0,2,1,0,2,1,P4_confusable,P4_confusable,0,人工判断形音候选，审校后发布 trap/compare,损伤；损害
6584,spectre,NOM,C1,0.2862,2,0,2,0,0,0,0,0,2,3,P4_confusable,P4_confusable,0,人工判断形音候选，审校后发布 trap/compare,亡灵；光谱
6585,ventiler,VER,C1,0.2862,4,2,2,0,0,7,1,1,2,2,P4_confusable,P4_confusable,0,人工判断形音候选，审校后发布 trap/compare,换气；排气
6586,bourgmestre,NOM,C1,0.1955,2,1,1,0,0,2,1,0,3,2,P4_confusable,P4_confusable,0,人工判断形音候选，审校后发布 trap/compare,市长
6587,abusif,ADJ,C1,0.1951,3,2,1,0,0,3,1,1,2,1,P4_confusable,P4_confusable,0,人工判断形音候选，审校后发布 trap/compare,失格
6588,camouflage,NOM,C1,0.1951,4,1,3,0,0,4,1,1,1,1,P4_confusable,P4_confusable,0,人工判断形音候选，审校后发布 trap/compare,保护色
6589,carence,NOM,C1,0.1951,4,0,3,1,0,6,1,0,1,0,P4_confusable,P4_confusable,0,人工判断形音候选，审校后发布 trap/compare,缺失
6590,modéré,ADJ,C1,0.1951,11,2,5,4,0,3,1,2,3,3,P4_confusable,P4_confusable,0,人工判断形音候选，审校后发布 trap/compare,中常；温和
6591,nuisible,ADJ,C1,0.1951,3,1,1,1,0,1,1,1,2,1,P4_confusable,P4_confusable,0,人工判断形音候选，审校后发布 trap/compare,不良；有害
6592,résurgence,NOM,C1,0.1951,2,1,1,0,0,3,1,1,3,2,P4_confusable,P4_confusable,0,人工判断形音候选，审校后发布 trap/compare,中兴；再起
6593,réalisable,ADJ,C1,0.1777,2,0,1,1,0,2,1,2,2,2,P4_confusable,P4_confusable,0,人工判断形音候选，审校后发布 trap/compare,使得；可以达到
6594,ancrage,NOM,C1,0.1431,3,1,2,0,0,7,1,1,2,1,P4_confusable,P4_confusable,0,人工判断形音候选，审校后发布 trap/compare,盯住
6595,anus,NOM,C1,0.1431,24,0,24,0,0,2,1,0,1,1,P4_confusable,P4_confusable,0,人工判断形音候选，审校后发布 trap/compare,屁股眼；肛门
6596,attiser,VER,C1,0.1431,2,0,1,1,0,2,1,0,1,2,P4_confusable,P4_confusable,0,人工判断形音候选，审校后发布 trap/compare,煽
6597,cession,NOM,C1,0.1431,3,2,1,0,0,1,1,1,3,2,P4_confusable,P4_confusable,0,人工判断形音候选，审校后发布 trap/compare,
6598,civiliser,VER,C1,0.1431,2,2,0,0,0,3,1,1,3,3,P4_confusable,P4_confusable|P5_b2c1_synset,0,人工判断形音候选，审校后发布 trap/compare,教化
6599,compatibilité,NOM,C1,0.1431,2,1,1,0,0,2,1,1,1,1,P4_confusable,P4_confusable,0,人工判断形音候选，审校后发布 trap/compare,兼容性
6600,coopérer,VER,C1,0.1431,3,1,2,0,0,1,1,1,2,1,P4_confusable,P4_confusable,0,人工判断形音候选，审校后发布 trap/compare,协力；合作
6601,courtoisie,NOM,C1,0.1431,2,1,1,0,0,1,1,1,1,1,P4_confusable,P4_confusable,0,人工判断形音候选，审校后发布 trap/compare,礼节；礼貌
6602,discipliner,VER,C1,0.1431,2,1,1,0,0,1,1,1,3,3,P4_confusable,P4_confusable,0,人工判断形音候选，审校后发布 trap/compare,调理
6603,détenteur,NOM,C1,0.1431,2,1,1,0,0,2,1,1,2,2,P4_confusable,P4_confusable,0,人工判断形音候选，审校后发布 trap/compare,持有人；持有者
6604,encourageant,ADJ,C1,0.1431,2,1,0,1,0,1,1,1,1,1,P4_confusable,P4_confusable,0,人工判断形音候选，审校后发布 trap/compare,可喜
6605,enjoindre,VER,C1,0.1431,2,2,0,0,0,1,1,0,3,3,P4_confusable,P4_confusable|P5_b2c1_synset,0,人工判断形音候选，审校后发布 trap/compare,吩咐
6606,fraude,NOM,C1,0.1431,2,1,1,0,0,2,1,1,2,2,P4_confusable,P4_confusable,0,人工判断形音候选，审校后发布 trap/compare,诈骗；骗术
6607,grégaire,ADJ,C1,0.1431,9,1,4,4,0,2,1,1,0,1,P4_confusable,P4_confusable,0,人工判断形音候选，审校后发布 trap/compare,喜群游
6608,hooligan,NOM,C1,0.1431,5,0,5,0,0,3,1,0,0,1,P4_confusable,P4_confusable,0,人工判断形音候选，审校后发布 trap/compare,古惑仔；小混混
6609,indulgence,NOM,C1,0.1431,3,0,2,1,0,2,1,1,1,1,P4_confusable,P4_confusable,0,人工判断形音候选，审校后发布 trap/compare,裕度
6610,insensé,ADJ,C1,0.1431,2,0,2,0,0,3,1,1,2,2,P4_confusable,P4_confusable,0,人工判断形音候选，审校后发布 trap/compare,呆傻
6611,lassitude,NOM,C1,0.1431,4,1,2,1,0,2,1,1,1,0,P4_confusable,P4_confusable,0,人工判断形音候选，审校后发布 trap/compare,疲乏；疲劳
6612,liquéfier,VER,C1,0.1431,2,0,1,1,0,3,1,2,2,1,P4_confusable,P4_confusable,0,人工判断形音候选，审校后发布 trap/compare,液化
6613,morne,ADJ,C1,0.1431,2,0,1,1,0,3,1,0,2,3,P4_confusable,P4_confusable,0,人工判断形音候选，审校后发布 trap/compare,悲凉；惨淡
6614,niais,ADJ,C1,0.1431,2,0,2,0,0,3,1,0,1,1,P4_confusable,P4_confusable,0,人工判断形音候选，审校后发布 trap/compare,天真犯傻的，傻乎乎的
6615,raffiné,ADJ,C1,0.1431,3,1,2,0,0,1,1,1,3,3,P4_confusable,P4_confusable,0,人工判断形音候选，审校后发布 trap/compare,儒雅；典雅
6616,rebeller,VER,C1,0.1431,2,2,0,0,0,2,1,2,3,2,P4_confusable,P4_confusable|P5_b2c1_synset,0,人工判断形音候选，审校后发布 trap/compare,造反
6617,sporadique,ADJ,C1,0.1431,4,0,3,1,0,2,1,0,1,0,P4_confusable,P4_confusable,0,人工判断形音候选，审校后发布 trap/compare,零星
6618,vaporiser,VER,C1,0.1431,6,1,2,3,0,2,1,1,2,3,P4_confusable,P4_confusable,0,人工判断形音候选，审校后发布 trap/compare,喷射；喷洒
6619,évaporer,VER,C1,0.1431,3,2,1,0,0,5,1,1,2,2,P4_confusable,P4_confusable,0,人工判断形音候选，审校后发布 trap/compare,挥发；破灭
6620,nain,NOM,C1,0.1379,2,0,1,1,0,3,1,0,1,1,P4_confusable,P4_confusable,0,人工判断形音候选，审校后发布 trap/compare,侏儒；矮人
6621,régulation,NOM,C1,0.1315,3,1,2,0,0,6,1,1,3,3,P4_confusable,P4_confusable,0,人工判断形音候选，审校后发布 trap/compare,管理
6622,disgracieux,ADJ,C1,0.1228,3,1,0,2,0,1,1,1,2,1,P4_confusable,P4_confusable,0,人工判断形音候选，审校后发布 trap/compare,不雅观
6623,prédateur,NOM,C1,0.1228,3,0,1,2,0,2,1,0,1,1,P4_confusable,P4_confusable,0,人工判断形音候选，审校后发布 trap/compare,天敌
6624,carreau,NOM,C1,0.1005,3,0,3,0,0,35,1,0,1,2,P4_confusable,P4_confusable,0,人工判断形音候选，审校后发布 trap/compare,方块；方格
6625,abordable,ADJ,C1,0.0975,5,1,3,1,0,4,1,1,2,1,P4_confusable,P4_confusable,0,人工判断形音候选，审校后发布 trap/compare,不贵
6626,agresseur,NOM,C1,0.0975,2,1,0,1,0,1,1,1,3,2,P4_confusable,P4_confusable,0,人工判断形音候选，审校后发布 trap/compare,侵略者；施虐者
6627,arrangement,NOM,C1,0.0975,4,1,3,0,0,5,1,1,2,1,P4_confusable,P4_confusable,0,人工判断形音候选，审校后发布 trap/compare,事宜；布局
6628,collecter,VER,C1,0.0975,4,2,2,0,0,2,1,1,3,3,P4_confusable,P4_confusable,0,人工判断形音候选，审校后发布 trap/compare,搜罗；收取
6629,conditionnement,NOM,C1,0.0975,2,1,1,0,0,3,1,1,2,3,P4_confusable,P4_confusable,0,人工判断形音候选，审校后发布 trap/compare,外包装
6630,confrontation,NOM,C1,0.0975,2,1,1,0,0,1,1,1,2,1,P4_confusable,P4_confusable,0,人工判断形音候选，审校后发布 trap/compare,交锋；对抗
6631,deviser,VER,C1,0.0975,3,2,1,0,0,2,1,2,3,3,P4_confusable,P4_confusable,0,人工判断形音候选，审校后发布 trap/compare,作出
6632,fécond,ADJ,C1,0.0975,3,1,2,0,0,8,1,2,3,3,P4_confusable,P4_confusable,0,人工判断形音候选，审校后发布 trap/compare,肥沃
6633,individualité,NOM,C1,0.0975,2,1,1,0,0,1,1,1,3,3,P4_confusable,P4_confusable,0,人工判断形音候选，审校后发布 trap/compare,个性
6634,inefficace,ADJ,C1,0.0975,2,1,0,1,0,1,1,1,2,2,P4_confusable,P4_confusable,0,人工判断形音候选，审校后发布 trap/compare,低效
6635,initiateur,NOM,C1,0.0975,2,1,1,0,0,3,1,1,3,3,P4_confusable,P4_confusable,0,人工判断形音候选，审校后发布 trap/compare,创始人；发起人
6636,loquace,ADJ,C1,0.0975,2,0,1,1,0,1,1,1,3,1,P4_confusable,P4_confusable,0,人工判断形音候选，审校后发布 trap/compare,啕
6637,profusion,NOM,C1,0.0975,2,0,2,0,0,2,1,1,3,2,P4_confusable,P4_confusable,0,人工判断形音候选，审校后发布 trap/compare,充沛
6638,renoncement,NOM,C1,0.0975,2,1,1,0,0,1,1,1,3,1,P4_confusable,P4_confusable,0,人工判断形音候选，审校后发布 trap/compare,出世
6639,réticent,ADJ,C1,0.0975,3,0,1,2,0,7,1,1,1,2,P4_confusable,P4_confusable,0,人工判断形音候选，审校后发布 trap/compare,沉默寡言
6640,clochard,NOM,C1,0.0867,3,0,3,0,0,3,1,1,0,3,P4_confusable,P4_confusable,0,人工判断形音候选，审校后发布 trap/compare,流浪汉
6641,endommager,VER,C1,0.0815,3,1,2,0,0,0,0,1,1,1,P4_confusable,P4_confusable,0,人工判断形音候选，审校后发布 trap/compare,妨害；损伤
6642,ample,ADJ,C1,0.0802,5,2,3,0,0,2,1,3,2,2,P4_confusable,P4_confusable,0,人工判断形音候选，审校后发布 trap/compare,宽裕；广泛
6643,monarque,NOM,C1,0.0802,3,1,2,0,0,3,1,1,1,1,P4_confusable,P4_confusable,0,人工判断形音候选，审校后发布 trap/compare,君主；君王
6644,salaud,NOM,C1,0.0731,9,0,9,0,0,2,1,1,0,2,P4_confusable,P4_confusable,0,人工判断形音候选，审校后发布 trap/compare,混帐；混蛋
6645,gravier,NOM,C1,0.07,3,2,1,0,0,5,1,1,2,0,P4_confusable,P4_confusable,0,人工判断形音候选，审校后发布 trap/compare,砂；砾
6646,égaler,VER,C1,0.0683,4,1,3,0,0,5,1,1,3,3,P4_confusable,P4_confusable,0,人工判断形音候选，审校后发布 trap/compare,匹敌；媲美
6647,assombrir,VER,C1,0.0657,2,0,1,1,0,3,1,1,2,1,P4_confusable,P4_confusable,0,人工判断形音候选，审校后发布 trap/compare,发黑
6648,atroce,ADJ,C1,0.0657,4,1,3,0,0,3,1,1,1,2,P4_confusable,P4_confusable,0,人工判断形音候选，审校后发布 trap/compare,苦不堪言
6649,cochonnet,NOM,C1,0.0657,3,1,2,0,0,9,1,1,1,2,P4_confusable,P4_confusable,0,人工判断形音候选，审校后发布 trap/compare,小猪
6650,connerie,NOM,C1,0.0657,3,1,2,0,0,4,1,2,3,2,P4_confusable,P4_confusable,0,人工判断形音候选，审校后发布 trap/compare,黑屁
6651,consentement,NOM,C1,0.0657,5,1,2,2,0,3,1,1,1,2,P4_confusable,P4_confusable,0,人工判断形音候选，审校后发布 trap/compare,允诺
6652,dompter,VER,C1,0.0657,2,0,2,0,0,3,1,0,0,1,P4_confusable,P4_confusable,0,人工判断形音候选，审校后发布 trap/compare,制伏；制服
6653,décédé,ADJ,C1,0.0657,2,1,1,0,0,1,1,1,2,3,P4_confusable,P4_confusable,0,人工判断形音候选，审校后发布 trap/compare,死于
6654,dégaine,NOM,C1,0.0657,2,1,1,0,0,3,1,1,3,1,P4_confusable,P4_confusable,0,人工判断形音候选，审校后发布 trap/compare,
6655,déséquilibre,NOM,C1,0.0657,2,1,0,1,0,1,1,1,3,3,P4_confusable,P4_confusable,0,人工判断形音候选，审校后发布 trap/compare,不平衡；失衡
6656,fourmilière,NOM,C1,0.0657,2,1,1,0,0,3,1,0,1,1,P4_confusable,P4_confusable,0,人工判断形音候选，审校后发布 trap/compare,成群
6657,joint,NOM,C1,0.0657,3,1,2,0,0,12,1,1,3,3,P4_confusable,P4_confusable,0,人工判断形音候选，审校后发布 trap/compare,连带
6658,lancer,NOM,C1,0.0657,2,0,2,0,0,3,1,5,3,3,P4_confusable,P4_confusable,0,人工判断形音候选，审校后发布 trap/compare,发动；发射
6659,notice,NOM,C1,0.0657,5,0,5,0,0,5,1,1,2,3,P4_confusable,P4_confusable,0,人工判断形音候选，审校后发布 trap/compare,通告
6660,prospérer,VER,C1,0.0657,3,0,3,0,0,3,1,1,3,3,P4_confusable,P4_confusable,0,人工判断形音候选，审校后发布 trap/compare,兴起
6661,ravi,ADJ,C1,0.0657,4,1,2,1,0,2,1,1,2,3,P4_confusable,P4_confusable,0,人工判断形音候选，审校后发布 trap/compare,兴奋；愉悦
6662,resurgir,VER,C1,0.0657,2,2,0,0,0,1,1,1,2,1,P4_confusable,P4_confusable|P5_b2c1_synset,0,人工判断形音候选，审校后发布 trap/compare,再起
6663,réguler,VER,C1,0.0657,4,2,2,0,0,2,1,1,3,3,P4_confusable,P4_confusable,0,人工判断形音候选，审校后发布 trap/compare,调控；调节
6664,rétrécissement,NOM,C1,0.0657,2,1,1,0,0,1,1,1,2,1,P4_confusable,P4_confusable,0,人工判断形音候选，审校后发布 trap/compare,局限性
6665,trempé,ADJ,C1,0.0657,2,1,1,0,0,3,1,0,3,2,P4_confusable,P4_confusable,0,人工判断形音候选，审校后发布 trap/compare,淋湿；湿答答
6666,férocité,NOM,C1,0.0654,2,1,0,1,0,2,1,1,2,1,P4_confusable,P4_confusable,0,人工判断形音候选，审校后发布 trap/compare,凶恶
6667,approbation,NOM,C1,0.0652,3,1,1,1,0,2,1,1,2,3,P4_confusable,P4_confusable,0,人工判断形音候选，审校后发布 trap/compare,准许
6668,attrister,VER,C1,0.0652,7,0,4,3,0,3,1,1,2,1,P4_confusable,P4_confusable,0,人工判断形音候选，审校后发布 trap/compare,难受
6669,bosse,NOM,C1,0.0652,6,0,4,2,0,25,1,0,1,2,P4_confusable,P4_confusable,0,人工判断形音候选，审校后发布 trap/compare,包
6670,circonspect,ADJ,C1,0.0652,9,0,9,0,0,2,1,0,1,1,P4_confusable,P4_confusable,0,人工判断形音候选，审校后发布 trap/compare,翼翼
6671,compétitif,ADJ,C1,0.0652,2,1,1,0,0,1,1,1,1,1,P4_confusable,P4_confusable,0,人工判断形音候选，审校后发布 trap/compare,争强好胜
6672,cosmonaute,NOM,C1,0.0652,3,0,3,0,0,2,1,0,1,1,P4_confusable,P4_confusable,0,人工判断形音候选，审校后发布 trap/compare,航天员
6673,craintif,ADJ,C1,0.0652,2,2,0,0,0,1,1,1,1,1,P4_confusable,P4_confusable|P5_b2c1_synset,0,人工判断形音候选，审校后发布 trap/compare,心惊；忐忑不安
6674,merde,NOM,C1,0.0652,7,1,6,0,0,5,1,1,2,3,P4_confusable,P4_confusable,0,人工判断形音候选，审校后发布 trap/compare,卧槽；卧草
6675,paralysie,NOM,C1,0.0652,2,1,1,0,0,1,1,0,1,1,P4_confusable,P4_confusable,0,人工判断形音候选，审校后发布 trap/compare,停顿；瘫痪
6676,raté,NOM,C1,0.0652,3,1,1,1,0,3,1,1,3,2,P4_confusable,P4_confusable,0,人工判断形音候选，审校后发布 trap/compare,未遂
6677,uniforme,ADJ,C1,0.0652,2,1,1,0,0,2,1,1,1,2,P4_confusable,P4_confusable,0,人工判断形音候选，审校后发布 trap/compare,一律；一色
6678,élévation,NOM,C1,0.0652,3,1,2,0,0,9,1,2,1,0,P4_confusable,P4_confusable,0,人工判断形音候选，审校后发布 trap/compare,举起；升高
6679,allégresse,NOM,C1,0.0614,2,0,1,1,0,2,1,0,0,1,P4_confusable,P4_confusable,0,人工判断形音候选，审校后发布 trap/compare,兴高采烈
6680,dénigrer,VER,C1,0.0614,5,0,2,3,0,2,1,0,1,0,P4_confusable,P4_confusable,0,人工判断形音候选，审校后发布 trap/compare,诋毁；贬低
6681,flou,ADJ,C1,0.0614,12,0,10,2,0,2,1,1,1,1,P4_confusable,P4_confusable,0,人工判断形音候选，审校后发布 trap/compare,模糊；淡漠
6682,immerger,VER,C1,0.0614,2,0,2,0,0,2,1,1,1,1,P4_confusable,P4_confusable,0,人工判断形音候选，审校后发布 trap/compare,沉浸；浸泡
6683,inhabité,ADJ,C1,0.0614,2,1,1,0,0,1,1,1,1,1,P4_confusable,P4_confusable,0,人工判断形音候选，审校后发布 trap/compare,无人
6684,mesquin,ADJ,C1,0.0614,3,0,2,1,0,4,1,0,1,0,P4_confusable,P4_confusable,0,人工判断形音候选，审校后发布 trap/compare,小气
6685,météorologie,NOM,C1,0.0614,2,1,1,0,0,0,0,1,2,2,P4_confusable,P4_confusable,0,人工判断形音候选，审校后发布 trap/compare,天道
6686,obstiner,VER,C1,0.0614,2,1,1,0,0,2,1,2,3,3,P4_confusable,P4_confusable,0,人工判断形音候选，审校后发布 trap/compare,一意孤行
6687,persuasion,NOM,C1,0.0614,2,1,1,0,0,3,1,1,1,1,P4_confusable,P4_confusable,0,人工判断形音候选，审校后发布 trap/compare,信服；疏导
6688,saccager,VER,C1,0.0614,12,0,12,0,0,3,1,0,1,0,P4_confusable,P4_confusable,0,人工判断形音候选，审校后发布 trap/compare,打劫
6689,stationner,VER,C1,0.0614,2,1,1,0,0,2,1,1,3,1,P4_confusable,P4_confusable,0,人工判断形音候选，审校后发布 trap/compare,停放；停车
6690,terroriste,ADJ,C1,0.0614,2,2,0,0,0,2,1,1,3,3,P4_confusable,P4_confusable|P5_b2c1_synset,0,人工判断形音候选，审校后发布 trap/compare,恐怖分子
6691,éprouvette,NOM,C1,0.0614,3,1,2,0,0,4,1,1,2,1,P4_confusable,P4_confusable,0,人工判断形音候选，审校后发布 trap/compare,试管
6692,enracinement,NOM,C1,0.0592,2,1,1,0,0,3,1,1,2,1,P4_confusable,P4_confusable,0,人工判断形音候选，审校后发布 trap/compare,根深蒂固
6693,incompétent,ADJ,C1,0.0592,2,1,1,0,0,3,1,1,2,2,P4_confusable,P4_confusable,0,人工判断形音候选，审校后发布 trap/compare,不行；低效
6694,indéterminé,ADJ,C1,0.0592,3,1,1,1,0,5,1,1,3,3,P4_confusable,P4_confusable,0,人工判断形音候选，审校后发布 trap/compare,不明；未定
6695,privation,NOM,C1,0.0592,2,1,1,0,0,3,1,1,1,1,P4_confusable,P4_confusable,0,人工判断形音候选，审校后发布 trap/compare,苦处
6696,profane,NOM,C1,0.0592,3,0,1,2,0,4,1,1,1,2,P4_confusable,P4_confusable,0,人工判断形音候选，审校后发布 trap/compare,世俗；外行
6697,mélodieux,ADJ,C1,0.0568,2,1,1,0,0,2,1,1,2,2,P4_confusable,P4_confusable,0,人工判断形音候选，审校后发布 trap/compare,悠扬；悦耳
6698,bohème,NOM,C1,0.0558,2,2,0,0,0,2,1,2,2,1,P4_confusable,P4_confusable|P5_b2c1_synset,0,人工判断形音候选，审校后发布 trap/compare,波希米亚主义
6699,brio,NOM,C1,0.0558,2,0,2,0,0,2,1,0,0,2,P4_confusable,P4_confusable,0,人工判断形音候选，审校后发布 trap/compare,才华；才干
6700,las,ADJ,C1,0.0558,2,2,0,0,0,2,1,4,3,0,P4_confusable,P4_confusable|P5_b2c1_synset,0,人工判断形音候选，审校后发布 trap/compare,倦怠；疲倦
6701,mélancolique,ADJ,C1,0.0558,2,1,1,0,0,3,1,1,1,1,P4_confusable,P4_confusable,0,人工判断形音候选，审校后发布 trap/compare,伤感；落落寡欢
6702,déséquilibrer,VER,C1,0.0544,2,2,0,0,0,1,1,1,3,3,P4_confusable,P4_confusable|P5_b2c1_synset,0,人工判断形音候选，审校后发布 trap/compare,失衡
6703,excessivement,ADV,C1,0.0544,4,0,4,0,0,3,1,1,2,3,P4_confusable,P4_confusable,0,人工判断形音候选，审校后发布 trap/compare,太过；极为
6704,expressément,ADV,C1,0.0544,6,0,6,0,0,2,1,1,3,0,P4_confusable,P4_confusable,0,人工判断形音候选，审校后发布 trap/compare,存心
6705,minet,NOM,C1,0.0544,2,1,1,0,0,3,1,0,1,2,P4_confusable,P4_confusable,0,人工判断形音候选，审校后发布 trap/compare,
6706,nourrisson,NOM,C1,0.0544,2,0,2,0,0,2,1,1,3,3,P4_confusable,P4_confusable,0,人工判断形音候选，审校后发布 trap/compare,婴儿；孩提
6707,récalcitrant,ADJ,C1,0.0544,4,0,3,1,0,2,1,0,2,1,P4_confusable,P4_confusable,0,人工判断形音候选，审校后发布 trap/compare,婼；遻
6708,similaire,ADJ,C1,0.0544,7,1,5,1,0,4,1,0,3,3,P4_confusable,P4_confusable,0,人工判断形音候选，审校后发布 trap/compare,相仿；相似
6709,subjectif,ADJ,C1,0.0544,2,1,0,1,0,2,1,1,3,3,P4_confusable,P4_confusable,0,人工判断形音候选，审校后发布 trap/compare,主观
6710,suspecter,VER,C1,0.0544,2,2,0,0,0,1,1,1,3,3,P4_confusable,P4_confusable|P5_b2c1_synset,0,人工判断形音候选，审校后发布 trap/compare,猜疑；疑惑
6711,renvoi,NOM,C1,0.0515,4,1,2,1,0,12,1,1,1,2,P4_confusable,P4_confusable,0,人工判断形音候选，审校后发布 trap/compare,回馈；附注
6712,tendu,ADJ,C1,0.0515,5,1,1,3,0,8,1,2,3,3,P4_confusable,P4_confusable,0,人工判断形音候选，审校后发布 trap/compare,吃紧；紧张
6713,trouer,VER,C1,0.0515,2,2,0,0,0,2,1,1,2,1,P4_confusable,P4_confusable|P5_b2c1_synset,0,人工判断形音候选，审校后发布 trap/compare,穿透
6714,anxiété,NOM,C1,0.0514,6,1,3,2,0,2,1,1,1,2,P4_confusable,P4_confusable,0,人工判断形音候选，审校后发布 trap/compare,心病；担懮
6715,bâtisseur,NOM,C1,0.0514,2,1,1,0,0,2,1,1,0,1,P4_confusable,P4_confusable,0,人工判断形音候选，审校后发布 trap/compare,创造者
6716,démesuré,ADJ,C1,0.0514,2,0,1,1,0,1,1,1,1,1,P4_confusable,P4_confusable,0,人工判断形音候选，审校后发布 trap/compare,过激
6717,filtrer,VER,C1,0.0514,5,1,4,0,0,5,1,1,3,3,P4_confusable,P4_confusable,0,人工判断形音候选，审校后发布 trap/compare,过滤
6718,impoli,ADJ,C1,0.0514,2,1,0,1,0,1,1,1,1,2,P4_confusable,P4_confusable,0,人工判断形音候选，审校后发布 trap/compare,不客气；没家教
6719,irrégulier,ADJ,C1,0.0514,3,1,1,1,0,7,1,1,2,2,P4_confusable,P4_confusable,0,人工判断形音候选，审校后发布 trap/compare,不定期；不规范
6720,mage,NOM,C1,0.0514,3,0,3,0,0,3,1,0,3,3,P4_confusable,P4_confusable,0,人工判断形音候选，审校后发布 trap/compare,魔术师
6721,médiateur,NOM,C1,0.0514,3,1,2,0,0,3,1,1,3,3,P4_confusable,P4_confusable,0,人工判断形音候选，审校后发布 trap/compare,和事佬
6722,rigole,NOM,C1,0.0514,4,0,4,0,0,5,1,0,2,0,P4_confusable,P4_confusable,0,人工判断形音候选，审校后发布 trap/compare,沟
6723,sociable,ADJ,C1,0.0514,6,1,3,2,0,3,1,1,1,1,P4_confusable,P4_confusable,0,人工判断形音候选，审校后发布 trap/compare,
6724,vigoureux,ADJ,C1,0.0514,4,1,1,2,0,3,1,1,2,2,P4_confusable,P4_confusable,0,人工判断形音候选，审校后发布 trap/compare,健康；勃勃
6725,déambuler,VER,C1,0.051,5,1,4,0,0,1,1,1,2,3,P4_confusable,P4_confusable,0,人工判断形音候选，审校后发布 trap/compare,踱步，随意走（文学）
6726,désobéir,VER,C1,0.0503,2,1,0,1,0,1,1,1,1,1,P4_confusable,P4_confusable,0,人工判断形音候选，审校后发布 trap/compare,偝；拗
6727,bienheureux,ADJ,C2,0.0433,4,0,3,1,0,2,1,2,0,1,P4_confusable,P4_confusable,0,人工判断形音候选，审校后发布 trap/compare,畅快
6728,archétype,NOM,C2,0.035,5,0,3,2,0,8,1,1,2,1,P4_confusable,P4_confusable,0,人工判断形音候选，审校后发布 trap/compare,典型；原型
6729,atrocité,NOM,C2,0.0218,2,1,1,0,0,3,1,1,2,1,P4_confusable,P4_confusable,0,人工判断形音候选，审校后发布 trap/compare,暴行
6730,aveuglant,ADJ,C2,0.0139,2,1,1,0,0,3,1,2,3,3,P4_confusable,P4_confusable,0,人工判断形音候选，审校后发布 trap/compare,眩目；雪亮
6731,inerte,ADJ,C2,0.0139,2,1,0,1,0,2,1,1,3,1,P4_confusable,P4_confusable,0,人工判断形音候选，审校后发布 trap/compare,
6732,désinfecter,VER,C2,0.0096,2,0,0,2,0,3,1,1,1,1,P4_confusable,P4_confusable,0,人工判断形音候选，审校后发布 trap/compare,消毒
6733,contempler,VER,B2,3.0209,2,1,0,0,1,1,1,1,2,2,P5_b2c1_synset,P5_b2c1_synset,0,从 DBnary 义项挖掘近义集合，人工补辨析维度,凝视，欣赏地凝望
