id,lemma,normalized,pos,cefr_level,flelex_frequency,lexique_frequency,contextual_diversity,phonetic_ipa,morph_base,morph_structure,morph_decomposition,gloss_zh,decision_reason,eligibility_score,has_cfdict
14232,être,être,VER,A1,28371.4745,35040.212,99.87906,ɛtʁ,être,0-1-0,/être,是；处于,editorial_foundational_core:v1:wordcloud editorial:2026-07-30,1.01,1
1157,avoir,avoir,VER,A1,19212.1423,13032.016,99.73362,avwaʁ,avoir,0-1-0,/avoir,有；拥有,editorial_foundational_core:v1:wordcloud editorial:2026-07-30,1.01,1
5081,faire,faire,VER,A1,5619.6584,9061.728,99.11359,fɛʁ,faire,0-1-0,/faire,做；制作,editorial_foundational_core:v1:wordcloud editorial:2026-07-30,1.01,1
406,aller,aller,VER,A1,3931.7558,9795.946,98.69871,ale,aller,0-1-0,/all(er),去；前往,editorial_foundational_core:v1:wordcloud editorial:2026-07-30,1.01,1
3749,dire,dire,VER,A1,3665.3357,6099.386,97.61482,diʁ,dire,0-1-1,/dire,说；告诉,editorial_foundational_core:v1:wordcloud editorial:2026-07-30,1.01,1
9976,pouvoir,pouvoir,VER,A1,3423.8487,6267.658,97.35915,puvwaʁ,pouvoir,0-1-0,/pouv(oir).oir,能；可以,editorial_foundational_core:v1:wordcloud editorial:2026-07-30,1.01,1
13641,voir,voir,VER,A1,2293.6748,3679.82,95.95836,vwaʁ,voir,0-1-0,/voir,看见；理解,editorial_foundational_core:v1:wordcloud editorial:2026-07-30,1.01,1
13685,vouloir,vouloir,VER,A1,1940.959,5239.237,97.50765,vulwaʁ,vouloir,0-1-1,/voul(oir).oir,想要；愿意,editorial_foundational_core:v1:wordcloud editorial:2026-07-30,1.01,1
11753,savoir,savoir,VER,A1,1693.8059,4973.842,97.78781,savwaʁ,savoir,0-1-1,/sav(oir).oir,知道；会,editorial_foundational_core:v1:wordcloud editorial:2026-07-30,1.01,1
13435,venir,venir,VER,A1,1546.968,2424.339,84.8714,vəniʁ,venir,0-1-1,/ven(ir).ir,来；来到,editorial_foundational_core:v1:wordcloud editorial:2026-07-30,1.01,1
9997,prendre,prendre,VER,A1,1440.6035,1894.187,82.88579,pʁɑ̃dʁ,prendre,0-1-1,/pren(dre).dre,拿；乘坐,editorial_foundational_core:v1:wordcloud editorial:2026-07-30,1.01,1
3672,devoir,devoir,VER,A1,1433.0362,3830.592,92.18157,dəvwaʁ,devoir,0-1-0,/devoir,必须；欠,editorial_foundational_core:v1:wordcloud editorial:2026-07-30,1.01,1
9311,passer,passer,VER,A1,1363.3642,1522.114,83.20882,pase,pas,0-1-1,/pas[s].er,经过；度过,editorial_foundational_core:v1:wordcloud editorial:2026-07-30,1.01,1
13173,trouver,trouver,VER,A1,1239.4098,1476.832,74.109,tʁuve,trouver,0-1-1,/trouv(er).er,找到；觉得,editorial_foundational_core:v1:wordcloud editorial:2026-07-30,1.01,1
9249,parler,parler,VER,A1,1230.1596,2026.244,88.40325,paʁle,parler,0-1-1,/parl(er).er,说；交谈,editorial_foundational_core:v1:wordcloud editorial:2026-07-30,1.01,1
8039,mettre,mettre,VER,A1,1179.717,944.31,66.47887,mɛtʁ,mettre,0-1-1,/mett(re).re,放；穿上,editorial_foundational_core:v1:wordcloud editorial:2026-07-30,1.01,1
3902,donner,donner,VER,A1,1087.947,1133.864,67.93325,done,don,0-1-1,/don[n].er,给；给予,editorial_foundational_core:v1:wordcloud editorial:2026-07-30,1.01,1
351,aimer,aimer,VER,A1,1083.5683,1601.354,83.02511,eme,aimer,0-1-1,/aim(er).er,喜欢；爱,editorial_foundational_core:v1:wordcloud editorial:2026-07-30,1.01,1
3587,demander,demander,VER,A1,1037.2077,926.332,65.95224,dəmɑ̃de,mander,1-1-1,_dé/mand(er).er,请求；问,editorial_foundational_core:v1:wordcloud editorial:2026-07-30,1.01,1
11085,rester,rester,VER,A1,967.9337,924.022,79.8515,ʁɛste,rester,0-1-1,/rest(er).er,停留；保持,editorial_foundational_core:v1:wordcloud editorial:2026-07-30,1.01,1
2928,connaître,connaître,VER,A1,965.6648,846.06,69.41212,konɛtʁ,naître,1-1-1,_con/naîtr(re).e,认识；了解,editorial_foundational_core:v1:wordcloud editorial:2026-07-30,1.01,0
9287,partir,partir,VER,A1,895.1826,1035.642,74.00031,paʁtiʁ,part,0-1-1,/part.ir,离开；出发,editorial_foundational_core:v1:wordcloud editorial:2026-07-30,1.01,1
13623,vivre,vivre,VER,A1,667.583,441.066,48.50735,vivʁ,vivre,0-1-1,/viv(re).re,生活；经历,editorial_foundational_core:v1:wordcloud editorial:2026-07-30,1.01,1
3371,croire,croire,VER,A1,641.5095,1612.497,88.42927,kʁwaʁ,croire,0-1-1,/croi(re).re,相信；认为,editorial_foundational_core:v1:wordcloud editorial:2026-07-30,1.01,1
10707,rapport,rapport,NOM,B1,143.1362,148.778,32.55052,ʁapɔʁ,port,1-1-0,_r/apport,人情；关系,target_content_with_gloss,1.0,1
10871,regard,regard,NOM,B1,141.5148,46.718,14.26209,ʁəgaʁ,regard,0-1-0,/regard,目光；眼神,target_content_with_gloss,1.0,1
9363,pauvre,pauvre,ADJ,B1,139.2067,109.864,31.57073,povʁ,pauvre,0-1-0,/pauvre,可怜；困苦,target_content_with_gloss,1.0,1
2270,chef,chef,NOM,B1,131.2962,220.117,35.3368,ʃɛf,chef,0-1-0,/chef,主任；主厨,target_content_with_gloss,1.0,1
12104,sorte,sorte,NOM,B1,129.482,144.449,42.45867,sɔʁt,sort,0-1-1,/sort(ir).e,种类,target_content_with_gloss,1.0,1
8846,obtenir,obtenir,VER,B1,123.0933,140.854,19.89284,ɔptəniʁ,tenir,1-1-1,_ob/ten(ir).ir,取得；弄到,target_content_with_gloss,1.0,1
14136,état,état,NOM,B1,122.9521,154.0,38.45377,eta,état,0-1-0,/état,国家；国度,target_content_with_gloss,1.0,1
5006,expérience,expérience,NOM,B1,120.4233,75.158,19.99388,ɛkspeʁjɑ̃s,expérience,0-1-0,/expérience,体会；体验,target_content_with_gloss,1.0,1
9975,pouvoir,pouvoir,NOM,B1,119.7392,124.706,58.33129,puvwaʁ,pouvoir,0-1-1,/pouv(oir).oir,势力；可以,target_content_with_gloss,1.0,1
2679,commissaire,commissaire,NOM,B1,117.8715,25.25,3.40478,komisɛʁ,mission,1-1-1,_com/miss(ion).aire,专员；总监,target_content_with_gloss,1.0,1
4829,esprit,esprit,NOM,B1,117.8316,157.845,34.60961,ɛspʁi,esprit,0-1-0,/esprit,头脑；幽灵,target_content_with_gloss,1.0,1
10936,remettre,remettre,VER,B1,116.8434,144.367,21.08236,ʁəmɛtʁ,mettre,1-1-1,_re/mett(re).re,交付；交纳,target_content_with_gloss,1.0,1
12562,système,système,NOM,B1,116.5031,109.794,22.61482,sistɛm,système,0-0-1,.e,体制；体系,target_content_with_gloss,1.0,1
1126,avenir,avenir,NOM,B1,110.2962,60.111,18.44152,avəniʁ,venir,1-1-1,_à/ven(ir).ir,前景；前程,target_content_with_gloss,1.0,1
9199,paraître,paraître,VER,B1,109.9528,92.367,19.84997,paʁɛtʁ,paraître,0-1-0,/paraître,出笼,target_content_with_gloss,1.0,1
10105,professionnel,professionnel,ADJ,B1,107.607,31.598,8.6237,pʁofɛsjonɛl,professer,0-1-1,/profession[n].el,专业；专业人员,target_content_with_gloss,1.0,1
13951,élever,élever,VER,B1,106.478,49.93,10.56491,ɛləve,lever,1-1-1,_é/lev(er).er,上涨；举起,target_content_with_gloss,1.0,1
7436,ligne,ligne,NOM,B1,106.0246,110.218,26.82639,liɲ,ligne,0-1-1,/lign(e).e,外形；线条,target_content_with_gloss,1.0,1
152,action,action,NOM,B1,105.6987,70.348,15.18065,aksjɔ̃,acte,0-1-1,/act(e).ion,举动；举措,target_content_with_gloss,1.0,1
2783,compte,compte,NOM,B1,105.2427,159.339,56.54776,kɔ̃t,compter,0-1-1,/compt(er).e,帐户；帐目,target_content_with_gloss,1.0,1
1843,cadre,cadre,NOM,B1,104.1951,14.342,4.50092,kadʁ,cadre,0-1-1,/cadr(e).e,干部；框架,target_content_with_gloss,1.0,1
913,assurer,assurer,VER,B1,103.4754,144.633,21.85548,asyʁe,sûr,1-1-1,_a(d)/s/sûr.er,保证；保障,target_content_with_gloss,1.0,1
11545,résultat,résultat,NOM,B1,102.557,67.554,13.14758,ʁezylta,résulter,0-1-1,/résult(er).at,下文；产物,target_content_with_gloss,1.0,1
8354,mouvement,mouvement,NOM,B1,102.1698,43.288,10.31537,muvəmɑ̃,mouvoir,0-1-1,/mouv(oir).ement,乐章；动作,target_content_with_gloss,1.0,1
161,actuel,actuel,ADJ,B1,99.2638,19.177,3.95744,aktɥɛl,actuel,0-1-0,/actuelle,今；新,target_content_with_gloss,1.0,1
9558,physique,physique,ADJ,B1,96.0383,22.563,10.11023,fizik,physique,0-1-0,/physique,体魄；外貌,target_content_with_gloss,1.0,1
7024,intérêt,intérêt,NOM,B1,95.4107,86.085,24.69382,ɛ̃teʁɛ,intérêt,0-1-1,/intér(êt).êt,兴致；兴趣,target_content_with_gloss,1.0,1
7430,lier,lier,VER,B1,93.3809,46.323,7.48163,lje,lier,0-1-1,/li(er).er,捆绑；接上,target_content_with_gloss,1.0,1
3347,crime,crime,NOM,B1,92.0361,123.896,22.49847,kʁim,crime,0-1-1,/crim(e).e,犯罪；犯罪行为,target_content_with_gloss,1.0,1
13384,valoir,valoir,VER,B1,91.3803,187.557,37.66534,valwaʁ,valoir,0-1-0,/valoir,值得；有价值,target_content_with_gloss,1.0,1
13809,échapper,échapper,VER,B1,91.0107,88.165,14.63411,eʃape,chappe,1-1-1,_é/chapp(e).er,逃脱；溜走,target_content_with_gloss,1.0,1
7736,maladie,maladie,NOM,B1,90.9964,57.076,13.32364,maladi,malade,0-1-1,/malad(e).ie,毛病；疾病,target_content_with_gloss,1.0,1
866,assassin,assassin,NOM,B1,90.7489,36.674,8.33435,asasɛ̃,assassin,0-1-0,/assassin,凶手；刺客,target_content_with_gloss,1.0,1
13514,victime,victime,NOM,B1,89.6622,148.93,18.50735,viktim,victime,0-1-1,/victim(e).e,伤者；受害人,target_content_with_gloss,1.0,1
9755,poche,poche,NOM,B1,89.2665,51.13,13.4553,pɔʃ,poche,0-1-1,/poch(e).e,口袋；囊袋,target_content_with_gloss,1.0,1
3069,contraire,contraire,NOM,B1,88.2952,44.057,18.74617,kɔ̃tʁɛʁ,contraire,1-0-1,_contr(a).aire,反义；相反,target_content_with_gloss,1.0,1
4592,empêcher,empêcher,VER,B1,87.7447,116.614,22.76791,ɑ̃peʃe,empêcher,0-1-1,/empêch(er).er,以防；免受,target_content_with_gloss,1.0,1
9563,phénomène,phénomène,NOM,B1,87.0445,8.953,2.53215,fenomɛn,phénomène,0-1-1,/phénomèn(e).e,怪人；怪圈,target_content_with_gloss,1.0,1
8035,mesure,mesure,NOM,B1,86.6624,35.032,10.3169,məzyʁ,mesure,0-1-1,/mesur(e).e,份儿；分寸,target_content_with_gloss,1.0,1
986,attirer,attirer,VER,B1,86.4715,64.294,9.35242,atiʁe,tirer,1-1-1,_a(d)/tir(er).er,吸引；唤起,target_content_with_gloss,1.0,1
6484,importer,importer,VER,B1,84.3123,336.826,68.75995,ɛ̃pɔʁte,porter,1-1-1,_i(n)/m/port(er).er,传入；入口,target_content_with_gloss,1.0,1
5406,formation,formation,NOM,B1,82.423,16.864,5.51592,fɔʁmasjɔ̃,former,0-1-2,/form(er).at.ion,地层；教养,target_content_with_gloss,1.0,1
6664,individu,individu,NOM,B1,81.9589,13.709,3.19351,ɛ̃dividy,individu,0-1-0,/individu,个人；个体,target_content_with_gloss,1.0,1
1030,augmenter,augmenter,VER,B1,80.789,35.614,4.75352,ogmɑ̃te,augmenter,0-1-1,/augment(er).er,上扬；上调,target_content_with_gloss,1.0,1
4860,estimer,estimer,VER,B1,79.7074,19.699,5.1286,ɛstime,estime,0-1-1,/estim(e).er,估价；估计,target_content_with_gloss,1.0,1
14222,éviter,éviter,VER,B1,79.4855,99.873,22.55358,evite,éviter,0-1-1,/évit(er).er,以防；免除,target_content_with_gloss,1.0,1
13890,édition,édition,NOM,B1,79.3059,8.899,2.83221,edisjɔ̃,éditer,0-1-1,/édit(er).ion,出版；版本,target_content_with_gloss,1.0,1
214,adresser,adresser,VER,B1,79.2959,24.731,20.56185,adʁese,dresser,1-1-1,_a(d)/dress(er).er,致,target_content_with_gloss,1.0,1
11190,risque,risque,NOM,B1,78.0893,76.057,29.39375,ʁisk,risque,0-1-1,/risqu(e).e,危险性；风险,target_content_with_gloss,1.0,1
3557,danger,danger,NOM,B1,77.531,84.573,25.03674,dɑ̃ʒe,danger,0-1-0,/danger,危险；危难,target_content_with_gloss,1.0,1
3286,couteau,couteau,NOM,B1,77.2596,57.532,12.69443,kuto,couteau,0-1-0,/couteau,切刀；利刀,target_content_with_gloss,1.0,1
12748,tendre,tendre,VER,B1,76.6274,24.342,5.45009,tɑ̃dʁ,tendre,0-1-1,/tend(re).re,交给；亲爱,target_content_with_gloss,1.0,1
12763,tenter,tenter,VER,B1,75.791,90.07,10.98745,tɑ̃te,tenter,0-1-1,/tent(er).er,尝试；引诱,target_content_with_gloss,1.0,1
2227,charger,charger,VER,B1,75.4802,83.199,19.19626,ʃaʁʒe,charge,0-1-1,/charg(e).er,冲锋；加载,target_content_with_gloss,1.0,1
10890,rejoindre,rejoindre,VER,B1,75.4008,107.892,17.38824,ʁəʒwɛ̃dʁ,joindre,1-1-1,_re/joind(re).re,加入；加盟,target_content_with_gloss,1.0,1
4576,employé,employé,NOM,B1,74.2746,39.38,7.88732,ɑ̃plwaje,ployer,1-1-1,_em/plo(yer).é,从业人员；员工,target_content_with_gloss,1.0,1
12746,tendance,tendance,NOM,B1,73.5478,16.747,6.02266,tɑ̃dɑ̃s,tendre,0-1-1,/tend(re).ance,倾向；动向,target_content_with_gloss,1.0,1
253,affirmer,affirmer,VER,B1,72.9739,16.478,2.36681,afiʁme,ferme,1-1-1,_a(d)/f/f(e/i)rm(e).er,断定；断言,target_content_with_gloss,1.0,1
2754,comportement,comportement,NOM,B1,72.9062,30.168,10.51133,kɔ̃pɔʁtəmɑ̃,porter,1-1-1,_com/port(er).ement,为人；习性,target_content_with_gloss,1.0,1
2972,consommation,consommation,NOM,B1,72.6592,4.5,1.61513,kɔ̃somasjɔ̃,somme,1-1-1,_con/somm(e).ation,摄入；消耗,target_content_with_gloss,1.0,1
6489,imposer,imposer,VER,B1,72.209,18.066,2.95009,ɛ̃poze,poser,1-1-1,_i(n)/m/pos(er).er,强求；征收,target_content_with_gloss,1.0,1
9799,policier,policier,NOM,B1,72.1396,42.108,8.49357,polisje,police,0-1-1,/police.ier,执法人员；警员,target_content_with_gloss,1.0,1
11408,réduire,réduire,VER,B1,71.1308,33.415,5.18371,ʁedɥiʁ,{duire},1-1-1,_ré/{dui(re)}.re,减削；减小,target_content_with_gloss,1.0,1
5484,franc,franc,NOM,B1,71.0135,8.047,5.18677,fʁɑ̃,franc,0-1-0,/franc,坦率；坦白,target_content_with_gloss,1.0,1
3258,courant,courant,NOM,B1,70.8917,120.987,38.93754,kuʁɑ̃,courir,0-1-1,/cour(ir).ant,常务；常见,target_content_with_gloss,1.0,1
7728,majorité,majorité,NOM,B1,70.4355,9.677,3.49663,maʒoʁite,§maj§,0-1-2,/§maj§.or.ité,大多数,target_content_with_gloss,1.0,1
14169,étrange,étrange,ADJ,B1,70.2049,82.456,22.8169,etʁɑ̃ʒ,étrange,0-1-1,/étrang(e).e,古怪；奇异,target_content_with_gloss,1.0,1
9685,planète,planète,NOM,B1,69.9259,64.111,10.6583,planɛt,planète,0-1-1,/planèt(e).e,地球；星球,target_content_with_gloss,1.0,1
3415,création,création,NOM,B1,69.5042,11.459,3.71555,kʁeasjɔ̃,créer,0-1-1,/cré(er).ation,创作；原图,target_content_with_gloss,1.0,1
10019,preuve,preuve,NOM,B1,69.4429,146.171,22.71127,pʁœv,prouver,0-1-1,/pr(o/e)uv(er).e,佐证；凭证,target_content_with_gloss,1.0,1
11585,révolution,révolution,NOM,B1,69.417,16.358,3.65432,ʁevolysjɔ̃,volte,1-1-1,_ré/vol(te).ution,回转；革命,target_content_with_gloss,1.0,1
7664,machine,machine,NOM,B1,68.7917,70.408,14.41366,maʃin,machine,0-1-1,/machin(e).e,一台；机器,target_content_with_gloss,1.0,1
964,atteindre,atteindre,VER,B1,67.648,71.627,12.70514,atɛ̃dʁ,teindre,1-1-1,_a(d)/tein(dre).dre,击中；到达,target_content_with_gloss,1.0,1
8126,ministre,ministre,NOM,B1,67.5458,41.737,5.37508,ministʁ,ministre,0-1-1,/minist(re).re,部长,target_content_with_gloss,1.0,1
4738,entourer,entourer,VER,B1,66.944,22.962,3.56246,ɑ̃tuʁe,tour,1-1-1,_en/tour.er,围起；围起来,target_content_with_gloss,1.0,1
9036,oser,oser,VER,B1,65.9304,65.601,5.68279,oze,oser,0-1-1,/os(er).er,勇于；敢于,target_content_with_gloss,1.0,1
4993,expression,expression,NOM,B1,64.714,19.497,6.92437,ɛkspʁɛsjɔ̃,presse,1-1-1,_ex/press(er).ion,劲儿；眼神,target_content_with_gloss,1.0,1
10905,relever,relever,VER,B1,64.5561,35.965,6.11451,ʁələve,lever,1-1-1,_re/lev(er).er,免除；打捞,target_content_with_gloss,1.0,1
13320,usage,usage,NOM,B1,63.7118,12.247,4.703,yzaʒ,us,0-1-1,/us.age,习俗；惯例,target_content_with_gloss,1.0,1
9961,poursuivre,poursuivre,VER,B1,63.7078,70.763,9.04164,puʁsɥivʁ,pour,0-2-1,/pour/suiv(re).re,奉行；尾随,target_content_with_gloss,1.0,1
3074,contrat,contrat,NOM,B1,62.7264,58.203,12.43417,kɔ̃tʁa,contrat,0-1-0,/contra(c)t(er),合同；合约,target_content_with_gloss,1.0,1
11887,serrer,serrer,VER,B1,62.4928,38.082,5.87416,seʁe,serrer,0-1-1,/serre.er,夹紧；拢攥,target_content_with_gloss,1.0,1
4581,emporter,emporter,VER,B1,62.4841,46.911,6.57379,ɑ̃pɔʁte,porter,1-1-1,_em/port(er).er,发怒；发脾气,target_content_with_gloss,1.0,1
5765,geste,geste,NOM,B1,62.3497,30.155,9.22229,ʒɛst,geste,0-1-1,/gest(e).e,举动；动作,target_content_with_gloss,1.0,1
8947,opposer,opposer,VER,B1,62.2311,18.206,3.36957,opoze,poser,1-1-1,_o(b)/p/pos(er).er,对立；抗拒,target_content_with_gloss,1.0,1
9413,pensée,pensée,NOM,B1,61.8074,46.184,9.63105,pɑ̃se,penser,0-1-1,/pens(er).ée,心思；心机,target_content_with_gloss,1.0,1
2848,condamner,condamner,VER,B1,61.7749,34.684,6.61666,kɔ̃dane,damner,1-1-1,_con/damn(er).er,判刑；判处,target_content_with_gloss,1.0,1
12981,trace,trace,NOM,B1,61.2653,68.282,12.59951,tʁas,tracer,0-1-1,/trac(er).e,印记；屈雷丝,target_content_with_gloss,1.0,1
10115,profond,profond,ADJ,B1,61.2585,39.453,8.78291,pʁofɔ̃,fond,1-1-0,_pro/fond,厚重；彻底,target_content_with_gloss,1.0,1
7224,juger,juger,VER,B1,61.1578,56.636,15.21739,ʒyʒe,juge,0-1-1,/jug(e).er,判定；判断,target_content_with_gloss,1.0,1
2122,centaine,centaine,NOM,B1,61.0692,34.918,9.81629,sɑ̃tɛn,cent,0-1-1,/cent.aine,百,target_content_with_gloss,1.0,1
13873,écriture,écriture,NOM,B1,60.8183,14.842,4.58818,ekʁityʁ,écrire,0-1-1,/écri(re)/t.ure,字句；字迹,target_content_with_gloss,1.0,1
12131,souffrir,souffrir,VER,B1,60.6316,85.766,10.07808,sufʁiʁ,souffrir,0-1-1,/souffr(ir).ir,受罪；受苦,target_content_with_gloss,1.0,1
9509,peuple,peuple,NOM,B1,60.3223,69.737,12.41733,pøpl,peuple,0-1-1,/peupl(e).e,人民；大众,target_content_with_gloss,1.0,1
10056,privé,privé,ADJ,B1,60.1685,51.057,14.86528,pʁive,priver,0-1-1,/priv(er).é,私人；私家,target_content_with_gloss,1.0,1
9067,ouvert,ouvert,ADJ,B1,60.1455,42.218,24.06461,uvɛʁ,ouvrir,0-1-1,/ouv(rir).ert,公开；开着,target_content_with_gloss,1.0,1
12068,sombre,sombre,ADJ,B1,59.8566,34.237,10.3414,sɔ̃bʁ,sombre,0-1-0,/sombre,幽冥；惨淡,target_content_with_gloss,1.0,1
4574,employer,employer,VER,B1,58.7032,16.272,7.88732,ɑ̃plwaje,ployer,1-1-1,_em/plo(yer).er,任用；使出,target_content_with_gloss,1.0,1
5071,faible,faible,ADJ,B1,58.4272,45.687,16.33037,fɛbl,faible,0-1-0,/faible,优柔；单薄,target_content_with_gloss,1.0,1
2161,cesser,cesser,VER,B1,58.2042,53.687,10.31078,sese,{ces/d},0-1-1,/{ce(d)/ss}.er,作罢；停住,target_content_with_gloss,1.0,1
13830,éclairer,éclairer,VER,B1,57.8709,12.873,2.1831,ekleʁe,éclair,0-1-1,/éclair.er,侦查；启发,target_content_with_gloss,1.0,1
13566,violence,violence,NOM,B1,57.6116,32.108,9.62645,vjolɑ̃s,viol,0-1-1,/viol.ence,强暴；暴力,target_content_with_gloss,1.0,1
4830,espèce,espèce,NOM,B1,57.5166,98.184,24.95407,ɛspɛs,espèce,0-1-0,/espèce,品种；物种,target_content_with_gloss,1.0,1
13635,voie,voie,NOM,B1,57.3975,54.266,23.22566,vwa,voie,0-1-0,/voie,步道；渠道,target_content_with_gloss,1.0,1
13896,éducation,éducation,NOM,B1,57.2962,19.095,6.55236,edykasjɔ̃,éduquer,0-1-1,/édu(quer)/c.ation,家教；教养,target_content_with_gloss,1.0,1
11949,signifier,signifier,VER,B1,57.0477,94.44,25.24954,siɲifje,signe,0-1-2,/sign(e).ifi.er,代指；意味着,target_content_with_gloss,1.0,1
7986,membre,membre,NOM,B1,56.9593,76.054,13.31904,mɑ̃bʁ,membre,0-1-1,/membr(e).e,会员；团员,target_content_with_gloss,1.0,1
7988,menacer,menacer,VER,B1,56.8977,53.772,14.06307,mənase,menacer,0-1-1,/menac(er).er,吓唬；威胁,target_content_with_gloss,1.0,1
7597,lutte,lutte,NOM,B1,56.8041,19.408,7.70667,lyt,lutte,0-1-1,/lutt(e).e,争夺战；战事,target_content_with_gloss,1.0,1
12043,sol,sol,NOM,B1,56.6616,58.747,18.95285,sɔl,sol,0-1-0,/sol,土地；土壤,target_content_with_gloss,1.0,1
678,appel,appel,NOM,B1,56.5989,148.734,31.13135,apɛl,appel,0-1-0,/appel,申诉；诉求,target_content_with_gloss,1.0,1
4317,déplacer,déplacer,VER,B1,56.4426,49.772,7.08206,deplase,place,1-1-1,_dé/plac(e).er,出门；动弹,target_content_with_gloss,1.0,1
10241,provoquer,provoquer,VER,B1,56.2945,35.032,4.44274,pʁovoke,vocation,1-1-1,_pro/voc(ation)/qu.er,叫阵；引发,target_content_with_gloss,1.0,1
3997,durée,durée,NOM,B1,56.2219,7.405,3.30833,dyʁe,durer,0-1-1,/dur(er).ée,使用寿命；持续时间,target_content_with_gloss,1.0,1
7443,limiter,limiter,VER,B1,55.9675,15.044,8.74617,limite,limite,0-1-1,/limit(e).er,制约；定格,target_content_with_gloss,1.0,1
1812,bête,bête,NOM,B1,55.8413,37.5,18.59461,bɛt,bête,0-1-0,/bête,傻乎乎；少根筋,target_content_with_gloss,1.0,1
2747,complètement,complètement,ADV,B1,55.3663,100.712,32.50153,kɔ̃plɛtəmɑ̃,complet,0-1-1,/complet.ement,一干；一干二净,target_content_with_gloss,1.0,1
11370,récent,récent,ADJ,B1,54.9965,18.003,2.65922,ʁesɑ̃,récent,0-1-0,/récent,挽近；晚近,target_content_with_gloss,1.0,1
4663,enfuir,enfuir,VER,B1,54.9932,73.329,9.91886,ɑ̃fɥiʁ,fuir,1-1-1,_en/fu(ir).ir,撒脚；逃亡,target_content_with_gloss,1.0,1
13300,unique,unique,ADJ,B1,54.6053,44.959,15.71647,ynik,unique,1-0-1,_uni.que,别致；单一,target_content_with_gloss,1.0,1
2971,consommateur,consommateur,NOM,B1,54.2489,2.665,0.48224,kɔ̃somatœʁ,somme,1-1-1,_con/somm(e).ateur,消费者；用户,target_content_with_gloss,1.0,1
1469,blesser,blesser,VER,B1,54.0862,121.687,21.86007,blese,blesser,0-1-1,/bless(er).er,伤人；伤害,target_content_with_gloss,1.0,1
10165,prononcer,prononcer,VER,B1,54.0433,21.152,2.86895,pʁonɔ̃se,{nonc},1-1-1,_pro/{nonc}.er,出口；出声,target_content_with_gloss,1.0,1
8194,modèle,modèle,NOM,B1,53.8115,28.899,10.02449,modɛl,modèle,0-1-1,/modèl(e).e,典型；典范,target_content_with_gloss,1.0,1
4300,dépasser,dépasser,VER,B1,53.3434,44.693,6.60594,depase,pas,1-1-1,_dé/pas[s].er,优于；大于,target_content_with_gloss,1.0,1
14037,épaule,épaule,NOM,B1,53.1943,31.718,6.85242,epol,épaule,0-1-1,/épaul(e).e,肩头；肩膀,target_content_with_gloss,1.0,1
4505,effort,effort,NOM,B1,53.1533,38.975,8.15983,efɔʁ,force,1-1-0,_e(x)/f/for(ce)/t,心血,target_content_with_gloss,1.0,1
12236,spécialiste,spécialiste,NOM,B1,52.6466,13.744,4.27281,spesjalist,spécial,0-1-1,/spécial.iste,专家,target_content_with_gloss,1.0,1
1585,bouger,bouger,VER,B1,52.2541,192.661,28.87936,buʒe,bouger,0-1-1,/boug(er).er,出门；动弹,target_content_with_gloss,1.0,1
13163,trou,trou,NOM,B1,52.0019,85.389,20.60625,tʁu,trou,0-1-0,/trou,漏洞；破洞,target_content_with_gloss,1.0,1
1213,baisser,baisser,VER,B1,51.6029,61.551,10.46081,bese,bas,0-1-1,/baiss(er).er,放低；下降,target_content_with_gloss,1.0,1
3574,debout,debout,ADV,B1,51.5666,77.896,24.39375,dəbu,bout,1-1-0,_de/bout,直立；站立,target_content_with_gloss,1.0,1
4950,existence,existence,NOM,B1,51.5574,20.883,7.81078,ɛgzistɑ̃s,exister,0-1-1,/exist(er).ence,人生；今世,target_content_with_gloss,1.0,1
5243,fil,fil,NOM,B1,51.3477,56.339,54.70912,fil,fil,0-1-0,/fil,线缆；话头,target_content_with_gloss,1.0,1
710,apprécier,apprécier,VER,B1,50.8406,122.218,20.92162,apʁesje,{préci},1-1-1,_a(d)/p/{préci}.er,估价；受用,target_content_with_gloss,1.0,1
7383,lecteur,lecteur,NOM,B1,50.4329,8.649,1.81108,lɛktœʁ,lire,0-1-1,/lect(ure).eur,朗读者；读者,target_content_with_gloss,1.0,1
8942,opinion,opinion,NOM,B1,49.8755,30.278,9.34323,opinjɔ̃,opinion,0-1-1,/opin(er).on,主张；意思,target_content_with_gloss,0.999888,1
203,adopter,adopter,VER,B1,49.7389,20.75,2.96693,adɔpte,opter,1-1-1,_ad/opt(er).er,摆出；过房,target_content_with_gloss,0.999765,1
11830,sein,sein,NOM,B1,49.7018,44.354,8.22413,sɛ̃,sein,0-1-0,/sein,乳房；前胸,target_content_with_gloss,0.999732,1
9398,pencher,pencher,VER,B1,49.3567,15.209,2.16473,pɑ̃ʃe,pencher,0-1-1,/pench(er).er,倾向于；弯腰,target_content_with_gloss,0.999419,1
13007,traiter,traiter,VER,B1,49.2583,104.415,11.14666,tʁete,traiter,0-1-1,/trait(er).er,主治；从事,target_content_with_gloss,0.999329,1
10051,priver,priver,VER,B1,49.1221,24.994,14.86528,pʁive,privé,0-1-1,/privé.er,剥夺,target_content_with_gloss,0.999205,1
10187,propriété,propriété,NOM,B1,48.6501,29.924,8.53337,pʁopʁijete,propre,0-1-2,/propr(e).iét.é,产业；产权,target_content_with_gloss,0.998772,1
3027,contenir,contenir,VER,B1,48.6064,33.203,5.60165,kɔ̃təniʁ,tenir,1-1-1,_con/ten(ir).ir,保有；内含,target_content_with_gloss,0.998732,1
4934,exercer,exercer,VER,B1,48.5962,11.089,2.08359,ɛgzɛʁse,exercer,0-1-1,/exerc(er).er,使出；执掌,target_content_with_gloss,0.998722,1
13338,utilisation,utilisation,NOM,B1,48.3804,6.902,2.76944,ytilizasjɔ̃,utile,0-1-2,/util(e).is.ation,用量,target_content_with_gloss,0.998523,1
149,acteur,acteur,NOM,B1,48.306,52.734,5.50214,aktœʁ,acte,0-1-1,/act(e).eur,戏子；演员,target_content_with_gloss,0.998454,1
10036,principe,principe,NOM,B1,48.2769,22.142,5.06889,pʁɛ̃sip,prince,0-1-2,/princ(e).ip.e,原则；原理,target_content_with_gloss,0.998427,1
8131,minuit,minuit,NOM,B1,48.1812,28.399,9.10594,minɥi,nuit,1-1-0,_mi/nuit,午夜；半夜,target_content_with_gloss,0.998338,1
10328,présence,présence,NOM,B1,48.1211,42.823,15.90631,pʁezɑ̃s,{sent},1-1-0,_pré/{sent},光临；到来,target_content_with_gloss,0.998282,1
14122,établir,établir,VER,B1,48.0953,26.354,5.12094,etabliʁ,stable,0-1-1,/établ(ir).ir,建立，确立；制定,target_content_with_gloss,0.998257,1
11754,savoir,savoir,NOM,B1,47.9751,36.272,80.41182,savwaʁ,savoir,0-1-1,/sav(oir).oir,学问；得知,target_content_with_gloss,0.998145,1
13642,voire,voire,ADV,B1,47.8504,8.06,3.53644,vwaʁ,voire,0-1-0,/voire,甚至；诚然,target_content_with_gloss,0.998029,1
4408,désir,désir,NOM,B1,47.8483,28.93,7.13258,deziʁ,désir,0-1-1,/désir.ab[i]l(e),志愿；意愿,target_content_with_gloss,0.998027,1
148,acte,acte,NOM,B1,47.5937,50.098,11.24617,akt,acte,0-1-0,/acte,行事；行径,target_content_with_gloss,0.997787,1
2225,charge,charge,NOM,B1,47.3741,41.44,19.19626,ʃaʁʒ,charge,0-1-0,/charge,充电；包袱,target_content_with_gloss,0.99758,1
8503,mémoire,mémoire,NOM,B1,47.2118,53.763,15.68126,memwaʁ,mémoire,0-1-0,/mémoire,存储器；脑际,target_content_with_gloss,0.997426,1
5448,foule,foule,NOM,B1,47.1086,26.013,8.26546,ful,fouler,0-1-1,/foul(er).e,人群,target_content_with_gloss,0.997328,1
5146,faute,faute,NOM,B1,47.0913,159.028,42.65309,fot,faute,0-1-1,/faut(e).e,不是；差池,target_content_with_gloss,0.997312,1
10708,rapporter,rapporter,VER,B1,46.6873,46.728,6.0793,ʁapɔʁte,port,1-1-1,_r/apport.er,反映；报告,target_content_with_gloss,0.996925,1
1976,caractère,caractère,NOM,B1,46.5683,17.392,6.00888,kaʁaktɛʁ,caractère,0-1-1,/caractèr(e)/o.e,人气；品格,target_content_with_gloss,0.996811,1
10179,propos,propos,NOM,B1,46.2588,218.468,45.40263,pʁopo,poser,1-1-0,_pro/pos(er),言论,target_content_with_gloss,0.996512,1
13045,transmettre,transmettre,VER,B1,45.9914,28.563,3.65585,tʁɑ̃smɛtʁ,mettre,1-1-0,_trans/mettre,传承；传染,target_content_with_gloss,0.996252,1
13870,écrier,écrier,VER,B1,45.8735,0.892,0.09492,ekʁije,cri,1-1-1,_é/cri.er,呼喊；喊叫,target_content_with_gloss,0.996137,1
12586,séduire,séduire,VER,B1,45.7684,14.598,2.88273,sedɥiʁ,{duire},1-1-1,_s(ous)/é/{dui(re)}.re,勾引；吸引,target_content_with_gloss,0.996035,1
282,agent,agent,NOM,B1,45.6344,191.737,23.34048,aʒɑ̃,agir,0-1-1,/ag(ir).ent,代理人；代理商,target_content_with_gloss,0.995903,1
3009,conséquence,conséquence,NOM,B1,45.1887,25.468,7.38518,kɔ̃sekɑ̃s,séquence,1-1-1,_con/séquen(ce)/m.ce,产物；后果,target_content_with_gloss,0.995464,1
9295,parvenir,parvenir,VER,B1,44.8244,19.972,2.72964,paʁvəniʁ,venir,1-1-0,_par/ven(ir),到达,target_content_with_gloss,0.995101,1
11658,salaire,salaire,NOM,B1,44.7439,25.778,7.96846,salɛʁ,sel,0-1-1,/s(e/a)l.aire,军饷；工薪,target_content_with_gloss,0.995021,1
2939,conscience,conscience,NOM,B1,44.71,35.241,12.02082,kɔ̃sjɑ̃s,science,1-1-1,_con/science.ce,心眼；心肝,target_content_with_gloss,0.994987,1
5420,fort,fort,ADV,B1,44.6974,140.468,46.37171,fɔʁ,fort,0-1-0,/fort,健壮；厉害,target_content_with_gloss,0.994974,1
8190,modifier,modifier,VER,B1,44.6698,15.918,2.55971,modifje,mode,0-1-2,/mod(e).ifi(er).er,修改；删改,target_content_with_gloss,0.994946,1
6481,importance,importance,NOM,B1,44.471,57.399,20.9109,ɛ̃pɔʁtɑ̃s,porter,1-1-1,_i(n)/m/port(er).ance,重要性,target_content_with_gloss,0.994747,1
2192,changement,changement,NOM,B1,44.3888,49.949,13.59308,ʃɑ̃ʒəmɑ̃,change,0-1-1,/change.ment,中转；变动,target_content_with_gloss,0.994664,1
3730,diminuer,diminuer,VER,B1,44.3583,10.383,1.35028,diminɥe,moins,1-1-1,_di/minu(s).er,减低；减小,target_content_with_gloss,0.994633,1
95,accorder,accorder,VER,B1,44.31,43.158,5.31384,akɔʁde,{cord},0-1-1,/accord.er,予以；允诺,target_content_with_gloss,0.994584,1
479,amener,amener,VER,B1,44.0785,199.848,20.13013,aməne,amène,1-1-1,_a(d)/men(er).er,带上；带到,target_content_with_gloss,0.99435,1
12716,technique,technique,ADJ,B1,43.7268,15.94,7.79241,tɛknik,technique,0-1-0,/technique,手法；技术,target_content_with_gloss,0.993991,1
12441,supposer,supposer,VER,B1,43.6933,188.782,35.56644,sypoze,poser,1-1-1,_su(b)/p/pos(er).er,假设；推想,target_content_with_gloss,0.993957,1
583,annonce,annonce,NOM,B1,43.6202,21.136,10.34905,anɔ̃s,nonce,1-1-0,_a(d)n/nonce,公告；启事,target_content_with_gloss,0.993882,1
10268,précipiter,précipiter,VER,B1,43.6017,11.82,1.58298,pʁesipite,précipice,0-1-1,/précipi(ce)[t].er,淀,target_content_with_gloss,0.993863,1
840,artistique,artistique,ADJ,B1,43.1685,9.481,3.02664,aʁtistik,art,0-1-1,/artist(e).ique,精巧；精美,target_content_with_gloss,0.993416,1
5274,financier,financier,ADJ,B1,43.1645,17.902,2.8169,finɑ̃sje,finance,0-1-1,/financ(e).ier,财政,target_content_with_gloss,0.993412,1
1094,autrefois,autrefois,ADV,B1,43.1506,15.487,5.8665,otʁəfwa,autre,0-2-0,/autre/fois,从先；从前,target_content_with_gloss,0.993398,1
13781,âme,âme,NOM,B1,42.8375,88.886,19.38151,am,âme,0-1-0,/âme,心扉；心灵,target_content_with_gloss,0.993072,1
10588,quotidien,quotidien,NOM,B1,42.67,3.642,2.55052,kotidjɛ̃,quote,0-2-1,/quot(e)/i/di.en,日常；日报,target_content_with_gloss,0.992897,1
2446,citoyen,citoyen,NOM,B1,42.4446,26.943,4.96479,sitwajɛ̃,cité,0-1-1,/cit(é).oyen,国民,target_content_with_gloss,0.99266,1
7750,malheur,malheur,NOM,B1,42.3998,24.047,7.21831,malœʁ,mal,0-2-0,/mal/heur,不幸；不测,target_content_with_gloss,0.992612,1
8534,méthode,méthode,NOM,B1,42.3985,25.044,5.35364,metɔd,méthode,0-1-1,/méthod(e).e,办法；技法,target_content_with_gloss,0.992611,1
1104,avance,avance,NOM,B1,42.3608,63.364,27.53062,avɑ̃s,avant,0-1-1,/avan(t)/c.e,先期,target_content_with_gloss,0.992571,1
2155,cerveau,cerveau,NOM,B1,41.8203,88.142,18.9804,sɛʁvo,cerveau,0-1-0,/cerv(eau),大脑；头脑,target_content_with_gloss,0.991997,1
3183,correspondre,correspondre,VER,B1,41.6951,39.092,7.69902,koʁɛspɔ̃dʁ,répondre,1-1-1,_cor/ré[s]pond(re).re,对应；搭调,target_content_with_gloss,0.991863,1
2121,cent,cent,NOM,B1,41.5714,9.658,10.51898,sɑ̃,cent,0-1-1,/cent.cent,一百,target_content_with_gloss,0.99173,1
7012,intégrer,intégrer,VER,B1,41.5669,12.889,2.84293,ɛ̃tegʁe,intègre/entier??,0-1-1,/intégr(al).er,并入；整合,target_content_with_gloss,0.991725,1
1154,avocat,avocat,NOM,B1,41.4813,145.541,20.96295,avoka,avocat,0-1-0,/avocat,事务律师；律师,target_content_with_gloss,0.991633,1
8816,objectif,objectif,NOM,B1,41.3136,20.541,6.46969,ɔbʒɛktif,objet,1-1-1,_ob/{ject}.if,客观；指标,target_content_with_gloss,0.991452,1
12627,tabac,tabac,NOM,B1,41.2974,9.756,3.16136,taba,tabac,0-1-0,/§tabac§,旱烟；淡巴菰,target_content_with_gloss,0.991435,1
1389,bien,bien,NOM,B1,41.1856,93.054,99.33252,bjɛ̃,bien,0-1-0,/bien,制品；地产,target_content_with_gloss,0.991313,1
9282,particulier,particulier,NOM,B1,41.1038,15.535,11.19565,paʁtikylje,part,0-1-2,/part.icul.ier,个别；具体,target_content_with_gloss,0.991224,1
12156,source,source,NOM,B1,41.016,48.092,11.31047,suʁs,source,0-1-1,/sourc(e).e,出处；原产地,target_content_with_gloss,0.991129,1
7799,manifestation,manifestation,NOM,B1,40.9846,6.854,1.58604,manifɛstasjɔ̃,manifester,0-1-1,/manifest(er).ation,样貌；示威,target_content_with_gloss,0.991095,1
10417,puissance,puissance,NOM,B1,40.9744,32.478,9.23454,pɥisɑ̃s,puissant,0-1-1,/puissa(nt)/m.ance,三棱锥体；力道,target_content_with_gloss,0.991084,1
970,attente,attente,NOM,B1,40.9025,31.104,10.08267,atɑ̃t,tenter,1-1-1,_a(d)/tent(er).e,恭候；所料,target_content_with_gloss,0.991005,1
9229,parfaitement,parfaitement,ADV,B1,40.893,40.604,15.73944,paʁfɛtəmɑ̃,faire,1-1-2,_par/fai(re).te.ment,一干；一干二净,target_content_with_gloss,0.990995,1
4492,effectuer,effectuer,VER,B1,40.7178,13.782,1.8218,efɛktɥe,{fect},0-1-2,/{fect}.u.er,做,target_content_with_gloss,0.990803,1
11946,signer,signer,VER,B1,40.5434,100.481,24.703,siɲe,signe,0-1-1,/sign(e).er,签名；签字,target_content_with_gloss,0.990611,1
11456,régulièrement,régulièrement,ADV,B1,40.5074,6.927,3.05266,ʁegyljɛʁəmɑ̃,règle,0-1-2,/rég[u]l(e).ière.ment,定时；定期,target_content_with_gloss,0.990571,1
856,aspect,aspect,NOM,B1,40.3027,10.858,3.0297,aspɛ,aspect,0-1-0,/aspect,光景；外观,target_content_with_gloss,0.990345,1
12071,somme,somme,NOM,B1,40.2155,28.418,63.99112,sɔm,somme,0-1-1,/somm(e).e,总和；总数,target_content_with_gloss,0.990248,1
3783,disparition,disparition,NOM,B1,40.1265,20.763,6.14513,dispaʁisjɔ̃,paraître,1-1-1,_dis/par(aî(tre).ition,消逝；灭绝,target_content_with_gloss,0.990149,1
11411,réel,réel,ADJ,B1,40.013,58.585,12.6485,ʁeɛl,réel,0-1-0,/réel,切实；实在,target_content_with_gloss,0.990023,1
3101,contribuer,contribuer,VER,B1,39.9965,7.563,1.21862,kɔ̃tʁibɥe,contribuer,0-1-1,/contribu(er).er,捐赠；贡献,target_content_with_gloss,0.990004,1
46,absolument,absolument,ADV,B1,39.9798,96.908,31.17422,apsolymɑ̃,{soudre},1-1-1,_ab/{solu}.ment,万分；万般,target_content_with_gloss,0.989986,1
1029,augmentation,augmentation,NOM,B1,39.684,9.449,3.34048,ogmɑ̃tasjɔ̃,augmenter,0-1-1,/augment(er).ation,加薪；增加,target_content_with_gloss,0.989654,1
12898,ton,ton,NOM,B1,39.2569,48.839,93.15217,tɔ̃,ton,0-1-0,/ton,你的；口气,target_content_with_gloss,0.989171,1
145,acquérir,acquérir,VER,B1,39.1862,8.222,2.43417,akeʁiʁ,quérir,1-1-1,_a(d)c/quér(ir).ir,习得；养成,target_content_with_gloss,0.98909,1
4828,espoir,espoir,NOM,B1,39.1052,66.399,18.78904,ɛspwaʁ,espérer,0-1-1,/esp(érer).oir,希望；想头,target_content_with_gloss,0.988998,1
7489,livrer,livrer,VER,B1,39.0249,47.934,24.14881,livʁe,livre,0-1-1,/livr(er).er,交付；付给,target_content_with_gloss,0.988906,1
944,atmosphère,atmosphère,NOM,B1,38.952,11.604,3.58389,atmosfɛʁ,sphère,1-1-1,_atmo/sphèr(e).e,大气层；情境,target_content_with_gloss,0.988823,1
3216,cou,cou,NOM,B1,38.8171,42.494,14.5989,ku,cou,0-1-0,/cou,头颈；脖子,target_content_with_gloss,0.988668,1
5749,gendarme,gendarme,NOM,B1,38.8086,3.886,0.60012,ʒɑ̃daʁm,gens,0-2-0,/gen(s)/d'arme,警官,target_content_with_gloss,0.988658,1
13963,éloigner,éloigner,VER,B1,38.2666,55.93,7.76944,elwaɲe,loin,1-1-1,_é/loi[g]n.er,游离；漂走,target_content_with_gloss,0.988031,1
7625,lèvre,lèvre,NOM,B1,38.239,33.31,9.95407,lɛvʁ,lèvre,0-1-1,/lèvr(e).e,嘴唇,target_content_with_gloss,0.987998,1
11382,récit,récit,NOM,B1,38.0502,5.544,1.58757,ʁesi,citer,1-1-0,_ré/cit(er),故事；记述,target_content_with_gloss,0.987778,1
515,améliorer,améliorer,VER,B1,38.006,30.301,6.44672,ameljoʁe,meilleur,1-1-1,_a(d)/{melior}.er,增色；好起来,target_content_with_gloss,0.987726,1
2601,collectif,collectif,ADJ,B1,37.9409,4.883,1.13288,kolɛktif,collecte,0-1-1,/collect(e).if,集体,target_content_with_gloss,0.987649,1
9464,personnalité,personnalité,NOM,B1,37.9039,18.301,5.67973,pɛʁsonalite,personne,0-1-2,/personn(e).al.ité,个性；人士,target_content_with_gloss,0.987606,1
874,assemblée,assemblée,NOM,B1,37.7677,6.377,2.03766,asɑ̃ble,sembler,1-1-1,_a(d)/s/(en)sembl(e).ée,议会,target_content_with_gloss,0.987445,1
2712,compagnon,compagnon,NOM,B1,37.679,18.332,3.28843,kɔ̃paɲɔ̃,pain,1-1-1,_com/pagn(e).on,伙伴；伴侣,target_content_with_gloss,0.98734,1
12836,tiers,tiers,NOM,B1,37.6541,6.693,2.54593,tjɛʁ,tiers,0-1-0,/tiers,第三方；第三者,target_content_with_gloss,0.987311,1
3820,distinguer,distinguer,VER,B1,37.4804,8.532,1.61972,distɛ̃ge,distinct,0-1-1,/distingu(er).er,分别；分清,target_content_with_gloss,0.987105,1
3579,dehors,dehors,NOM,B1,37.3371,17.446,52.63319,døɔʁ,hors,1-1-0,_de/hors,之外；外来,target_content_with_gloss,0.986934,1
7026,inutile,inutile,ADJ,B1,37.2718,62.0,20.69504,inytil,utile,1-1-0,_in/utile,不中用；不必要,target_content_with_gloss,0.986856,1
11191,risquer,risquer,VER,B1,37.1816,94.652,29.39375,ʁiske,risque,0-1-1,/risqu(e).er,冒；拚,target_content_with_gloss,0.986748,1
12932,totalement,totalement,ADV,B1,37.1247,48.003,17.47551,totaləmɑ̃,total,0-1-1,/totale.ment,一概；全副,target_content_with_gloss,0.98668,1
12993,traduire,traduire,VER,B1,36.9632,15.389,2.90263,tʁadɥiʁ,{duire},1-1-1,_tra(ns)/{du(ire)}.ire,流露；翻译,target_content_with_gloss,0.986485,1
11143,revue,revue,NOM,B1,36.782,9.399,4.39069,ʁəvy,voir,1-1-1,_re/v(oir).ue,刊物；复查,target_content_with_gloss,0.986266,1
8851,obéir,obéir,VER,B1,36.7332,31.415,4.39835,obeiʁ,obéir,0-1-1,/obé(ir).ir,听从；用命,target_content_with_gloss,0.986207,1
11663,salarié,salarié,NOM,B1,36.6929,0.975,0.28016,salaʁje,sel,0-1-1,/sala(i)r(e).ié,上班族；打工仔,target_content_with_gloss,0.986158,1
13258,témoin,témoin,NOM,B1,36.5788,96.981,14.79792,temwɛ̃,témoin,0-1-0,/témoin,目击者；见证,target_content_with_gloss,0.986019,1
2453,civil,civil,ADJ,B1,36.5681,18.266,3.82731,sivil,civil,0-1-0,/civil,小民；民事,target_content_with_gloss,0.986006,1
9661,plaindre,plaindre,VER,B1,36.5213,54.918,7.95775,plɛ̃dʁ,plaindre,0-1-1,/plaind(re).re,惜,target_content_with_gloss,0.985949,1
4361,dérouler,dérouler,VER,B1,36.2672,12.585,2.0101,deʁule,rouler,1-1-1,_dé/roul(er).er,展开；展现,target_content_with_gloss,0.985638,1
9377,paysan,paysan,NOM,B1,36.2424,9.801,1.65952,peizɑ̃,pays,0-1-1,/pays.an,农民；泥腿,target_content_with_gloss,0.985608,1
9214,pareil,pareil,ADJ,B1,36.233,99.68,28.55787,paʁɛj,pair,0-1-1,/pa(i)r.eil,一样；不相上下,target_content_with_gloss,0.985596,1
13419,veille,veille,NOM,B1,36.1089,15.734,8.2823,vɛj,veille,0-1-0,/veill(e),前夕；前夜,target_content_with_gloss,0.985443,1
3109,contrôler,contrôler,VER,B1,36.0625,77.323,27.4158,kɔ̃tʁole,contrôle,0-1-1,/contrôl(e).er,主宰；克制,target_content_with_gloss,0.985386,1
5553,front,front,NOM,B1,35.916,24.715,7.75107,fʁɔ̃,front,0-1-0,/front,前方；前端,target_content_with_gloss,0.985205,1
7301,lac,lac,NOM,B1,35.9065,24.886,6.55542,lak,lac,0-1-0,/lac,湖水；湖泊,target_content_with_gloss,0.985193,1
7699,maigre,maigre,ADJ,B1,35.8954,7.911,2.97612,mɛgʁ,maigre,0-1-1,/maigr(e).e,单薄；微薄,target_content_with_gloss,0.985179,1
10357,prévenir,prévenir,VER,B1,35.7942,106.75,14.83466,pʁɛvəniʁ,venir,1-1-1,_pré/ven(ir).ir,免除；推测,target_content_with_gloss,0.985053,1
13438,vente,vente,NOM,B1,35.6892,36.962,8.97275,vɑ̃t,vendre,0-1-1,/ven(dre).te,变卖；特卖,target_content_with_gloss,0.984923,1
3919,dossier,dossier,NOM,B1,35.5874,110.579,19.36926,dosje,dos,0-1-1,/dos[s].ier,文件夹；档案夾,target_content_with_gloss,0.984795,1
5868,grandir,grandir,VER,B1,35.538,72.75,12.95162,gʁɑ̃diʁ,grand,0-1-1,/grand.ir,成长；生长,target_content_with_gloss,0.984734,1
4765,entretien,entretien,NOM,B1,35.1035,25.066,6.90906,ɑ̃tʁətjɛ̃,tenir,1-1-1,_entre/t(enir.ien,会谈；保养,target_content_with_gloss,0.984186,1
12930,total,total,ADJ,B1,35.0194,25.111,6.59369,total,total,0-1-0,/total,全盘；全部,target_content_with_gloss,0.984079,1
2277,chemise,chemise,NOM,B1,35.0117,35.573,10.04746,ʃəmiz,chemise,0-1-0,/chemise,上身；外壳,target_content_with_gloss,0.984069,1
3307,coût,coût,NOM,B1,35.0028,7.098,1.9703,ku,coût,0-1-0,/coût,成本,target_content_with_gloss,0.984058,1
11955,silencieux,silencieux,ADJ,B1,34.9592,14.519,4.76118,silɑ̃sjø,silence,0-1-1,/silenc(e).ieux,安静；寂静,target_content_with_gloss,0.984003,1
6474,impliquer,impliquer,VER,B1,34.9121,69.342,9.07073,ɛ̃plike,{plic},1-1-1,_i(n)/m/{pli(c)/qu}.er,带有；意指,target_content_with_gloss,0.983943,1
3230,couler,couler,VER,B1,34.8827,41.041,6.16963,kule,couler,0-1-1,/coul(er).er,下沉；沉没,target_content_with_gloss,0.983905,1
899,associer,associer,VER,B1,34.3113,15.617,6.53705,asosje,social,1-1-1,_a(d)/s/soci(al).er,合伙；相配,target_content_with_gloss,0.98317,1
5733,gaz,gaz,NOM,B1,34.1894,34.051,8.57012,gaz,gaz,0-1-0,/gaz,气体；瓦斯,target_content_with_gloss,0.983012,1
2406,cigarette,cigarette,NOM,B1,34.1633,35.943,6.74219,sigaʁɛt,cigare,0-1-1,/cigar(e).ette,卷烟；烟卷,target_content_with_gloss,0.982978,1
3364,critique,critique,NOM,B1,33.665,13.323,6.66565,kʁitik,critique,0-1-1,/critiqu(e).e,临界；危急,target_content_with_gloss,0.982324,1
13256,témoignage,témoignage,NOM,B1,33.5477,20.544,5.10563,temwaɲaʒ,témoin,0-1-1,/témoi[g]n.age,佐证；凭证,target_content_with_gloss,0.982169,1
12141,soulever,soulever,VER,B1,33.335,20.405,2.71127,suləve,lever,1-1-1,_sou(s)/lev(er).er,提到；提高,target_content_with_gloss,0.981887,1
12036,soin,soin,NOM,B1,33.2664,94.161,24.23607,swɛ̃,soin,0-1-0,/soin,恪；毖,target_content_with_gloss,0.981795,1
118,accuser,accuser,VER,B1,33.07,59.472,8.18432,akyze,cause,1-1-1,_a(d)c/c(a)us(e).er,指控；控告,target_content_with_gloss,0.981532,1
10270,préciser,préciser,VER,B1,33.0605,9.19,3.80435,pʁesize,précis,0-1-1,/précis.er,明确；订定,target_content_with_gloss,0.981519,1
9800,policier,policier,ADJ,B1,32.9915,11.978,8.49357,polisje,police,0-1-1,/police.ier,执法人员；警员,target_content_with_gloss,0.981426,1
7683,magique,magique,ADJ,B1,32.9673,32.332,8.43539,maʒik,magie,0-1-1,/mag(ique).ique,神奇；魔幻,target_content_with_gloss,0.981394,1
11053,respect,respect,NOM,B1,32.8811,58.234,19.32027,ʁɛspɛ,aspect,1-1-0,_re/(a)spect,敬意,target_content_with_gloss,0.981277,1
789,armée,armée,NOM,B1,32.8589,92.263,19.71984,aʁme,arme,0-1-0,/arme,军团；军队,target_content_with_gloss,0.981247,1
11999,siège,siège,NOM,B1,32.8224,36.222,10.43019,sjɛʒ,siège,0-1-1,/sièg(e).e,位子；司令部,target_content_with_gloss,0.981198,1
6011,généralement,généralement,ADV,B1,32.7068,10.206,4.40141,ʒeneʁaləmɑ̃,genre,0-2-0,/générale/ment,大凡；大抵,target_content_with_gloss,0.981041,1
8384,municipal,municipal,ADJ,B1,32.6442,8.68,1.77434,mynisipal,municipe,0-1-1,/municip(e).al,市立,target_content_with_gloss,0.980956,1
8900,offre,offre,NOM,B1,32.614,46.778,25.08726,ɔfʁ,offrir,0-1-1,/offr(ir).e,出价；竞价,target_content_with_gloss,0.980915,1
5990,guérir,guérir,VER,B1,32.5395,41.44,6.57685,geʁiʁ,guérir,0-1-1,/guér(ir).ir,弥合；愈合,target_content_with_gloss,0.980813,1
10419,puissant,puissant,ADJ,B1,32.5355,47.468,10.39039,pɥisɑ̃,puissant,0-1-1,/puissa(nt)/m.ant,威猛；宏大,target_content_with_gloss,0.980808,1
12463,surface,surface,NOM,B1,32.488,24.582,7.46785,syʁfas,face,1-1-1,_sur/fac(e).e,地表；外表,target_content_with_gloss,0.980743,1
120,accès,accès,NOM,B1,32.4039,48.212,14.85915,aksɛ,{cès/d},1-1-0,_a(d)/c/ce(d/s)s,入口；准入,target_content_with_gloss,0.980628,1
13681,voter,voter,VER,B1,32.2354,38.987,5.63993,vote,voter,0-1-1,/vot(er).er,投票；表决,target_content_with_gloss,0.980396,1
12861,tissu,tissu,NOM,B1,32.2318,18.37,4.00949,tisy,tisser,0-1-1,/tiss(er).u,组织；织物,target_content_with_gloss,0.980391,1
12055,solide,solide,ADJ,B1,32.1586,20.832,7.66381,solid,solide,0-1-0,/solide,健全；厚实,target_content_with_gloss,0.980291,1
3898,don,don,NOM,B1,32.1558,64.434,12.95928,dɔ̃,don,0-1-0,/don,才分；才干,target_content_with_gloss,0.980287,1
5957,grève,grève,NOM,B1,32.0972,11.253,1.81415,gʁɛv,grève,0-1-1,/grèv(e).e,海滩；罢工,target_content_with_gloss,0.980206,1
11483,répandre,répandre,VER,B1,32.0657,16.873,2.13564,ʁepɑ̃dʁ,épandre,1-1-1,_r/épand(re).re,传播；倾注,target_content_with_gloss,0.980162,1
7242,jurer,jurer,VER,B1,32.0335,115.918,26.13748,ʒyʁe,jurer,0-1-1,/jur(er).er,发誓；许下,target_content_with_gloss,0.980117,1
11438,régional,régional,ADJ,B1,32.0033,3.392,0.89712,ʁeʒjonal,région,0-1-1,/région.al,区域性；地区,target_content_with_gloss,0.980076,1
5578,fréquenter,fréquenter,VER,B1,31.9335,18.937,2.38977,fʁekɑ̃te,fréquent,0-1-1,/fréquent.er,常去；走动,target_content_with_gloss,0.979979,1
12923,tort,tort,NOM,B1,31.917,68.459,22.95009,tɔʁ,tort,0-1-0,/tort,侵权行为,target_content_with_gloss,0.979956,1
806,arrière,arrière,NOM,B1,31.8528,69.073,27.06062,aʁjɛʁ,arrière,0-1-0,/arrière,后卫；后方,target_content_with_gloss,0.979866,1
11651,saisir,saisir,VER,B1,31.7552,37.278,4.45805,seziʁ,saisir,0-1-1,/sais(ir).ir,夹紧；把握,target_content_with_gloss,0.97973,1
11004,renvoyer,renvoyer,VER,B1,31.6908,57.848,7.12492,ʁɑ̃vwaje,envoi,0-1-1,/envo(i)/y.er,传回；出局,target_content_with_gloss,0.97964,1
189,administration,administration,NOM,B1,31.6448,12.652,4.26975,administʁasjɔ̃,ministr(e),1-1-1,_ad/ministr(e).ation,工商管理；政府,target_content_with_gloss,0.979576,1
12033,soigner,soigner,VER,B1,31.6036,40.608,7.7128,swaɲe,soin,0-1-1,/soi{g]n(er).er,医治；护理,target_content_with_gloss,0.979518,1
10722,rassembler,rassembler,VER,B1,31.5575,32.522,4.22688,ʁasɑ̃ble,assembler,1-1-1,_r/assembl(er).er,丛集；凑合,target_content_with_gloss,0.979453,1
13313,urgence,urgence,NOM,B1,31.5244,71.785,16.71923,yʁʒɑ̃s,urgent,0-1-1,/urg(ent).ence,急事；急难,target_content_with_gloss,0.979406,1
1639,bouton,bouton,NOM,B1,31.4631,32.902,7.38824,butɔ̃,bouter,0-1-1,/bout(er).on,扣子；按钮,target_content_with_gloss,0.97932,1
3744,diplôme,diplôme,NOM,B1,31.3638,20.674,5.60165,diplom,diplôme,0-1-0,/diplôm(e),文凭；毕业证书,target_content_with_gloss,0.97918,1
3794,disputer,disputer,VER,B1,31.3262,39.291,7.61482,dispyte,{put},1-1-1,_dis/{put}.er,争辩；责骂,target_content_with_gloss,0.979127,1
4457,détruire,détruire,VER,B1,30.9897,138.614,17.4158,detʁɥiʁ,détruire,0-1-1,/détrui(re).re,击坠；击破,target_content_with_gloss,0.978648,1
3483,curiosité,curiosité,NOM,B1,30.9638,11.468,4.68769,kyʁjozite,curieux,0-1-1,/curi(eux)/.osité,奇特；好奇心,target_content_with_gloss,0.97861,1
6908,intelligence,intelligence,NOM,B1,30.7656,15.443,5.52511,ɛ̃teliʒɑ̃s,intelligence,0-1-1,/intellig(ence).ence,心眼；悟性,target_content_with_gloss,0.978326,1
8600,naturellement,naturellement,ADV,B1,30.5919,16.184,5.9951,natyʁɛləmɑ̃,nature,0-1-2,/natur(e).elle.ment,当然；自然,target_content_with_gloss,0.978075,1
2437,circuler,circuler,VER,B1,30.5711,12.37,1.63809,siʁkyle,circuler,0-1-1,/circul(er).er,循环；流传,target_content_with_gloss,0.978045,1
11538,résister,résister,VER,B1,30.486,32.123,6.36712,ʁeziste,{sist},1-1-1,_ré/{sist}.er,强忍；抵住,target_content_with_gloss,0.977921,1
13900,égal,égal,ADJ,B1,30.423,24.747,7.22596,egal,égal,0-1-0,/égal,一律；一模一样,target_content_with_gloss,0.977829,1
13257,témoigner,témoigner,VER,B1,30.3642,29.801,5.23882,temwaɲe,témoin,0-1-1,/témoi[g]n.er,体现；作证,target_content_with_gloss,0.977744,1
13672,volonté,volonté,NOM,B1,30.2952,36.693,12.03307,volɔ̃te,volonté,0-1-1,/volont(é).é,冲劲；心志,target_content_with_gloss,0.977643,1
6284,hurler,hurler,VER,B1,30.2094,26.864,3.88855,yʁle,hurler,0-1-1,/hurl(er).er,叫喊；号叫,target_content_with_gloss,0.977517,1
2756,comporter,comporter,VER,B1,30.1723,26.12,3.25781,kɔ̃pɔʁte,porter,1-1-1,_com/port(er).er,包括,target_content_with_gloss,0.977463,1
4316,déplacement,déplacement,NOM,B1,30.0292,6.927,1.88457,deplasəmɑ̃,place,1-1-1,_dé/plac(e).ement,位移；出门,target_content_with_gloss,0.977252,1
10929,remarque,remarque,NOM,B1,30.0126,10.522,6.2278,ʁəmaʁk,marque,1-1-1,_re/marqu(e).e,加注；发觉,target_content_with_gloss,0.977227,1
13620,vivant,vivant,NOM,B1,29.9642,11.297,24.45805,vivɑ̃,vivre,0-1-1,/viv(re).ant,传神；活泼,target_content_with_gloss,0.977156,1
988,attitude,attitude,NOM,B1,29.7432,20.108,7.78475,atityd,attitude,0-1-0,/attitude,体态；姿势,target_content_with_gloss,0.976828,1
4772,envahir,envahir,VER,B1,29.6665,15.228,1.89528,ɑ̃vaiʁ,envahir,0-0-1,.ir,侵入；打进,target_content_with_gloss,0.976714,1
1313,bataille,bataille,NOM,B1,29.5662,38.491,10.22352,bataj,bataille,0-1-1,/bataill(e).e,交战；对战,target_content_with_gloss,0.976564,1
820,arrêt,arrêt,NOM,B1,29.5418,46.37,15.51745,aʁɛ,arrêt,0-1-0,/arrêt,停顿；站地,target_content_with_gloss,0.976527,1
5112,fantôme,fantôme,NOM,B1,29.4661,55.345,7.88732,fɑ̃tom,fantôme,0-1-1,/fantôm(e).e,亡灵；幽灵,target_content_with_gloss,0.976414,1
5602,furieux,furieux,ADJ,B1,29.4263,24.231,6.92897,fyʁjø,furie,0-1-1,/furi(eux).eux,恼羞成怒；气冲冲,target_content_with_gloss,0.976354,1
10448,pâle,pâle,ADJ,B1,29.3602,9.408,3.391,pal,pâle,0-1-0,/pâle,惨白；淡漠,target_content_with_gloss,0.976254,1
8682,nommer,nommer,VER,B1,29.3307,43.332,8.95132,nome,nom,0-1-1,/nom[m].er,任人；任命,target_content_with_gloss,0.97621,1
10983,renoncer,renoncer,VER,B1,29.3191,31.601,4.75964,ʁənɔ̃se,{noncer},1-1-1,_re/{nonc(er)}.er,罢休,target_content_with_gloss,0.976192,1
10062,probablement,probablement,ADV,B1,29.2614,112.687,31.94734,pʁobabləmɑ̃,probable,0-1-2,/prob(able).able.ment,可能；多半,target_content_with_gloss,0.976105,1
4944,exiger,exiger,VER,B1,29.2512,24.253,5.05358,ɛgziʒe,exiger,0-1-1,/exig(er).er,强求；索取,target_content_with_gloss,0.976089,1
1095,autrement,autrement,ADV,B1,29.2425,32.797,13.08634,otʁəmɑ̃,autre,0-1-1,/autre.ment,不然；否则,target_content_with_gloss,0.976076,1
1296,bas,bas,NOM,B1,29.2378,65.763,42.4556,ba,bas,0-1-0,/bas,下流；下面,target_content_with_gloss,0.976069,1
7721,majeur,majeur,ADJ,B1,29.2348,12.892,2.42958,maʒœʁ,§maj§,0-1-1,/§maj§.eur,中指；成人,target_content_with_gloss,0.976065,1
5021,extraire,extraire,VER,B1,29.1809,9.706,2.21984,ɛkstʁɛʁ,traire,1-1-1,_ex/trai(re).re,出货；去掉,target_content_with_gloss,0.975983,1
9490,peser,peser,VER,B1,29.1742,17.88,3.30986,pøze,peser,0-1-1,/pes(er).er,权衡；衡量,target_content_with_gloss,0.975973,1
3366,critère,critère,NOM,B1,29.0376,4.509,1.40233,kʁitɛʁ,critère,0-1-0,/critère,尺度；指标,target_content_with_gloss,0.975765,1
11132,revenu,revenu,NOM,B1,28.8968,8.911,21.36252,ʁəvəny,venir,1-1-1,_re/ven(ir).u,入息；所得,target_content_with_gloss,0.97555,1
10830,reculer,reculer,VER,B1,28.7878,61.437,8.53797,ʁəkyle,cul,1-1-1,_re/cul.er,倒退；反转,target_content_with_gloss,0.975383,1
7442,limite,limite,NOM,B1,28.6233,40.288,8.74617,limit,limite,0-1-1,/limit(e).e,尽头；底止,target_content_with_gloss,0.975129,1
2243,chasse,chasse,NOM,B1,28.6182,36.68,13.4752,ʃas,chasser,0-1-1,/chass(er).e,狩猎,target_content_with_gloss,0.975121,1
6684,industrie,industrie,NOM,B1,28.5942,15.854,3.41243,ɛ̃dystʁi,industrie,0-1-1,/industri(e).e,业界；产业,target_content_with_gloss,0.975084,1
3241,coupable,coupable,ADJ,B1,28.5848,57.165,18.75077,kupabl,coulpe,0-1-1,/cou(l)p(e).able,主犯；罪人,target_content_with_gloss,0.97507,1
8151,mission,mission,NOM,B1,28.541,96.329,19.77036,misjɔ̃,{miss},0-1-1,/{miss}.ion,任务；使命,target_content_with_gloss,0.975002,1
4631,encourager,encourager,VER,B1,28.4709,20.297,2.85517,ɑ̃kuʁaʒe,courage,1-1-1,_en/courag(e).er,助威；助长,target_content_with_gloss,0.974893,1
3269,courrier,courrier,NOM,B1,28.3274,21.158,6.59982,kuʁje,courir,0-1-0,/courrier,专递；信件,target_content_with_gloss,0.97467,1
1604,bouleverser,bouleverser,VER,B1,28.1956,13.668,2.90263,buləvɛʁse,boule,0-2-1,/boule/vers(er).er,翻腾；震动,target_content_with_gloss,0.974463,1
14081,épreuve,épreuve,NOM,B1,28.1309,26.924,5.78383,epʁœv,preuve,1-1-0,_é/preuve,不幸；比赛,target_content_with_gloss,0.974362,1
2090,causer,causer,VER,B1,28.0273,65.997,56.80649,koze,cause,0-1-1,/caus(er).er,聊（口语）,target_content_with_gloss,0.974199,1
13057,transporter,transporter,VER,B1,27.9638,23.93,3.29302,tʁɑ̃spɔʁte,porter,1-1-1,_trans/port(er).er,拖曳；搬走,target_content_with_gloss,0.974098,1
5415,formule,formule,NOM,B1,27.9509,11.104,2.67299,fɔʁmyl,former,0-1-1,/formul(e).e,公式；型式,target_content_with_gloss,0.974078,1
8127,ministère,ministère,NOM,B1,27.9151,16.747,4.40294,ministɛʁ,ministre,0-1-1,/minist(re).ère,内阁,target_content_with_gloss,0.974021,1
8736,nourrir,nourrir,VER,B1,27.9023,46.636,8.55175,nuʁiʁ,nourrir,0-1-1,/nourr(ir).ir,供养；哺育,target_content_with_gloss,0.974001,1
6973,intervenir,intervenir,VER,B1,27.861,22.484,4.42437,ɛ̃tɛʁvəniʁ,venir,1-1-1,_inter/ven(ir).ir,介入；干预,target_content_with_gloss,0.973936,1
13889,éditeur,éditeur,NOM,B1,27.7642,8.424,2.08359,editœʁ,éditer,0-1-1,/édit(er).eur,出版者；发行人,target_content_with_gloss,0.973782,1
2873,confier,confier,VER,B1,27.7521,33.604,4.4902,kɔ̃fje,(se) fier,1-1-0,_con/fi(er),委托；寄托,target_content_with_gloss,0.973763,1
3870,docteur,docteur,NOM,B1,27.7293,226.272,29.7275,dɔktœʁ,docte,0-1-1,/doct(e).eur,医师；医生,target_content_with_gloss,0.973726,1
8451,méchant,méchant,ADJ,B1,27.4035,49.88,14.05695,meʃɑ̃,méchant,1-1-1,_mé/ch(oir).ant,不善；坏人,target_content_with_gloss,0.973204,1
3591,demeurer,demeurer,VER,B1,27.3172,8.437,4.11053,dəmœʁe,demeure,0-1-1,/demeur(er).er,停留；居住（正式）,target_content_with_gloss,0.973065,1
7332,langage,langage,NOM,B1,27.3016,17.231,6.52327,lɑ̃gaʒ,langue,0-1-1,/lang(ue).age,语文；语言,target_content_with_gloss,0.97304,1
6660,indispensable,indispensable,ADJ,B1,27.2899,5.766,2.25811,ɛ̃dispɑ̃sabl,dispenser,1-1-1,_in/dispens(er).able,不可或缺；必不可少,target_content_with_gloss,0.973021,1
6794,initiative,initiative,NOM,B1,27.274,7.092,2.30863,inisjativ,initial,0-1-1,/initi(al).ative,创举；能动性,target_content_with_gloss,0.972995,1
886,assiette,assiette,NOM,B1,27.1998,15.722,4.15646,asjɛt,{seoir},0-1-0,/assiette,盘子,target_content_with_gloss,0.972875,1
1607,boulot,boulot,NOM,B1,27.1691,217.035,46.1038,bulo,boule,0-1-1,/boul(e).ot,活儿,target_content_with_gloss,0.972825,1
3668,deviner,deviner,VER,B1,27.1336,80.155,11.16963,dəvine,devin,0-1-1,/devin.er,猜到；猜想,target_content_with_gloss,0.972767,1
11398,récupérer,récupérer,VER,B1,27.0851,114.592,22.81231,ʁekypeʁe,récupérer,0-1-1,/récupér(er).er,养伤；养神,target_content_with_gloss,0.972688,1
13131,tristesse,tristesse,NOM,B1,26.9178,9.832,3.72627,tʁistɛs,triste,0-1-1,/triste.esse,哀愁；忧心,target_content_with_gloss,0.972415,1
8042,meuble,meuble,NOM,B1,26.8661,13.481,4.08451,mœbl,meuble/mobile,0-1-1,/meubl(er).e,家俱；家具,target_content_with_gloss,0.97233,1
8551,mêler,mêler,VER,B1,26.8504,44.057,5.27097,mele,mêler,0-1-1,/mêl(er).er,侧重；夹杂,target_content_with_gloss,0.972304,1
11817,secours,secours,NOM,B1,26.8022,62.323,17.80925,səkuʁ,courir,1-1-1,_se/cour(ir).s,救助,target_content_with_gloss,0.972225,1
4308,dépenser,dépenser,VER,B1,26.7802,32.646,4.63564,depɑ̃se,pendre,1-1-1,_dé/pen(dre)/s.er,开支；开销,target_content_with_gloss,0.972188,1
10117,profondément,profondément,ADV,B1,26.7195,19.696,7.89957,pʁofɔ̃demɑ̃,fond,1-1-1,_pro/fond[é].ment,沉沉,target_content_with_gloss,0.972088,1
12444,supprimer,supprimer,VER,B1,26.705,15.462,2.74342,sypʁime,primer,1-1-1,_su(b)/p/prim(er).er,删去；删掉,target_content_with_gloss,0.972064,1
3206,costume,costume,NOM,B1,26.6649,54.842,12.29179,kɔstym,costume,0-1-0,/§costume§,服装；西服,target_content_with_gloss,0.971998,1
11535,résistance,résistance,NOM,B1,26.6212,10.987,4.20392,ʁezistɑ̃s,{sist},1-1-1,_ré/{sist}.ance,后劲；抗性,target_content_with_gloss,0.971926,1
186,admettre,admettre,VER,B1,26.6139,65.516,10.62156,admɛtʁ,mettre,1-1-1,_ad/mett(re).re,允许；吸取,target_content_with_gloss,0.971914,1
11061,respirer,respirer,VER,B1,26.5746,78.231,11.01806,ʁɛspiʁe,{spir},1-1-1,_re/{spir}.er,呼吸；透气,target_content_with_gloss,0.971848,1
11355,réalisation,réalisation,NOM,B1,26.5495,4.278,1.55848,ʁealizasjɔ̃,réel,0-1-2,/ré(e/a)l.is.ation,变卖；实施例,target_content_with_gloss,0.971807,1
3300,couverture,couverture,NOM,B1,26.412,46.032,12.74342,kuvɛʁtyʁ,couvrir,0-1-2,/couv(rir).ert.ure,封套；棉被,target_content_with_gloss,0.971578,1
4701,enregistrer,enregistrer,VER,B1,26.3806,47.696,6.49265,ɑ̃ʁəʒistʁe,registre,1-1-1,_en/registr(e).er,值机；入住,target_content_with_gloss,0.971525,1
11168,rideau,rideau,NOM,B1,26.3721,15.434,2.85364,ʁido,rider,0-1-1,/rid(er).eau,帐幔；帷幔,target_content_with_gloss,0.971511,1
11386,réclamer,réclamer,VER,B1,26.342,18.725,2.89498,ʁeklame,clamer,1-1-1,_ré/clam(er).er,索取；要求,target_content_with_gloss,0.971461,1
13305,universel,universel,ADJ,B1,26.338,4.592,0.86497,ynivɛʁsɛl,vers,1-1-1,_uni/vers.el,万用；万能,target_content_with_gloss,0.971454,1
3958,dresser,dresser,VER,B1,26.2853,11.896,1.56307,dʁese,dresser,0-1-1,/dress(er).er,抗争；抬起,target_content_with_gloss,0.971365,1
13515,victoire,victoire,NOM,B1,26.2433,35.114,10.2725,viktwaʁ,victoire,0-1-0,/victoire,胜利,target_content_with_gloss,0.971295,1
26,aborder,aborder,VER,B1,26.176,11.351,2.19994,abɔʁde,bord,1-1-1,_a(d)/bord.er,讲到,target_content_with_gloss,0.971182,1
13867,écraser,écraser,VER,B1,26.0561,43.234,6.13901,ekʁaze,écraser,0-1-1,/écras(er).er,压住；压倒,target_content_with_gloss,0.970979,1
8473,médical,médical,ADJ,B1,26.026,45.747,7.04532,medikal,{médic},0-1-1,/{médic}.al,医护,target_content_with_gloss,0.970928,1
2684,commun,commun,NOM,B1,25.9942,17.734,12.69902,komœ̃,un,1-1-0,_com[m]/un,一般；公共,target_content_with_gloss,0.970874,1
9789,poitrine,poitrine,NOM,B1,25.9896,26.259,9.17636,pwatʁin,poitrine,0-1-1,/poitrin(e).e,乳部；前胸,target_content_with_gloss,0.970867,1
3070,contrairement,contrairement,ADV,B1,25.9447,12.136,5.39957,kɔ̃tʁɛʁəmɑ̃,contraire,1-0-2,_contr(a).aire.ment,不比；反之,target_content_with_gloss,0.97079,1
5241,figurer,figurer,VER,B1,25.9416,9.541,8.49204,figyʁe,figurer,0-1-1,/figur(er).er,列入,target_content_with_gloss,0.970785,1
1690,brillant,brillant,ADJ,B1,25.9293,34.108,8.67728,bʁijɑ̃,briller,0-1-1,/brill(er).ant,亮晶晶；光亮,target_content_with_gloss,0.970764,1
4896,examiner,examiner,VER,B1,25.8934,39.051,7.1387,ɛgzamine,examen,0-1-1,/exam(e)/in.er,审查；审核,target_content_with_gloss,0.970703,1
694,apprentissage,apprentissage,NOM,B1,25.8929,3.383,1.35793,apʁɑ̃tisaʒ,prendre,1-1-2,_a(d)/p/pren(dre).ti.ssage,学习；学术,target_content_with_gloss,0.970702,1
9922,pot,pot,NOM,B1,25.8647,24.839,7.376,po,pot,0-1-0,/pot,罐子；赌注,target_content_with_gloss,0.970654,1
4497,efficace,efficace,ADJ,B1,25.804,18.899,6.57073,efikas,effet,0-1-0,/efficace,中用；干净利落,target_content_with_gloss,0.970551,1
2699,communiquer,communiquer,VER,B1,25.7747,19.623,4.47183,komynike,unique,1-1-1,_com[m]/uniqu(e).er,传人；传达,target_content_with_gloss,0.970501,1
4733,entièrement,entièrement,ADV,B1,25.7291,21.608,9.05695,ɑ̃tjɛʁəmɑ̃,entier,0-1-1,/entier.ement,一并；一无,target_content_with_gloss,0.970423,1
6127,hauteur,hauteur,NOM,B1,25.7158,18.196,6.82639,otœʁ,haut,0-1-1,/haut.eur,个头；宽屏,target_content_with_gloss,0.9704,1
3887,domestique,domestique,NOM,B1,25.6801,8.592,2.81384,domɛstik,domestique,0-1-0,/domestique,仆人；国内,target_content_with_gloss,0.970339,1
8817,objectif,objectif,ADJ,B1,25.6795,3.373,6.46969,ɔbʒɛktif,objet,1-1-1,_ob/{ject}.if,客观；指标,target_content_with_gloss,0.970338,1
13621,vivant,vivant,ADJ,B1,25.6238,105.706,24.45805,vivɑ̃,vivre,0-1-1,/viv(re).ant,传神；活泼,target_content_with_gloss,0.970242,1
3787,disponible,disponible,ADJ,B1,25.6012,20.089,6.40845,disponibl,disposer,0-1-1,/dispo(ser)/n.ible,可得到；可获得,target_content_with_gloss,0.970203,1
12613,série,série,NOM,B1,25.5517,54.465,14.01408,seʁi,série,0-1-0,/séri(e),一连串；成套,target_content_with_gloss,0.970118,1
12314,structure,structure,NOM,B1,25.4935,11.918,3.65432,stʁyktyʁ,structure,0-1-1,/structur(e).e,形制；机构,target_content_with_gloss,0.970017,1
6405,imagination,imagination,NOM,B1,25.3925,18.725,6.84323,imaʒinasjɔ̃,image,0-1-2,/imag(e).in.ation,想像力；想象,target_content_with_gloss,0.969842,1
105,accrocher,accrocher,VER,B1,25.2374,53.991,7.36069,akʁoʃe,croc,1-1-1,_a(d)c/croch(et).er,全力以赴；张挂,target_content_with_gloss,0.969573,1
6967,interrompre,interrompre,VER,B1,25.1727,31.054,7.00245,ɛ̃tɛʁɔ̃pʁ,rompre,1-1-1,_inter/romp(re).re,中断；中止,target_content_with_gloss,0.96946,1
5240,figure,figure,NOM,B1,25.1336,18.759,8.49204,figyʁ,figurer,0-1-1,/figur(er).e,图形；外形,target_content_with_gloss,0.969391,1
8154,misère,misère,NOM,B1,25.098,10.5,3.68647,mizɛʁ,misère,0-1-1,/misér(e).e,不幸；悲惨,target_content_with_gloss,0.969329,1
9205,parcours,parcours,NOM,B1,25.0429,7.054,2.94856,paʁkuʁ,courir,0-1-1,/cour(ir).s,历程；旅途,target_content_with_gloss,0.969232,1
5224,fiction,fiction,NOM,B1,25.0225,6.25,2.18463,fiksjɔ̃,fictif,0-1-1,/fict(if).ion,假定,target_content_with_gloss,0.969196,1
14007,émouvoir,émouvoir,VER,B1,24.9703,5.092,1.30282,emuvwaʁ,mouvoir,1-1-1,_é/mouv(oir).oir,感动；打动,target_content_with_gloss,0.969104,1
10758,rayon,rayon,NOM,B1,24.9425,30.196,7.20759,ʁɛjɔ̃,rai,0-1-1,/ra(i)/y.on,光束；光芒,target_content_with_gloss,0.969055,1
7843,marchand,marchand,NOM,B1,24.9332,8.854,2.66075,maʁʃɑ̃,marchand,0-1-0,/marchand,商人；商业的,target_content_with_gloss,0.969039,1
10348,prétendre,prétendre,VER,B1,24.7103,45.614,5.14085,pʁetɑ̃dʁ,tendre,1-1-1,_pré/tend(re).re,号称；声称,target_content_with_gloss,0.968644,1
6744,influence,influence,NOM,B1,24.6685,16.468,6.63656,ɛ̃flyɑ̃s,flux,1-1-1,_in/fluen(ce).e,势力；影响,target_content_with_gloss,0.968569,1
13594,vision,vision,NOM,B1,24.6161,37.022,9.24525,vizjɔ̃,vision,0-1-0,/vision,愿景；目光,target_content_with_gloss,0.968476,1
13232,tâche,tâche,NOM,B1,24.5501,29.563,9.15034,taʃ,tâche,0-1-0,/tâche,任务；运作,target_content_with_gloss,0.968357,1
2886,conflit,conflit,NOM,B1,24.4201,16.269,4.53307,kɔ̃fli,conflit,0-1-0,/conflit,争端；冲突,target_content_with_gloss,0.968124,1
5975,guide,guide,NOM,B1,24.3677,12.538,5.891,gid,guider,0-1-1,/guid(er).e,先导；向导,target_content_with_gloss,0.968029,1
10225,provenir,provenir,VER,B1,24.2708,18.31,2.6929,pʁovəniʁ,venir,1-1-0,_pro/venir,起始,target_content_with_gloss,0.967854,1
10854,refermer,refermer,VER,B1,24.2527,9.421,1.32119,ʁəfɛʁme,fermer,1-1-1,_re/ferm(er).er,合拢,target_content_with_gloss,0.967821,1
12971,toutefois,toutefois,ADV,B1,24.2447,5.829,2.43417,tutəfwa,tout,0-2-0,/toute/fois,总要；而又,target_content_with_gloss,0.967807,1
5667,gai,gai,ADJ,B1,24.2344,9.291,1.82945,gɛ,gai,0-1-0,/gai,快活；愉快,target_content_with_gloss,0.967788,1
3830,distribuer,distribuer,VER,B1,24.1929,14.025,2.14483,distʁibɥe,tribut,1-1-1,_dis/tribu(t).er,出手；分发,target_content_with_gloss,0.967713,1
5555,frontière,frontière,NOM,B1,24.0176,30.003,6.42529,fʁɔ̃tjɛʁ,front,0-1-1,/front.ière,临界；关口,target_content_with_gloss,0.967393,1
11720,satisfaire,satisfaire,VER,B1,24.01,21.94,4.74434,satisfɛʁ,faire,1-1-0,_satis/faire,满足；过过,target_content_with_gloss,0.967379,1
2127,central,central,ADJ,B1,24.0006,19.506,6.34415,sɑ̃tʁal,centre,0-1-1,/centr(e).al,中环,target_content_with_gloss,0.967362,1
3373,croiser,croiser,VER,B1,23.9959,31.725,3.96969,kʁwaze,croix,0-1-1,/croi(x)/s.er,交叉；相交,target_content_with_gloss,0.967353,1
11258,rose,rose,ADJ,B1,23.9836,22.237,10.96601,ʁoz,rose,0-1-1,/ros(e).e,桃色；玫瑰,target_content_with_gloss,0.967331,1
9204,parcourir,parcourir,VER,B1,23.954,15.826,2.94856,paʁkuʁiʁ,courir,1-1-1,_par/cour(ir).ir,浏览；翻看,target_content_with_gloss,0.967277,1
10791,recommander,recommander,VER,B1,23.9072,18.168,2.80618,ʁəkomɑ̃de,commander,1-1-1,_re/command(er).er,介绍；保送,target_content_with_gloss,0.967191,1
6361,identifier,identifier,VER,B1,23.8194,49.845,7.97765,idɑ̃tifje,idem,0-1-2,/identi(té).fi.er,登入；登录,target_content_with_gloss,0.967029,1
11412,réellement,réellement,ADV,B1,23.7932,29.696,11.02725,ʁeɛləmɑ̃,réel,1-1-1,_ré/réelle.ment,实在；实际上,target_content_with_gloss,0.966981,1
5035,extérieur,extérieur,NOM,B1,23.6793,32.905,14.2177,ɛksteʁjœʁ,{térieur},1-1-0,_ex/{térieur},向外；国外,target_content_with_gloss,0.96677,1
5295,fièvre,fièvre,NOM,B1,23.663,19.25,5.78077,fjɛvʁ,fièvre,0-1-0,/fièvr(e),发热；高烧,target_content_with_gloss,0.96674,1
5485,franc,franc,ADJ,B1,23.6325,18.339,5.18677,fʁɑ̃,franc,0-1-0,/franc,坦率；坦白,target_content_with_gloss,0.966683,1
11075,ressource,ressource,NOM,B1,23.5062,16.0,5.50827,ʁəsuʁs,source,1-1-1,_re[s]/sourc(e).e,财源；资源,target_content_with_gloss,0.966448,1
9248,parler,parler,NOM,B1,23.4242,11.316,88.40325,paʁle,parler,0-1-1,/parl(er).er,搭嘴；说上,target_content_with_gloss,0.966294,1
3005,consulter,consulter,VER,B1,23.3448,17.741,3.78138,kɔ̃sylte,consulter,0-1-1,/consult(er).er,协商；参考,target_content_with_gloss,0.966145,1
3791,disposition,disposition,NOM,B1,23.3226,11.516,3.77373,dispozisjɔ̃,disposer,0-1-1,/dispos(er).ition,布局；性向,target_content_with_gloss,0.966103,1
3649,destin,destin,NOM,B1,23.3109,44.228,12.44795,destɛ̃,destiner,0-1-0,/destin(er),命运；天命,target_content_with_gloss,0.966081,1
6045,gêner,gêner,VER,B1,23.2048,40.835,8.27465,ʒene,gêner,0-1-1,/gên(er).er,妨碍；阻碍,target_content_with_gloss,0.965881,1
1211,baisse,baisse,NOM,B1,23.136,12.291,10.46081,bɛs,bas,0-1-1,/baiss(er).e,衰退,target_content_with_gloss,0.965751,1
14101,équiper,équiper,VER,B1,23.1079,9.057,35.75015,ekipe,équiper,0-1-1,/équip(er).er,整装；武装,target_content_with_gloss,0.965697,1
1802,bénéficier,bénéficier,VER,B1,23.1077,5.028,0.81445,benefisje,bénéfice,0-1-2,/béné.fic(e).ier,受惠；受益,target_content_with_gloss,0.965697,1
3412,créateur,créateur,NOM,B1,23.1014,7.43,2.21066,kʁeatœʁ,créer,0-1-1,/cré(er).ateur,创作者；创始人,target_content_with_gloss,0.965685,1
10332,présentation,présentation,NOM,B1,23.0629,11.614,3.17514,pʁezɑ̃tasjɔ̃,présenter,0-1-1,/présent(er).ation,介绍；导论,target_content_with_gloss,0.965612,1
2691,commune,commune,NOM,B1,23.0477,1.623,3.14299,komyn,un,1-1-1,_com[m]/un.e,公社；直辖市,target_content_with_gloss,0.965583,1
8186,modeste,modeste,ADJ,B1,23.0311,8.351,3.20882,modɛst,modeste,0-1-1,/modest(e).e,客气；虚心,target_content_with_gloss,0.965551,1
6921,intention,intention,NOM,B1,23.0021,55.035,15.92315,ɛ̃tɑ̃sjɔ̃,intention,0-1-0,/intention,心意；心眼,target_content_with_gloss,0.965496,1
10089,producteur,producteur,NOM,B1,22.941,18.351,3.54409,pʁodyktœʁ,{duire},1-1-1,_pro/{duct}.eur,制作人；制片人,target_content_with_gloss,0.965379,1
6002,géant,géant,NOM,B1,22.9266,9.478,6.20178,ʒeɑ̃,géant,0-1-0,/géant,巨型；庞然大物,target_content_with_gloss,0.965352,1
7710,maintenir,maintenir,VER,B1,22.8567,127.13,94.10594,mɛ̃təniʁ,main,0-2-1,/main/ten(ir).ir,保全；保持,target_content_with_gloss,0.965218,1
14123,établissement,établissement,NOM,B1,22.7972,8.165,2.86436,etablisəmɑ̃,stable,0-1-2,/établ(ir).iss.ement,机构；（尤指）学校,target_content_with_gloss,0.965104,1
13106,tribunal,tribunal,NOM,B1,22.7271,45.041,10.41488,tʁibynal,tribun,0-1-1,/tribun.al,审判庭；本院,target_content_with_gloss,0.964969,1
10853,refaire,refaire,VER,B1,22.725,55.63,10.35824,ʁəfɛʁ,faire,1-1-1,_re/fai(re).re,再作；再做,target_content_with_gloss,0.964965,1
1822,cabinet,cabinet,NOM,B1,22.7,30.37,6.96877,kabinɛ,cabine,0-1-1,/cabin(e).et,内阁；商户,target_content_with_gloss,0.964916,1
1700,briser,briser,VER,B1,22.6721,65.339,10.84354,bʁize,briser,0-1-1,/bris(er).er,打碎（文学腔）,target_content_with_gloss,0.964862,1
2083,catégorie,catégorie,NOM,B1,22.5923,7.984,2.29639,kategoʁi,catégorie,0-1-0,/catégor(ie),类别；类目,target_content_with_gloss,0.964708,1
4712,enseigner,enseigner,VER,B1,22.5224,34.861,4.79945,ɑ̃seɲe,enseigner,0-1-1,/enseign(er).er,任教；任课,target_content_with_gloss,0.964572,1
3115,convention,convention,NOM,B1,22.4547,7.579,1.81721,kɔ̃vɑ̃sjɔ̃,{vention},1-1-0,_con/{vention},习俗；公约,target_content_with_gloss,0.96444,1
2826,conclure,conclure,VER,B1,22.4013,32.639,6.65187,kɔ̃klyʁ,{clu(re)},0-1-1,/{clu(re)}.re,敲定；断定,target_content_with_gloss,0.964336,1
5821,gorge,gorge,NOM,B1,22.3323,29.791,10.67667,gɔʁʒ,gorge,0-1-0,/gorge,咽喉；喉咙,target_content_with_gloss,0.9642,1
7977,maîtriser,maîtriser,VER,B1,22.321,16.168,3.26546,metʁize,maître,0-1-2,/maîtr(e).is.er,驾驭,target_content_with_gloss,0.964178,1
13168,troubler,troubler,VER,B1,22.2639,9.38,4.37385,tʁuble,troubler,0-1-1,/troubl(er).er,干扰；惊动,target_content_with_gloss,0.964066,1
13184,trésor,trésor,NOM,B1,22.2045,40.237,8.42468,tʁezɔʁ,trésor,0-1-0,/trésor,宝库；宝藏,target_content_with_gloss,0.963949,1
6432,immobile,immobile,ADJ,B1,22.1846,5.677,1.92284,imobil,mobile,1-1-0,_i(n)/m/mobile,一动不动；一成不变,target_content_with_gloss,0.96391,1
1199,bague,bague,NOM,B1,22.1088,35.649,6.80649,bag,bague,0-1-0,/bague,戒指；指环,target_content_with_gloss,0.96376,1
6059,habitation,habitation,NOM,B1,22.0852,1.608,0.39345,abitasjɔ̃,habiter,0-1-1,/habit(er).ation,民居,target_content_with_gloss,0.963713,1
7388,lent,lent,ADJ,B1,22.0474,16.522,3.89314,lɑ̃,lent,0-1-0,/lent,慢性；拖拉,target_content_with_gloss,0.963638,1
12656,talent,talent,NOM,B1,22.0021,42.582,10.15769,talɑ̃,talent,0-1-0,/talent,人杰；因素,target_content_with_gloss,0.963548,1
4590,emprunter,emprunter,VER,B1,21.9913,35.111,7.56124,ɑ̃pʁœ̃te,emprunt,0-1-1,/emprunt.er,挡琅；挡郎,target_content_with_gloss,0.963526,1
1811,bête,bête,ADJ,B1,21.9749,38.782,18.59461,bɛt,bête,0-1-0,/bête,傻的，笨的（最通用）,target_content_with_gloss,0.963494,1
6535,impôt,impôt,NOM,B1,21.9152,15.759,4.30802,ɛ̃po,poser,1-1-1,_i(n)/m/po(ser).^t,税制；税务,target_content_with_gloss,0.963375,1
11487,réparer,réparer,VER,B1,21.8543,66.937,13.75842,ʁepaʁe,parer,1-1-1,_ré/par(er).er,修好；修整,target_content_with_gloss,0.963253,1
1087,autorité,autorité,NOM,B1,21.829,32.465,6.22168,otoʁite,autoriser,0-1-1,/autori(ser/[t].ité,大家；大拿,target_content_with_gloss,0.963202,1
6071,haine,haine,NOM,B1,21.7848,22.671,7.03919,ɛn,haïr,0-1-1,/hain(e).eux,仇恨；怨恨,target_content_with_gloss,0.963113,1
7649,légèrement,légèrement,ADV,B1,21.7796,8.5,3.70178,leʒɛʁəmɑ̃,léger,0-1-1,/légère.ment,些微；略为,target_content_with_gloss,0.963103,1
3332,creuser,creuser,VER,B1,21.6909,30.715,5.33221,kʁøze,creux,0-1-1,/creux/se.er,凹陷；开挖,target_content_with_gloss,0.962924,1
1734,brusquement,brusquement,ADV,B1,21.6393,3.111,1.37783,bʁyskəmɑ̃,brusque,0-1-1,/brusqu(e).ment,刹那间；突然,target_content_with_gloss,0.96282,1
14158,étonnant,étonnant,ADJ,B1,21.6295,21.636,9.18861,etonɑ̃,ton,1-1-1,_é/tonn(er).ant,了得,target_content_with_gloss,0.9628,1
13324,user,user,VER,B1,21.623,10.623,3.81506,yze,user,0-1-1,/us(er).er,消磨；消耗,target_content_with_gloss,0.962787,1
6210,honnête,honnête,ADJ,B1,21.5664,65.915,19.72137,onɛt,honnête,0-1-1,/honnêt(e).e,实诚；廉洁,target_content_with_gloss,0.962672,1
14217,évidence,évidence,NOM,B1,21.5554,15.975,6.51715,evidɑ̃s,voir,0-1-1,/évide(nt)/m.ence,公理,target_content_with_gloss,0.96265,1
11820,secret,secret,ADJ,B1,21.5537,75.693,31.05787,səkʁɛ,secret,0-1-0,/secret,不记名；奥秘,target_content_with_gloss,0.962647,1
2169,chaleur,chaleur,NOM,B1,21.4764,27.424,9.06461,ʃalœʁ,chaleur,0-1-0,/chaleur,暖意；热力,target_content_with_gloss,0.962489,1
10280,précédent,précédent,ADJ,B1,21.4443,11.013,3.51347,pʁesedɑ̃,{ced},1-1-1,_pré/{ced/(ss)}.ent,上一个；上个,target_content_with_gloss,0.962424,1
1877,calmer,calmer,VER,B1,21.4199,123.696,44.45652,kalme,calme,0-1-1,/calm(er),平息；稳住,target_content_with_gloss,0.962374,1
2641,combattre,combattre,VER,B1,21.2367,48.566,16.75444,kɔ̃batʁ,combat,0-1-1,/combat[t].re,作战；反对,target_content_with_gloss,0.961999,1
2244,chasser,chasser,VER,B1,21.1776,46.241,13.4752,ʃase,chasser,0-1-1,/chass(er).er,吓跑；排解,target_content_with_gloss,0.961877,1
3646,dessus,dessus,ADV,B1,21.1179,128.975,50.28016,dəsy,sus/sur,1-1-0,_dés/sus,上边；上面,target_content_with_gloss,0.961753,1
4703,enrichir,enrichir,VER,B1,21.0864,5.313,0.97061,ɑ̃ʁiʃiʁ,riche,1-1-1,_en/rich(e).ir,丰富；充实,target_content_with_gloss,0.961688,1
13033,transformation,transformation,NOM,B1,21.0264,4.794,1.59063,tʁɑ̃sfɔʁmasjɔ̃,forme,1-1-1,_trans/form(e).ation,变化；变迁,target_content_with_gloss,0.961564,1
3811,distance,distance,NOM,B1,20.8678,34.835,10.64605,distɑ̃s,stable,1-1-1,_dis/sta(ble).ance,差距；距离,target_content_with_gloss,0.961233,1
13162,trottoir,trottoir,NOM,B1,20.7684,9.006,3.29302,tʁotwaʁ,trotter,0-1-1,/trott(er).oir,人行道,target_content_with_gloss,0.961024,1
7112,isoler,isoler,VER,B1,20.7517,12.775,3.21647,izole,isoler,0-1-1,/isol(er).er,分开；分离,target_content_with_gloss,0.960989,1
6121,haut,haut,NOM,B1,20.7234,75.576,38.0741,o,haut,0-1-0,/haut,不菲；大声,target_content_with_gloss,0.960929,1
7937,matinée,matinée,NOM,B1,20.6284,17.104,7.22596,matine,matin,0-1-1,/matin.ée,上午；前晌,target_content_with_gloss,0.960729,1
6795,initier,initier,VER,B1,20.5764,3.047,0.81292,inisje,initial,0-1-1,/initi(al).er,入门；创始,target_content_with_gloss,0.960619,1
10889,rejeter,rejeter,VER,B1,20.5764,27.506,3.84415,ʁəʒte,jet,1-1-1,_re/jet.er,否决；唾弃,target_content_with_gloss,0.960619,1
5585,fuir,fuir,VER,B1,20.5713,70.918,11.86926,fɥiʁ,fuire,0-1-1,/fui(re).ir,亡命；出奔,target_content_with_gloss,0.960608,1
2719,comparer,comparer,VER,B1,20.5329,26.848,4.13809,kɔ̃paʁe,parer,1-1-1,_com/par(er).er,对照；比拟,target_content_with_gloss,0.960526,1
5234,fier,fier,ADJ,B1,20.4452,87.212,19.54378,fjɛʁ,fier,0-1-0,/fier,昂然；骄傲,target_content_with_gloss,0.960339,1
5421,fortement,fortement,ADV,B1,20.4135,6.275,2.73882,fɔʁtəmɑ̃,fort,0-1-1,/fort.ment,沉沉,target_content_with_gloss,0.960272,1
2436,circulation,circulation,NOM,B1,20.3995,11.873,4.76577,siʁkylasjɔ̃,circuler,0-1-1,/circul(er).ation,交通；周转,target_content_with_gloss,0.960242,1
270,affronter,affronter,VER,B1,20.3888,33.696,8.15677,afʁɔ̃te,front,1-1-1,_a(d)/f/front.er,对峙；正视,target_content_with_gloss,0.960219,1
9654,plafond,plafond,NOM,B1,20.3682,11.415,4.12125,plafɔ̃,plat,0-2-0,/pla(t)/fond,上限；天花板,target_content_with_gloss,0.960175,1
10045,prise,prise,NOM,B1,20.3651,29.491,23.56859,pʁiz,prendre,0-1-1,/pr(endre).endre,把柄；插口,target_content_with_gloss,0.960168,1
4728,enthousiasme,enthousiasme,NOM,B1,20.3175,6.146,2.73729,ɑ̃tuzjasm,enthousiasme,0-1-1,/enthousiasm(e).e,意气；激情,target_content_with_gloss,0.960066,1
8727,notion,notion,NOM,B1,20.2828,5.905,2.08206,nosjɔ̃,noter,0-1-1,/not(er).ion,概念,target_content_with_gloss,0.959991,1
13092,trembler,trembler,VER,B1,20.242,18.509,2.45254,tʁɑ̃ble,trembler,0-1-1,/trembl(er).er,发抖；哆嗦,target_content_with_gloss,0.959904,1
4690,ennui,ennui,NOM,B1,20.2277,67.671,18.65891,ɑ̃nɥi,ennui,0-1-0,/ennui,心事；毛病,target_content_with_gloss,0.959873,1
5634,fée,fée,NOM,B1,20.1981,17.759,2.3316,fe,fée,0-1-0,/fée,仙女；天仙,target_content_with_gloss,0.959809,1
11827,seigneur,seigneur,NOM,B1,20.086,131.835,21.59675,sɛɲœʁ,seigneur,0-1-0,/seigneur,上帝；相公,target_content_with_gloss,0.959566,1
3892,dominer,dominer,VER,B1,20.0749,11.272,1.61666,domine,dominer,0-1-1,/domin(er).er,主宰；俯视,target_content_with_gloss,0.959542,1
9770,poing,poing,NOM,B1,20.0383,18.421,4.88977,pwɛ̃,poing,0-1-0,/poing,拳头,target_content_with_gloss,0.959462,1
4066,déchirer,déchirer,VER,B1,19.9364,29.475,3.74617,deʃiʁe,déchirer,0-1-1,/déchir(er).er,划破；撕咬,target_content_with_gloss,0.95924,1
6055,habit,habit,NOM,B1,19.9201,17.326,5.10716,abi,habit,0-1-0,/habit,衣服,target_content_with_gloss,0.959205,1
2245,chasseur,chasseur,NOM,B1,19.9138,26.377,4.00949,ʃasœʁ,chasser,0-1-1,/chass(er).eur,猎人；猎手,target_content_with_gloss,0.959191,1
7192,joue,joue,NOM,B1,19.8738,21.741,33.51347,ʒu,joue,0-1-0,/joue,脸巴子；脸蛋,target_content_with_gloss,0.959103,1
11424,référence,référence,NOM,B1,19.8427,14.658,4.20392,ʁefeʁɑ̃s,{fer},1-1-1,_ré/{fer}.ence,参考文献；指称,target_content_with_gloss,0.959035,1
10104,professionnel,professionnel,NOM,B1,19.807,11.877,8.6237,pʁofɛsjonɛl,professer,0-1-1,/profession[n].el,专业；专业人员,target_content_with_gloss,0.958956,1
13716,végétal,végétal,ADJ,B1,19.7548,1.329,0.2327,veʒetal,végéter,0-1-1,/végét(er).al,植,target_content_with_gloss,0.958841,1
5427,fortune,fortune,NOM,B1,19.7231,28.658,9.9556,fɔʁtyn,fortune,0-1-1,/fortun(e).e,境遇；遭际,target_content_with_gloss,0.958771,1
4906,exceptionnel,exceptionnel,ADJ,B1,19.6867,12.918,2.98224,ɛksɛpsjonɛl,{cept},1-1-2,_ex/{cept}.ion[n].el,上佳；不同寻常,target_content_with_gloss,0.958691,1
588,annuel,annuel,ADJ,B1,19.6859,6.991,1.61972,anɥɛl,an,0-1-1,/ann(ée).uel,全年；周年,target_content_with_gloss,0.958689,1
7617,là-haut,là-haut,ADV,B1,19.6661,40.456,13.50276,lao,là,0-2-0,/là/haut,上面,target_content_with_gloss,0.958645,1
666,apparence,apparence,NOM,B1,19.6533,18.633,5.18524,apaʁɑ̃s,paraître,0-1-1,/appar(ence).ence,外形；外表,target_content_with_gloss,0.958617,1
11163,riche,riche,NOM,B1,19.5082,14.886,16.11451,ʁiʃ,riche,0-1-0,/riche,丰富；充实,target_content_with_gloss,0.958294,1
12876,toile,toile,NOM,B1,19.4217,12.057,2.69902,twal,toile,0-1-1,/toil(e).e,布景；帆布,target_content_with_gloss,0.958101,1
5576,fréquent,fréquent,ADJ,B1,19.4004,4.358,2.38977,fʁekɑ̃,fréquent,0-1-1,/fréqu(ent).ent,常见；频数,target_content_with_gloss,0.958053,1
3031,contenu,contenu,NOM,B1,19.3959,8.56,3.95591,kɔ̃təny,tenir,1-1-1,_con/ten(ir).u,内容,target_content_with_gloss,0.958043,1
2454,civilisation,civilisation,NOM,B1,19.39,11.278,2.90876,sivilizasjɔ̃,civil,0-1-2,/civil.is.ation,人类文明；文化,target_content_with_gloss,0.95803,1
3895,dommage,dommage,NOM,B1,19.3614,59.68,23.15677,domaʒ,dam,0-1-0,/dommage,害；弊,target_content_with_gloss,0.957965,1
10714,rarement,rarement,ADV,B1,19.3452,12.484,5.43478,ʁaʁəmɑ̃,rare,0-1-1,/rare.ment,偶尔；鲜少,target_content_with_gloss,0.957929,1
5179,ferme,ferme,ADV,B1,19.32,1.377,39.60502,fɛʁm,fermer,0-1-0,/ferm(er),农场；农庄,target_content_with_gloss,0.957872,1
4689,ennemi,ennemi,NOM,B1,19.301,80.864,13.67881,ɛnəmi,ennemi,0-1-0,/ennemi,仇人；仇家,target_content_with_gloss,0.957829,1
5976,guider,guider,VER,B1,19.2927,22.778,5.891,gide,guider,0-1-1,/guid(er).er,导游；导览,target_content_with_gloss,0.957811,1
2957,considérable,considérable,ADJ,B1,19.269,3.468,1.14972,kɔ̃sideʁabl,considérer,0-1-1,/considér(er).able,不菲；丰硕,target_content_with_gloss,0.957757,1
4737,entourage,entourage,NOM,B1,19.2535,3.851,1.65034,ɑ̃tuʁaʒ,tour,1-1-2,_en/tour.age,环境,target_content_with_gloss,0.957722,1
8320,motivation,motivation,NOM,B1,19.2524,7.573,2.13717,motivasjɔ̃,{mot},0-2-1,/{mot}/iv.ation,上进心；动因,target_content_with_gloss,0.95772,1
13835,éclater,éclater,VER,B1,19.1945,33.753,4.97704,eklate,éclat,0-1-1,/éclat.er,兴高采烈；冲垮,target_content_with_gloss,0.957588,1
3926,douceur,douceur,NOM,B1,19.1248,10.671,3.99112,dusœʁ,doux,0-1-1,/douce.eur,甜味；甜头,target_content_with_gloss,0.95743,1
11851,sensation,sensation,NOM,B1,19.092,17.038,5.48071,sɑ̃sasjɔ̃,sens,0-1-1,/sens.ation,情愫；感觉,target_content_with_gloss,0.957356,1
2326,choc,choc,NOM,B1,19.0562,29.177,11.10686,ʃɔk,choc,0-1-0,/choc,交锋；撞击,target_content_with_gloss,0.957274,1
8172,mobiliser,mobiliser,VER,B1,19.0401,3.756,0.45009,mobilize,mobile,0-1-1,/mobil(e).er,动员；发动,target_content_with_gloss,0.957237,1
11839,semblable,semblable,ADJ,B1,18.995,6.636,2.18463,sɑ̃blabl,sembler,0-1-1,/sembl(er).able,一样；仿佛,target_content_with_gloss,0.957134,1
8144,miroir,miroir,NOM,B1,18.9721,23.541,6.33497,miʁwaʁ,mirer,0-1-1,/mir(er).oir,镜子,target_content_with_gloss,0.957081,1
7323,lance,lance,NOM,B1,18.9617,19.285,10.70423,lɑ̃s,lancer,0-1-1,/lanc(er).e,长枪；长矛,target_content_with_gloss,0.957058,1
9642,piège,piège,NOM,B1,18.9456,40.218,12.44795,pjɛʒ,pied,0-1-1,/piè(d)/g.e,圈套；捉捕器,target_content_with_gloss,0.957021,1
13301,uniquement,uniquement,ADV,B1,18.9262,24.573,9.97397,ynikəmɑ̃,unique,1-0-2,_uni.que.ment,光是；唯独,target_content_with_gloss,0.956976,1
1903,caméra,caméra,NOM,B1,18.9237,73.668,11.17422,kameʁa,caméra,0-1-0,/caméra,摄像机；摄影机,target_content_with_gloss,0.95697,1
121,accéder,accéder,VER,B1,18.8718,16.484,4.83466,aksede,accès,1-1-1,_a(d)/c/ced/(ss).er,接入,target_content_with_gloss,0.956851,1
294,agiter,agiter,VER,B1,18.847,12.544,1.9305,aʒite,agiter,0-1-1,/agit(er).er,动荡；扑扇,target_content_with_gloss,0.956794,1
1271,barbe,barbe,NOM,B1,18.7858,15.171,5.15922,baʁb,barbe,0-1-0,/barbe,胡子；胡须,target_content_with_gloss,0.956652,1
12256,stade,stade,NOM,B1,18.7075,18.902,6.24311,stad,stade,0-1-0,/stade,体育场；场馆,target_content_with_gloss,0.956471,1
3935,douter,douter,VER,B1,18.7005,81.373,38.20269,dute,douter,0-1-1,/dout(er).er,不信任；怀疑,target_content_with_gloss,0.956455,1
8287,moral,moral,ADJ,B1,18.5868,10.753,7.09584,moʁal,moral,0-1-0,/moral,军心；士气,target_content_with_gloss,0.95619,1
8117,mineur,mineur,ADJ,B1,18.5185,9.93,2.82762,minœʁ,miner,0-1-1,/min(er).eur,年幼；未成,target_content_with_gloss,0.95603,1
12888,tombe,tombe,NOM,B1,18.466,32.259,25.124,tɔ̃b,tombe,0-1-1,/tomb(e).e,坟墓；坟穴,target_content_with_gloss,0.955906,1
245,afficher,afficher,VER,B1,18.4383,8.234,3.08328,afiʃe,fiche,1-1-1,_a(d)/f/fich(e).er,发贴；展出,target_content_with_gloss,0.955841,1
12436,supplémentaire,supplémentaire,ADJ,B1,18.4294,14.051,3.16289,syplemɑ̃tɛʁ,suppléer,0-1-2,/supplé(er).ment.aire,另外；新增,target_content_with_gloss,0.95582,1
4929,exemplaire,exemplaire,NOM,B1,18.4199,5.918,2.46632,ɛgzɑ̃plɛʁ,exemple,0-1-1,/exempl(e).aire,样本；样机,target_content_with_gloss,0.955798,1
8157,misérable,misérable,ADJ,B1,18.3869,10.079,4.29884,mizeʁabl,misère,0-1-1,/misér(e).able,凄楚；可怜兮兮,target_content_with_gloss,0.95572,1
1243,banc,banc,NOM,B1,18.3632,10.614,3.15677,bɑ̃,banc,0-1-0,/banc,凳子；板凳,target_content_with_gloss,0.955664,1
11866,sentier,sentier,NOM,B1,18.3626,5.475,1.18034,sɑ̃tje,sente,0-1-1,/sent(e).ier,小径；小路,target_content_with_gloss,0.955663,1
5926,grippe,grippe,NOM,B1,18.3246,9.187,2.70208,gʁip,grippe,0-1-1,/gripp(e).e,流感,target_content_with_gloss,0.955573,1
8990,ordonner,ordonner,VER,B1,18.3044,30.161,5.18218,ɔʁdone,ordre,0-1-2,/ord(re).on[n].er,功令；勒令,target_content_with_gloss,0.955525,1
7987,menace,menace,NOM,B1,18.2038,44.623,14.06307,mənas,menacer,0-1-1,/menac(er).e,威胁,target_content_with_gloss,0.955286,1
12569,séance,séance,NOM,B1,18.1501,24.737,6.66718,seɑ̃s,seoir,0-1-1,/se(oir).ance,场次,target_content_with_gloss,0.955157,1
6974,intervention,intervention,NOM,B1,18.0177,16.019,5.05205,ɛ̃tɛʁvɑ̃sjɔ̃,venir,1-1-1,_inter/ven(ir).tion,救助,target_content_with_gloss,0.95484,1
4040,débuter,débuter,VER,B1,17.9788,13.085,1.88151,debyte,but,1-1-1,_dé/but.er,开始,target_content_with_gloss,0.954746,1
10779,recette,recette,NOM,B1,17.9285,14.25,3.66197,ʁəsɛt,{cev},1-1-1,_re/{ce(v)}.ette,收款；配方,target_content_with_gloss,0.954625,1
13084,traîner,traîner,VER,B1,17.9277,62.225,9.70912,tʁene,traîner,0-1-1,/traîn(er).er,拖着脚走；磨蹭（口语）,target_content_with_gloss,0.954623,1
7867,marin,marin,ADJ,B1,17.9269,10.244,4.99541,maʁɛ̃,mer,0-1-1,/m(e/a)r.in,水手；海事,target_content_with_gloss,0.954621,1
3037,contexte,contexte,NOM,B1,17.9057,5.981,2.30557,kɔ̃tɛkst,texte,1-1-0,_con/texte,上下文；底色,target_content_with_gloss,0.954569,1
6391,illusion,illusion,NOM,B1,17.8269,15.722,3.57012,ilyzjɔ̃,{lud},1-1-1,_i(n)/l/{lu(d)/s}.ion,幻想；幻象,target_content_with_gloss,0.954378,1
5836,goutte,goutte,NOM,B1,17.8199,17.949,4.76577,gut,goutte,0-1-0,/goutte,打兰；滴水,target_content_with_gloss,0.954361,1
4679,enjeu,enjeu,NOM,B1,17.8131,5.766,1.3365,ɑ̃ʒø,jeu,1-1-0,_en/jeu,赌注；重要性,target_content_with_gloss,0.954345,1
8861,occidental,occidental,ADJ,B1,17.7987,4.475,0.80833,ɔksidɑ̃tal,{cident},1-1-1,_o(b)/c/{cident}.al,洋人；老毛子,target_content_with_gloss,0.95431,1
9886,portrait,portrait,NOM,B1,17.7136,16.44,4.84078,pɔʁtʁɛ,portrait,0-1-1,/portr(ait).ait,人像；写照,target_content_with_gloss,0.954102,1
10954,remuer,remuer,VER,B1,17.536,14.753,2.07134,ʁəmɥe,muer,1-1-1,_r/mu(er).er,哄动；拨动,target_content_with_gloss,0.953665,1
9667,plaisanterie,plaisanterie,NOM,B1,17.489,12.114,3.85487,plɛzɑ̃təʁi,plaire,0-1-2,/plai(re)/s.ant.erie,戏言；玩笑,target_content_with_gloss,0.953549,1
11344,réaction,réaction,NOM,B1,17.4662,28.766,9.29731,ʁeaksjɔ̃,acte,1-1-1,_ré/act(e).ion,反动；反应,target_content_with_gloss,0.953493,1
2434,circuit,circuit,NOM,B1,17.3862,13.665,3.04042,siʁkɥi,circuit,0-1-0,/circuit,线路,target_content_with_gloss,0.953294,1
4155,défense,défense,NOM,B1,17.3263,62.475,16.20024,defɑ̃s,défendre,0-1-1,/défen(dre)/s.e,獠牙；警备,target_content_with_gloss,0.953144,1
10881,regrouper,regrouper,VER,B1,17.2623,4.921,0.5695,ʁəgʁupe,groupe,1-1-1,_re/group(e).er,丛集；蕴积,target_content_with_gloss,0.952984,1
4488,effacer,effacer,VER,B1,17.162,37.142,5.58634,efase,face,1-1-1,_e(x)/f/fac(e).er,删掉；抹去,target_content_with_gloss,0.952732,1
14197,évaluer,évaluer,VER,B1,17.1224,9.684,2.18616,evalɥe,valeur,1-1-1,_é/val(e)u(r)).uer,估价；估计,target_content_with_gloss,0.952632,1
12165,souris,souris,NOM,B1,17.0061,19.152,9.38151,suʁi,souris,0-1-0,/souris,小鼠；滑鼠,target_content_with_gloss,0.952337,1
1122,avec,avec,ADV,B1,16.9863,99.402,99.32027,avɛk,avec,0-1-0,/avec,一同；一起,target_content_with_gloss,0.952287,1
3943,dragon,dragon,NOM,B1,16.9585,24.937,2.99755,dʁagɔ̃,dragon,0-1-0,/dragon,龙纹,target_content_with_gloss,0.952216,1
14026,épais,épais,ADJ,B1,16.9325,8.424,2.20912,epɛ,épais,0-1-0,/épais,凝重；厚实,target_content_with_gloss,0.95215,1
11029,repousser,repousser,VER,B1,16.9255,22.206,3.48745,ʁəpuse,pousser,1-1-1,_re/pouss(er).er,击退；厌弃,target_content_with_gloss,0.952132,1
9058,ours,ours,NOM,B1,16.8837,27.522,6.12982,uʁs,ours,0-1-0,/ours,熊；魋,target_content_with_gloss,0.952025,1
1237,banal,banal,ADJ,B1,16.8716,7.956,1.92284,banal,ban,0-1-1,/ban.al,家常便饭；平平,target_content_with_gloss,0.951994,1
10058,prière,prière,NOM,B1,16.8616,23.497,4.46111,pʁijɛʁ,prier,0-1-1,/pri(er).ère,祈愿；祈祷,target_content_with_gloss,0.951969,1
11116,retraité,retraité,NOM,B1,16.8571,1.902,0.98132,ʁətʁete,traire,1-1-1,_re/trai(re).té,离休；退休人,target_content_with_gloss,0.951957,1
10656,raisonnable,raisonnable,ADJ,B1,16.8027,21.291,7.3959,ʁɛzonabl,raison,0-1-1,/raison[n].able,合理；懂事,target_content_with_gloss,0.951817,1
13011,trajet,trajet,NOM,B1,16.7861,10.146,3.94213,tʁaʒɛ,trajet,0-1-0,/trajet,征途；旅程,target_content_with_gloss,0.951775,1
558,ange,ange,NOM,B1,16.7855,48.984,10.90325,ɑ̃ʒ,ange,0-1-0,/ange,兴高采烈；天使,target_content_with_gloss,0.951773,1
10125,progresser,progresser,VER,B1,16.7791,10.247,1.59216,pʁogʁese,{gress},1-1-1,_pro/{gress}.er,上进；前进,target_content_with_gloss,0.951757,1
5134,fatigue,fatigue,NOM,B1,16.7653,5.253,4.13197,fatig,fatigue,0-1-1,/fatig(ue).e,疲乏；疲劳,target_content_with_gloss,0.951721,1
9697,plat,plat,ADJ,B1,16.7563,13.335,10.78536,pla,plat,0-1-0,/plat,大浅盘；平坦,target_content_with_gloss,0.951698,1
12904,tonne,tonne,NOM,B1,16.6447,18.506,4.59584,tɔn,tonne,0-1-0,/tonn(e),吨,target_content_with_gloss,0.951409,1
11812,second,second,NOM,B1,16.6365,10.725,10.53429,səgɔ̃,second,0-1-0,/second,二次；亚军,target_content_with_gloss,0.951388,1
13932,élection,élection,NOM,B1,16.6221,20.402,2.79394,elɛksjɔ̃,lecteur,1-1-1,_é/lect(eur).ion,选举,target_content_with_gloss,0.951351,1
14218,évident,évident,ADJ,B1,16.6214,35.589,12.12645,evidɑ̃,voir,0-1-1,/évide(nt)/m.ent,彰明；明摆着,target_content_with_gloss,0.951349,1
4841,essence,essence,NOM,B1,16.6095,26.858,8.29302,esɑ̃s,essence,0-1-0,/essen(ce),实质；本体,target_content_with_gloss,0.951318,1
4979,exploser,exploser,VER,B1,16.52,63.915,10.5695,ɛksploze,exploser,0-1-1,/explos(er).er,发怒；爆发,target_content_with_gloss,0.951085,1
4384,désert,désert,ADJ,B1,16.4527,6.013,6.39467,dezɛʁ,désert,0-1-0,/désert,冷落；大漠,target_content_with_gloss,0.950908,1
10128,progressivement,progressivement,ADV,B1,16.4129,1.503,0.69657,pʁogʁesivəmɑ̃,{gress},1-1-2,_pro/{gress}.ive.ment,渐进地；逐渐,target_content_with_gloss,0.950804,1
10109,profil,profil,NOM,B1,16.4097,21.443,6.90906,pʁofil,profil,0-1-0,/profil,个人资料；侧写,target_content_with_gloss,0.950795,1
13531,vieillir,vieillir,VER,B1,16.3947,15.592,1.83864,vjejiʁ,vieux,0-1-1,/vieil[l].ir,衰老；陈化,target_content_with_gloss,0.950756,1
8795,négatif,négatif,ADJ,B1,16.3877,18.301,5.73944,negatif,négatif,0-1-1,/négat(if).if,否定；底片,target_content_with_gloss,0.950738,1
5180,ferme,ferme,ADJ,B1,16.3556,21.832,39.60502,fɛʁm,fermer,0-1-0,/ferm(er),农场；农庄,target_content_with_gloss,0.950653,1
12617,sérieux,sérieux,NOM,B1,16.3337,40.839,38.1981,seʁjø,série,0-1-1,/séri(e).eux,严肃；严重,target_content_with_gloss,0.950595,1
2978,constamment,constamment,ADV,B1,16.3168,10.468,4.48255,kɔ̃stamɑ̃,{stant},1-1-1,_con/{stant}.ment,不住；不断,target_content_with_gloss,0.950551,1
5059,faciliter,faciliter,VER,B1,16.2362,9.911,1.94274,fasilite,facile,0-1-1,/facil(e).er,便利；促成,target_content_with_gloss,0.950337,1
10116,profondeur,profondeur,NOM,B1,16.2266,10.864,2.8613,pʁofɔ̃dœʁ,fond,1-1-1,_pro/fond.eur,底部；水深,target_content_with_gloss,0.950311,1
3888,domicile,domicile,NOM,B1,16.1946,12.351,4.69075,domisil,domestique,0-1-1,/dom(estique).icile,家宅；家里,target_content_with_gloss,0.950226,1
10175,proportion,proportion,NOM,B1,16.1841,2.566,0.77159,pʁopɔʁsjɔ̃,portion,1-1-0,_pro/portion,匀称；比例,target_content_with_gloss,0.950198,1
13047,transmission,transmission,NOM,B1,16.1608,10.459,2.78781,tʁɑ̃smisjɔ̃,mettre,1-1-1,_trans/mis[s].ion,传动；传输,target_content_with_gloss,0.950136,1
11337,règle,règle,NOM,B1,16.1558,97.203,19.94948,ʁɛgl,règle,0-1-1,/règl(e).e,尺子；常规,target_content_with_gloss,0.950123,1
1674,bref,bref,ADV,B1,16.1218,33.184,15.8466,bʁɛf,bref,0-1-0,/bref,总而言之；短暂,target_content_with_gloss,0.950032,1
11274,rougir,rougir,VER,B1,16.1209,5.063,0.86497,ʁuʒiʁ,rouge,0-1-1,/roug(e).ir,发红；泛红,target_content_with_gloss,0.95003,1
11435,régime,régime,NOM,B1,16.0705,16.639,5.28628,ʁeʒim,régime,0-1-0,/régim(e),政权；政柄,target_content_with_gloss,0.949895,1
10487,pénétrer,pénétrer,VER,B1,16.0094,15.585,2.85977,penetʁe,pénétrer,0-1-1,/pénétr(er).er,洞穿；深入,target_content_with_gloss,0.949731,1
8088,militaire,militaire,ADJ,B1,16.0007,37.282,9.3616,militɛʁ,militer,0-1-1,/militaire.aire,军人；军方,target_content_with_gloss,0.949707,1
1867,calculer,calculer,VER,B1,15.9994,10.234,1.70086,kalkyle,calcul,0-1-1,/calcul.er,思量；打算盘,target_content_with_gloss,0.949704,1
8896,officier,officier,NOM,B1,15.9895,66.57,12.63625,ofisje,office,0-1-1,/offici(er).er,军官；统领,target_content_with_gloss,0.949677,1
3114,convenir,convenir,VER,B1,15.9398,31.614,6.87998,kɔ̃vəniʁ,venir,1-1-1,_con/ven(ir).ir,适合,target_content_with_gloss,0.949543,1
7949,matériel,matériel,ADJ,B1,15.9267,5.209,8.52419,mateʁjɛl,matériel,0-1-1,/matéri(el).el,物质；用具,target_content_with_gloss,0.949507,1
8968,orage,orage,NOM,B1,15.8901,10.092,2.74495,oʁaʒ,orage,0-1-0,/orag(e),西北雨；雷雨,target_content_with_gloss,0.949408,1
11511,réputation,réputation,NOM,B1,15.8511,25.965,9.55756,ʁepytasjɔ̃,{put},1-1-1,_ré/{put}.ation,信誉；名声,target_content_with_gloss,0.949302,1
4727,enterrer,enterrer,VER,B1,15.8427,50.883,6.41917,ɑ̃teʁe,terre,1-1-1,_en/terr(e).er,埋葬；埋藏,target_content_with_gloss,0.94928,1
4063,déchet,déchet,NOM,B1,15.8314,10.139,2.61635,deʃɛ,choir,1-1-1,_dé/ch(oir).et,垃圾；废弃物,target_content_with_gloss,0.949249,1
10272,précisément,précisément,ADV,B1,15.8133,13.747,5.82517,pʁesizemɑ̃,précis,0-1-1,/précis(e/é).ment,便是；刚好,target_content_with_gloss,0.9492,1
7513,logiciel,logiciel,NOM,B1,15.7371,7.756,1.89528,loʒisjɛl,logos,0-1-1,/log(ique).iciel,电脑软件；计算机软件,target_content_with_gloss,0.948992,1
13413,vaste,vaste,ADJ,B1,15.7356,8.104,2.86436,vast,vaste,0-1-1,/vast(e).e,宏大；宽广,target_content_with_gloss,0.948988,1
1947,capitaine,capitaine,NOM,B1,15.7355,183.551,16.95805,kapitɛn,capital,0-1-1,/capit(al).aine,上尉；上校,target_content_with_gloss,0.948987,1
13355,vache,vache,NOM,B1,15.7207,8.734,8.50429,vaʃ,vache,0-1-1,/vach(e).e,母牛,target_content_with_gloss,0.948947,1
5595,fumée,fumée,NOM,B1,15.709,20.139,7.20453,fyme,fumée,0-1-1,/fum(ée).ée,烟气；蒸气,target_content_with_gloss,0.948915,1
11026,repos,repos,NOM,B1,15.709,30.263,10.96601,ʁəpo,poser,1-1-0,_re/pos(er),停顿,target_content_with_gloss,0.948915,1
4926,excès,excès,NOM,B1,15.6775,5.741,2.37906,ɛksɛ,excès,0-1-0,/excès,过分,target_content_with_gloss,0.948828,1
2818,concierge,concierge,NOM,B1,15.6615,9.149,2.73423,kɔ̃sjɛʁʒ,concierge,0-1-0,/concierg(e),快嘴；礼宾员,target_content_with_gloss,0.948784,1
12696,tas,tas,NOM,B1,15.5473,61.484,21.37936,ta,tas,0-1-0,/tas,垛；堆,target_content_with_gloss,0.94847,1
9773,pointe,pointe,NOM,B1,15.5117,13.646,7.95009,pwɛ̃t,point,0-1-1,/point.e,尖头；尖端,target_content_with_gloss,0.948371,1
7455,lion,lion,NOM,B1,15.4952,16.37,3.37263,ljɔ̃,lion,0-1-0,/lion,狮子；狮子座,target_content_with_gloss,0.948325,1
8758,nucléaire,nucléaire,NOM,B1,15.4874,1.263,3.46295,nykleɛʁ,nucléaire,0-1-1,/nuclé(aire).aire,核子,target_content_with_gloss,0.948304,1
6963,interpréter,interpréter,VER,B1,15.4549,10.797,1.5692,ɛ̃tɛʁpʁete,interprète,0-1-1,/interprèt(e).er,演出；解释,target_content_with_gloss,0.948213,1
9376,paysan,paysan,ADJ,B1,15.4461,2.266,1.65952,peizɑ̃,pays,0-1-1,/pays.an,农民；泥腿,target_content_with_gloss,0.948189,1
838,artiste,artiste,ADJ,B1,15.4015,4.908,7.55052,aʁtist,art,0-1-1,/art.iste,美术家；艺人,target_content_with_gloss,0.948064,1
2805,concentrer,concentrer,VER,B1,15.3373,59.006,8.89927,kɔ̃sɑ̃tʁe,centre,1-1-1,_con/centr(e).er,倾注；浓缩,target_content_with_gloss,0.947885,1
2935,conquérir,conquérir,VER,B1,15.3317,10.481,2.08665,kɔ̃keʁiʁ,conquérir,0-1-1,/conquér(ir).ir,夺得；征服,target_content_with_gloss,0.947869,1
8113,mine,mine,NOM,B1,15.3261,36.592,8.46142,min,miner,0-1-1,/min(er).e,容颜；气色,target_content_with_gloss,0.947854,1
9302,passager,passager,NOM,B1,15.3133,17.275,3.40631,pasaʒe,pas,0-1-1,/pas[s].ag(er),乘客；旅客,target_content_with_gloss,0.947818,1
9340,patience,patience,NOM,B1,15.2747,19.456,7.57502,pasjɑ̃s,patient,0-1-1,/pati(ence).ence,坚韧；忍耐,target_content_with_gloss,0.947709,1
9977,poème,poème,NOM,B1,15.2658,16.361,2.77404,poɛm,{poè},0-1-1,/{poè}.me,篇什；诗篇,target_content_with_gloss,0.947684,1
13434,venger,venger,VER,B1,15.2579,32.225,8.00827,vɑ̃ʒe,venger,0-1-1,/veng(er).er,报,target_content_with_gloss,0.947662,1
1406,bijou,bijou,NOM,B1,15.1921,18.915,5.43784,biʒu,bijou,0-1-0,/§bijou§,饰品；首饰,target_content_with_gloss,0.947476,1
7182,joindre,joindre,VER,B1,15.1823,49.984,13.84721,ʒwɛ̃dʁ,joindre,0-1-1,/join(dre).re,交接；加上,target_content_with_gloss,0.947448,1
10532,qualifier,qualifier,VER,B1,15.1822,10.006,2.6883,kalifje,qualité,0-1-2,/quali(té).fi.er,形容,target_content_with_gloss,0.947448,1
11128,revendiquer,revendiquer,VER,B1,15.1714,4.142,0.45009,ʁəvɑ̃dike,revendiquer,0-1-1,/revendiqu(er).er,要求,target_content_with_gloss,0.947418,1
514,amélioration,amélioration,NOM,B1,15.1488,4.623,1.41764,ameljoʁasjɔ̃,meilleur,1-1-1,_a(d)/{melior}.ation,起色,target_content_with_gloss,0.947354,1
14141,éternel,éternel,ADJ,B1,15.1418,18.247,3.42621,etɛʁnɛl,éternel,0-1-0,/éternel,一如既往；千古,target_content_with_gloss,0.947334,1
4307,dépense,dépense,NOM,B1,15.1081,8.297,2.93172,depɑ̃s,pendre,1-1-1,_dé/pen(dre)/s.e,开支；支出,target_content_with_gloss,0.947238,1
10987,renouveler,renouveler,VER,B1,15.1075,4.592,0.87875,ʁənuvəle,nouveau,1-1-1,_re/nouve(au)/l.er,刷新；推陈出新,target_content_with_gloss,0.947236,1
5632,fédération,fédération,NOM,B1,15.1038,7.744,1.16503,fedeʁasjɔ̃,fédéral,0-1-1,/fédér(al).ation,总会；联合会,target_content_with_gloss,0.947226,1
7512,loger,loger,VER,B1,15.0209,11.212,2.61176,loʒe,loger,0-1-1,/log(er).er,住宿；寄宿,target_content_with_gloss,0.94699,1
833,artificiel,artificiel,ADJ,B1,15.0045,7.329,1.15891,aʁtifisjɛl,art,0-1-1,/artific(e).iel,不自然；人为,target_content_with_gloss,0.946943,1
7240,jupe,jupe,NOM,B1,14.9988,9.576,2.74342,ʒyp,jupe,0-1-0,/jupe,外壳；裙子,target_content_with_gloss,0.946926,1
8365,muet,muet,ADJ,B1,14.9627,7.677,2.01623,mɥɛ,muet,0-1-0,/muet,哑巴；无声,target_content_with_gloss,0.946823,1
4978,explorer,explorer,VER,B1,14.8997,12.506,3.18892,ɛksploʁe,explorer,0-1-1,/explor(er).er,勘探；寻摸,target_content_with_gloss,0.946642,1
4491,effectivement,effectivement,ADV,B1,14.8758,13.946,5.73178,efɛktivəmɑ̃,{fect},0-1-2,/{fect}.ive.ment,实则；实在,target_content_with_gloss,0.946573,1
167,adaptation,adaptation,NOM,B1,14.8364,17.845,8.09706,adaptasjɔ̃,apte,1-1-1,_ad/apt(e).ation,规模化；适应,target_content_with_gloss,0.946459,1
9761,poids,poids,NOM,B1,14.8223,37.677,12.91794,pwa,poids,0-1-0,/poids,份量；体重,target_content_with_gloss,0.946419,1
995,attribuer,attribuer,VER,B1,14.8127,7.38,1.08389,atʁibɥe,tribut,1-1-1,_a(d)/tribu(t).er,交办；归因,target_content_with_gloss,0.946391,1
13166,trouble,trouble,NOM,B1,14.8121,13.614,4.37385,tʁubl,troubler,0-1-1,/troubl(er).e,不和；事端,target_content_with_gloss,0.946389,1
8759,nucléaire,nucléaire,ADJ,B1,14.8035,19.861,3.46295,nykleɛʁ,nucléaire,0-1-1,/nuclé(aire).aire,核子,target_content_with_gloss,0.946364,1
1652,branche,branche,NOM,B1,14.7714,13.361,5.17606,bʁɑ̃ʃ,branche,0-1-1,/branch(e).e,分支；枝头,target_content_with_gloss,0.946271,1
13302,unir,unir,VER,B1,14.7697,17.038,3.48132,yniʁ,in,0-1-1,/un.ir,团结；拧成一股绳,target_content_with_gloss,0.946266,1
4181,dégager,dégager,VER,B1,14.7525,96.475,15.49143,degaʒe,gage,1-1-1,_dé/gag(e).er,引出；得出,target_content_with_gloss,0.946216,1
9467,personnel,personnel,NOM,B1,14.7166,26.456,20.21127,pɛʁsonɛl,personne,0-1-1,/personn(e).el,亲身；人事,target_content_with_gloss,0.946112,1
12161,sourd,sourd,ADJ,B1,14.6509,16.953,4.17636,suʁ,sourd,0-1-0,/sourd,聋；聩,target_content_with_gloss,0.94592,1
3257,courant,courant,ADJ,B1,14.6363,10.747,38.93754,kuʁɑ̃,courir,0-1-1,/cour(ir).ant,常务；常见,target_content_with_gloss,0.945877,1
6064,habituer,habituer,VER,B1,14.6129,30.778,4.10747,abitɥe,habitude,0-1-1,/habit(ude).er,习,target_content_with_gloss,0.945809,1
5095,familier,familier,ADJ,B1,14.5854,14.693,4.7428,familje,famille,0-1-1,/famil(le).ier,亲信；亲切,target_content_with_gloss,0.945728,1
5222,fichier,fichier,NOM,B1,14.5762,23.541,3.8962,fiʃje,ficher,0-1-1,/fich(er).ier,案,target_content_with_gloss,0.945701,1
7782,manche,manche,NOM,B1,14.5662,14.877,4.08604,mɑ̃ʃ,manche,0-1-0,/manche,把手；把柄,target_content_with_gloss,0.945671,1
1978,caractéristique,caractéristique,NOM,B1,14.5257,3.237,1.20484,kaʁakteʁistik,caractère,0-1-2,/caractèr(e).is.tique,典型；各别,target_content_with_gloss,0.945552,1
14015,énerver,énerver,VER,B1,14.5061,57.848,7.13411,enɛʁve,nerf,1-1-1,_é/ner(f)/v.er,气人,target_content_with_gloss,0.945494,1
11516,répétition,répétition,NOM,B1,14.4992,13.956,3.28843,ʁepetisjɔ̃,{pet},1-1-1,_ré/{pet}.ition,复习；练习,target_content_with_gloss,0.945474,1
13801,écart,écart,NOM,B1,14.3867,16.547,6.63656,ekaʁ,quart,1-1-0,_é/c/(qu)art,差别；差距,target_content_with_gloss,0.945141,1
2033,carton,carton,NOM,B1,14.3441,15.092,3.34966,kaʁtɔ̃,carte,0-1-1,/cart(e).on,夹子；板纸,target_content_with_gloss,0.945014,1
11956,silhouette,silhouette,NOM,B1,14.3379,3.193,1.17422,silwɛt,Silhouette,0-1-1,/Silhouett(e).e,人影；体形,target_content_with_gloss,0.944995,1
13824,éclair,éclair,NOM,B1,14.3285,8.984,3.34813,eklɛʁ,éclair,0-1-0,/éclair,电光；迅雷,target_content_with_gloss,0.944967,1
12126,souffle,souffle,NOM,B1,14.3272,20.832,10.01072,sufl,souffler,0-1-1,/souffl(er).e,一吹；一阵,target_content_with_gloss,0.944963,1
7223,jugement,jugement,NOM,B1,14.3183,22.453,7.79394,ʒyʒəmɑ̃,juge,0-1-1,/jug(e).ement,判断；判断力,target_content_with_gloss,0.944937,1
2793,compétition,compétition,NOM,B1,14.3003,18.801,5.17912,kɔ̃petisjɔ̃,{pét},1-1-1,_com/{pét}.ition,对抗赛；比赛,target_content_with_gloss,0.944883,1
1079,automobile,automobile,ADJ,B1,14.2988,2.557,1.28291,otomobil,mobile,1-1-0,_aut(o)/mobile,机动车；汽车,target_content_with_gloss,0.944878,1
4559,emparer,emparer,VER,B1,14.2524,10.677,1.73454,ɑ̃paʁe,parer,1-1-1,_em/par(er).er,占据；占领,target_content_with_gloss,0.944739,1
2585,col,col,NOM,B1,14.2285,9.225,2.97152,kɔl,col,0-1-0,/col,衣领；领子,target_content_with_gloss,0.944667,1
12087,songer,songer,VER,B1,14.2249,13.022,1.54317,sɔ̃ʒe,songe,0-1-1,/song(e).er,想,target_content_with_gloss,0.944657,1
1024,auditeur,auditeur,NOM,B1,14.2228,2.715,0.61849,oditœʁ,audio,0-1-1,/audit.eur,听众；听友,target_content_with_gloss,0.94465,1
10330,présent,présent,NOM,B1,14.2185,58.31,25.47152,pʁezɑ̃,présenter,0-1-0,/présent(er),在这儿；礼品,target_content_with_gloss,0.944637,1
3381,croix,croix,NOM,B1,14.2052,15.646,4.91427,kʁwa,croix,0-1-0,/croix,十字,target_content_with_gloss,0.944597,1
8821,obligation,obligation,NOM,B1,14.1859,11.291,2.47551,obligasjɔ̃,lige,1-1-2,_ob/lig(e).at.ion,义务；债券,target_content_with_gloss,0.944539,1
798,arranger,arranger,VER,B1,14.1667,105.345,18.91304,aʁɑ̃ʒe,rang,1-1-1,_a(d)/r/rang.er,处置；备下,target_content_with_gloss,0.944481,1
4568,empire,empire,NOM,B1,14.1084,20.218,6.80037,ɑ̃piʁ,empire,0-1-0,/empire,威望；帝国,target_content_with_gloss,0.944305,1
5921,grimper,grimper,VER,B1,14.0995,19.854,3.09553,gʁɛ̃pe,grimper,0-1-1,/grimp(er).er,往上爬；攀升,target_content_with_gloss,0.944278,1
4792,envoler,envoler,VER,B1,14.0615,19.652,2.25811,ɑ̃vole,vol,1-1-1,_en/vol.er,腾飞；逝去,target_content_with_gloss,0.944163,1
13733,véritablement,véritablement,ADV,B1,14.0271,2.098,0.93386,veʁitabləmɑ̃,vrai,0-1-2,/vérit(é).able.ment,真真,target_content_with_gloss,0.944058,1
11455,régulier,régulier,ADJ,B1,14.0054,8.437,1.8417,ʁegylje,règle,0-1-1,/rég[u]l(e).ier,固定；均匀,target_content_with_gloss,0.943992,1
6601,inconnu,inconnu,NOM,B1,13.9929,22.915,8.14146,ɛ̃kony,connaître,1-1-1,_in/connaî(tre)/s.u,不得而知；不明,target_content_with_gloss,0.943954,1
9967,pousse,pousse,NOM,B1,13.9256,6.364,13.21188,pus,pousser,0-1-1,/pouss(er).e,苗；荑,target_content_with_gloss,0.943748,1
2656,commande,commande,NOM,B1,13.8963,31.332,11.24005,komɑ̃d,mander,1-1-1,_com/mand(er).e,下单；订单,target_content_with_gloss,0.943658,1
13481,vert,vert,NOM,B1,13.8482,9.313,10.08267,vɛʁ,vert,0-1-0,/vert,绿色,target_content_with_gloss,0.94351,1
5272,financer,financer,VER,B1,13.8361,11.829,2.50153,finɑ̃se,finance,0-1-1,/financ(e).er,出资；出钱,target_content_with_gloss,0.943472,1
5290,fixe,fixe,ADJ,B1,13.8227,6.946,4.44734,fiks,fixe,0-1-1,/fix(e).e,一定；固定,target_content_with_gloss,0.943431,1
3177,correct,correct,ADJ,B1,13.8012,29.019,7.26271,koʁɛkt,correct,0-1-0,/correct,不错；对头,target_content_with_gloss,0.943364,1
4286,dénoncer,dénoncer,VER,B1,13.7796,22.703,3.85487,denɔ̃se,nonce,1-1-1,_dé/nonc(e).er,举报；声讨,target_content_with_gloss,0.943298,1
3067,contrainte,contrainte,NOM,B1,13.7524,0.715,1.23393,kɔ̃tʁɛ̃t,contraindre,0-1-1,/{contrain(dre)}.te,拘束；约束,target_content_with_gloss,0.943213,1
11001,renverser,renverser,VER,B1,13.721,24.658,4.41825,ʁɑ̃vɛʁse,envers,1-1-1,_r/envers.er,打倒；打翻,target_content_with_gloss,0.943116,1
14231,être,être,NOM,B1,13.6995,97.054,97.64085,ɛtʁ,être,0-1-0,/être,存在；生物,target_content_with_gloss,0.943049,1
11233,romancier,romancier,NOM,B1,13.6668,1.424,0.35671,ʁomɑ̃sje,Rome,0-1-1,/roman[c].ier,小说家,target_content_with_gloss,0.942947,1
4831,espérance,espérance,NOM,B1,13.6572,3.506,0.98132,ɛspeʁɑ̃s,espérer,0-1-1,/espér(er).ance,希望；指望,target_content_with_gloss,0.942917,1
1362,berger,berger,NOM,B1,13.6485,5.997,1.72076,bɛʁʒe,berger,0-1-0,/berger,牧羊,target_content_with_gloss,0.94289,1
3010,conséquent,conséquent,ADJ,B1,13.646,6.703,2.60104,kɔ̃sekɑ̃,séquence,1-1-1,_con/séquen(ce)/m.t,一贯,target_content_with_gloss,0.942882,1
6062,habituel,habituel,ADJ,B1,13.6004,17.234,3.10625,abitɥɛl,habitude,0-1-1,/habit(ude).el,惯用,target_content_with_gloss,0.942739,1
3974,duc,duc,NOM,B1,13.5618,10.908,1.42376,dyk,duc,0-1-0,/duc,公爵；列侯,target_content_with_gloss,0.942618,1
3635,description,description,NOM,B1,13.5124,11.75,4.35242,deskʁipsjɔ̃,script,1-1-1,_dé/script.tion,写照；说明书,target_content_with_gloss,0.942462,1
3764,discipline,discipline,NOM,B1,13.4822,8.598,3.13993,disiplin,disciple,0-1-1,/discipl(e).e,介绍；学科,target_content_with_gloss,0.942367,1
5766,gestion,gestion,NOM,B1,13.4479,6.487,2.53674,ʒɛstjɔ̃,gérer,0-1-0,/gestion,管理层,target_content_with_gloss,0.942258,1
6216,honte,honte,NOM,B1,13.4457,71.123,22.08512,ɔ̃t,honte,0-1-0,/hont(e),惭愧；拘束,target_content_with_gloss,0.942251,1
785,armoire,armoire,NOM,B1,13.4307,7.908,2.67606,aʁmwaʁ,arme,0-1-1,/arm(e).oire,机壳；柜子,target_content_with_gloss,0.942204,1
11648,saint,saint,ADJ,B1,13.4277,13.386,7.25199,sɛ̃,saint,0-1-0,/saint,圣人；圣者,target_content_with_gloss,0.942194,1
7569,loyer,loyer,NOM,B1,13.4237,19.063,5.73791,lwaje,louer,0-1-0,/loyer,房租；租金,target_content_with_gloss,0.942182,1
2333,choquer,choquer,VER,B1,13.4118,13.405,2.51072,ʃoke,choc,0-1-0,/choc/qu(er),冲击；得罪,target_content_with_gloss,0.942144,1
1078,automobile,automobile,NOM,B1,13.3569,2.392,1.28291,otomobil,mobile,1-1-0,_aut(o)/mobile,机动车；汽车,target_content_with_gloss,0.941969,1
3645,dessous,dessous,ADV,B1,13.3223,11.468,11.02878,dəsu,sous,1-1-0,_dés/sous,下边；下面,target_content_with_gloss,0.941859,1
8253,monstre,monstre,NOM,B1,13.296,67.456,14.08298,mɔ̃stʁ,monstre,0-1-1,/monstr(e).e,妖孽；妖怪,target_content_with_gloss,0.941775,1
6694,indépendance,indépendance,NOM,B1,13.1678,6.373,2.08206,ɛ̃depɑ̃dɑ̃s,pendre,2-1-1,_in_dé/pend(re).ance,独立；独立性,target_content_with_gloss,0.941362,1
11897,serviteur,serviteur,NOM,B1,13.1411,12.415,2.75107,sɛʁvitœʁ,servir,0-1-1,/serv(ir).iteur,仆人；佣人,target_content_with_gloss,0.941276,1
4429,détacher,détacher,VER,B1,13.1013,17.038,1.90753,detaʃe,tache,1-1-1,_dé/tach(e).er,剥离；卸下,target_content_with_gloss,0.941147,1
10079,procurer,procurer,VER,B1,13.0826,11.547,2.33925,pʁokyʁe,cure,1-1-1,_pro/cur(e).er,给出,target_content_with_gloss,0.941086,1
3707,diffusion,diffusion,NOM,B1,13.0505,6.054,2.36528,difyzjɔ̃,fusion,1-1-1,_di(s)/f/fus(ion).ion,广播；扩散,target_content_with_gloss,0.940982,1
7846,marchandise,marchandise,NOM,B1,13.0176,13.348,3.26546,maʁʃɑ̃diz,marchand,0-1-1,/marchand.ise,产品；商品,target_content_with_gloss,0.940874,1
11528,résider,résider,VER,B1,12.9852,4.617,1.27679,ʁezide,{sid},1-1-1,_ré/{sid}.er,住家；居住,target_content_with_gloss,0.940768,1
3952,drame,drame,NOM,B1,12.9834,11.595,3.84721,dʁam,drame,0-1-1,/dram(e).e,惨剧；戏剧,target_content_with_gloss,0.940762,1
9662,plaine,plaine,NOM,B1,12.8699,3.18,0.67514,plɛn,plaine,0-1-0,/plaine,一马平川；平原,target_content_with_gloss,0.940389,1
348,aimable,aimable,ADJ,B1,12.8458,13.905,4.7872,ɛmabl,aimer,0-1-1,/aim(er).able,乖巧；亲切,target_content_with_gloss,0.94031,1
8494,mélange,mélange,NOM,B1,12.8314,10.823,5.68432,melɑ̃ʒ,mêler,0-1-1,/mêl(er).ange,搀兑；混合物,target_content_with_gloss,0.940262,1
7306,laid,laid,ADJ,B1,12.793,10.168,2.19994,lɛ,laid,0-1-0,/laid,丑恶；丑陋,target_content_with_gloss,0.940135,1
6226,horloge,horloge,NOM,B1,12.7332,12.259,3.38487,ɔʁlɔʒ,heure,0-1-1,/horlog(e).e,时钟；计时器,target_content_with_gloss,0.939936,1
2842,concurrence,concurrence,NOM,B1,12.7291,5.516,2.23515,kɔ̃kyʁɑ̃s,courir,1-1-1,_con/{curr(ent)}.ence,竞争,target_content_with_gloss,0.939922,1
6430,immigrer,immigrer,VER,B1,12.6674,0.614,0.59094,imigʁe,migrer,1-1-1,_i(n)/m/migr(er).er,移民,target_content_with_gloss,0.939716,1
10158,promotion,promotion,NOM,B1,12.6591,17.291,5.5741,pʁomosjɔ̃,{mot},1-1-0,_pro/motion,升职；升迁,target_content_with_gloss,0.939688,1
11895,serviette,serviette,NOM,B1,12.647,23.405,4.93417,sɛʁvjɛt,servir,0-1-1,/serv(ir).iette,巾,target_content_with_gloss,0.939648,1
10816,recours,recours,NOM,B1,12.6308,6.642,2.79241,ʁəkuʁ,course,1-1-0,_re/cours(e),求助,target_content_with_gloss,0.939593,1
3151,coq,coq,NOM,B1,12.5426,26.573,1.56767,kɔk,coq,0-1-0,/coq,公鸡；红原鸡,target_content_with_gloss,0.939296,1
7729,mal,mal,ADJ,B1,12.528,10.804,86.80649,mal,mal,0-1-0,/mal,弊病；恶事,target_content_with_gloss,0.939247,1
5487,franchir,franchir,VER,B1,12.5186,18.949,3.10931,fʁɑ̃ʃiʁ,franc,0-1-1,/franc[he].ir,穿越；穿过,target_content_with_gloss,0.939215,1
8663,noble,noble,ADJ,B1,12.5082,16.731,5.04593,nɔbl,noble,0-1-1,/nobl(e).e,列侯；崇高,target_content_with_gloss,0.93918,1
6561,incapable,incapable,ADJ,B1,12.4881,20.025,7.53062,ɛ̃kapabl,{cap},1-1-1,_in/{cap}.able,不中用；不行,target_content_with_gloss,0.939111,1
9356,patte,patte,NOM,B1,12.4681,24.788,7.25811,pat,patte,0-1-0,/patte,爪儿；爪子,target_content_with_gloss,0.939044,1
11358,réaliste,réaliste,ADJ,B1,12.4649,8.38,2.86742,ʁealist,réel,0-1-1,/ré(e/a)l.iste,实际；真切,target_content_with_gloss,0.939033,1
9305,passe,passe,NOM,B1,12.4182,48.396,83.20882,pas,pas,0-1-1,/pas[s].e,传球；赌注,target_content_with_gloss,0.938874,1
2106,ceinture,ceinture,NOM,B1,12.3845,25.763,7.36528,sɛ̃tyʁ,ceindre,0-1-1,/cein(dre).ture,腰带；腰部,target_content_with_gloss,0.938758,1
12653,tailleur,tailleur,NOM,B1,12.3427,5.579,1.69014,tajœʁ,taille,0-1-1,/taill(e).eur,裁缝；裁缝师,target_content_with_gloss,0.938615,1
13407,varié,varié,ADJ,B1,12.295,1.171,0.22505,vaʁje,varier,0-1-1,/vari(er).é,不同；种种,target_content_with_gloss,0.938451,1
11227,roman,roman,ADJ,B1,12.2431,2.095,4.43968,ʁomɑ̃,Rome,0-1-1,/Rom(e).an,小说；长篇小说,target_content_with_gloss,0.938272,1
3924,doubler,doubler,VER,B1,12.2217,17.478,17.0101,duble,double,0-1-1,/doubl(e).er,倍增；加倍,target_content_with_gloss,0.938198,1
8140,miracle,miracle,NOM,B1,12.2138,38.684,9.45652,miʁakl,miracle,0-1-0,/miracle,奇迹；神功,target_content_with_gloss,0.938171,1
3954,drapeau,drapeau,NOM,B1,12.1981,17.759,3.86558,dʁapo,drap,0-1-1,/drap.eau,旗子；旗帜,target_content_with_gloss,0.938116,1
12276,statue,statue,NOM,B1,12.1302,15.085,3.17514,staty,statue,0-1-1,/statu(e).e,塑像；雕像,target_content_with_gloss,0.93788,1
5215,fiancé,fiancé,NOM,B1,12.1152,36.044,6.99939,fjɑ̃se,(se) fier,0-1-2,/fi(er).anc(é).é,对象；未婚夫,target_content_with_gloss,0.937828,1
11940,signaler,signaler,VER,B1,12.115,29.807,4.35242,siɲale,signe,0-1-1,/signal.er,指示；提示,target_content_with_gloss,0.937827,1
8964,opérer,opérer,VER,B1,12.0808,28.13,4.32486,opeʁe,opérer,0-1-1,/opér(er).er,操作；运作,target_content_with_gloss,0.937708,1
10477,pénible,pénible,ADJ,B1,12.0417,10.43,3.80588,penibl,peine,0-1-1,/pe(i)n(e).ible,凄然；吃力,target_content_with_gloss,0.937571,1
9211,pardonner,pardonner,VER,B1,12.0367,113.959,10.79914,paʁdone,pardonner,0-1-1,/pardon(ner).er,包涵；原谅,target_content_with_gloss,0.937553,1
11071,ressentir,ressentir,VER,B1,12.0131,105.006,13.99878,ʁəsɑ̃tiʁ,sentir,1-1-1,_re[s]/sent(ir).ir,感受；触感,target_content_with_gloss,0.93747,1
665,apparemment,apparemment,ADV,B1,11.955,64.377,23.29149,apaʁamɑ̃,paraître,0-1-1,/apparen(t).ment,看样子；看起来,target_content_with_gloss,0.937265,1
5162,façade,façade,NOM,B1,11.9487,3.658,1.45132,fasad,face,0-1-1,/fac(e).ade,假象；外墙,target_content_with_gloss,0.937243,1
5036,extérieur,extérieur,ADJ,B1,11.905,13.035,14.2177,ɛksteʁjœʁ,{térieur},1-1-0,_ex/{térieur},向外；国外,target_content_with_gloss,0.937088,1
11587,révolutionnaire,révolutionnaire,ADJ,B1,11.8489,4.43,1.59522,ʁevolysjonɛʁ,volte,1-1-2,_ré/vol(te).aire,革命；革命性,target_content_with_gloss,0.936889,1
1410,bilan,bilan,NOM,B1,11.8349,6.446,2.32241,bilɑ̃,bilan,0-1-0,/bilan,总结,target_content_with_gloss,0.936839,1
5697,garantie,garantie,NOM,B1,11.7772,8.763,4.03858,gaʁɑ̃ti,garantir,0-1-1,/garant(ir).ie,保修；包换,target_content_with_gloss,0.936633,1
5148,fauteuil,fauteuil,NOM,B1,11.7592,17.807,4.93111,fotœj,fauteuil,0-1-0,/fauteuil,椅,target_content_with_gloss,0.936568,1
8490,méfier,méfier,VER,B1,11.7575,16.491,2.51378,mefje,fier,1-1-1,_mé/fi(er).er,不信任,target_content_with_gloss,0.936562,1
3310,cracher,cracher,VER,B1,11.7304,23.228,3.46601,kʁaʃe,cracher,0-1-1,/crach(er).er,吐出,target_content_with_gloss,0.936465,1
5395,forcer,forcer,VER,B1,11.726,71.741,29.99847,fɔʁse,forcer,0-1-1,/forc(er).er,勉强；勒令,target_content_with_gloss,0.936449,1
7995,mensonge,mensonge,NOM,B1,11.708,61.934,12.10961,mɑ̃sɔ̃ʒ,mentir,0-1-1,/mensong(e).e,假话；虚谎,target_content_with_gloss,0.936384,1
10909,relier,relier,VER,B1,11.7012,21.12,2.42192,ʁəlje,lier,1-1-0,_re/li(er),交接；搭连,target_content_with_gloss,0.93636,1
2516,cloche,cloche,NOM,B1,11.6593,16.225,9.05542,klɔʃ,cloche,0-1-1,/cloch(e).e,磬；钟,target_content_with_gloss,0.936208,1
10641,rage,rage,NOM,B1,11.6546,16.266,5.86497,ʁaʒ,rage,0-1-1,/rag(e).e,怒气；暴怒,target_content_with_gloss,0.936191,1
6827,inquiétant,inquiétant,ADJ,B1,11.6154,5.763,1.75597,ɛ̃kjetɑ̃,quiet,1-1-1,_in/quiet.ant,不祥；可虑,target_content_with_gloss,0.936049,1
12133,souhait,souhait,NOM,B1,11.5858,12.329,2.63625,swɛ,souhait,0-1-0,/souhait,心愿；意思,target_content_with_gloss,0.935942,1
3953,drap,drap,NOM,B1,11.5834,13.582,4.14727,dʁa,drap,0-1-0,/drap,帷幔,target_content_with_gloss,0.935933,1
4117,décourager,décourager,VER,B1,11.5698,4.019,0.73331,dekuʁaʒe,courage,1-1-1,_dé/courag(e).er,失望,target_content_with_gloss,0.935883,1
1702,britannique,britannique,ADJ,B1,11.565,11.823,2.69749,bʁitanik,Britain,0-1-1,/Brita(i)n[n}.ique,英国人,target_content_with_gloss,0.935866,1
14209,éveiller,éveiller,VER,B1,11.5615,13.991,2.97152,eveje,veiller,1-1-1,_é/veil(ler).er,启发；唤起,target_content_with_gloss,0.935853,1
10371,prêtre,prêtre,NOM,B1,11.5443,31.456,5.2327,pʁɛtʁ,prêtre,0-1-1,/prêtr(e).e,司祭；神父,target_content_with_gloss,0.93579,1
12615,sérieusement,sérieusement,ADV,B1,11.5228,64.864,22.36834,seʁjøzəmɑ̃,série,0-1-2,/séri(e).euse.ment,惨,target_content_with_gloss,0.935712,1
8744,nouveauté,nouveauté,NOM,B1,11.5069,3.272,1.01806,nuvote,neuf,0-1-1,/nouveau.té,新书；新事物,target_content_with_gloss,0.935654,1
5798,global,global,ADJ,B1,11.5062,6.259,0.95683,global,globe,0-1-1,/glob(e).al,全方位；全球,target_content_with_gloss,0.935651,1
2484,clef,clef,NOM,B1,11.4962,17.883,2.96234,kle,cle(f),0-1-0,/cle(f),关键；密钥,target_content_with_gloss,0.935615,1
2126,centimètre,centimètre,NOM,B1,11.3969,7.734,2.11574,sɑ̃timɛtʁ,cent,0-2-0,/cent[i]/mètre,公分；厘米,target_content_with_gloss,0.935249,1
9279,particularité,particularité,NOM,B1,11.3875,1.472,0.41794,paʁtikylaʁite,part,0-1-2,/part.icul.arité,特异性；特性,target_content_with_gloss,0.935215,1
11313,ruine,ruine,NOM,B1,11.3346,10.475,3.19045,ʁɥin,ruine,0-1-1,/ruin(e).e,废墟,target_content_with_gloss,0.935019,1
784,armer,armer,VER,B1,11.3165,24.994,29.05083,aʁme,arme,0-1-0,/arme,武装,target_content_with_gloss,0.934951,1
6894,insulte,insulte,NOM,B1,11.3101,8.902,3.53337,ɛ̃sylt,insulte,0-1-1,/insult(e).e,诟,target_content_with_gloss,0.934928,1
8295,mordre,mordre,VER,B1,11.3089,38.44,4.30496,mɔʁdʁ,mordre,0-1-1,/mordre,咬牙；夹住,target_content_with_gloss,0.934923,1
6847,insolite,insolite,ADJ,B1,11.2562,1.225,0.41335,ɛ̃solit,insolite,0-1-1,/insolit(e).e,奇异；诡异,target_content_with_gloss,0.934727,1
1653,brancher,brancher,VER,B1,11.2444,17.728,5.17606,bʁɑ̃ʃe,branche,0-1-1,/branch(e).er,插上；插入,target_content_with_gloss,0.934683,1
8392,murmurer,murmurer,VER,B1,11.2193,6.047,1.44825,myʁmyʁe,murmurer,0-1-1,/murmur(er).er,低语，喃喃,target_content_with_gloss,0.934589,1
8523,mériter,mériter,VER,B1,11.2168,116.329,20.76699,meʁite,mérite,0-1-1,/mérit(e).er,不愧；值得,target_content_with_gloss,0.934579,1
1084,autorisation,autorisation,NOM,B1,11.1991,20.152,6.70239,otoʁizasjɔ̃,autoriser,0-1-1,/autoris(er).ation,准许；委托书,target_content_with_gloss,0.934513,1
1037,auparavant,auparavant,ADV,B1,11.1847,20.111,8.09247,opaʁavɑ̃,par,1-2-0,_au/par/avant,之前；从先,target_content_with_gloss,0.934459,1
13442,ventre,ventre,NOM,B1,11.173,31.883,11.16963,vɑ̃tʁ,ventre,0-1-1,/ventr(e).e,肚子；肚皮,target_content_with_gloss,0.934415,1
4204,délai,délai,NOM,B1,11.0847,10.415,3.1537,delɛ,laisser,1-1-0,_dé/lai(sser),时间；时限,target_content_with_gloss,0.934082,1
3363,critique,critique,ADJ,B1,11.0625,11.269,6.66565,kʁitik,critique,0-1-1,/critiqu(e).e,临界；危急,target_content_with_gloss,0.933997,1
6498,impressionnant,impressionnant,ADJ,B1,11.0422,25.054,8.75842,ɛ̃pʁesjonɑ̃,pression,1-1-1,_i(n)/m/pression[n].ant,客观；惊心动魄,target_content_with_gloss,0.93392,1
9304,passant,passant,NOM,B1,11.0376,2.104,6.42376,pasɑ̃,pas,0-1-1,/pas[s].ant,路人,target_content_with_gloss,0.933903,1
961,attaque,attaque,NOM,B1,11.013,75.139,21.57073,atak,attaque,0-1-1,/attaqu(er).e,发病；袭击,target_content_with_gloss,0.933809,1
2256,chauffer,chauffer,VER,B1,10.9717,15.307,2.89039,ʃofe,chaleur,0-1-1,/chaud/f[f].er,加热,target_content_with_gloss,0.933652,1
9890,portée,portée,NOM,B1,10.9492,15.709,8.42927,pɔʁte,porter,0-1-2,/port(er).ée,意义；跨度,target_content_with_gloss,0.933565,1
13680,vote,vote,NOM,B1,10.9199,30.19,5.63993,vɔt,voter,0-1-1,/vot(er).e,投票,target_content_with_gloss,0.933453,1
2220,charbon,charbon,NOM,B1,10.906,7.741,2.05756,ʃaʁbɔ̃,charbon,0-1-0,/charbon,煤炭,target_content_with_gloss,0.9334,1
9663,plainte,plainte,NOM,B1,10.8889,16.858,7.95775,plɛ̃t,plaindre,0-1-1,/plain(dre)/t.e,不平；呻吟,target_content_with_gloss,0.933334,1
11032,reprise,reprise,NOM,B1,10.8589,7.975,2.74342,ʁəpʁiz,prendre,1-1-1,_re/pr(endre).ise,翻唱,target_content_with_gloss,0.933218,1
11103,retomber,retomber,VER,B1,10.8491,9.437,1.33956,ʁətɔ̃be,tomber,1-1-1,_re/tomb(er).er,回落,target_content_with_gloss,0.93318,1
11058,respectueux,respectueux,ADJ,B1,10.8239,3.434,1.1834,ʁɛspɛktɥø,aspect,1-1-1,_re/(a)spect.ueux,恭敬,target_content_with_gloss,0.933083,1
1788,bâton,bâton,NOM,B1,10.7964,18.171,4.21923,batɔ̃,bâton,0-1-0,/bâton,棍子；棒子,target_content_with_gloss,0.932976,1
7423,licence,licence,NOM,B1,10.7254,9.332,2.98224,lisɑ̃s,licite,0-1-1,/lic(ite).ence,发证；执照,target_content_with_gloss,0.9327,1
8391,murmure,murmure,NOM,B1,10.7028,3.93,1.44825,myʁmyʁ,murmurer,0-1-1,/murmur(er).e,呢喃；喳喳,target_content_with_gloss,0.932612,1
9689,plaque,plaque,NOM,B1,10.6966,27.601,6.44979,plak,plaque,0-1-1,/plaqu(e).e,板块；板材,target_content_with_gloss,0.932587,1
13170,troupe,troupe,NOM,B1,10.6468,26.595,5.01072,tʁup,troupe,0-1-1,/troup(e).e,军,target_content_with_gloss,0.932392,1
6118,hausse,hausse,NOM,B1,10.6327,3.497,1.53705,os,haut,0-1-1,/hauss(e).e,上扬；增殖,target_content_with_gloss,0.932337,1
4499,efficacité,efficacité,NOM,B1,10.5518,3.877,1.59063,efikasite,effet,0-1-1,/efficac(e).ité,力道；功力,target_content_with_gloss,0.932017,1
8708,normalement,normalement,ADV,B1,10.5267,22.0,9.14268,nɔʁmaləmɑ̃,norme,0-1-2,/norm(e).ale.ment,平时；按说,target_content_with_gloss,0.931917,1
2946,conseiller,conseiller,NOM,B1,10.521,25.924,7.19994,kɔ̃seje,conseil,0-1-1,/conseil[l].er,劝告；劝说,target_content_with_gloss,0.931895,1
6555,inaugurer,inaugurer,VER,B1,10.5165,1.731,0.30465,inogyʁe,augure,1-1-1,_in/augur(e).er,开幕；揭幕,target_content_with_gloss,0.931877,1
9365,pauvreté,pauvreté,NOM,B1,10.4758,5.206,1.96571,povʁəte,pauvre,0-1-1,/pauvre.eté,穷苦；贫乏,target_content_with_gloss,0.931715,1
5620,fâcher,fâcher,VER,B1,10.4721,30.405,5.58481,faʃe,fâcher,0-1-1,/fâch(er).er,发怒,target_content_with_gloss,0.9317,1
13408,variété,variété,NOM,B1,10.4711,3.282,0.97061,vaʁjete,varier,0-1-1,/vari(er).été,变种；品种,target_content_with_gloss,0.931696,1
7844,marchand,marchand,ADJ,B1,10.4542,3.161,2.66075,maʁʃɑ̃,marchand,0-1-0,/marchand,商人；商家,target_content_with_gloss,0.931629,1
7875,marié,marié,NOM,B1,10.4531,30.07,16.45591,maʁje,marier,0-1-1,/mari(er).é,已婚；结为,target_content_with_gloss,0.931624,1
11392,récompenser,récompenser,VER,B1,10.447,9.946,7.05603,ʁekɔ̃pɑ̃se,compenser,1-1-1,_re/compens(er).er,回报；奖励,target_content_with_gloss,0.9316,1
1062,autobus,autobus,NOM,B1,10.3751,3.902,1.07777,otobys,bus,1-1-0,_aut(o)/bus,公共汽车；大巴,target_content_with_gloss,0.931311,1
11899,seuil,seuil,NOM,B1,10.3517,4.139,1.66258,sœj,seuil,0-1-0,/seuil,门槛；门道,target_content_with_gloss,0.931217,1
2621,colocation,colocation,NOM,B1,10.3164,0.472,0.1883,kolokasjɔ̃,louer,1-1-1,_co/locat(aire).ion,室友,target_content_with_gloss,0.931074,1
9902,possession,possession,NOM,B1,10.2898,14.57,5.19749,posesjɔ̃,posséder,0-1-1,/possé(der)/s.sion,属地,target_content_with_gloss,0.930967,1
11146,rez-de-chaussée,rez-de-chaussée,NOM,B1,10.2873,2.5,1.07012,ʁedəʃose,rez,0-2-0,/rez/chaussée,一楼；底层,target_content_with_gloss,0.930957,1
12431,supplier,supplier,VER,B1,10.277,45.491,9.45499,syplije,plier,1-1-1,_su(b)/p/pli(er).er,乞求；哀求,target_content_with_gloss,0.930915,1
7997,mensuel,mensuel,ADJ,B1,10.274,2.098,0.43938,mɑ̃sɥɛl,mensuel/mois,0-1-1,/mensu(el).el,单月；月度,target_content_with_gloss,0.930903,1
2990,constitution,constitution,NOM,B1,10.2125,6.133,1.95652,kɔ̃stitysjɔ̃,{stitu},1-1-1,_con/{stitu}.tion,体格；体质,target_content_with_gloss,0.930652,1
10728,rater,rater,VER,B1,10.1925,78.968,16.60594,ʁate,rat,0-1-1,/rat.er,失败；泡汤,target_content_with_gloss,0.93057,1
12938,touche,touche,NOM,B1,10.1742,14.782,26.10992,tuʃ,toucher,0-1-1,/touch(er).e,指板；按键,target_content_with_gloss,0.930496,1
12766,tenue,tenue,NOM,B1,10.1303,23.288,9.60196,təny,tenir,0-1-1,/ten(ir).ue,举止；仪表,target_content_with_gloss,0.930315,1
4782,envier,envier,VER,B1,10.0946,12.978,44.41212,ɑ̃vje,envie,0-1-1,/envi(e).er,吃味；嫉妒,target_content_with_gloss,0.930168,1
9803,politesse,politesse,NOM,B1,10.0896,4.459,1.63043,politɛs,polir,0-1-1,/pol(ir)[t].esse,礼节；礼貌,target_content_with_gloss,0.930148,1
822,arrêté,arrêté,NOM,B1,10.0794,2.054,30.6537,aʁete,arrêt,0-1-1,/arrêt.é,附则,target_content_with_gloss,0.930106,1
6995,intriguer,intriguer,VER,B1,10.06,6.082,1.87844,ɛ̃tʁige,intriguer,0-1-1,/intrigu(er).er,图谋,target_content_with_gloss,0.930025,1
12685,tarder,tarder,VER,B1,10.0336,19.006,5.05052,taʁde,tard,0-1-1,/tard.er,耽误,target_content_with_gloss,0.929916,1
13813,échec,échec,NOM,B1,10.0062,29.722,7.38824,eʃɛk,échec,0-1-0,/échec,不及格；挫折,target_content_with_gloss,0.929802,1
12503,survivre,survivre,VER,B1,10.0045,77.896,11.34568,syʁvivʁ,vivre,1-1-1,_sur/viv(re).re,保命；存活,target_content_with_gloss,0.929795,1
5358,folie,folie,NOM,B1,9.9232,40.649,13.58389,foli,fou,0-1-1,/fo(u)/l.ie,痫；瘈,target_content_with_gloss,0.929456,1
14201,évanouir,évanouir,VER,B1,9.8627,19.07,2.37753,evanuiʁ,évanouir,0-1-3,/évanou(ir).iss.ement.ir,幽幽；昏倒,target_content_with_gloss,0.929201,1
1519,bond,bond,NOM,B1,9.8237,4.481,1.79118,bɔ̃,bond,0-1-0,/bond,邦德；飞跃,target_content_with_gloss,0.929037,1
2440,cirque,cirque,NOM,B1,9.7883,18.475,5.31231,siʁk,cirque,0-1-0,/cirque,冰斗；竞技场,target_content_with_gloss,0.928887,1
3793,dispute,dispute,NOM,B1,9.7501,20.715,7.61482,dispyt,{put},1-1-1,_dis/{put}.e,争议；口角,target_content_with_gloss,0.928724,1
9443,permis,permis,NOM,B1,9.7411,22.946,16.29363,pɛʁmi,mettre,1-1-1,_per/m(ettre).is,执照；牌照,target_content_with_gloss,0.928686,1
12701,taureau,taureau,NOM,B1,9.7239,32.503,1.91366,toʁo,taureau,0-1-1,/taur(eau).eau,公牛；金牛座,target_content_with_gloss,0.928613,1
9073,ouvrier,ouvrier,ADJ,B1,9.7093,3.703,2.78475,uvʁije,oeuvre,0-1-1,/o(eu/u)vr(e).ier,劳工；员工,target_content_with_gloss,0.92855,1
14022,énormément,énormément,ADV,B1,9.6932,13.908,5.91549,enɔʁmemɑ̃,norme,1-1-1,_é/normé.ment,大大,target_content_with_gloss,0.928481,1
9786,poison,poison,NOM,B1,9.6906,20.709,5.48836,pwazɔ̃,poison,0-1-0,/poison,剧毒；毒物,target_content_with_gloss,0.92847,1
12663,tambour,tambour,NOM,B1,9.6254,6.095,1.26148,tɑ̃buʁ,tambour,0-1-0,/tambour,壴；鼓,target_content_with_gloss,0.92819,1
12678,taper,taper,VER,B1,9.6094,56.801,8.23025,tape,taper,0-1-1,/tap(er).er,录入；敲打,target_content_with_gloss,0.928121,1
12996,tragique,tragique,ADJ,B1,9.6073,11.329,4.71372,tʁaʒik,tragédie,0-1-1,/trag(édie).ique,凄惨；可悲,target_content_with_gloss,0.928112,1
8830,obscurité,obscurité,NOM,B1,9.6011,12.19,4.1289,ɔpskyʁite,obscur,0-1-2,/obscur.ité,不明；夜幕,target_content_with_gloss,0.928085,1
8522,mérite,mérite,NOM,B1,9.596,9.69,20.76699,meʁit,mérite,0-1-1,/mérit(e).e,功力；功劳,target_content_with_gloss,0.928063,1
1286,barque,barque,NOM,B1,9.5555,4.415,1.24617,baʁk,barque,0-1-0,/barque,划子,target_content_with_gloss,0.927888,1
1678,brevet,brevet,NOM,B1,9.5451,3.943,0.81904,bʁøvɛ,bref,0-1-1,/bre(f)/v.et,专利；专利权,target_content_with_gloss,0.927843,1
2492,clientèle,clientèle,NOM,B1,9.5444,4.301,1.78353,klijɑ̃tɛl,client,0-1-1,/client.èle,买主；拥护者,target_content_with_gloss,0.92784,1
9032,os,os,NOM,B1,9.5377,40.858,12.1387,ɔs,os,0-1-0,/os,骨头；骨骸,target_content_with_gloss,0.927811,1
11391,récompense,récompense,NOM,B1,9.53,23.88,7.05603,ʁekɔ̃pɑ̃s,compenser,1-1-1,_re/compens(er).e,回报；回馈,target_content_with_gloss,0.927777,1
5998,gâcher,gâcher,VER,B1,9.5107,54.873,8.77373,gaʃe,gâcher,0-1-1,/gâch(er).er,搞乱；搞砸,target_content_with_gloss,0.927693,1
10301,préférence,préférence,NOM,B1,9.4957,5.019,1.8662,pʁefeʁɑ̃s,{fer],1-1-1,_pré/{fer].ence,偏好；爱好,target_content_with_gloss,0.927628,1
13362,vague,vague,ADJ,B1,9.4931,8.604,5.50061,vag,vague,0-1-0,/§vague§,不明确；含糊,target_content_with_gloss,0.927616,1
9767,poil,poil,NOM,B1,9.4844,29.278,6.33344,pwal,poil,0-1-0,/poil,毛；毫,target_content_with_gloss,0.927579,1
7412,librement,librement,ADV,B1,9.4534,5.576,2.42345,libʁəmɑ̃,libre,0-1-1,/libre.ment,大肆；纵横,target_content_with_gloss,0.927443,1
4579,empoisonner,empoisonner,VER,B1,9.452,21.772,2.91794,ɑ̃pwazone,poison,1-1-1,_em/poison[n].er,下毒；下药,target_content_with_gloss,0.927437,1
9573,pic,pic,NOM,B1,9.4514,6.864,2.14023,pik,pic,0-1-0,/pic,山峰；巅峰,target_content_with_gloss,0.927434,1
5366,fonctionnaire,fonctionnaire,NOM,B1,9.4436,6.358,1.46663,fɔ̃ksjonɛʁ,fonction,0-1-1,/fonction[n].aire,官吏；官员,target_content_with_gloss,0.9274,1
8334,mouiller,mouiller,VER,B1,9.4252,13.845,3.14911,muje,mou,0-1-2,/mou.ill.er,停靠,target_content_with_gloss,0.927319,1
1830,cachette,cachette,NOM,B1,9.4069,10.544,3.91917,kaʃɛt,cacher,0-1-1,/cach(er).ette,隐藏,target_content_with_gloss,0.927239,1
8664,noble,noble,NOM,B1,9.361,4.544,5.04593,nɔbl,noble,0-1-1,/nobl(e).e,列侯；崇高,target_content_with_gloss,0.927036,1
13019,tranche,tranche,NOM,B1,9.3253,5.358,2.18004,tʁɑ̃ʃ,trancher,0-1-1,/tranch(er).e,片,target_content_with_gloss,0.926878,1
8306,mort,mort,ADJ,B1,9.3153,86.972,74.64176,mɔʁ,mourir,0-1-1,/mo(u)r(ir).t,死了；死亡,target_content_with_gloss,0.926834,1
2218,char,char,NOM,B1,9.3093,9.316,1.90906,ʃaʁ,char,0-1-0,/char,舆；车,target_content_with_gloss,0.926807,1
4130,décès,décès,NOM,B1,9.2683,17.579,6.24923,desɛ,décès,0-1-0,/décès,死亡人数,target_content_with_gloss,0.926625,1
9019,originalité,originalité,NOM,B1,9.2479,1.028,0.44091,oʁiʒinalite,origine,0-1-2,/origin(e).al.ité,创意；原创,target_content_with_gloss,0.926534,1
9946,poumon,poumon,NOM,B1,9.2012,19.136,4.5943,pumɔ̃,poumon,0-1-0,/poumon,肺部,target_content_with_gloss,0.926325,1
6567,incendie,incendie,NOM,B1,9.1834,25.285,6.38089,ɛ̃sɑ̃di,incendie,0-1-1,/incendi(er).e,火灾,target_content_with_gloss,0.926245,1
2888,confondre,confondre,VER,B1,9.1642,11.848,1.54164,kɔ̃fɔ̃dʁ,fondre,1-1-1,_con/fond(re).re,弄混；弄错,target_content_with_gloss,0.926159,1
1135,avertir,avertir,VER,B1,9.1419,26.987,4.92192,avɛʁtiʁ,vers,1-1-1,_a(d)/ver(s)/t.ir,告诫；嘱咐,target_content_with_gloss,0.926058,1
1893,camp,camp,NOM,B1,9.1114,92.668,20.75475,kɑ̃,camp,0-1-0,/camp,壁垒；阵营,target_content_with_gloss,0.92592,1
2836,concret,concret,ADJ,B1,9.1052,4.038,1.3564,kɔ̃kʁɛ,concret,0-1-0,/concret,具体；实际,target_content_with_gloss,0.925892,1
299,agrandir,agrandir,VER,B1,9.1046,6.661,1.34415,agʁɑ̃diʁ,grand,1-1-1,_a(d)/grand.ir,凸显；增大,target_content_with_gloss,0.925889,1
3626,derrière,derrière,ADV,B1,9.0958,69.756,49.60961,dɛʁjɛʁ,derrière,0-1-0,/derrière,后头；后面,target_content_with_gloss,0.925849,1
12158,sourcil,sourcil,NOM,B1,9.0882,6.415,1.96571,suʁsi,cil,1-1-0,_sour/cil,眉头；眉毛,target_content_with_gloss,0.925815,1
7050,invisible,invisible,ADJ,B1,9.0717,15.146,4.51776,ɛ̃vizibl,voir,1-1-1,_in/visi(ble).ible,无形；看不见,target_content_with_gloss,0.92574,1
9310,passeport,passeport,NOM,B1,9.0473,19.342,3.84415,paspɔʁ,pas,0-2-0,/passe/port,护照,target_content_with_gloss,0.925629,1
2095,cavalier,cavalier,NOM,B1,9.0309,10.788,2.45713,kavalje,cheval,0-1-1,/caval(e).ier,跳线；骑兵,target_content_with_gloss,0.925554,1
5774,gigantesque,gigantesque,ADJ,B1,9.009,4.807,1.73454,ʒigɑ̃tɛsk,géant,0-1-1,/gigant(esque).esque,巨大；庞大,target_content_with_gloss,0.925454,1
1991,carburant,carburant,NOM,B1,8.9957,6.509,2.08512,kaʁbyʁɑ̃,carbone,0-1-2,/carb(one).ur(e).ant,油料；燃料,target_content_with_gloss,0.925393,1
4850,essuyer,essuyer,VER,B1,8.9734,9.744,1.38089,esɥije,essuyer,0-1-1,/essuy(er).er,划拉；拭抹,target_content_with_gloss,0.925291,1
3729,dimension,dimension,NOM,B1,8.9397,11.003,1.92131,dimɑ̃sjɔ̃,dimension,0-1-0,/dimension,大小；尺寸,target_content_with_gloss,0.925136,1
4570,emplacement,emplacement,NOM,B1,8.921,9.006,3.1384,ɑ̃plasəmɑ̃,place,1-1-1,_em/plac(e).ment,厂址；外景,target_content_with_gloss,0.92505,1
2415,cinquantaine,cinquantaine,NOM,B1,8.9032,1.775,0.8022,sɛ̃kɑ̃tɛn,cinq,0-1-1,/cinq.ant(aine),半百,target_content_with_gloss,0.924968,1
12310,strict,strict,ADJ,B1,8.896,8.158,1.46816,stʁikt,strict,0-1-0,/strict,严密；严格,target_content_with_gloss,0.924934,1
9633,pitié,pitié,NOM,B1,8.8926,60.472,18.27312,pitje,pitié,0-1-0,/pitié,哀；恻,target_content_with_gloss,0.924919,1
2547,cocher,cocher,NOM,B1,8.8834,1.424,0.73637,koʃe,cocher,0-1-1,/coch(er).er,打钩；车夫,target_content_with_gloss,0.924876,1
8582,natal,natal,ADJ,B1,8.8608,4.408,1.26301,natal,naître,0-1-1,/na(î)t(re).al,本地,target_content_with_gloss,0.924771,1
8770,numérique,numérique,ADJ,B1,8.8525,5.019,1.53705,nymeʁik,numérique,0-1-1,/numér(ique).ique,数字；数字化,target_content_with_gloss,0.924733,1
7753,malheureux,malheureux,NOM,B1,8.8311,4.449,6.93509,maløʁø,mal,0-2-0,/mal/heureux,不高兴；落落寡欢,target_content_with_gloss,0.924633,1
5436,fossé,fossé,NOM,B1,8.8268,4.68,1.61666,fose,fosse,0-1-1,/foss(e).é,罅隙,target_content_with_gloss,0.924613,1
12734,temple,temple,NOM,B1,8.7359,17.256,4.14115,tɑ̃pl,temple,0-1-0,/templ(e),寺庙；庙堂,target_content_with_gloss,0.924188,1
13102,tri,tri,NOM,B1,8.7228,2.709,0.891,tʁi,trier,0-1-0,/tri(er),三项,target_content_with_gloss,0.924126,1
9559,physique,physique,NOM,B1,8.679,11.009,10.11023,fizik,physique,0-1-0,/physique,体魄；外貌,target_content_with_gloss,0.923919,1
13872,écrit,écrit,NOM,B1,8.6184,8.82,32.14789,ekʁi,écrire,0-1-1,/écri(re).t,书面；写得,target_content_with_gloss,0.923632,1
5606,fusil,fusil,NOM,B1,8.6075,35.247,6.94581,fyzi,fusil,0-1-0,/fusil,钢枪,target_content_with_gloss,0.92358,1
11082,restauration,restauration,NOM,B1,8.582,3.149,1.16197,ʁɛstoʁasjɔ̃,restaur(er),0-1-1,/restaur(er).ation,中兴；再造,target_content_with_gloss,0.923458,1
4775,envelopper,envelopper,VER,B1,8.5479,5.092,4.03858,ɑ̃vəlope,{velopper},1-1-1,_en/{velopp(er)}.er,包住；包裹,target_content_with_gloss,0.923295,1
1736,brutal,brutal,ADJ,B1,8.5472,9.623,2.59186,bʁytal,brut,0-1-1,/brut.al,强暴；横暴,target_content_with_gloss,0.923292,1
4885,exact,exact,ADJ,B1,8.5057,93.491,25.77006,ɛgzakt,exact,0-1-0,/exact,准确；确切,target_content_with_gloss,0.923092,1
5515,frein,frein,NOM,B1,8.4878,8.899,1.53705,fʁɛ̃,frein,0-1-0,/frein,制动,target_content_with_gloss,0.923006,1
517,aménager,aménager,VER,B1,8.445,1.987,0.3169,amenaʒe,ménage,1-1-1,_a(d)/ménag(e).er,布置；整修,target_content_with_gloss,0.922799,1
5586,fuite,fuite,NOM,B1,8.4401,31.456,9.77802,fɥit,fuire,0-1-1,/fui(re).te,流失；漏洞,target_content_with_gloss,0.922775,1
3443,cueillir,cueillir,VER,B1,8.4073,7.335,1.43448,kœjiʁ,cueillir,0-1-1,/cueill(ir).ir,敛巴；采摘,target_content_with_gloss,0.922616,1
3771,discret,discret,ADJ,B1,8.3934,17.133,4.23454,diskʁɛ,discret,0-1-0,/discret,不起眼；不连续,target_content_with_gloss,0.922548,1
9715,plier,plier,VER,B1,8.3727,13.741,2.26271,plije,ployer,0-1-1,/pli.er,合拢；折叠,target_content_with_gloss,0.922447,1
13294,uniforme,uniforme,NOM,B1,8.3394,29.218,8.02817,ynifɔʁm,forme,1-1-0,_uni/forme,一律；一色,target_content_with_gloss,0.922284,1
6685,industriel,industriel,NOM,B1,8.299,1.478,1.41611,ɛ̃dystʁijɛl,industrie,0-1-1,/industri(e).el,厂商,target_content_with_gloss,0.922086,1
13446,verbal,verbal,ADJ,B1,8.2575,2.301,0.41182,vɛʁbal,verbe,0-1-1,/verb(e).al,语言,target_content_with_gloss,0.921881,1
2663,commencement,commencement,NOM,B1,8.2518,6.092,2.47091,komɑ̃səmɑ̃,commencer,0-1-1,/commenc(er).ement,发轫；开头,target_content_with_gloss,0.921853,1
1194,bagage,bagage,NOM,B1,8.1528,22.557,6.65187,bagaʒ,bague,0-1-1,/bag(ue).age,箱包；行囊,target_content_with_gloss,0.92136,1
6638,indifférent,indifférent,ADJ,B1,8.1451,2.899,0.89559,ɛ̃difeʁɑ̃,différent,1-1-1,_in/différ(ent).ent,冷淡；冷漠,target_content_with_gloss,0.921322,1
3325,craquer,craquer,VER,B1,8.1317,24.032,3.85181,kʁake,crac,0-1-1,/craqu(er).er,裂开；迸裂,target_content_with_gloss,0.921255,1
6414,imiter,imiter,VER,B1,8.0742,10.956,1.74219,imite,imiter,0-1-1,/imit(er).er,仿制；仿效,target_content_with_gloss,0.920965,1
6470,implanter,implanter,VER,B1,8.0644,4.177,0.68126,ɛ̃plɑ̃te,planter,1-1-1,_i(n)/m/plant(er).er,插入；树立,target_content_with_gloss,0.920916,1
8916,olympique,olympique,ADJ,B1,8.0505,5.604,0.9109,olɛ̃pik,Olympe,0-1-1,/olymp(e).ique,奥林匹克；奥运,target_content_with_gloss,0.920846,1
5560,frotter,frotter,VER,B1,8.0482,12.184,1.92437,fʁote,frotter,0-1-1,/frott(er).er,揉搓；摩挲,target_content_with_gloss,0.920834,1
844,arène,arène,NOM,B1,8.036,3.785,0.85273,aʁɛn,arène,0-1-0,/arène,场馆；竞技场,target_content_with_gloss,0.920772,1
8321,motiver,motiver,VER,B1,8.0206,9.241,1.47428,motive,{mot},0-2-1,/{mot}/iv.er,驱使,target_content_with_gloss,0.920694,1
5306,flamme,flamme,NOM,B1,8.0196,19.244,3.62829,flam,flamme,0-1-1,/flamm(e).e,火光；火焰,target_content_with_gloss,0.920689,1
4385,désert,désert,NOM,B1,8.0091,21.902,6.39467,dezɛʁ,désert,0-1-0,/désert,冷落；大漠,target_content_with_gloss,0.920636,1
14164,étouffer,étouffer,VER,B1,8.009,21.81,2.88732,etufe,étouffer,0-1-1,/étouff(er).er,压制；压抑,target_content_with_gloss,0.920635,1
10800,reconnaissance,reconnaissance,NOM,B1,8.0072,15.206,5.72872,ʁəkonɛsɑ̃s,naître,1-1-1,_re/conna(î/is)(tre)[s].ance,勘查；感恩,target_content_with_gloss,0.920626,1
2003,caresser,caresser,VER,B1,7.9956,8.75,1.38549,kaʁese,caresse,0-1-1,/caress(e).er,吹拂；抚摩,target_content_with_gloss,0.920567,1
13382,valise,valise,NOM,B1,7.9885,30.136,5.33833,valiz,valise,0-1-0,/valise,提箱；箱子,target_content_with_gloss,0.920531,1
44,absolu,absolu,ADJ,B1,7.9731,9.38,2.08359,apsoly,{soudre},1-1-0,_ab/{solu},专制；纯属,target_content_with_gloss,0.920452,1
8329,mouchoir,mouchoir,NOM,B1,7.9596,8.146,2.1387,muʃwaʁ,moucher,0-1-0,/mouch(er),手帕,target_content_with_gloss,0.920384,1
5905,grenier,grenier,NOM,B1,7.9147,7.835,2.43723,gʁənje,grain,0-1-1,/gr(ai/e)n.ier,阁楼；顶楼,target_content_with_gloss,0.920154,1
30,aboyer,aboyer,VER,B1,7.8857,6.589,0.99204,abwaje,aboi,0-1-1,/abo(i)/y.er,叫嚣；狂吠,target_content_with_gloss,0.920004,1
13992,émettre,émettre,VER,B1,7.8677,11.37,1.23393,emɛtʁ,mettre,1-1-1,_é/mett(re).re,出具；发出,target_content_with_gloss,0.919912,1
12952,tournant,tournant,NOM,B1,7.844,3.465,2.44795,tuʁnɑ̃,tourner,0-1-1,/tourn(er).ant,拐角；转折,target_content_with_gloss,0.919789,1
267,affreux,affreux,ADJ,B1,7.8404,26.829,8.32517,afʁø,affres,0-1-1,/affr(es).eux,糟糕,target_content_with_gloss,0.91977,1
12747,tendre,tendre,ADJ,B1,7.8339,10.839,5.45009,tɑ̃dʁ,tendre,0-1-1,/tend(re).re,交给；亲爱,target_content_with_gloss,0.919737,1
307,agriculteur,agriculteur,NOM,B1,7.8239,1.718,0.28322,agʁikyltœʁ,culture,1-1-1,_agri/{cult}.eur,农民,target_content_with_gloss,0.919685,1
12881,tolérance,tolérance,NOM,B1,7.8146,3.199,1.25383,toleʁɑ̃s,tolérer,0-1-1,/tolér(er).ance,余量；心眼,target_content_with_gloss,0.919637,1
8802,négociation,négociation,NOM,B1,7.8042,10.797,1.97795,negosjasjɔ̃,négoce,0-1-2,/négoc(e).ia.tion,商议；谈判,target_content_with_gloss,0.919583,1
9360,pause,pause,NOM,B1,7.7819,44.165,15.23729,poz,pause,0-1-1,/paus(e).e,了断；暂停,target_content_with_gloss,0.919466,1
5220,fiche,fiche,NOM,B1,7.7604,7.161,23.3466,fiʃ,ficher,0-1-1,/fich(er).e,卡片；外挂,target_content_with_gloss,0.919354,1
2548,cochon,cochon,NOM,B1,7.7529,21.953,5.38885,koʃɔ̃,cochon,0-1-1,/coch(on).on,猪,target_content_with_gloss,0.919315,1
11257,rose,rose,NOM,B1,7.7315,20.554,10.96601,ʁoz,rose,0-1-1,/ros(e).e,桃色；玫瑰,target_content_with_gloss,0.919203,1
6411,imbécile,imbécile,NOM,B1,7.72,36.184,13.07563,ɛ̃besil,imbécile,0-0-1,.e,低能；傻叉,target_content_with_gloss,0.919143,1
4539,embouteillage,embouteillage,NOM,B1,7.6915,3.168,0.8665,ɑ̃butɛjaʒ,bouteille,1-1-1,_em/bouteill(e).age,堵车；瓶颈,target_content_with_gloss,0.918993,1
10023,primaire,primaire,ADJ,B1,7.6425,6.032,2.8812,pʁimɛʁ,prime,0-1-1,/prim(e).aire,主要；初次,target_content_with_gloss,0.918734,1
5503,frappe,frappe,NOM,B1,7.6416,12.69,13.86405,fʁap,frapper,0-1-1,/frapp(er).e,劈；摷,target_content_with_gloss,0.918729,1
12957,tournoi,tournoi,NOM,B1,7.6325,10.377,1.94887,tuʁnwa,tourner,0-1-1,/tourn(er).oi,比武；比赛,target_content_with_gloss,0.918681,1
5710,garer,garer,VER,B1,7.6282,26.63,8.91151,gaʁe,garer,0-1-1,/gar(er).er,停放,target_content_with_gloss,0.918658,1
12140,soulager,soulager,VER,B1,7.625,21.351,2.69749,sulaʒe,soulager,0-1-1,/soulag(er).er,减轻；释怀,target_content_with_gloss,0.918641,1
7682,magie,magie,NOM,B1,7.6143,42.652,8.78598,maʒi,magie,0-1-1,/magi(que)/c.e,巫术；法术,target_content_with_gloss,0.918584,1
7135,jalousie,jalousie,NOM,B1,7.5651,9.44,3.61911,ʒaluzi,jalous(er),0-1-1,/jalous(er).ie,妒忌；嫉妒,target_content_with_gloss,0.918322,1
6792,initiation,initiation,NOM,B1,7.5608,2.127,0.74097,inisjasjɔ̃,initial,0-1-1,/initi(al).ation,入门,target_content_with_gloss,0.918299,1
5248,file,file,NOM,B1,7.5461,17.155,13.57471,fil,filer,0-1-1,/fil(er).e,纵队；行列,target_content_with_gloss,0.91822,1
14159,étonnement,étonnement,NOM,B1,7.5437,0.978,0.45162,etɔnəmɑ̃,ton,1-1-1,_é/tonn(er).ement,惊愕；诧异,target_content_with_gloss,0.918208,1
54,absurde,absurde,ADJ,B1,7.5193,16.282,6.55083,apsyʁd,absurde,0-1-0,/absurde,不知所谓；悠悠,target_content_with_gloss,0.918077,1
13402,variable,variable,ADJ,B1,7.5132,0.997,0.64452,vaʁjabl,varier,0-1-1,/vari(er).able,变元；变数,target_content_with_gloss,0.918044,1
5181,ferme,ferme,NOM,B1,7.5051,80.408,39.60502,fɛʁm,fermer,0-1-0,/ferm(er),农场；农庄,target_content_with_gloss,0.918,1
3615,dentelle,dentelle,NOM,B1,7.5048,2.424,0.79302,dɑ̃tɛl,dent,0-1-1,/dent.elle,花边；蕾丝,target_content_with_gloss,0.917999,1
5073,faiblesse,faiblesse,NOM,B1,7.5039,15.788,4.69382,fɛblɛs,faible,0-1-1,/faibl(e).esse,嗜好；弱点,target_content_with_gloss,0.917994,1
9121,palme,palme,NOM,B1,7.4291,1.079,0.22811,palm,palme,0-1-1,/palm(e).e,蛙鞋,target_content_with_gloss,0.917589,1
3687,diamètre,diamètre,NOM,B1,7.4251,1.854,0.74556,djamɛtʁ,mètre,1-1-0,_dia/mètre,直径,target_content_with_gloss,0.917568,1
4774,enveloppe,enveloppe,NOM,B1,7.393,12.915,4.03858,ɑ̃vəlɔp,{velopper},1-1-1,_en/{velopp(er)}.e,信封；外壳,target_content_with_gloss,0.917393,1
2463,clairement,clairement,ADV,B1,7.3509,32.127,12.65769,klɛʁəmɑ̃,clair,0-1-1,/claire.ment,可知；眼见得,target_content_with_gloss,0.917163,1
6575,incident,incident,NOM,B1,7.3463,24.487,8.01439,ɛ̃sidɑ̃,{cident},1-1-1,_in/{cid(ent}.ent,事变；事端,target_content_with_gloss,0.917137,1
11219,rocher,rocher,NOM,B1,7.2872,14.123,2.5,ʁoʃe,roc,0-1-1,/roch(e).er,石块,target_content_with_gloss,0.916812,1
4948,exiler,exiler,VER,B1,7.2554,2.123,0.48224,ɛgzile,exil,0-1-1,/exil.er,亡命；充军,target_content_with_gloss,0.916636,1
8753,nu,nu,NOM,B1,7.2484,4.747,6.69626,ny,nu,0-1-0,/nu,三点；三点全露,target_content_with_gloss,0.916597,1
2936,conquête,conquête,NOM,B1,7.2076,4.753,1.27985,kɔ̃kɛt,conquérir,0-1-1,/conquér(ir).ête,夺得；攻克,target_content_with_gloss,0.91637,1
5717,gars,gars,NOM,B1,7.1797,461.187,57.2673,ga,garçon,0-1-0,/gar(çon)/s,男娃,target_content_with_gloss,0.916214,1
4156,défenseur,défenseur,NOM,B1,7.1697,4.389,1.13595,defɑ̃sœʁ,défendre,0-1-1,/défen(dre)/s.eur,中坚；卫士,target_content_with_gloss,0.916158,1
1310,bassin,bassin,NOM,B1,7.1668,6.212,1.82333,basɛ̃,bassin,0-1-0,/bassin,洗盆；盆地,target_content_with_gloss,0.916142,1
11300,ruban,ruban,NOM,B1,7.165,8.054,2.1632,ʁybɑ̃,ruban,0-1-0,/ruban,丝带；带子,target_content_with_gloss,0.916132,1
9649,placard,placard,NOM,B1,7.132,23.709,7.2673,plakaʁ,plaque,0-1-1,/pla(que)/c.ard,招贴；橱子,target_content_with_gloss,0.915947,1
12964,tousser,tousser,VER,B1,7.1271,7.003,1.1635,tuse,toux,0-1-1,/tou(x/ss).er,咳呛；咳嗽,target_content_with_gloss,0.915919,1
8509,ménager,ménager,ADJ,B1,7.1258,2.37,0.88181,menaʒe,ménage,0-1-1,/ménag(e).er,惜；措,target_content_with_gloss,0.915912,1
9140,panier,panier,NOM,B1,7.1178,13.911,3.93141,panje,pain,0-1-1,/pa(i)n.ier,推车；篓子,target_content_with_gloss,0.915867,1
12527,symbolique,symbolique,ADJ,B1,7.1149,2.693,1.015,sɛ̃bolik,symbole,1-0-2,_sym.bol(e).ique,象征性,target_content_with_gloss,0.91585,1
13859,écouler,écouler,VER,B1,7.1085,9.411,1.89222,ekule,couler,1-1-1,_é/coul(er).er,历时；推移,target_content_with_gloss,0.915814,1
2537,clôture,clôture,NOM,B1,7.0865,7.228,2.1387,klotyʁ,clore,0-1-1,/clo(s)/^.ture,围栏；收市,target_content_with_gloss,0.91569,1
9285,partiel,partiel,ADJ,B1,7.0498,5.465,1.11758,paʁsjɛl,part,0-1-1,/part.iel,片面,target_content_with_gloss,0.915481,1
4420,désordre,désordre,NOM,B1,7.0372,10.712,4.29884,dezɔʁdʁ,ordre,1-1-0,_dés/ordre,一塌糊涂；一盘散沙,target_content_with_gloss,0.91541,1
11074,ressortir,ressortir,VER,B1,7.0349,18.443,3.59614,ʁəsɔʁtiʁ,sort,1-1-1,_re[s]/sort(ir).ir,烘托；突出,target_content_with_gloss,0.915397,1
9592,pilote,pilote,NOM,B1,6.9536,29.832,6.03031,pilɔt,pilote,0-1-1,/pilot(e).e,飞机师；驾驶员,target_content_with_gloss,0.914931,1
6904,intellectuel,intellectuel,NOM,B1,6.9154,2.288,1.01041,ɛ̃telɛktɥɛl,intellect,0-1-1,/intellect.el,知识分子；读书人,target_content_with_gloss,0.914711,1
3889,dominant,dominant,ADJ,B1,6.8959,2.535,0.60778,dominɑ̃,dominer,0-1-1,/domin(er).ant,主导；巍峨,target_content_with_gloss,0.914598,1
6046,gêné,gêné,ADJ,B1,6.853,4.383,2.96234,ʒɛne,gêner,0-1-1,/gên(er).é,尴尬；羞怯,target_content_with_gloss,0.914348,1
817,arroser,arroser,VER,B1,6.8405,8.104,1.22474,aʁoze,rosée,1-1-1,_a(d)/p/ros(ée).er,浇水；浇灌,target_content_with_gloss,0.914275,1
11815,secouer,secouer,VER,B1,6.8304,20.177,2.46173,səkwe,secouer,0-1-1,/secou(er).er,摇动；摇晃,target_content_with_gloss,0.914216,1
9371,payant,payant,ADJ,B1,6.8264,2.044,1.05328,pɛjɑ̃,payer,0-1-1,/pay(er).ant,收费；有偿,target_content_with_gloss,0.914193,1
1559,boucher,boucher,VER,B1,6.7895,9.68,23.56093,buʃe,bouchon,0-1-0,/bouch(on),堵住；堵塞,target_content_with_gloss,0.913977,1
545,ancêtre,ancêtre,NOM,B1,6.7848,12.5,3.24403,ɑ̃sɛtʁ,ancêtre,0-1-0,/ancêtre,先祖；前辈,target_content_with_gloss,0.913949,1
4435,détective,détective,NOM,B1,6.7736,40.361,7.05909,detɛktiv,§detect§,0-1-1,/§detect§.ive,侦察员；侦探,target_content_with_gloss,0.913883,1
7390,lenteur,lenteur,NOM,B1,6.7513,0.592,0.25566,lɑ̃tœʁ,lent,0-1-1,/lent.eur,迟钝,target_content_with_gloss,0.913752,1
12768,terme,terme,NOM,B2,89.4695,46.956,12.37906,tɛʁm,terme,0-1-1,/term(e).e,尽头；届满,target_content_with_gloss,0.9136,1
2989,constituer,constituer,VER,B2,67.8359,7.579,1.04562,kɔ̃stitɥe,{stitu},1-1-1,_con/{stitu}.er,构成；组建,target_content_with_gloss,0.9136,1
2284,chercheur,chercheur,NOM,B2,67.6333,4.608,1.00735,ʃɛʁʃœʁ,chercher,0-1-1,/cherch(er).eur,研究人员；研究员,target_content_with_gloss,0.9136,1
11518,réseau,réseau,NOM,B2,64.169,30.677,7.6041,ʁezo,rets,0-1-1,/re(t)s.eau,互联网络；人脉,target_content_with_gloss,0.9136,1
4015,débat,débat,NOM,B2,55.3748,12.563,3.17973,deba,battre,1-1-0,_dé/bat(tre),争论；辩论,target_content_with_gloss,0.9136,1
5866,grandeur,grandeur,NOM,B1,6.7125,6.399,2.20147,gʁɑ̃dœʁ,grand,0-1-1,/grand.eur,大小,target_content_with_gloss,0.913522,1
172,adepte,adepte,NOM,B1,6.7039,2.848,0.61543,adɛpt,adepte,0-1-0,/adepte,信徒；党羽,target_content_with_gloss,0.913471,1
1516,bon,bon,ADV,B1,6.6671,66.791,96.3319,bɔ̃,bon,0-1-0,/bon,不赖；优良,target_content_with_gloss,0.913252,1
1818,cabane,cabane,NOM,B1,6.65,15.513,3.8962,kaban,cabane,0-1-0,/caban(e),寮房,target_content_with_gloss,0.913149,1
977,attentivement,attentivement,ADV,B1,6.6246,8.854,3.8319,atɑ̃tivəmɑ̃,tendre,1-1-2,_a(d)/ten(dre)/t.ive.ment,一心一意；密切,target_content_with_gloss,0.912997,1
5627,fécondité,fécondité,NOM,B1,6.5811,0.307,0.1087,fekɔ̃dite,fécond,0-1-1,/fécond.ité,生殖力,target_content_with_gloss,0.912735,1
3327,cravate,cravate,NOM,B1,6.5684,15.646,4.67085,kʁavat,cravate,0-1-1,/cravat(e).e,领带,target_content_with_gloss,0.912658,1
2475,classement,classement,NOM,B1,6.5573,2.791,0.93693,klasəmɑ̃,classer,0-1-1,/class(e).ement,排名；排行,target_content_with_gloss,0.912591,1
9143,panne,panne,NOM,B1,6.5505,18.054,6.13748,pan,panne,0-1-1,/pann(e).e,分列；故障,target_content_with_gloss,0.91255,1
5106,fantaisie,fantaisie,NOM,B1,6.5437,4.082,1.35793,fɑ̃tezi,fantaisie,0-1-1,/fantais(ie).ie,任性；妄言,target_content_with_gloss,0.912509,1
8102,millénaire,millénaire,NOM,B1,6.5435,3.054,0.79914,milenɛʁ,mille,0-1-1,/mill(e)/é.naire,千年,target_content_with_gloss,0.912508,1
13615,vitre,vitre,NOM,B1,6.5383,13.136,3.35579,vitʁ,vitre,0-1-0,/vitr(e),玻璃窗,target_content_with_gloss,0.912476,1
6366,idiot,idiot,ADJ,B1,6.5051,62.291,28.97734,idjo,idiot,0-1-0,/idiot,傻子；傻瓜,target_content_with_gloss,0.912274,1
1576,boue,boue,NOM,B1,6.4686,13.076,4.43203,bu,boue,0-1-0,/boue,卑劣；污垢,target_content_with_gloss,0.912051,1
12393,suffisant,suffisant,ADJ,B1,6.4135,24.146,7.79853,syfizɑ̃,suffire,0-1-1,/§suff(ire)/s.ant,充足；可以,target_content_with_gloss,0.911712,1
13547,vigne,vigne,NOM,B1,6.404,2.408,0.45315,viɲ,vigne,0-1-0,/vign(e),酿酒葡萄,target_content_with_gloss,0.911653,1
1870,calendrier,calendrier,NOM,B1,6.3742,7.646,2.53368,kalɑ̃dʁije,calendes,0-1-1,/calend(es).rier,日历；行事历,target_content_with_gloss,0.911468,1
4390,désespoir,désespoir,NOM,B1,6.3667,8.092,3.22872,dezɛspwaʁ,espérer,1-1-1,_dés/esp(érer).oir,绝望；萧瑟,target_content_with_gloss,0.911422,1
12797,tester,tester,VER,B1,6.3369,33.453,5.75934,tɛste,tester,0-1-1,/test(er).er,试验,target_content_with_gloss,0.911236,1
11990,sire,sire,NOM,B1,6.3278,6.038,1.09767,siʁ,sire,0-1-0,/sire,陛下,target_content_with_gloss,0.911179,1
7598,lutter,lutter,VER,B2,47.3561,22.68,7.70667,lyte,lutte,0-1-1,/lutt(e).er,力图；奋战,target_content_with_gloss,0.911163,1
12437,support,support,NOM,B1,6.3231,4.934,1.74066,sypɔʁ,porter,1-1-0,_su(b)/p/port(er),后盾；撑杆,target_content_with_gloss,0.91115,1
139,acier,acier,NOM,B1,6.3143,12.842,4.25291,asje,acier,0-1-0,/acier,钢铁,target_content_with_gloss,0.911095,1
12659,talon,talon,NOM,B1,6.2828,12.082,3.33282,talɔ̃,talon,0-1-0,/talon,尺度；脚跟,target_content_with_gloss,0.910897,1
14230,évêque,évêque,NOM,B1,6.2764,4.972,0.8665,evɛk,évêque,0-1-0,/évêque,主教,target_content_with_gloss,0.910857,1
13703,vrai,vrai,NOM,B1,6.2352,36.658,87.89039,vʁɛ,vrai,0-1-0,/vrai,属实；真实,target_content_with_gloss,0.910597,1
6612,inconvénient,inconvénient,NOM,B1,6.2283,4.462,1.39008,ɛ̃kɔ̃venjɑ̃,convenir,1-1-1,_in/conven(ir).ient,坏处；弊病,target_content_with_gloss,0.910554,1
9099,paille,paille,NOM,B1,6.2282,7.288,2.49235,paj,paille,0-1-1,/paill(e).e,吸管；秸秆,target_content_with_gloss,0.910553,1
6367,idiot,idiot,NOM,B1,6.2178,86.427,28.97734,idjo,idiot,0-1-0,/idiot,傻子；傻瓜,target_content_with_gloss,0.910487,1
620,anticiper,anticiper,VER,B1,6.2143,4.883,0.92927,ɑ̃tisipe,{ciper},1-1-1,_anti/{cip(er)}.er,先发制人；抢先,target_content_with_gloss,0.910465,1
12143,souligner,souligner,VER,B2,46.5005,4.209,0.80067,suliɲe,ligne,1-1-1,_sou(s)/lign(e).er,侧重；划下,target_content_with_gloss,0.910346,1
2087,cauchemar,cauchemar,NOM,B1,6.1765,34.222,9.41212,koʃəmaʁ,cauchemar,0-1-0,/cauchemar,噩梦；恶梦,target_content_with_gloss,0.910224,1
4791,envoi,envoi,NOM,B1,6.1749,6.278,2.0346,ɑ̃vwa,voie,1-1-0,_en/vo(yer)/i,发送；装运,target_content_with_gloss,0.910214,1
5416,formuler,formuler,VER,B1,6.1318,2.456,2.67299,fɔʁmyle,former,0-1-1,/formul(e).er,制订；拟定,target_content_with_gloss,0.909938,1
6024,générosité,générosité,NOM,B1,6.1253,5.373,2.31476,ʒeneʁozite,gène,0-1-1,/genér(er).osité,豪气,target_content_with_gloss,0.909896,1
1294,barrière,barrière,NOM,B1,6.1173,11.272,2.93325,baʁjɛʁ,barre,0-1-1,/barr(e).ière,栅栏；障壁,target_content_with_gloss,0.909845,1
1229,ballet,ballet,NOM,B1,6.1077,6.696,1.31506,balɛ,bal,0-1-1,/ball(er).et,舞剧；芭蕾,target_content_with_gloss,0.909783,1
8327,mouche,mouche,NOM,B1,6.0635,16.089,3.31445,muʃ,mouche,0-1-1,/mouch(e).e,苍蝇,target_content_with_gloss,0.909498,1
5316,fleurir,fleurir,VER,B1,6.0602,3.661,0.39651,flœʁiʁ,fleur,0-1-1,/fleur.ir,开放；开花,target_content_with_gloss,0.909476,1
5693,gant,gant,NOM,B1,6.0428,25.082,5.64146,gɑ̃,gant,0-1-0,/gant,手套,target_content_with_gloss,0.909363,1
6804,injustice,injustice,NOM,B1,5.9951,5.25,1.74219,ɛ̃ʒystis,juste,1-2-0,_in/just(e)/ice,不义；不公平,target_content_with_gloss,0.909052,1
3789,disposer,disposer,VER,B2,45.1358,18.839,2.09737,dispoze,disposer,0-1-1,/dispos(er).er,搭配；调度,target_content_with_gloss,0.909011,1
12714,technicien,technicien,NOM,B1,5.9756,7.351,1.59982,tɛknisjɛ̃,technique,0-1-1,/techni(que)/c.ien,技师；技术员,target_content_with_gloss,0.908924,1
14078,époux,époux,NOM,B1,5.9621,46.747,13.25475,epu,époux,0-1-0,/époux,丈夫；夫人,target_content_with_gloss,0.908836,1
10362,prévision,prévision,NOM,B1,5.9573,3.174,0.88181,pʁevizjɔ̃,visible,1-1-1,_pré/visi(ble).on,预报；预见,target_content_with_gloss,0.908804,1
6924,interactif,interactif,ADJ,B1,5.9563,0.598,0.124,ɛ̃tɛʁaktif,acte,1-1-1,_inter/act(ion).if,互动；交互式,target_content_with_gloss,0.908798,1
7775,mamie,mamie,NOM,B1,5.9554,18.32,3.7523,mami,maman,0-1-1,/mam(an).ie,老太；老太婆,target_content_with_gloss,0.908792,1
2862,conduite,conduite,NOM,B1,5.9216,16.278,7.69902,kɔ̃dɥit,{duire},1-1-1,_con/{dui(re)}.te,为人；举止,target_content_with_gloss,0.908569,1
11033,reproche,reproche,NOM,B1,5.9137,3.718,2.34997,ʁəpʁɔʃ,proche,1-1-1,_re/proch(e).e,非议,target_content_with_gloss,0.908516,1
11616,sabot,sabot,NOM,B1,5.8979,3.835,0.90631,sabo,sabot,0-1-0,/sabot,蹄子；马脚蹄,target_content_with_gloss,0.908412,1
10826,recueil,recueil,NOM,B1,5.896,1.035,0.35824,ʁəkœj,cueillir,1-1-0,_re/cueil(lir),文集；汇编,target_content_with_gloss,0.908399,1
7566,loyal,loyal,ADJ,B1,5.8795,14.405,3.26852,lwajal,loi,0-1-1,/lo(i/y).al,忠实；有情有义,target_content_with_gloss,0.908289,1
13569,violet,violet,ADJ,B1,5.8794,7.927,1.97949,vjolɛ,violette,0-1-0,/violet(te),堇色；紫色,target_content_with_gloss,0.908289,1
6504,imprimer,imprimer,VER,B1,5.8726,11.184,1.51255,ɛ̃pʁime,primer,1-1-1,_i(n)/m/prim(er).er,印制；印刷,target_content_with_gloss,0.908243,1
10877,regret,regret,NOM,B1,5.8672,14.877,3.21647,ʁəgʁɛ,regretter,0-1-0,/regret(ter),懊悔；抱歉,target_content_with_gloss,0.908207,1
1139,aveugle,aveugle,NOM,B1,5.8671,9.13,9.53919,avœgl,aveugle,0-1-0,/aveugle,盲人；盲目,target_content_with_gloss,0.908207,1
3292,couturier,couturier,NOM,B1,5.86,2.228,0.43938,kutyʁje,coudre,0-1-1,/coutur(e).ier,裁缝,target_content_with_gloss,0.908159,1
12838,tigre,tigre,NOM,B1,5.8539,12.63,2.6286,tigʁ,tigre,0-1-1,/tigr(e).e,老虎,target_content_with_gloss,0.908119,1
13664,voleur,voleur,ADJ,B1,5.8371,5.373,8.31751,volœʁ,vol,0-1-1,/vol.eur,宵小；小偷,target_content_with_gloss,0.908006,1
12939,toucher,toucher,NOM,B1,5.8097,6.022,18.63135,tuʃe,toucher,0-1-1,/touch(er).er,击中；动手,target_content_with_gloss,0.907822,1
11402,rédaction,rédaction,NOM,B1,5.8018,3.152,0.97673,ʁedaksjɔ̃,rédiger,0-1-1,/réd(iger).action,作文；写道,target_content_with_gloss,0.907769,1
10124,programmer,programmer,VER,B1,5.7697,11.095,15.16228,pʁogʁame,programme,0-1-1,/programm(e).er,安排；编程,target_content_with_gloss,0.907553,1
13971,élégance,élégance,NOM,B1,5.7502,2.788,1.18953,elegɑ̃s,élégant,0-1-1,/élég(ance).ance,优美；优雅,target_content_with_gloss,0.907421,1
1195,bagarre,bagarre,NOM,B1,5.7463,21.104,6.40539,bagaʁ,bagarre,0-1-1,/bagarr(er).e,斗殴；肢体冲突,target_content_with_gloss,0.907394,1
11519,réservation,réservation,NOM,B1,5.7406,7.75,2.18922,ʁezɛʁvasjɔ̃,{serv},1-1-1,_ré/{serv}.ation,订位；订票,target_content_with_gloss,0.907356,1
5066,facture,facture,NOM,B1,5.7394,22.943,4.57134,faktyʁ,faire,0-1-2,/fact(eur).ur(e).e,出厂价；单据,target_content_with_gloss,0.907347,1
5524,frigo,frigo,NOM,B1,5.7324,16.766,6.08083,fʁigo,froid,0-1-0,/frigid(aire/o,冰箱,target_content_with_gloss,0.9073,1
13415,veau,veau,NOM,B1,5.7307,5.396,1.40386,vo,veau,0-1-0,/veau,小牛；犊子,target_content_with_gloss,0.907288,1
3657,dette,dette,NOM,B1,5.7068,28.652,4.9801,dɛt,dette,0-1-0,/dette,债务；欠款,target_content_with_gloss,0.907125,1
2018,carrefour,carrefour,NOM,B1,5.7,2.759,1.0992,kaʁəfuʁ,carrefour,0-1-0,/carrefour,十字路口；家乐福,target_content_with_gloss,0.907079,1
1687,brigadier,brigadier,NOM,B1,5.6922,2.275,0.45162,bʁigadje,brigade,0-1-1,/brigad(e).ier,警官,target_content_with_gloss,0.907026,1
13361,vague,vague,NOM,B1,5.683,18.079,5.50061,vag,vague,0-1-0,/§vague§,不明确；含糊,target_content_with_gloss,0.906963,1
14139,étendre,étendre,VER,B2,42.756,19.155,2.31323,etɑ̃dʁ,étendre,0-1-1,/étend(re).re,伸展；伸开,target_content_with_gloss,0.906587,1
4924,excuse,excuse,NOM,B1,5.6266,78.424,34.50704,ɛkskyz,cause,1-1-1,_ex/c(a)us(e).e,借口；抱歉,target_content_with_gloss,0.906575,1
10430,punition,punition,NOM,B1,5.6135,11.81,4.19626,pynisjɔ̃,punir,0-1-1,/pun(ir).ition,刑罚,target_content_with_gloss,0.906484,1
7316,lame,lame,NOM,B1,5.5883,15.563,4.11819,lam,lame,0-1-1,/lam(e).e,刀锋；切片,target_content_with_gloss,0.906309,1
11431,régaler,régaler,VER,B1,5.5629,5.544,1.05634,ʁegale,régal,0-1-1,/régal.er,宴；飨,target_content_with_gloss,0.906132,1
12189,soutenir,soutenir,VER,B2,42.1853,49.576,6.5447,sutəniʁ,tenir,1-1-1,_sou(s)/ten(ir).ir,主持；做主,target_content_with_gloss,0.905986,1
32,abri,abri,NOM,B1,5.5297,27.766,8.09553,abʁi,abri,0-1-0,/abri,地洞,target_content_with_gloss,0.9059,1
4027,déborder,déborder,VER,B1,5.4927,13.554,1.71617,debɔʁde,bord,1-1-1,_dé/bord.er,横流；横溢,target_content_with_gloss,0.90564,1
13792,éblouir,éblouir,VER,B1,5.4711,2.687,0.37814,ebluiʁ,éblouir,0-1-1,/éblou(ir).ir,刺眼；夺目,target_content_with_gloss,0.905488,1
6048,habile,habile,ADJ,B1,5.4321,4.516,1.6733,abil,habile,0-1-1,/habil(e).e,娴熟；巧手,target_content_with_gloss,0.905211,1
13924,élan,élan,NOM,B1,5.42,5.18,1.60135,elɑ̃,lancer,1-1-0,_é/lan(cer),冲动；势头,target_content_with_gloss,0.905125,1
5581,frôler,frôler,VER,B1,5.4161,3.066,0.60012,fʁole,frôler,0-1-1,/frôl(er).er,掠过；擦身而过,target_content_with_gloss,0.905097,1
4700,enregistrement,enregistrement,NOM,B1,5.3888,24.946,5.68739,ɑ̃ʁəʒistʁəmɑ̃,registre,1-1-1,_en/registr(e).ement,值机；记事,target_content_with_gloss,0.904902,1
1530,bonnet,bonnet,NOM,B1,5.3717,6.782,1.98408,bonɛ,bonnet,0-1-0,/bonnet,豆豆帽,target_content_with_gloss,0.904779,1
11242,rond,rond,NOM,B1,5.3477,15.149,6.13135,ʁɔ̃,rond,0-1-0,/rond,圆圈；圆形,target_content_with_gloss,0.904606,1
9616,pique-nique,pique-nique,NOM,B1,5.3338,7.066,2.16167,piknik,piquer,0-2-0,/pique/nique,踏青；郊游,target_content_with_gloss,0.904506,1
11470,réjouir,réjouir,VER,B1,5.3271,14.959,2.15095,ʁeʒwiʁ,jouir,1-1-1,_re/jou(ir).ir,娱,target_content_with_gloss,0.904457,1
5328,flore,flore,NOM,B1,5.3017,0.671,0.30312,flɔʁ,fleur,0-1-1,/fl(eu)/or.e,弗罗热；花卉,target_content_with_gloss,0.904273,1
1073,automatiquement,automatiquement,ADV,B1,5.2947,2.991,1.3564,otomatikəmɑ̃,automate,1-1-1,_aut(o)/{matique}.ment,自动；自然而然,target_content_with_gloss,0.904222,1
4947,exil,exil,NOM,B1,5.2755,4.073,1.14054,ɛgzil,exil,0-1-0,/exil,流亡,target_content_with_gloss,0.904082,1
4395,déshabiller,déshabiller,VER,B1,5.275,13.611,1.80037,dezabije,habiller,1-1-1,_dés/habill(er).er,宽衣解带,target_content_with_gloss,0.904079,1
2419,cinquième,cinquième,NOM,B1,5.2508,4.75,3.86252,sɛ̃kjɛm,cinq,0-1-1,/cinq.ième,第五,target_content_with_gloss,0.903902,1
8429,mythe,mythe,NOM,B1,5.25,7.184,2.05909,mit,mythe,0-1-1,/myth(e).e,神话,target_content_with_gloss,0.903896,1
1518,bonbon,bonbon,NOM,B1,5.2406,25.984,5.39804,bɔ̃bɔ̃,bon,0-2-0,/bon/bon,糖果,target_content_with_gloss,0.903827,1
201,adolescent,adolescent,ADJ,B1,5.1909,3.722,2.02388,adolesɑ̃,adolescent,0-1-1,/adolesc(ent).ent,少年；青少年,target_content_with_gloss,0.903461,1
1821,cabine,cabine,NOM,B1,5.1765,19.278,5.11788,kabin,cabine,0-1-0,/cabin(e),展台；舱房,target_content_with_gloss,0.903354,1
11726,saucisse,saucisse,NOM,B1,5.1706,12.851,2.12952,sosis,sauce,0-1-1,/sauc(e).isse,香肠,target_content_with_gloss,0.903311,1
11040,représentation,représentation,NOM,B2,39.7287,7.013,2.13411,ʁəpʁezɑ̃tasjɔ̃,présent,1-1-1,_re/présent.ation,画面；表达方式,target_content_with_gloss,0.903304,1
5142,faune,faune,NOM,B1,5.1555,1.348,0.5297,fon,faune,0-1-0,/faun(e),牧神；禽兽,target_content_with_gloss,0.903199,1
2063,cassé,cassé,ADJ,B1,5.1408,21.288,16.72688,kase,casser,0-1-1,/cass(er).é,残破,target_content_with_gloss,0.903089,1
1586,bougie,bougie,NOM,B1,5.1374,15.908,3.56705,buʒi,Bougie,0-1-0,/Bougie,蜡炬；蜡烛,target_content_with_gloss,0.903064,1
7429,lien,lien,NOM,B2,39.4764,58.006,14.07838,ljɛ̃,lier,0-1-1,/li(er).en,交通；因缘,target_content_with_gloss,0.90302,1
11935,siffler,siffler,VER,B1,5.1235,9.57,1.25689,sifle,siffler,0-1-1,/siffl(er).er,呼啸,target_content_with_gloss,0.90296,1
6172,hisser,hisser,VER,B1,5.1161,4.665,0.47459,ise,hisser,0-1-1,/hiss(er).er,挂起,target_content_with_gloss,0.902905,1
13130,tristement,tristement,ADV,B1,5.0918,1.68,0.77006,tʁistəmɑ̃,triste,0-1-1,/triste.ment,悄然；黯然,target_content_with_gloss,0.902722,1
5294,fièrement,fièrement,ADV,B1,5.09,1.506,0.65983,fjɛʁəmɑ̃,fier,0-1-1,/fiére.ment,傲然；骄傲,target_content_with_gloss,0.902709,1
14126,étagère,étagère,NOM,B1,5.089,1.158,1.72841,etaʒɛʁ,étage,0-1-1,/étag(er).ère,书架；搁板,target_content_with_gloss,0.902701,1
9215,pareil,pareil,NOM,B1,5.0447,9.775,28.55787,paʁɛj,pair,0-1-1,/pa(i)r.eil,一样；不相上下,target_content_with_gloss,0.902367,1
3819,distinction,distinction,NOM,B1,5.0395,2.791,1.13135,distɛ̃ksjɔ̃,distinct,0-1-1,/distinct.ion,信誉；奖项,target_content_with_gloss,0.902328,1
10137,projection,projection,NOM,B1,5.0362,5.408,1.43141,pʁoʒɛksjɔ̃,{ject},1-1-1,_pro/{ject}.ion,愿景,target_content_with_gloss,0.902303,1
5235,fierté,fierté,NOM,B1,5.0196,15.421,5.91855,fjɛʁte,fier,0-1-1,/fier.té,傲气；气焰,target_content_with_gloss,0.902177,1
8955,option,option,NOM,B1,4.9975,29.538,6.51562,ɔpsjɔ̃,opter,0-1-1,/opt(er).ion,定购；期权,target_content_with_gloss,0.902008,1
13629,vocal,vocal,ADJ,B1,4.9663,7.832,1.42835,vokal,voix,0-1-1,/vo(i)x/c.al,发声,target_content_with_gloss,0.901769,1
2188,chandelier,chandelier,NOM,B1,4.9363,1.449,0.37201,ʃɑ̃dəlje,chandelle,0-1-1,/chandel(le).ier,烛台；蜡台,target_content_with_gloss,0.901539,1
687,appliquer,appliquer,VER,B2,38.1383,18.31,2.59798,aplike,[plic},1-1-1,_a(d)/p/{plic/qu}.er,努力；奉行,target_content_with_gloss,0.901481,1
7153,jaune,jaune,NOM,B1,4.9082,6.047,6.48194,ʒon,jaune,0-1-1,/jaun(e).e,黄色,target_content_with_gloss,0.901321,1
4437,détendre,détendre,VER,B1,4.8751,49.19,6.84783,detɑ̃dʁ,tendre,1-1-1,_dé/tend(re).re,伸开；放松,target_content_with_gloss,0.901064,1
11832,sel,sel,NOM,B1,4.8567,22.193,4.21157,sɛl,sel,0-1-0,/sel,盐；鹾,target_content_with_gloss,0.900921,1
3313,craindre,craindre,VER,B2,37.6371,104.18,12.27342,kʁɛ̃dʁ,craindre,0-1-1,/craind(re).re,害怕；弱爆,target_content_with_gloss,0.900891,1
2490,cliché,cliché,NOM,B1,4.8354,6.842,2.11727,kliʃe,clic,0-1-1,/clich(er).é,口头禅,target_content_with_gloss,0.900754,1
2041,case,case,NOM,B1,4.8337,2.623,2.80772,kaz,case,0-1-0,/case,复选框；小屋,target_content_with_gloss,0.90074,1
3229,coudre,coudre,VER,B1,4.8229,7.582,1.43907,kudʁ,coudre,0-1-1,/coud(re).re,缝制；缝合,target_content_with_gloss,0.900656,1
3480,curieusement,curieusement,ADV,B1,4.8006,1.94,0.891,kyʁjøzəmɑ̃,curieux,0-1-1,/curieu(x)se.ment,说也奇怪,target_content_with_gloss,0.90048,1
12950,tourmenter,tourmenter,VER,B1,4.7926,6.421,0.87569,tuʁmɑ̃te,tourment,0-1-1,/tourment.er,折磨；折腾,target_content_with_gloss,0.900417,1
13371,vaisselle,vaisselle,NOM,B1,4.726,8.994,3.27618,vɛsɛl,vaisseau,0-1-1,/vaiss(eau).elle,碗筷；食具,target_content_with_gloss,0.899887,1
13565,violemment,violemment,ADV,B1,4.6861,3.291,1.51255,vjolamɑ̃,viol,0-1-1,/viol(ent)/m.ment,猛力,target_content_with_gloss,0.899567,1
3305,coïncidence,coïncidence,NOM,B1,4.6828,20.794,7.39743,koɛ̃sidɑ̃s,{cident},2-1-1,_co_in/{cid(ent)}.ence,巧合；机遇,target_content_with_gloss,0.899541,1
10246,prudent,prudent,ADJ,B1,4.6624,44.437,11.24464,pʁydɑ̃,prude,0-1-1,/prud(e).ent,审慎；小心翼翼,target_content_with_gloss,0.899376,1
11012,repasser,repasser,VER,B1,4.6555,18.88,2.69596,ʁəpase,passer,1-1-1,_re/pass(er).er,烙；烫,target_content_with_gloss,0.89932,1
6961,interprète,interprète,NOM,B1,4.6524,3.63,1.5692,ɛ̃tɛʁpʁɛt,interprète,0-1-1,/interprèt(e).e,翻译,target_content_with_gloss,0.899295,1
3266,couronne,couronne,NOM,B1,4.6504,13.402,3.35579,kuʁɔn,couronne,0-1-1,/couronn(e).e,王位；王冠,target_content_with_gloss,0.899279,1
10343,présider,présider,VER,B1,4.609,3.424,13.79516,pʁezide,{sid},1-1-1,_pré/{sid}.er,主持,target_content_with_gloss,0.898942,1
2405,cigare,cigare,NOM,B1,4.5973,12.092,2.40508,sigaʁ,cigare,0-1-1,/cigar(e).e,卷烟；烟卷,target_content_with_gloss,0.898847,1
6067,hache,hache,NOM,B1,4.5416,8.62,2.55664,aʃ,hacher,0-1-1,/hach(er).e,斧头,target_content_with_gloss,0.898389,1
11073,ressort,ressort,NOM,B1,4.5264,6.351,3.59614,ʁəsɔʁ,sort,1-1-0,_re[s]/sort(ir),发条；弹簧,target_content_with_gloss,0.898263,1
4394,désespérément,désespérément,ADV,B1,4.5089,5.146,2.32854,dezɛspeʁemɑ̃,espérer,1-1-1,_dés/espér(er)/é.ment,拚命；死命,target_content_with_gloss,0.898118,1
13369,vainqueur,vainqueur,NOM,B1,4.5079,7.611,2.72045,vɛ̃kœʁ,vaincre,0-1-1,/vain(cre)/qu.eur,胜利者；胜者,target_content_with_gloss,0.89811,1
124,accélérer,accélérer,VER,B1,4.4949,16.642,2.68218,akseleʁe,célérité,1-1-1,_a(d)/c/célér(ité).er,促进；加大油门,target_content_with_gloss,0.898001,1
8741,nouveau,nouveau,NOM,B1,4.4837,203.294,67.94091,nuvo,neuf,0-1-1,/n(e/o)u(f/v.eau,新人,target_content_with_gloss,0.897908,1
3910,dorer,dorer,VER,B1,4.4638,1.899,1.24005,doʁe,or,0-1-1,/dor(e).er,镀金,target_content_with_gloss,0.897741,1
12783,terriblement,terriblement,ADV,B1,4.4578,11.668,4.88518,tɛʁibləmɑ̃,terreur,0-1-2,/terr(eur).ible.ment,得可以；要命,target_content_with_gloss,0.897691,1
6129,haïr,haïr,VER,B1,4.4541,45.111,7.91947,aiʁ,haïr,0-1-1,/ha(ïr).ir,仇恨；怨恨,target_content_with_gloss,0.89766,1
1943,capacité,capacité,NOM,B2,34.93,24.016,5.48071,kapasite,{capt},0-1-1,/{cap(t)}.acité,两把刷子；容积,target_content_with_gloss,0.897565,1
3124,convertir,convertir,VER,B1,4.4401,6.085,1.06552,kɔ̃vɛʁtiʁ,vers,1-1-1,_con/ver(s)/t.ir,兑换；兑现,target_content_with_gloss,0.897542,1
8206,moindre,moindre,ADJ,B2,34.5556,45.62,16.39314,mwɛ̃dʁ,moindre,0-1-0,/moindre,半点；比较少,target_content_with_gloss,0.897086,1
6488,imposant,imposant,ADJ,B1,4.3853,1.877,0.61543,ɛ̃pozɑ̃,poser,1-1-1,_i(n)/m/pos(er).ant,威猛；威风,target_content_with_gloss,0.897079,1
2387,chérir,chérir,VER,B1,4.3809,24.538,40.25566,ʃeʁiʁ,cher,0-1-1,/cher.ir,心疼；怀抱,target_content_with_gloss,0.897042,1
13528,vieillard,vieillard,NOM,B1,4.3754,6.921,1.89528,vjɛjaʁ,vieux,0-1-1,/vieil[l].ard,丈人；老人,target_content_with_gloss,0.896995,1
13192,tube,tube,NOM,B1,4.3431,16.595,3.63135,tyb,tube,0-1-1,/tub(e).e,管子,target_content_with_gloss,0.896719,1
5130,fatal,fatal,ADJ,B1,4.3383,9.709,1.8463,fatal,fatal,0-1-0,/fatal,致命,target_content_with_gloss,0.896678,1
6043,gênant,gênant,ADJ,B1,4.33,15.0,5.42866,ʒɛnɑ̃,gêner,0-1-1,/gên(er).ant,不便；伤脑筋,target_content_with_gloss,0.896606,1
14098,équipage,équipage,NOM,B1,4.2985,23.25,3.83037,ekipaʒ,équiper,0-1-1,/équip(er).age,人员；剧组,target_content_with_gloss,0.896335,1
5535,frissonner,frissonner,VER,B1,4.2984,1.699,0.25566,fʁisone,frisson,0-1-1,/frisson[n].er,发抖；哆嗦,target_content_with_gloss,0.896334,1
1566,boucle,boucle,NOM,B1,4.2968,17.886,5.35517,bukl,boucle,0-1-1,/boucl(e).e,扣子；搭扣,target_content_with_gloss,0.89632,1
10519,pêcher,pêcher,VER,B1,4.2737,15.301,6.58604,peʃe,pêcher,0-1-1,/pêch(er).er,捕捞；捕鱼,target_content_with_gloss,0.89612,1
14168,étrange,étrange,NOM,B1,4.2603,4.503,22.8169,etʁɑ̃ʒ,étrange,0-1-1,/étrang(e).e,古怪；奇异,target_content_with_gloss,0.896004,1
338,aiguille,aiguille,NOM,B1,4.2602,15.339,3.9605,egɥij,aigu,0-1-1,/aigu.ill(e),箴；针,target_content_with_gloss,0.896003,1
6905,intellectuel,intellectuel,ADJ,B2,33.7006,4.051,1.01041,ɛ̃telɛktɥɛl,intellect,0-1-1,/intellect.el,知识分子；读书人,target_content_with_gloss,0.895971,1
9444,permission,permission,NOM,B1,4.2557,29.19,9.9801,pɛʁmisjɔ̃,mettre,1-1-2,_per/m(ettre).iss.ion,准许,target_content_with_gloss,0.895964,1
12034,soigneusement,soigneusement,ADV,B1,4.2283,3.025,1.34874,swaɲøzəmɑ̃,soin,0-1-2,/soign(er).euse.ment,刻意；好好儿,target_content_with_gloss,0.895724,1
13070,travailleur,travailleur,ADJ,B1,4.22,3.554,2.203,tʁavajœʁ,travail,0-1-1,/travail[l].eur,劳动者；劳工,target_content_with_gloss,0.895652,1
6260,humain,humain,NOM,B1,4.2051,46.25,18.36038,ymɛ̃,homme,0-1-1,/hum(ain).ain,人情味；人道,target_content_with_gloss,0.895521,1
10208,protection,protection,NOM,B2,33.357,35.623,11.43601,pʁotɛksjɔ̃,{te(g)/ct},1-1-1,_pro/{te(g)/ct}.ion,保护；养护,target_content_with_gloss,0.895516,1
3349,criminel,criminel,NOM,B2,33.2563,40.022,9.3463,kʁiminɛl,crime,0-1-1,/crimin(e)/al.el,刑事；犯罪分子,target_content_with_gloss,0.895382,1
4056,décerner,décerner,VER,B1,4.1877,1.468,0.23729,desɛʁne,cerner,1-1-1,_dé/cern(er).er,授予；颁发,target_content_with_gloss,0.895368,1
9226,paresseux,paresseux,ADJ,B1,4.1702,4.291,1.88763,paʁɛsø,paresse,0-1-1,/paress(e).eux,懒人；懒惰,target_content_with_gloss,0.895213,1
3225,coucher,coucher,NOM,B1,4.1383,7.766,23.81353,kuʃe,couche,0-1-1,/couch(e).er,落下；过夜,target_content_with_gloss,0.89493,1
4377,désarmer,désarmer,VER,B1,4.1376,4.377,0.93846,dezaʁme,arme,1-1-1,_dés/arm(e).er,缓和,target_content_with_gloss,0.894923,1
9711,pli,pli,NOM,B1,4.1315,2.93,0.73791,pli,ployer,0-1-0,/pl(oyer)/i,皱纹,target_content_with_gloss,0.894869,1
7703,maillot,maillot,NOM,B1,4.1161,10.975,2.9853,majo,maille,0-1-1,/maill(e).ot,球衣；裤头,target_content_with_gloss,0.894731,1
3876,documentaire,documentaire,NOM,B1,4.0636,5.867,1.60288,dokymɑ̃tɛʁ,document,0-1-1,/document.aire,纪实；纪录片,target_content_with_gloss,0.894259,1
972,attentif,attentif,ADJ,B1,4.0594,6.345,1.53705,atɑ̃tif,tendre,1-1-1,_a(d)/ten(dre)/t.if,仔细；体贴,target_content_with_gloss,0.894221,1
11059,respiration,respiration,NOM,B1,4.0582,14.734,4.81629,ʁɛspiʁasjɔ̃,{spir},1-1-1,_re/{spir}.ation,喁,target_content_with_gloss,0.89421,1
2002,caresse,caresse,NOM,B1,4.0507,2.791,1.38396,kaʁɛs,caresse,0-1-1,/caress(e).e,爱抚,target_content_with_gloss,0.894142,1
5076,faillir,faillir,VER,B1,4.0506,43.551,16.44979,fajiʁ,faillir,0-1-1,/faill(ir).ir,差点儿,target_content_with_gloss,0.894141,1
8948,opposition,opposition,NOM,B1,4.0425,5.123,1.79577,opozisjɔ̃,poser,1-1-1,_o(b)/p/pos(er).ition,二话；反对派,target_content_with_gloss,0.894068,1
2117,cendrillon,cendrillon,NOM,B1,4.0289,0.199,0.97979,sɑ̃dʁijɔ̃,cendre,0-1-1,/cendr(e).illon,灰姑娘,target_content_with_gloss,0.893944,1
8683,nommé,nommé,ADJ,B1,4.0257,3.237,8.95132,nome,nom,0-1-1,/nom[m].é,名为；得名,target_content_with_gloss,0.893915,1
3214,coton,coton,NOM,B1,4.0131,6.256,2.1586,kotɔ̃,coton,0-1-0,/coton,棉花,target_content_with_gloss,0.8938,1
11140,revivre,revivre,VER,B1,3.9851,9.411,2.84293,ʁəvivʁ,vie,1-1-1,_re/viv(ant).re,复活；复苏,target_content_with_gloss,0.893544,1
8628,nettoyage,nettoyage,NOM,B1,3.9425,9.63,3.69259,netwajaʒ,net,0-1-2,/nett(e).o(ie/y).age,清扫,target_content_with_gloss,0.893151,1
12148,souper,souper,NOM,B1,3.9419,5.595,2.25352,supe,soupe,0-1-1,/soup(e).er,夜宵；夜消,target_content_with_gloss,0.893145,1
8570,nappe,nappe,NOM,B1,3.9407,2.459,0.65217,nap,nappe,0-1-1,/napp(e).e,台布,target_content_with_gloss,0.893134,1
12409,sujet,sujet,ADJ,B1,3.9354,4.256,38.37875,syʒɛ,jet,1-1-0,_su(b)/jet,东西；主体,target_content_with_gloss,0.893085,1
5452,four,four,NOM,B1,3.9152,14.551,4.62645,fuʁ,four,0-1-0,/four,炉子；烤箱,target_content_with_gloss,0.892897,1
8092,mille,mille,NOM,B1,3.8984,17.456,13.47367,mil,mille,0-1-0,/mille,一千；英里,target_content_with_gloss,0.892741,1
6433,immobilier,immobilier,ADJ,B1,3.8812,9.949,3.51806,imobilje,mobile,1-1-1,_i(n)/m/mobil(e).ier,房产；房地产,target_content_with_gloss,0.89258,1
12082,sondage,sondage,NOM,B2,31.1818,6.282,1.09155,sɔ̃daʒ,sonde,0-1-1,/sond(e).age,水深；试探,target_content_with_gloss,0.892522,1
2043,caserne,caserne,NOM,B1,3.8714,6.509,1.31353,kazɛʁn,caserne,0-1-0,/caserne,兵营,target_content_with_gloss,0.892488,1
13220,tuyau,tuyau,NOM,B1,3.8682,22.915,5.43019,tɥijo,tuyau,0-1-0,/tuyau,导管；管子,target_content_with_gloss,0.892458,1
7897,marteau,marteau,NOM,B1,3.8599,11.449,3.39253,maʁto,marteau,0-1-1,/marteau.eau,锤子,target_content_with_gloss,0.892379,1
8037,mets,mets,NOM,B1,3.8511,36.899,41.22168,mɛ,mets,0-1-0,/mets,小菜；炼珍,target_content_with_gloss,0.892296,1
1716,brouillard,brouillard,NOM,B1,3.8472,8.035,2.2474,bʁujaʁ,brouillard,0-1-0,/brouillard,大雾；浓雾,target_content_with_gloss,0.89226,1
11967,simplicité,simplicité,NOM,B1,3.8393,2.035,0.86344,sɛ̃plisite,simple,0-1-1,/simpl(e).icité,简朴,target_content_with_gloss,0.892185,1
4843,essentiel,essentiel,ADJ,B2,30.902,9.418,5.39651,esɑ̃sjɛl,essence,0-1-1,/essen(ce)/t.iel,主要；大本,target_content_with_gloss,0.892122,1
13304,univers,univers,NOM,B2,30.8789,36.171,9.0692,ynivɛʁ,vers,1-1-0,_uni/vers,乾坤；天地,target_content_with_gloss,0.892089,1
3167,corne,corne,NOM,B1,3.8216,7.535,1.38549,kɔʁn,corne,0-1-1,/corn(e).e,犄角,target_content_with_gloss,0.892017,1
5664,gagnant,gagnant,NOM,B1,3.8191,16.623,5.77618,gaɲɑ̃,gagner,0-1-1,/gagn(er).ant,成功者；胜者,target_content_with_gloss,0.891993,1
5370,fonctionnement,fonctionnement,NOM,B2,30.689,3.652,1.5493,fɔ̃ksjɔnəmɑ̃,fonction,0-1-2,/fonction[n].elle.ment,功能；性能,target_content_with_gloss,0.891815,1
9618,piquer,piquer,VER,B1,3.7915,36.997,4.90968,pike,piquer,0-1-1,/piqu(er).er,刺伤,target_content_with_gloss,0.891731,1
14083,éprouver,éprouver,VER,B2,30.4735,12.902,1.68402,epʁuve,preuve,1-1-1,_é/pr(e)/ouv(er).er,体会；感觉到,target_content_with_gloss,0.891503,1
6997,introduire,introduire,VER,B2,30.4708,15.19,2.65462,ɛ̃tʁodɥiʁ,{duire},1-1-1,_intro/{dui(re)}.re,介绍；引进,target_content_with_gloss,0.891499,1
12449,supérieur,supérieur,NOM,B1,3.7622,12.557,6.8019,sypeʁjœʁ,supérieur,1-0-1,_super.ieur,上司；上官,target_content_with_gloss,0.89145,1
8631,neuf,neuf,NOM,B1,3.7574,52.028,28.02817,nœf,neuf,0-1-0,/neuf,九；新,target_content_with_gloss,0.891404,1
1742,bruyant,bruyant,ADJ,B1,3.756,7.731,1.96418,bʁɥijɑ̃,bruire,0-1-1,/bru(ire)/y.ant,吵杂；嘈杂,target_content_with_gloss,0.89139,1
10306,préhistorique,préhistorique,ADJ,B1,3.7507,1.43,0.39651,pʁeistoʁik,histoire,1-1-1,_pré/histo(i)r(e).ique,史前,target_content_with_gloss,0.891339,1
13905,égalité,égalité,NOM,B2,30.3409,7.696,2.72964,egalite,égal,0-1-2,/égal.it.é,不变；平手,target_content_with_gloss,0.89131,1
6492,impossible,impossible,NOM,B1,3.7462,31.535,39.7673,ɛ̃posibl,possible,1-1-0,_i(n)/m/poss(ible),不可能；办不到,target_content_with_gloss,0.891296,1
3801,dissiper,dissiper,VER,B1,3.7124,4.462,0.66748,disipe,dissiper,0-1-1,/dissip(er).er,化解；打消,target_content_with_gloss,0.890968,1
1290,barreau,barreau,NOM,B1,3.7032,9.174,2.58114,baʁo,barre,0-1-1,/barr(e).eau,挡；栊,target_content_with_gloss,0.890879,1
13879,écureuil,écureuil,NOM,B1,3.6966,7.18,1.43295,ekyʁœj,écureuil,0-1-0,/écureuil,松鼠,target_content_with_gloss,0.890815,1
2565,coffret,coffret,NOM,B1,3.6784,1.636,0.45009,kofʁɛ,coffre,0-1-1,/coffr(e).et,盒,target_content_with_gloss,0.890637,1
11217,roche,roche,NOM,B1,3.6721,6.38,1.58604,ʁɔʃ,roc,0-1-0,/roc[he],岩石,target_content_with_gloss,0.890575,1
12473,surmonter,surmonter,VER,B1,3.6696,12.978,3.51041,syʁmɔ̃te,mont,1-1-1,_sur/mont.er,克服；突破,target_content_with_gloss,0.890551,1
7479,littoral,littoral,NOM,B1,3.6691,0.595,0.26332,litoʁal,littoral,0-1-0,/littoral,沿岸；沿海,target_content_with_gloss,0.890546,1
5966,guerrier,guerrier,ADJ,B1,3.6679,6.472,3.25475,gɛʁje,guerre,0-1-1,/guerre.ier,兵士；战士,target_content_with_gloss,0.890534,1
9937,poubelle,poubelle,NOM,B1,3.6614,25.611,6.24005,pubɛl,Poubelle,0-1-0,/Poubelle,垃圾桶；垃圾箱,target_content_with_gloss,0.89047,1
13814,échelle,échelle,NOM,B2,29.6677,17.709,6.05328,eʃɛl,échelle,0-1-0,/échelle,刻度；尺度,target_content_with_gloss,0.890315,1
5158,favoriser,favoriser,VER,B2,29.6158,3.247,0.43172,favoʁize,faveur,0-1-2,/fav(eu/o)r.is.er,有助于,target_content_with_gloss,0.890238,1
10,abbé,abbé,NOM,B1,3.6281,2.953,0.26179,abe,abbé,0-1-1,/abb(a).é,方丈,target_content_with_gloss,0.890142,1
301,agresser,agresser,VER,B1,3.6264,18.057,2.81384,agʁese,agresser,0-1-1,/agress(er).er,拦劫,target_content_with_gloss,0.890125,1
2951,conservateur,conservateur,NOM,B1,3.6236,2.484,0.99663,kɔ̃sɛʁvatœʁ,sauver,1-1-1,_con/{serv(er)}.ateur,保守；馆长,target_content_with_gloss,0.890098,1
2179,champignon,champignon,NOM,B1,3.6224,10.335,2.07746,ʃɑ̃piɲɔ̃,champ/camp,0-1-1,/champ.ignon,真菌；菇蕈,target_content_with_gloss,0.890086,1
6079,halte,halte,NOM,B1,3.611,1.715,2.79394,alt,halte,0-1-0,/halt(e),站住,target_content_with_gloss,0.889973,1
1321,batterie,batterie,NOM,B1,3.568,18.301,4.35395,batəʁi,battre,0-1-1,/batt(re).erie,一套；炮台,target_content_with_gloss,0.889544,1
7113,isolé,isolé,ADJ,B1,3.5668,6.759,3.21647,izole,isoler,0-1-1,/isol(er).é,孤独；孤立,target_content_with_gloss,0.889532,1
12202,spatial,spatial,ADJ,B1,3.5552,13.551,1.82945,spasjal,spatial,0-1-1,/spat(ial).ial,太空,target_content_with_gloss,0.889415,1
1533,bonté,bonté,NOM,B1,3.5495,12.892,4.71219,bɔ̃te,bon,0-1-1,/bon.té,仁慈；善心,target_content_with_gloss,0.889358,1
4481,déçu,déçu,ADJ,B1,3.5216,8.399,6.89988,desy,{cevoir},1-1-0,_dé/{c(ev)},失意；怅怅然,target_content_with_gloss,0.889076,1
5090,fameux,fameux,ADJ,B2,28.8016,14.073,3.92529,famø,fam(eux),0-1-1,/fam(eux).eux,大名鼎鼎；有名,target_content_with_gloss,0.889004,1
11840,semblant,semblant,NOM,B1,3.5138,26.766,12.57502,sɑ̃blɑ̃,sembler,0-1-1,/sembl(er).ant,外貌,target_content_with_gloss,0.888997,1
4259,démolir,démolir,VER,B1,3.4926,13.437,2.45101,demoliʁ,démolir,0-1-1,/démol(ir).ir,拆除；拆毁；痛击,target_content_with_gloss,0.888782,1
3297,couvercle,couvercle,NOM,B1,3.4792,2.921,1.09155,kuvɛʁkl,couvrir,0-1-0,/couvercle,盖子,target_content_with_gloss,0.888645,1
6915,intensif,intensif,ADJ,B1,3.4733,5.592,1.37324,ɛ̃tɑ̃sif,intense,0-1-1,/intens(e).if,强势,target_content_with_gloss,0.888585,1
12367,successif,successif,ADJ,B1,3.4438,0.418,0.11176,syksesif,{ces/d},1-1-1,_su(b)/c/cé(der)/s.sif,有序；连续,target_content_with_gloss,0.888282,1
14150,étiquette,étiquette,NOM,B1,3.4429,8.93,2.53368,etikɛt,étiquette,0-1-1,/étiqu(ette).ette,吊牌；招牌纸,target_content_with_gloss,0.888272,1
4400,désigner,désigner,VER,B2,28.32,10.212,1.6978,deziɲe,signe,1-1-1,_dés/sign(e).er,任命；分配,target_content_with_gloss,0.888258,1
6568,incendier,incendier,VER,B1,3.4347,4.731,6.38089,ɛ̃sɑ̃dje,incendie,0-1-1,/incendi(er).er,放火；焚烧,target_content_with_gloss,0.888188,1
9479,perte,perte,NOM,B2,28.2556,45.595,14.06001,pɛʁt,perdre,0-1-1,/per(dre).te,亏损；失落,target_content_with_gloss,0.888157,1
1710,bronze,bronze,NOM,B1,3.4284,4.025,1.39773,bʁɔ̃z,bronzer,0-1-1,/bronz(er).e,青铜,target_content_with_gloss,0.888123,1
3329,crayon,crayon,NOM,B1,3.4252,9.449,2.3913,kʁɛjɔ̃,craie,0-1-1,/cra(ie)/y.on,铅笔,target_content_with_gloss,0.88809,1
5538,frite,frite,NOM,B1,3.4239,8.427,3.4507,fʁit,frire,0-1-1,/fri(re).te,薯条,target_content_with_gloss,0.888076,1
6672,individuel,individuel,ADJ,B2,28.1793,4.399,0.66901,ɛ̃dividɥɛl,individu,0-1-1,/individu.el,个别；单人,target_content_with_gloss,0.888038,1
11826,section,section,NOM,B1,3.4115,21.965,5.68432,seksjɔ̃,section,0-1-0,/sect(ion),分段；截面,target_content_with_gloss,0.887948,1
10435,pureté,pureté,NOM,B1,3.4035,3.554,1.25383,pyʁəte,pur,0-1-1,/pur.eté,纯度；纯正,target_content_with_gloss,0.887865,1
7618,lâche,lâche,ADJ,B1,3.3953,19.386,24.69688,laʃ,lâcher,0-1-1,/lâch(er).e,懦夫；懦弱,target_content_with_gloss,0.887779,1
3110,convaincant,convaincant,ADJ,B1,3.3863,7.089,1.91825,kɔ̃vɛ̃kɑ̃,vaincre,1-1-1,_con/vainc(re).ant,剀切,target_content_with_gloss,0.887685,1
6457,impatient,impatient,ADJ,B1,3.3796,15.823,4.10747,ɛ̃pasjɑ̃,patience,1-1-1,_i(n)/m/pati(ence).ent,心切；心急,target_content_with_gloss,0.887615,1
10367,prêt,prêt,NOM,B1,3.3788,47.193,53.35579,pʁɛ,prêt,0-1-0,/prêt,外借；齐备,target_content_with_gloss,0.887607,1
11888,serrure,serrure,NOM,B1,3.3711,10.196,2.66381,seʁyʁ,serrer,0-1-1,/serre.ure,楗；钥,target_content_with_gloss,0.887527,1
4844,essentiellement,essentiellement,ADV,B2,27.5493,3.304,1.38702,esɑ̃sjɛləmɑ̃,essence,0-1-2,/essen(ce)/t.ielle.ment,基本；基本上,target_content_with_gloss,0.887039,1
3987,dur,dur,NOM,B1,3.3142,19.5,49.96632,dyʁ,dur,0-1-0,/dur,严厉；严峻,target_content_with_gloss,0.886927,1
859,aspirateur,aspirateur,NOM,B1,3.3141,3.94,1.32578,aspiʁatœʁ,{spir(er},1-1-1,_a(d)/{spir(er}.ateur,吸尘器,target_content_with_gloss,0.886926,1
9070,ouvrage,ouvrage,NOM,B2,27.4657,3.142,0.96142,uvʁaʒ,ouvrir,0-1-1,/ouvr(ir).age,作业；作品,target_content_with_gloss,0.886904,1
7211,joyeusement,joyeusement,ADV,B1,3.3057,1.177,0.4654,ʒwajøzəmɑ̃,joie,0-1-1,/joyeuse.ment,兴冲冲；痛快,target_content_with_gloss,0.886836,1
8167,mobile,mobile,ADJ,B2,27.3698,5.959,5.88794,mobil,mobile,0-1-1,/mobil(e).e,床铃；活动,target_content_with_gloss,0.88675,1
3013,contagieux,contagieux,ADJ,B1,3.2948,5.5,1.55083,kɔ̃taʒjø,contagion,0-1-1,/contagi(on).eux,传染,target_content_with_gloss,0.88672,1
2332,choquant,choquant,ADJ,B1,3.2848,4.427,1.53552,ʃokɑ̃,choc,0-1-1,/choc/qu(er).ant,不像话；爆炸性,target_content_with_gloss,0.886614,1
1214,bal,bal,NOM,B2,27.2186,38.066,6.39773,bal,bal,0-1-0,/bal,舞会,target_content_with_gloss,0.886505,1
12510,susciter,susciter,VER,B2,27.0848,2.905,0.38579,sysite,susciter,0-1-1,/suscit(er).er,引发；引起,target_content_with_gloss,0.886288,1
9141,panique,panique,NOM,B1,3.2468,16.465,8.35119,panik,Pan,0-1-1,/Pan.iqu(e),恐慌；惊惧,target_content_with_gloss,0.886206,1
6397,illégal,illégal,ADJ,B1,3.2458,28.003,6.64268,ilegal,loi,1-1-0,_i(n)/l/légal,不合法；违规,target_content_with_gloss,0.886195,1
3993,durcir,durcir,VER,B1,3.228,1.563,0.21433,dyʁsiʁ,dur,0-1-1,/durc(ir).ir,硬化,target_content_with_gloss,0.886003,1
4252,démocratie,démocratie,NOM,B2,26.8282,8.351,2.41886,demokʁasi,dème,0-1-2,/dém(e)/o.crat(e).ie,德谟克拉西；民主,target_content_with_gloss,0.885867,1
10589,quotidiennement,quotidiennement,ADV,B1,3.2032,1.114,0.49449,kotidjɛnəmɑ̃,quote,0-2-2,/quot(e)/i/di.enne.ment,天天；每一天,target_content_with_gloss,0.885733,1
12144,soumettre,soumettre,VER,B2,26.701,15.623,2.3515,sumɛtʁ,mettre,1-1-0,_sou(s)/mettre,制伏；制服,target_content_with_gloss,0.885658,1
1171,aérer,aérer,VER,B1,3.1876,2.054,0.60472,aeʁe,air,0-1-1,/aér(er).er,吹风；通气,target_content_with_gloss,0.885563,1
11407,réduction,réduction,NOM,B2,26.5701,7.104,2.28108,ʁedyksjɔ̃,{duire},1-1-1,_ré/{duc}.tion,折扣；特惠,target_content_with_gloss,0.885441,1
8291,moralité,moralité,NOM,B1,3.1752,3.57,1.40998,moʁalite,moral,0-1-1,/moral.ité,德性；德行,target_content_with_gloss,0.885427,1
5967,guerrier,guerrier,NOM,B1,3.1729,16.703,3.25475,gɛʁje,guerre,0-1-1,/guerre.ier,兵士；战士,target_content_with_gloss,0.885402,1
9237,parier,parier,VER,B1,3.1723,81.905,20.51439,paʁje,parier,0-1-1,/pari(er).er,下注；打赌,target_content_with_gloss,0.885396,1
6803,injuste,injuste,ADJ,B1,3.156,17.956,6.87691,ɛ̃ʒyst,juste,1-1-0,_in/juste,僻,target_content_with_gloss,0.885216,1
2620,colocataire,colocataire,NOM,B1,3.1554,9.168,2.30404,kolokatɛʁ,louer,1-1-1,_co/locat(aire).aire,同住,target_content_with_gloss,0.88521,1
10233,provision,provision,NOM,B1,3.1456,6.528,2.12033,pʁovizjɔ̃,vision,1-1-1,_pro/vis(ion).ion,储藏,target_content_with_gloss,0.885102,1
3990,durable,durable,ADJ,B2,26.3501,2.684,0.89559,dyʁabl,durer,0-1-1,/dur(er).able,不衰；恒久,target_content_with_gloss,0.885074,1
4802,escalade,escalade,NOM,B1,3.1245,3.62,1.51255,ɛskalad,escalier,0-1-1,/escal(ier).ade,攀升；攀岩,target_content_with_gloss,0.884868,1
4997,exprès,exprès,ADV,B1,3.1245,2.31,7.51225,ɛkspʁɛ,presser,1-1-0,_ex/pres(ser),成心；故意,target_content_with_gloss,0.884868,1
2847,condamnation,condamnation,NOM,B1,3.1226,7.953,2.40968,kɔ̃danasjɔ̃,damner,1-1-1,_con/damn(er).ation,刑罚；判刑,target_content_with_gloss,0.884847,1
6583,inclure,inclure,VER,B1,3.1106,16.611,2.08359,ɛ̃klyʁ,{clure},1-1-1,_in/{clu(re)}.re,内含；包括,target_content_with_gloss,0.884714,1
2423,cinéaste,cinéaste,NOM,B1,3.1024,1.759,0.31078,sineast,cinéma,0-1-1,/ciné(ma).aste,制片人,target_content_with_gloss,0.884622,1
11369,récemment,récemment,ADV,B2,26.08,33.313,13.43999,ʁesamɑ̃,récent,0-1-1,/réce(nt)/m.ment,前段时间；挽近,target_content_with_gloss,0.88462,1
14060,épingle,épingle,NOM,B1,3.0844,4.269,1.13595,epɛ̃gl,épingle,0-1-1,/épingl(e).e,别子；夹子,target_content_with_gloss,0.884421,1
12192,soutien,soutien,NOM,B2,25.9537,28.959,9.95101,sutjɛ̃,tenir,1-1-0,_sou(s)/tien(t),依靠；后台,target_content_with_gloss,0.884406,1
7393,lessive,lessive,NOM,B1,3.0768,7.722,2.70208,lesiv,lessive,0-1-1,/lessiv(e).e,冲洗；洗衣粉,target_content_with_gloss,0.884336,1
10870,regagner,regagner,VER,B1,3.0717,7.323,1.67024,ʁəgaɲe,gain,1-1-1,_re/ga(i)[g]n.er,回到；返回,target_content_with_gloss,0.884278,1
12086,songe,songe,NOM,B1,3.0583,1.706,1.54317,sɔ̃ʒ,songe,0-1-1,/song(e).e,好梦；梦境,target_content_with_gloss,0.884127,1
10959,renard,renard,NOM,B1,3.0352,6.763,1.86926,ʁənaʁ,renard,0-1-0,/renard,狐狸,target_content_with_gloss,0.883866,1
1608,boulot,boulot,ADJ,B1,3.01,10.101,46.1038,bulo,boule,0-1-1,/boul(e).ot,活儿,target_content_with_gloss,0.883579,1
6903,intact,intact,ADJ,B1,3.0098,10.62,1.91672,ɛ̃takt,tact,1-1-0,_in/tact,全须全尾儿；完好,target_content_with_gloss,0.883577,1
6631,indication,indication,NOM,B1,3.0079,3.991,0.92468,ɛ̃dikasjɔ̃,indiquer,0-1-1,/indiqu(er)/c.ation,主治；温馨提示,target_content_with_gloss,0.883555,1
8452,méchant,méchant,NOM,B1,3.0079,23.706,14.05695,meʃɑ̃,méchant,1-1-1,_mé/ch(oir).ant,不善；坏人,target_content_with_gloss,0.883555,1
12997,tragédie,tragédie,NOM,B1,2.9987,14.516,5.26026,tʁaʒedi,tragédie,0-1-1,/tragéd(ie).ie,悲剧,target_content_with_gloss,0.88345,1
6063,habituellement,habituellement,ADV,B1,2.9959,7.231,3.15217,abitɥɛləmɑ̃,habitude,0-1-2,/habit(ude).elle.ment,平时；往常,target_content_with_gloss,0.883418,1
4905,exception,exception,NOM,B2,25.2833,14.684,5.58788,ɛksɛpsjɔ̃,{cept},1-1-1,_ex/{cept}.ion,例外,target_content_with_gloss,0.883253,1
7139,jambon,jambon,NOM,B1,2.9742,7.687,2.32854,ʒɑ̃bɔ̃,jambe,0-1-1,/jamb(e).on,火腿,target_content_with_gloss,0.883169,1
799,arrestation,arrestation,NOM,B1,2.9688,30.715,9.27434,aʁɛstasjɔ̃,arrêt,0-1-1,/arrêt.ation,逮捕,target_content_with_gloss,0.883106,1
13006,traitement,traitement,NOM,B2,25.1818,39.209,10.36895,tʁɛtəmɑ̃,traiter,0-1-1,/trait(er).ement,待遇；薪水,target_content_with_gloss,0.883076,1
3872,doctorat,doctorat,NOM,B1,2.9592,3.956,1.40233,dɔktoʁa,docte,0-1-1,/doct(e).orat,博士；博士学位,target_content_with_gloss,0.882996,1
9418,percevoir,percevoir,VER,B2,25.0861,7.421,0.85885,pɛʁsəvwaʁ,{cept},1-1-1,_per/{ce(pt/v)}.oir,感知；察觉；征收,target_content_with_gloss,0.882908,1
12254,stabilité,stabilité,NOM,B1,2.9503,2.886,1.22933,stabilite,{stat},0-1-2,/{st(at)}.ab[i]l(e).té,稳定性,target_content_with_gloss,0.882893,1
3228,coude,coude,NOM,B1,2.9438,10.911,2.26118,kud,coude,0-1-1,/coud(e).e,手肘,target_content_with_gloss,0.882817,1
11603,rêverie,rêverie,NOM,B1,2.9425,0.56,0.11941,ʁɛvəʁi,rêve,0-1-1,/rêv(e).erie,梦话；痴想,target_content_with_gloss,0.882802,1
9986,prairie,prairie,NOM,B1,2.9264,3.301,0.91702,pʁeʁi,prairie,0-1-1,/prairi(e).e,大草原；草原,target_content_with_gloss,0.882615,1
13303,unité,unité,NOM,B2,24.8804,55.247,9.79333,ynite,unité,1-0-1,_uni.té,单位；单元,target_content_with_gloss,0.882545,1
5031,extrême,extrême,ADJ,B2,24.7835,10.203,3.74005,ɛkstʁɛm,extrême,0-1-0,/extrême,极度；极端,target_content_with_gloss,0.882374,1
5256,fillette,fillette,NOM,B1,2.8837,1.491,3.52725,fijɛt,fils,0-1-1,/fill(e).ette,丫头；妹子,target_content_with_gloss,0.882114,1
5183,ferment,ferment,NOM,B1,2.8829,0.174,1.61359,fɛʁmɑ̃,ferment,0-1-0,/ferment,酵,target_content_with_gloss,0.882105,1
9271,parti,parti,NOM,B2,24.6235,37.07,55.27557,paʁti,part,0-1-1,/part(ir).i,党派,target_content_with_gloss,0.882089,1
6645,indigner,indigner,VER,B1,2.8716,1.089,1.8616,ɛ̃diɲe,digne,1-1-1,_in/dign(e).er,愤慨,target_content_with_gloss,0.881971,1
4039,débutant,débutant,ADJ,B1,2.8588,1.443,1.66105,debytɑ̃,but,1-1-1,_dé/but.ant,初学者；新手,target_content_with_gloss,0.88182,1
4151,défaut,défaut,NOM,B2,24.3294,16.975,4.33099,defo,faillir,1-1-0,_dé/faut,毛病；漏洞,target_content_with_gloss,0.88156,1
4790,envisager,envisager,VER,B2,24.3206,22.079,3.03276,ɑ̃vizaʒe,visage,1-1-1,_en/visage.er,探讨；琢磨,target_content_with_gloss,0.881544,1
5260,filtre,filtre,NOM,B1,2.8289,4.788,1.49571,filtʁ,filtrer,0-1-1,/filtr(er).e,滤光镜；滤嘴,target_content_with_gloss,0.881464,1
19,abondant,abondant,ADJ,B1,2.7821,1.37,0.30312,abɔ̃dɑ̃,abondant,0-1-1,/abond(er).ant,不菲；丰富,target_content_with_gloss,0.880901,1
11810,seau,seau,NOM,B1,2.7809,8.114,2.34385,so,seau,0-1-0,/seau,水桶,target_content_with_gloss,0.880886,1
1349,belle-fille,belle-fille,NOM,B1,2.7787,3.785,1.18953,bɛlfij,beau,0-2-0,/belle/fille,媳妇；新妇,target_content_with_gloss,0.880859,1
1591,bouillir,bouillir,VER,B1,2.7703,7.095,32.99296,bujiʁ,bouillir,0-1-1,/bouill(ir).ir,涌起；滚沸,target_content_with_gloss,0.880757,1
9771,point,point,ADV,B2,23.8207,17.139,59.16105,pwɛ̃,point,0-1-0,/point,句号；点儿,target_content_with_gloss,0.880631,1
528,analyse,analyse,NOM,B2,23.6962,27.028,7.19228,analiz,analyse,1-0-2,_ana.lys(e).e,分析；解析,target_content_with_gloss,0.880401,1
9431,perfectionner,perfectionner,VER,B1,2.732,2.604,0.43325,pɛʁfɛksjone,{fect},1-1-2,_per/{fect}.ion[n].er,改进,target_content_with_gloss,0.88029,1
10399,public,public,NOM,B1,125.6645,49.206,19.86681,pyblik,,0-1-0,/§public§,公众；公共,target_content_with_gloss,0.88,1
9806,politique,politique,NOM,B1,103.73,33.601,12.83527,politik,,1-0-1,_poli.tique,国事；政事,target_content_with_gloss,0.88,1
10398,public,public,ADJ,B1,97.9924,48.978,19.86681,pyblik,,0-1-0,/§public§,公众；公共,target_content_with_gloss,0.88,1
10552,que,que,ADV,B1,83.0147,0.095,99.7428,kə,,0-1-0,/que,什么；哪一个,target_content_with_gloss,0.88,1
1770,but,but,NOM,B1,66.6283,80.617,25.04133,byt,,0-1-0,/but,事由；入球,target_content_with_gloss,0.88,1
6116,hasard,hasard,NOM,B1,66.2957,38.158,14.14115,azaʁ,,0-1-0,/hasard,巧合；机遇,target_content_with_gloss,0.88,1
8146,mise,mise,NOM,B1,62.2189,30.598,22.43876,miz,,0-1-1,/m(ettre).ise,穿着,target_content_with_gloss,0.88,1
11329,rythme,rythme,NOM,B1,57.7455,23.538,7.7771,ʁitm,,0-1-1,/§rythm(e)§.e,律动；节奏,target_content_with_gloss,0.88,1
11592,révéler,révéler,VER,B1,57.0608,38.228,5.2725,ʁevele,,0-1-1,/§révél(er)§.er,公开；制成,target_content_with_gloss,0.88,1
11669,salir,salir,VER,B1,2.6934,11.655,2.49541,saliʁ,sale,0-1-1,/sal(e).ir,弄脏；搞乌龙,target_content_with_gloss,0.879814,1
5439,foudre,foudre,NOM,B1,2.6905,8.646,2.83987,fudʁ,foudre,0-1-1,/foudr(e).e,闪电；雷电,target_content_with_gloss,0.879778,1
2366,chute,chute,NOM,B2,23.2661,25.528,9.01562,ʃyt,choir,0-1-1,/chut(e).e,摔倒,target_content_with_gloss,0.879597,1
7681,magicien,magicien,NOM,B1,2.6538,14.256,2.89957,maʒisjɛ̃,magie,0-1-1,/magi(que)/c.ien,巫师；马子,target_content_with_gloss,0.879321,1
10013,pressé,pressé,ADJ,B1,2.651,15.117,7.36681,pʁese,presser,0-1-1,/press(er).é,急促；急匆匆,target_content_with_gloss,0.879285,1
12200,spacieux,spacieux,ADJ,B1,2.6417,1.278,0.37661,spasjø,spatial,0-1-1,/spa(tial)/c.ieux,宽敞,target_content_with_gloss,0.879169,1
12363,subventionner,subventionner,VER,B1,2.6341,0.778,0.10716,sybvɑ̃sjone,venir,1-1-2,_sub/ven(ir).tion[n].er,搭补；补助,target_content_with_gloss,0.879073,1
12905,tonneau,tonneau,NOM,B1,2.6215,4.373,0.91855,tono,tonne,0-1-1,/tonn(e).eau,木桶；酒桶,target_content_with_gloss,0.878914,1
8607,navette,navette,NOM,B1,2.5938,12.497,2.08053,navɛt,nef!!,0-1-0,/navette,接送；摆渡车,target_content_with_gloss,0.878563,1
10763,rebelle,rebelle,ADJ,B1,2.582,6.731,2.56277,ʁəbɛl,rebelle,0-1-1,/rebell(er).e,反叛分子,target_content_with_gloss,0.878412,1
11316,ruisseau,ruisseau,NOM,B1,2.5687,4.68,1.38855,ʁɥiso,ru,0-1-0,/ruisseau,小溪；溪流,target_content_with_gloss,0.878242,1
4444,déterminer,déterminer,VER,B2,22.5521,22.44,4.43815,detɛʁmine,terme,1-1-2,_dé/term(e).in.er,下决心；判定,target_content_with_gloss,0.87823,1
9612,pipe,pipe,NOM,B2,22.5162,12.522,3.45836,pip,piper,0-1-1,/pip(er).e,烟斗；烟管,target_content_with_gloss,0.87816,1
671,apparition,apparition,NOM,B2,22.4977,7.677,2.59645,apaʁisjɔ̃,paraître,1-1-1,_a(d)/p/para(ître).ition,出演,target_content_with_gloss,0.878124,1
1896,camper,camper,VER,B1,2.552,7.418,1.44519,kɑ̃pe,camp,0-1-1,/camp.er,塑造；宿营,target_content_with_gloss,0.878027,1
5061,facteur,facteur,NOM,B2,22.4264,11.358,3.01745,faktœʁ,faire,0-1-1,/fact(eur).eur,因子；因数,target_content_with_gloss,0.877985,1
9275,participation,participation,NOM,B2,22.4153,4.693,1.93815,paʁtisipasjɔ̃,part,0-1-2,/part(ir).icip.ation,参与,target_content_with_gloss,0.877963,1
4079,déclaration,déclaration,NOM,B2,22.3833,28.478,7.76179,deklaʁasjɔ̃,clair,1-1-1,_dé/cla(i)r.ation,一说；声明,target_content_with_gloss,0.8779,1
10005,pressant,pressant,ADJ,B1,2.528,1.494,0.4256,pʁɛsɑ̃,presser,0-1-1,/press(er).ant,急迫；紧要,target_content_with_gloss,0.877717,1
9995,premièrement,premièrement,ADV,B1,2.5216,9.291,4.08298,pʁømjɛʁəmɑ̃,premier,0-1-1,/première.ment,其一；第一,target_content_with_gloss,0.877633,1
10690,rang,rang,NOM,B2,22.2077,21.611,5.5695,ʁɑ̃,rang,0-1-0,/rang,名位；名衔,target_content_with_gloss,0.877555,1
2952,conservateur,conservateur,ADJ,B1,2.5128,2.981,0.99663,kɔ̃sɛʁvatœʁ,sauver,1-1-1,_con/{serv(er)}.ateur,保守；馆长,target_content_with_gloss,0.877519,1
7251,juste,juste,NOM,B1,2.5084,21.278,92.35915,ʒyst,juste,0-1-0,/juste,公允；公平,target_content_with_gloss,0.877462,1
10828,recueillir,recueillir,VER,B2,22.1419,8.139,1.28138,ʁəkœjiʁ,cueillir,1-1-1,_re/cueill(ir).ir,募集；征求,target_content_with_gloss,0.877425,1
456,amande,amande,NOM,B1,2.5051,2.636,0.58634,amɑ̃d,amande,0-1-0,/amande,巴旦木；巴达木,target_content_with_gloss,0.877418,1
2733,complexe,complexe,ADJ,B2,22.1337,10.114,5.32609,kɔ̃plɛks,complexe,0-1-1,/complex(e).e,复杂；情结,target_content_with_gloss,0.877409,1
3662,devant,devant,NOM,B1,2.4995,4.975,56.81568,dəvɑ̃,devant,0-1-0,/devant,前边；前面,target_content_with_gloss,0.877345,1
5987,guère,guère,ADV,B2,22.0576,9.687,3.68034,gɛʁ,guère,0-1-0,/guère,很少,target_content_with_gloss,0.877258,1
11547,résumer,résumer,VER,B2,22.0568,9.421,2.14329,ʁezyme,résumer,0-1-1,/résum(er).er,归纳；归结,target_content_with_gloss,0.877257,1
1618,bourgade,bourgade,NOM,B1,2.4917,0.307,0.10716,buʁgad,bourg,0-1-1,/bourg.ade,小镇；市集,target_content_with_gloss,0.877243,1
9474,persuader,persuader,VER,B2,22.0006,16.984,3.06644,pɛʁsɥade,persuader,0-1-1,/persuad(er).er,游说；相劝,target_content_with_gloss,0.877145,1
6932,interdiction,interdiction,NOM,B2,21.9593,4.769,1.77128,ɛ̃tɛʁdiksjɔ̃,dire,1-1-1,_inter/di(re)[c].tion,禁令；禁制,target_content_with_gloss,0.877063,1
8499,mélodie,mélodie,NOM,B1,2.4722,4.481,1.47581,melodi,mélodie,1-0-1,_mél(o).odie,唱腔；旋律,target_content_with_gloss,0.876987,1
1327,bavard,bavard,ADJ,B1,2.4675,4.18,1.58298,bavaʁ,bave,0-1-1,/bav(e).ard,健谈；啰嗦,target_content_with_gloss,0.876925,1
11761,savoureux,savoureux,ADJ,B1,2.4661,1.981,0.62156,savuʁø,saveur,0-1-1,/sav(e/o)ur.eux,可口；好吃,target_content_with_gloss,0.876906,1
2111,cellule,cellule,NOM,B2,21.8762,46.199,8.90692,selyl,cellule,0-1-0,/cellul(e),单元格；密室,target_content_with_gloss,0.876897,1
13051,transparent,transparent,ADJ,B1,2.4631,3.408,0.89712,tʁɑ̃spaʁɑ̃,paraître,1-1-1,_trans/par(aître).ent,清澈；透亮,target_content_with_gloss,0.876867,1
4143,déesse,déesse,NOM,B1,2.4613,800.418,2.31017,deɛs,déesse,0-1-0,/déesse,天仙；女神,target_content_with_gloss,0.876843,1
2258,chausser,chausser,VER,B1,2.4581,1.041,0.45468,ʃose,chausser,0-1-1,/chauss(er).er,培土,target_content_with_gloss,0.8768,1
7011,intégration,intégration,NOM,B2,21.8064,1.991,0.61237,ɛ̃tegʁasjɔ̃,intègre/entier??,0-1-1,/intégr(al).ation,一体化；主流化,target_content_with_gloss,0.876757,1
3376,croissance,croissance,NOM,B2,21.7204,5.845,2.08971,kʁwasɑ̃s,croître,0-1-1,/croî(tre).sance,发育；增殖,target_content_with_gloss,0.876584,1
8988,ordonnance,ordonnance,NOM,B1,2.4413,10.225,3.00214,ɔʁdonɑ̃s,ordre,0-1-2,/ord(re).on[n].ance,处方；法令,target_content_with_gloss,0.876578,1
9273,participant,participant,ADJ,B1,2.4407,0.456,0.95377,paʁtisipɑ̃,part,0-1-2,/part(ir).icip.ant,参与者；参加者,target_content_with_gloss,0.87657,1
12742,tempête,tempête,NOM,B1,2.439,23.5,5.9553,tɑ̃pɛt,tempête,0-1-1,/tempêt(e).e,暴风雨；雷雨,target_content_with_gloss,0.876547,1
12151,souple,souple,ADJ,B1,2.4361,3.772,1.25536,supl,souple,0-1-0,/souple,松软；柔顺,target_content_with_gloss,0.876508,1
5577,fréquentation,fréquentation,NOM,B1,2.4333,1.889,0.6537,fʁekɑ̃tasjɔ̃,fréquent,0-1-1,/fréquent.ation,交往；交际,target_content_with_gloss,0.876471,1
1131,aventurier,aventurier,NOM,B1,2.424,2.139,0.49449,avɑ̃tyʁje,venir,1-1-2,_a(d)/ven(ir)/t.ur(e).ier,冒险者,target_content_with_gloss,0.876347,1
12050,solennel,solennel,ADJ,B1,2.4184,2.165,0.52817,solanɛl,solennel,0-1-0,/solennel,严正；严肃,target_content_with_gloss,0.876272,1
6429,immigration,immigration,NOM,B2,21.5092,6.491,1.85701,imigʁasjɔ̃,migrer,1-1-1,_i(n)/m/migr(er).ation,出入境,target_content_with_gloss,0.876156,1
6042,gérer,gérer,VER,B2,21.3894,71.642,15.21586,ʒeʁe,gérer,0-1-1,/gér(er).er,代管；受理,target_content_with_gloss,0.875912,1
8475,médicament,médicament,NOM,B2,21.3888,47.161,9.77342,medikamɑ̃,{médic},0-1-1,/{médic}.ament,医药；药剂,target_content_with_gloss,0.875911,1
11953,silencieusement,silencieusement,ADV,B1,2.3895,1.212,0.5297,silɑ̃sjøzəmɑ̃,silence,0-1-2,/silenc(e).ieuse.ment,悄悄,target_content_with_gloss,0.875883,1
10798,reconduire,reconduire,VER,B1,2.3887,4.326,0.87875,ʁəkɔ̃dɥiʁ,{duire},2-1-0,_re_con/{dui(re)},送,target_content_with_gloss,0.875872,1
2639,combattant,combattant,NOM,B1,2.3866,8.231,2.17238,kɔ̃batɑ̃,combat,0-1-1,/combat[t].ant,战士,target_content_with_gloss,0.875844,1
10972,renforcer,renforcer,VER,B2,21.3227,11.427,1.87385,ʁɑ̃fɔʁse,force,2-1-0,_r_en/forc(e),加固；加强,target_content_with_gloss,0.875775,1
2432,circonstance,circonstance,NOM,B2,21.2982,24.022,8.76148,siʁkɔ̃stɑ̃s,{st},2-1-1,_1_circon/{st}.ance,境地；形势,target_content_with_gloss,0.875725,1
697,approche,approche,NOM,B2,21.2939,25.984,21.2921,apʁɔʃ,proche,1-1-0,_a(d)/p/proche,走近,target_content_with_gloss,0.875716,1
13948,électronique,électronique,ADJ,B1,45.4298,7.861,2.90416,elɛktʁonik,,1-0-1,_électron.ique,电子,target_content_with_gloss,0.875702,1
204,adoptif,adoptif,ADJ,B1,2.3709,4.348,0.594,adɔptif,opter,1-1-1,_ad/opt(er).if,义,target_content_with_gloss,0.875631,1
3147,copieux,copieux,ADJ,B1,2.3672,0.566,0.21586,kopjø,copieux,0-1-0,/copieux,丰盛；饶沃,target_content_with_gloss,0.875581,1
5882,gratter,gratter,VER,B1,2.3668,12.203,1.87844,gʁate,gratter,0-1-1,/gratt(er).er,刮；抓,target_content_with_gloss,0.875576,1
2022,carrosse,carrosse,NOM,B1,2.3514,2.68,0.77771,kaʁɔs,carrosse,0-1-1,/carross(e).e,马车,target_content_with_gloss,0.875366,1
7700,maigrir,maigrir,VER,B1,2.3499,3.646,0.75015,megʁiʁ,maigre,0-1-1,/maigr(e).ir,减肥；消瘦,target_content_with_gloss,0.875345,1
13089,tremblant,tremblant,ADJ,B1,2.3494,1.611,0.41794,tʁɑ̃blɑ̃,trembler,0-1-1,/trembl(er).ant,栗然,target_content_with_gloss,0.875338,1
14016,énigmatique,énigmatique,ADJ,B1,2.3025,1.095,0.3812,enigmatik,énigme,0-1-1,/énigm(e).atique,神奥；莫名,target_content_with_gloss,0.874693,1
11821,secrètement,secrètement,ADV,B1,2.3024,4.554,1.99479,səkʁɛtəmɑ̃,secret,0-1-1,/secrète.ment,暗地；暗地里,target_content_with_gloss,0.874691,1
5945,grossir,grossir,VER,B1,2.2838,8.234,1.20484,gʁosiʁ,gros,0-1-1,/gros[s].ir,上膘,target_content_with_gloss,0.874433,1
7950,matériel,matériel,NOM,B1,2.2771,22.44,8.52419,mateʁjɛl,matériel,0-1-1,/matéri(el).el,物质；用具,target_content_with_gloss,0.874339,1
293,agitation,agitation,NOM,B1,2.2763,4.272,1.80496,aʒitasjɔ̃,agiter,0-1-1,/agit(er).ation,掉举；风波,target_content_with_gloss,0.874328,1
215,adroit,adroit,ADJ,B1,2.2599,1.073,0.33987,adʁwa,droit,0-2-0,/à/droit,利落；巧手,target_content_with_gloss,0.874098,1
12706,taxe,taxe,NOM,B2,20.5136,6.908,1.52174,taks,taxer,0-1-1,/tax(er).e,捐；榷,target_content_with_gloss,0.874085,1
2816,concevoir,concevoir,VER,B2,20.3856,21.225,4.50704,kɔ̃səvwaʁ,{cev},1-1-1,_con/{cev}.oir,懂得；拟具,target_content_with_gloss,0.873812,1
10011,pression,pression,NOM,B2,20.2862,56.304,17.4357,pʁɛsjɔ̃,presser,0-2-0,/press(er)/ion,压力；鸭梨,target_content_with_gloss,0.873599,1
12116,souci,souci,NOM,B2,20.2212,60.896,12.42805,susi,souci,0-1-0,/souci,心事；忧愁,target_content_with_gloss,0.873459,1
10032,princesse,princesse,NOM,B1,43.005,1.152,0.60778,pʁɛ̃sɛs,,,,公主；王妃,target_content_with_gloss,0.873246,1
686,application,application,NOM,B2,20.1203,6.839,2.10502,aplikasjɔ̃,[plic},1-1-1,_a(d)/p/[plic}.ation,函数；应用,target_content_with_gloss,0.873241,1
6979,intime,intime,ADJ,B2,20.0706,15.025,4.01715,ɛ̃tim,intime,0-1-1,/intim(e).e,亲密；亲近,target_content_with_gloss,0.873133,1
13590,viser,viser,VER,B2,19.9729,35.18,4.7275,vize,viser,0-1-1,/vis(er).er,瞄准；针对,target_content_with_gloss,0.87292,1
1210,baiser,baiser,NOM,B1,2.1608,32.807,15.95836,beze,baiser,0-1-1,/bais(er).er,亲亲；亲吻,target_content_with_gloss,0.872685,1
787,armure,armure,NOM,B1,2.1582,7.75,1.87538,aʁmyʁ,arme,0-1-1,/arm(e).ure,战袍；盔甲,target_content_with_gloss,0.872647,1
14143,éternité,éternité,NOM,B1,2.1577,16.864,6.44825,etɛʁnite,éternel,0-1-1,/étern(el).ité,万世；永恒,target_content_with_gloss,0.87264,1
5461,fournir,fournir,VER,B2,19.8055,32.75,4.75658,fuʁniʁ,fournir,0-1-1,/fourn(ir).ir,作出；供应,target_content_with_gloss,0.872553,1
5374,fondamental,fondamental,ADJ,B2,19.7806,4.111,0.54501,fɔ̃damɑ̃tal,fond,0-1-2,/fond.ament.al,根本的，基础的,target_content_with_gloss,0.872498,1
13237,télécommande,télécommande,NOM,B1,2.144,5.275,1.74985,telekomɑ̃d,commande,1-1-1,_télé/command(e).e,遥控；遥控器,target_content_with_gloss,0.872441,1
5154,favorable,favorable,ADJ,B2,19.7194,3.905,1.18034,favoʁabl,faveur,0-1-1,/fav(eu/o)r.able,优厚；优惠,target_content_with_gloss,0.872363,1
5530,frire,frire,VER,B1,2.1375,7.709,1.27832,fʁiʁ,frire,0-1-0,/frire,油炸,target_content_with_gloss,0.872346,1
8833,observation,observation,NOM,B2,19.7037,9.778,3.21035,opsɛʁvasjɔ̃,observer,0-1-1,/observ(er).ation,批示；观察,target_content_with_gloss,0.872328,1
3914,doré,doré,ADJ,B1,2.1219,6.614,1.24005,doʁe,or,0-1-1,/dor(é).é,金色；金黄,target_content_with_gloss,0.872118,1
8587,nation,nation,NOM,B2,19.5682,24.671,4.98928,nasjɔ̃,nation,0-1-0,/nation,国家；国度,target_content_with_gloss,0.872028,1
10111,profit,profit,NOM,B2,19.4245,14.88,4.05236,pʁofi,profit,0-1-0,/profit,利润；回报,target_content_with_gloss,0.871707,1
11992,sirène,sirène,NOM,B1,2.0839,11.424,2.58114,siʁɛn,sirène,0-1-0,/sirène,人鱼；美人鱼,target_content_with_gloss,0.871558,1
13906,égard,égard,NOM,B2,19.3305,7.864,2.54899,egaʁ,garder,1-1-0,_é/gard(er),方面,target_content_with_gloss,0.871496,1
4764,entretenir,entretenir,VER,B2,19.22,12.228,2.797,ɑ̃tʁətəniʁ,tenir,1-1-1,_entre/ten(ir).ir,保养；包养,target_content_with_gloss,0.871246,1
9884,porteur,porteur,NOM,B2,19.1908,5.38,1.89528,pɔʁtœʁ,porter,0-1-1,/port(er).eur,无记名,target_content_with_gloss,0.87118,1
6886,instrument,instrument,NOM,B2,19.1803,14.342,2.93631,ɛ̃stʁymɑ̃,instrument,0-1-0,/instrument,仪器；器具,target_content_with_gloss,0.871156,1
9723,plongeur,plongeur,NOM,B1,2.0517,3.601,0.51898,plɔ̃ʒœʁ,plomb,0-1-1,/plong(er).eur,海人,target_content_with_gloss,0.871077,1
5454,fourchette,fourchette,NOM,B1,2.047,5.978,1.74525,fuʁʃɛt,fourche,0-1-1,/fourch(e).ette,叉子,target_content_with_gloss,0.871006,1
8007,menton,menton,NOM,B1,2.0463,6.364,2.48622,mɑ̃tɔ̃,menton,0-1-0,/menton,下巴,target_content_with_gloss,0.870996,1
6319,héberger,héberger,VER,B1,2.0422,4.791,0.88641,ebɛʁʒe,héberger,0-1-1,/heberg(er).er,住宿；收留,target_content_with_gloss,0.870934,1
8338,mourant,mourant,ADJ,B1,2.029,11.231,3.62676,muʁɑ̃,mourir,0-1-1,/mour(ir).ant,不行了；临死,target_content_with_gloss,0.870735,1
3705,diffuser,diffuser,VER,B2,18.9889,13.038,2.54133,difyze,fusion,1-1-1,_di(s)/f/fus(ion).er,传出；传播,target_content_with_gloss,0.87072,1
4237,démarche,démarche,NOM,B2,18.9722,4.472,1.47734,demaʁʃ,marcher,1-1-1,_dé/march(er).e,步态；方法，举措,target_content_with_gloss,0.870682,1
7045,investir,investir,VER,B2,18.9406,19.032,2.80312,ɛ̃vɛstiʁ,veste,1-1-1,_in/vest(e).ir,付出；出资,target_content_with_gloss,0.870609,1
12839,tilleul,tilleul,NOM,B1,2.0162,0.364,0.09032,tijœl,tilleul,0-1-1,/till(eul).eul,椴,target_content_with_gloss,0.870541,1
12717,technique,technique,NOM,B2,18.845,14.633,7.79241,tɛknik,technique,0-1-0,/technique,手法；技术,target_content_with_gloss,0.870389,1
4975,exploiter,exploiter,VER,B2,18.7951,10.446,2.10043,ɛksplwate,exploit,0-1-1,/exploit.er,剥削；压榨,target_content_with_gloss,0.870274,1
218,adulte,adulte,ADJ,B2,18.7739,14.212,9.78108,adylt,adulte,0-1-0,/adult(e),大人；成人,target_content_with_gloss,0.870225,1
12035,soigné,soigné,ADJ,B1,1.9849,2.089,2.82762,swaɲe,soin,0-1-1,/soign(er).é,周密；工整,target_content_with_gloss,0.870064,1
796,arracher,arracher,VER,B2,18.6411,40.165,5.80374,aʁaʃe,arracher,0-1-1,/arrach(er).er,博得；夺得,target_content_with_gloss,0.869916,1
5200,festival,festival,NOM,B1,39.8921,11.975,2.72505,fɛstival,,0-1-0,/§festival§,節日；节庆,target_content_with_gloss,0.869888,1
10149,promesse,promesse,NOM,B2,18.617,36.658,9.0248,pʁomɛs,mettre,1-1-1,_pro/me(ttre)/s.se,允诺；出息,target_content_with_gloss,0.86986,1
1622,bourgeoisie,bourgeoisie,NOM,B1,1.9586,0.807,0.25566,buʁʒwazi,bourg,0-1-2,/bourg[e].ois.ie,资产阶级,target_content_with_gloss,0.869659,1
12810,thème,thème,NOM,B1,39.6781,11.139,3.12921,tɛm,,0-0-1,.e,专题；主旋律,target_content_with_gloss,0.869647,1
8994,oreiller,oreiller,NOM,B1,1.9549,11.687,3.53337,oʁeje,oreille,0-1-1,/oreill(e).er,枕头,target_content_with_gloss,0.869601,1
8620,neiger,neiger,VER,B1,1.9481,5.089,7.52143,neʒe,neige,0-1-1,/neig(e).er,下雪,target_content_with_gloss,0.869496,1
7308,laine,laine,NOM,B1,1.9418,4.158,1.48959,lɛn,laine,0-1-1,/lain(e).e,羊毛；莱恩,target_content_with_gloss,0.869398,1
10432,pur,pur,ADJ,B2,18.4169,36.266,6.61819,pyʁ,pur,0-1-0,/pur,剔透；单纯,target_content_with_gloss,0.869391,1
9016,originaire,originaire,ADJ,B2,18.4068,2.937,1.13901,oʁiʒinɛʁ,origine,0-1-1,/origin(e).aire,原来；始发,target_content_with_gloss,0.869367,1
3625,dernièrement,dernièrement,ADV,B1,1.9387,13.934,5.92621,dɛʁnjɛʁəmɑ̃,dernier,0-1-1,/dernière.ment,前一向；最近,target_content_with_gloss,0.86935,1
5880,gratitude,gratitude,NOM,B1,1.9387,7.123,2.90876,gʁatityd,grâce,0-1-1,/grâc(e)/t.itude,感恩；感谢,target_content_with_gloss,0.86935,1
3512,céder,céder,VER,B2,18.2837,18.918,2.88426,sede,céder,0-1-1,/{ced/(ss)}.er,俯就；妥协,target_content_with_gloss,0.869076,1
2439,cirer,cirer,VER,B1,1.9167,3.497,1.65187,siʁe,cirer,0-1-1,/cir(er).é,打蜡,target_content_with_gloss,0.869006,1
1568,bouclier,bouclier,NOM,B1,1.9161,16.285,2.18004,buklije,boucle,0-1-1,/boucl(e).ier,盾牌,target_content_with_gloss,0.868996,1
457,amant,amant,NOM,B2,18.2493,23.538,4.80557,amɑ̃,aimer,0-1-1,/a(i)m(er).ant,姘头；情人,target_content_with_gloss,0.868994,1
5746,gelée,gelée,NOM,B1,1.9143,4.617,2.40508,ʒəle,geler,0-1-1,/gel(er).ée,冻,target_content_with_gloss,0.868968,1
13659,volcan,volcan,NOM,B1,1.9101,5.418,1.1038,vɔlkɑ̃,volcan,0-1-0,/volcan,火山,target_content_with_gloss,0.868902,1
7802,manifester,manifester,VER,B2,18.1411,8.642,1.85854,manifɛste,manifester,0-1-1,/manifest(er).er,反映；彰显,target_content_with_gloss,0.868736,1
2681,commission,commission,NOM,B2,18.0983,18.491,4.73362,komisjɔ̃,mission,1-1-1,_com/miss(ion).ion,佣金；回扣,target_content_with_gloss,0.868633,1
570,angoisse,angoisse,NOM,B2,18.0888,7.551,2.88579,ɑ̃gwas,angoisse,0-1-1,/angoiss(e).er,提心吊胆,target_content_with_gloss,0.868611,1
6448,impact,impact,NOM,B2,18.0777,14.611,4.64329,ɛ̃pakt,impact,0-1-0,/impact,冲击；影响力,target_content_with_gloss,0.868584,1
4264,démontrer,démontrer,VER,B2,18.0774,7.687,1.25689,demɔ̃tʁe,montrer,1-1-1,_dé/montr(er).er,尽展；显示,target_content_with_gloss,0.868583,1
11938,signal,signal,NOM,B2,18.0654,50.025,12.02388,siɲal,signe,0-1-0,/signal,信号；信标,target_content_with_gloss,0.868554,1
9782,poire,poire,NOM,B1,1.8819,4.408,1.18187,pwaʁ,poire,0-1-1,/poir(e).e,梨；棃,target_content_with_gloss,0.868456,1
4052,décennie,décennie,NOM,B2,18.0037,6.579,1.6978,deseni,année,1-1-0,_déc(em)/(a)/enn(ée),年代,target_content_with_gloss,0.868406,1
1425,biologique,biologique,ADJ,B2,18.0018,12.326,3.19198,bjoloʒik,biologie,1-0-2,_bio.{log}.ique,生命；生物,target_content_with_gloss,0.868402,1
13930,électeur,électeur,NOM,B1,1.8752,4.94,1.36558,elɛktœʁ,lecteur,1-1-1,_é/lect(eur).eur,选民,target_content_with_gloss,0.86835,1
8227,monastère,monastère,NOM,B1,1.872,3.934,0.88794,monastɛʁ,moine,0-1-2,/mo(i)n(e).ast.ère,修道院；寺庙,target_content_with_gloss,0.868299,1
1728,brume,brume,NOM,B1,1.8703,3.753,1.08236,bʁym,brume,0-1-1,/brum(e).e,云雾；薄雾,target_content_with_gloss,0.868271,1
11417,réflexion,réflexion,NOM,B1,38.4448,8.06,2.8812,ʁeflɛksjɔ̃,,0-1-1,/§réflex(e)§.ion,体会；反光,target_content_with_gloss,0.868238,1
2827,conclusion,conclusion,NOM,B2,17.9328,16.054,4.06614,kɔ̃klyzjɔ̃,{clu(re)},0-1-1,/{clu(re)}.sion,定论；结尾,target_content_with_gloss,0.868235,1
5033,extrêmement,extrêmement,ADV,B2,17.902,18.81,7.60257,ɛkstʁɛməmɑ̃,extrême,0-1-1,/extrême.ment,万分；万般,target_content_with_gloss,0.86816,1
3905,donnée,donnée,NOM,B2,17.8975,39.94,11.49571,done,don,0-2-0,/don[n]/ée,数据；资料,target_content_with_gloss,0.86815,1
9722,plonger,plonger,VER,B2,17.8851,24.013,3.29761,plɔ̃ʒe,plomb,0-1-1,/plong(er).er,扑救；跳水,target_content_with_gloss,0.868119,1
7820,manteau,manteau,NOM,B1,38.3365,27.354,7.46326,mɑ̃to,,0-1-1,/mant(e).eau,外套；外衣,target_content_with_gloss,0.868112,1
12322,stupéfaction,stupéfaction,NOM,B1,1.8535,0.215,0.09645,stypefaksjɔ̃,stupeur,0-1-2,/stup(eur).éfac.tion,惊愕,target_content_with_gloss,0.868003,1
1855,caillou,caillou,NOM,B1,1.8463,7.772,1.35028,kaju,caillou,0-1-0,/caillou,碎石,target_content_with_gloss,0.867887,1
1020,audience,audience,NOM,B2,17.7431,21.38,5.38885,odjɑ̃s,audio,1-0-1,_audi(o).ience,受众；审问,target_content_with_gloss,0.867774,1
12396,suggérer,suggérer,VER,B2,17.6642,44.804,7.96846,sygʒeʁe,gérer,1-1-1,_su(b)/g/gér(er).er,介绍；写意,target_content_with_gloss,0.867581,1
4343,député,député,NOM,B2,17.6372,10.94,1.59829,depyte,{put},1-1-1,_dé/{put}.é,代表；众议员,target_content_with_gloss,0.867515,1
1140,aveugle,aveugle,ADJ,B1,1.8011,26.747,9.53919,avœgl,aveugle,0-1-0,/aveugle,盲人；盲目,target_content_with_gloss,0.867154,1
2678,commettre,commettre,VER,B2,17.4194,45.861,10.38579,komɛtʁ,mettre,1-1-1,_com/mett(re).re,委任,target_content_with_gloss,0.866976,1
11318,rupture,rupture,NOM,B2,17.375,15.104,5.26944,ʁyptyʁ,{rupt},0-1-1,/{rupt}.ure,中断；折断,target_content_with_gloss,0.866866,1
2131,centraliser,centraliser,VER,B1,1.7752,0.456,0.07195,sɑ̃tʁalize,centre,0-1-3,/centr(e).al.is.er,集中,target_content_with_gloss,0.866729,1
4273,déménagement,déménagement,NOM,B1,1.7746,3.921,1.47428,demenaʒəmɑ̃,ménage,1-1-1,_dé/ménag(e).ement,搬移,target_content_with_gloss,0.866719,1
7790,manger,manger,NOM,B1,1.7743,4.522,45.61696,mɑ̃ʒe,manger,0-1-1,/mang(er).er,吃食；吃饭,target_content_with_gloss,0.866714,1
13611,vitesse,vitesse,NOM,B1,37.0162,41.025,11.89835,vitɛs,,0-1-1,/vit(e).esse,快慢；排档,target_content_with_gloss,0.866549,1
9907,postal,postal,ADJ,B2,17.2081,7.608,1.55236,pɔstal,poste,0-1-1,/post(e).al,邮,target_content_with_gloss,0.866448,1
7159,jet,jet,NOM,B1,1.7547,13.494,3.44152,dʒɛt,jeter,0-1-0,/jet(er),喷出；喷射机,target_content_with_gloss,0.86639,1
14049,épicerie,épicerie,NOM,B1,1.7536,8.418,2.76791,episəʁi,épice,0-1-1,/épic(e).erie,杂货店,target_content_with_gloss,0.866371,1
13592,visible,visible,ADJ,B2,17.1538,7.693,2.31476,vizibl,viser,0-1-1,/vis(er).ible,在即；有形,target_content_with_gloss,0.866311,1
13477,verser,verser,VER,B2,17.1358,21.899,2.55205,vɛʁse,vers,0-1-1,/vers.er,下注；倒入,target_content_with_gloss,0.866266,1
2790,compétence,compétence,NOM,B2,17.0666,13.165,4.16565,kɔ̃petɑ̃s,{pét},1-1-1,_com/{pét}.ence,一手；两把刷子,target_content_with_gloss,0.866091,1
8001,menteur,menteur,NOM,B1,1.7258,37.547,9.74587,mɑ̃tœʁ,mentir,0-1-1,/ment(ir).eur,爱说谎；说谎,target_content_with_gloss,0.865907,1
9015,orienter,orienter,VER,B2,16.9785,3.421,0.62921,oʁjɑ̃te,orient,0-1-1,/orient.er,导向；指导,target_content_with_gloss,0.865867,1
13802,écarter,écarter,VER,B2,16.9645,23.725,2.68371,ekaʁte,quart,1-1-1,_é/c/(qu)art.er,偏离；掀开,target_content_with_gloss,0.865832,1
7599,luxe,luxe,NOM,B2,16.8211,12.858,5.26944,lyks,luxe,0-1-0,/luxe,奢丽,target_content_with_gloss,0.865465,1
10726,rat,rat,NOM,B2,16.7443,36.962,5.59094,ʁa,rat,0-1-0,/rat,老鼠；耗子,target_content_with_gloss,0.865267,1
5377,fondateur,fondateur,NOM,B2,16.635,5.313,1.25689,fɔ̃datœʁ,fond,0-1-1,/fond.ateur,创始人,target_content_with_gloss,0.864984,1
12559,synthétique,synthétique,ADJ,B1,1.66,3.114,0.75628,sɛ̃tetik,thèse,0-1-1,/thè(se)/t.ique,合成,target_content_with_gloss,0.864788,1
2721,compassion,compassion,NOM,B1,1.658,10.241,3.99112,kɔ̃pasjɔ̃,pâtir,1-1-1,_com/pâ(tir).sion,同情；恻隐之心,target_content_with_gloss,0.864754,1
13886,édifier,édifier,VER,B1,1.6556,0.497,0.19443,edifje,{edi},0-1-2,/{edi}.fi.er,建造（宏伟建筑）；教化,target_content_with_gloss,0.864712,1
7814,manque,manque,NOM,B1,35.4447,25.228,36.3166,mɑ̃k,,0-1-1,/manqu(er).e,歉；缺,target_content_with_gloss,0.864616,1
13533,vieillissement,vieillissement,NOM,B2,16.4764,1.041,0.39804,vjejisəmɑ̃,vieux,0-1-2,/vieil[l].iss.ement,变老；时效,target_content_with_gloss,0.864571,1
4917,exclure,exclure,VER,B2,16.4684,12.816,2.1188,ɛksklyʁ,{clu(re)},1-1-1,_ex/{clu(re)}.re,去掉；封杀,target_content_with_gloss,0.86455,1
11764,scandale,scandale,NOM,B2,16.4508,14.823,4.78873,skɑ̃dal,scandale,0-1-1,/scandal(e).e,丑闻；弊案,target_content_with_gloss,0.864503,1
8233,mondialisation,mondialisation,NOM,B2,16.2309,0.313,0.10716,mɔ̃djalizasjɔ̃,monde,0-1-2,/mond(e).ialis.ation,全球化,target_content_with_gloss,0.863923,1
11375,réchauffement,réchauffement,NOM,B2,16.0994,2.943,0.83742,ʁeʃofmɑ̃,chaud,1-1-1,_re/chau(d)/f.ement,升温,target_content_with_gloss,0.863572,1
7065,inégalité,inégalité,NOM,B2,16.0474,0.525,0.12247,inegalite,égal,1-1-1,_in/égal.ité,不平等；不等,target_content_with_gloss,0.863433,1
8382,multiplier,multiplier,VER,B1,34.4875,5.269,0.43938,myltiplije,,1-0-2,_multi.pli(er).er,翻番,target_content_with_gloss,0.863398,1
10143,prolonger,prolonger,VER,B2,16.0256,5.247,1.05021,pʁolɔ̃ʒe,long,1-1-1,_pro/long.er,延长,target_content_with_gloss,0.863374,1
4661,enfoncer,enfoncer,VER,B2,16.0019,19.487,2.624,ɑ̃fɔ̃se,fond,1-1-1,_en/fon(d)/c.er,压住；按下,target_content_with_gloss,0.86331,1
13885,édifice,édifice,NOM,B2,15.9999,1.915,0.57716,edifis,{edi},0-1-1,/{edi}.fice,大厦，宏伟建筑,target_content_with_gloss,0.863305,1
8046,meurtre,meurtre,NOM,B2,15.9822,161.608,22.92254,mœʁtʁ,meurtre,0-1-1,/meurtr(e).e,凶杀,target_content_with_gloss,0.863257,1
5698,garantir,garantir,VER,B2,15.9235,22.12,4.03858,gaʁɑ̃tiʁ,garantir,0-1-1,/garant(ir).ir,保证；保障,target_content_with_gloss,0.863099,1
4963,expert,expert,NOM,B2,15.9141,24.313,7.4801,ɛkspɛʁ,expert,0-1-0,/expert,一把好手；专业人才,target_content_with_gloss,0.863073,1
12062,solliciter,solliciter,VER,B2,15.8494,3.854,0.46081,solisite,solliciter,0-1-1,/sollicit(er).er,征求；请求,target_content_with_gloss,0.862898,1
3748,dire,dire,NOM,B2,15.781,60.37,96.85701,diʁ,dire,0-1-0,/dire,一说；叙说,target_content_with_gloss,0.862712,1
1012,aube,aube,NOM,B2,15.746,19.041,6.88916,ob,aube,0-1-0,/aube,凌晨；天亮,target_content_with_gloss,0.862616,1
12509,susceptible,susceptible,ADJ,B2,15.6938,5.047,1.60441,sysɛptibl,{cept},1-1-1,_su(b)/s/{cept}.ible,多愁善感；敏感,target_content_with_gloss,0.862473,1
4575,employeur,employeur,NOM,B2,15.4984,6.028,1.76209,ɑ̃plwajœʁ,ployer,1-1-1,_em/plo(yer).eur,雇主,target_content_with_gloss,0.861934,1
869,assassiner,assassiner,VER,B2,15.4241,39.003,7.39437,asasine,assassin,0-1-1,/assassin.er,刺杀；干掉,target_content_with_gloss,0.861727,1
4562,empereur,empereur,NOM,B2,15.3464,22.43,2.36069,ɑ̃pəʁœʁ,empereur,0-1-0,/empereur,大圣；天子,target_content_with_gloss,0.86151,1
223,adversaire,adversaire,NOM,B2,15.207,14.263,3.6237,advɛʁsɛʁ,vers,1-1-1,_ad/vers.aire,仇人；仇家,target_content_with_gloss,0.861118,1
2807,concept,concept,NOM,B2,15.2012,10.608,3.54868,kɔ̃sɛpt,concept,0-1-0,/concept,概念；理念,target_content_with_gloss,0.861102,1
6006,génie,génie,NOM,B2,15.1904,40.826,12.4602,ʒeni,genie,0-1-1,/géni(e).e,天才；奇才,target_content_with_gloss,0.861071,1
8094,milliard,milliard,NOM,B1,32.6271,22.734,4.406,miljaʁ,,1-0-1,_milli.ard,十亿,target_content_with_gloss,0.860933,1
1263,baptiser,baptiser,VER,B2,15.1388,6.943,0.93539,batize,baptême,0-1-2,/bapt(ême).is.er,命名；起名,target_content_with_gloss,0.860925,1
3833,distribution,distribution,NOM,B2,15.1253,5.633,2.19841,distʁibysjɔ̃,tribut,1-1-1,_dis/tribut.ion,分发；分布,target_content_with_gloss,0.860887,1
12269,star,star,NOM,B1,32.4459,52.592,11.04868,staʁ,,0-1-0,/§star§,大腕；明星,target_content_with_gloss,0.860685,1
4583,empreinte,empreinte,NOM,B2,14.8855,26.12,9.64789,ɑ̃pʁɛ̃t,empreindre,0-1-1,/emprein(dre)/t.te,印记；烙印,target_content_with_gloss,0.860201,1
11908,sexe,sexe,NOM,B1,32.0467,63.222,15.69963,sɛks,,0-1-0,/sex(e),性事；性别,target_content_with_gloss,0.860136,1
4836,essai,essai,NOM,B2,14.8612,29.066,6.71464,esɛ,essai,0-1-0,/essai,小品；尝试,target_content_with_gloss,0.860131,1
7258,justifier,justifier,VER,B2,14.7703,17.149,3.23484,ʒystifje,juste,0-1-2,/just(e).ifi.er,辩解,target_content_with_gloss,0.859868,1
469,ambition,ambition,NOM,B2,14.7379,10.399,3.00061,ɑ̃bisjɔ̃,ambition,0-1-0,/ambition,上进心；志气,target_content_with_gloss,0.859774,1
11038,représentant,représentant,NOM,B2,14.7256,12.547,3.67422,ʁəpʁezɑ̃tɑ̃,présent,1-1-1,_re/présent.ant,中介；代理,target_content_with_gloss,0.859738,1
2257,chauffeur,chauffeur,NOM,B2,14.7181,30.073,8.17055,ʃofœʁ,chaleur,0-1-1,/chauffer.eur,司机；驾驶员,target_content_with_gloss,0.859716,1
424,allure,allure,NOM,B2,14.6651,8.367,3.37263,alyʁ,aller,0-1-1,/all(er).ure,体态；意态,target_content_with_gloss,0.859561,1
7360,latin,latin,NOM,B2,14.63,4.823,2.32394,latɛ̃,latin,0-1-0,/latin,拉丁,target_content_with_gloss,0.859459,1
13674,volume,volume,NOM,B2,14.5462,7.348,2.58573,volym,volume,0-1-0,/volum(e),体积；分册,target_content_with_gloss,0.859213,1
835,artisan,artisan,NOM,B2,14.5111,2.101,0.51745,aʁtizɑ̃,art,0-1-1,/art.isan,工匠；艺人,target_content_with_gloss,0.859109,1
7909,masculin,masculin,ADJ,B2,14.4436,8.601,1.89835,maskylɛ̃,masculin,0-1-0,/masculin,阳性,target_content_with_gloss,0.858909,1
3790,dispositif,dispositif,NOM,B2,14.4276,8.848,2.47857,dispozitif,disposer,0-1-1,/dispos(er).itif,器件；机关,target_content_with_gloss,0.858862,1
11944,signature,signature,NOM,B2,14.3014,21.696,6.55848,siɲatyʁ,signe,0-1-2,/sign(e).at.ure,签名；签章,target_content_with_gloss,0.858486,1
9245,parlement,parlement,NOM,B2,14.2807,4.528,1.20943,paʁləmɑ̃,parler,0-1-1,/parl(er).ement,国会；议会,target_content_with_gloss,0.858424,1
8448,mécanisme,mécanisme,NOM,B2,14.2569,5.44,1.83711,mekanizm,mécanique,0-1-1,/mécani(que)/c.isme,机制；机构,target_content_with_gloss,0.858353,1
8784,néanmoins,néanmoins,ADV,B2,14.1349,5.066,2.96234,neɑ̃mwɛ̃,néant,0-2-0,/néan(t)/moins,不过；却是,target_content_with_gloss,0.857985,1
7498,local,local,NOM,B2,14.1294,7.93,4.96785,lokal,local,0-1-0,/local,乡土；原地,target_content_with_gloss,0.857968,1
9766,poignée,poignée,NOM,B2,14.1063,14.658,4.94182,pwaɲe,poing,0-1-1,/poign(e).ée,手把；把手,target_content_with_gloss,0.857899,1
11034,reprocher,reprocher,VER,B2,14.1051,15.348,2.70055,ʁəpʁoʃe,proche,1-1-1,_re/proch(e).er,嗔怨；抢白,target_content_with_gloss,0.857895,1
2597,colle,colle,NOM,B2,14.0923,7.263,8.40018,kɔl,colle,0-1-0,/colle,胶水；胶粘剂,target_content_with_gloss,0.857856,1
2528,clou,clou,NOM,B2,14.0167,10.785,2.23974,klu,clou,0-1-0,/clou,钉子,target_content_with_gloss,0.857626,1
11209,robot,robot,NOM,B1,30.2584,23.459,3.36957,ʁobo,,0-1-0,/§robot§,机器人,target_content_with_gloss,0.857589,1
6349,hôte,hôte,NOM,B2,13.9139,19.778,3.13227,ot,hôtel,0-1-1,/hôt(el).e,东道主；主人,target_content_with_gloss,0.857312,1
6444,immédiat,immédiat,ADJ,B2,13.9017,9.601,2.33925,imedja,immédiat,0-1-0,/immédiat,直接,target_content_with_gloss,0.857274,1
9267,partenaire,partenaire,NOM,B1,29.9532,57.316,12.08512,paʁtənɛʁ,,0-1-0,/§partenaire§,伙伴；伴侣,target_content_with_gloss,0.85714,1
911,assumer,assumer,VER,B2,13.789,15.136,3.00827,asyme,{sumer},1-1-1,_a(d)/s/{sum(er)}.er,当上；承当,target_content_with_gloss,0.856927,1
4856,esthétique,esthétique,ADJ,B2,13.7786,3.114,1.38702,ɛstetik,esthète,0-1-1,/esthèt(e).ique,唯美；审美,target_content_with_gloss,0.856894,1
2075,catastrophe,catastrophe,NOM,B1,29.7645,11.775,4.00643,katastʁɔf,,2-0-1,_1_cata.strophe,急难；浩劫,target_content_with_gloss,0.85686,1
13003,trait,trait,NOM,B2,13.7381,8.547,2.25352,tʁɛ,trait,0-1-0,/trait,笔画；线条,target_content_with_gloss,0.856769,1
3932,douloureux,douloureux,ADJ,B2,13.629,16.946,5.35671,duluʁø,douleur,0-1-1,/doul(e)/our.eux,惨痛；苦涩,target_content_with_gloss,0.856429,1
6767,inférieur,inférieur,ADJ,B2,13.6147,8.611,1.49112,ɛ̃feʁjœʁ,inférieur,0-1-1,/inféri(eur).eur,三流；下三滥,target_content_with_gloss,0.856384,1
12514,suspendre,suspendre,VER,B2,13.5978,15.75,2.65922,syspɑ̃dʁ,pendre,1-1-1,_s(o)us/pend(re).re,中断；中止,target_content_with_gloss,0.856331,1
2312,chimie,chimie,NOM,B2,13.5885,6.807,2.32088,ʃimi,chimie,0-1-0,/chimi(e),化学,target_content_with_gloss,0.856302,1
673,appartenance,appartenance,NOM,B2,13.5128,0.861,0.36742,apaʁtənɑ̃s,part,1-2-1,_a(d)/p/part/ten(ir).ance,籍,target_content_with_gloss,0.856064,1
12440,supporter,supporter,VER,B1,29.1708,68.259,13.43846,sypoʁte,,0-1-0,/§supporter§,力挺；受到,target_content_with_gloss,0.855968,1
3931,douleur,douleur,NOM,B2,13.4478,66.028,17.02388,dulœʁ,douleur,0-1-0,/douleur,伤痛；劳什子,target_content_with_gloss,0.855858,1
11886,serre,serre,NOM,B2,13.3504,3.699,5.06889,sɛʁ,serrer,0-1-1,/serr(er).e,温室,target_content_with_gloss,0.855548,1
1673,bref,bref,ADJ,B2,13.3454,13.636,15.8466,bʁɛf,bref,0-1-0,/bref,总而言之；短暂,target_content_with_gloss,0.855532,1
10895,relatif,relatif,ADJ,B2,13.3264,3.342,0.56797,ʁəlatif,{lat},1-1-1,_re/{lat}.if,相对,target_content_with_gloss,0.855472,1
13069,travailleur,travailleur,NOM,B2,13.319,9.234,2.203,tʁavajœʁ,travail,0-1-1,/travail[l].eur,劳动者；劳工,target_content_with_gloss,0.855448,1
11544,résoudre,résoudre,VER,B2,13.3144,50.256,10.49143,ʁezudʁ,solution,1-1-0,_ré/so(udre)/l,下决心；了却,target_content_with_gloss,0.855433,1
12811,thèse,thèse,NOM,B2,13.3016,4.88,1.51562,tɛz,thèse,0-1-1,/thès(e).e,论文；论文集,target_content_with_gloss,0.855392,1
6829,inquiétude,inquiétude,NOM,B2,13.2452,13.937,4.81017,ɛ̃kjetyd,quiet,1-1-1,_in/quiet.ude,堪虞；忧心,target_content_with_gloss,0.855212,1
4171,définitivement,définitivement,ADV,B2,13.1313,15.304,6.23699,definitivəmɑ̃,fin,1-1-2,_dé/fin.itive.ment,定然,target_content_with_gloss,0.854844,1
9368,pavillon,pavillon,NOM,B2,13.1265,4.396,1.36252,pavijɔ̃,pavillon,0-1-0,/pavillon,亭台；亭子,target_content_with_gloss,0.854829,1
2905,conférence,conférence,NOM,B2,13.1055,27.81,7.54133,kɔ̃feʁɑ̃s,{fér},1-1-1,_con/{fér}.ence,会议；座谈会,target_content_with_gloss,0.85476,1
10261,précaution,précaution,NOM,B2,13.0958,9.453,2.1586,pʁekosjɔ̃,caution,1-1-0,_pré/caution,警示；预防措施,target_content_with_gloss,0.854729,1
4788,environnemental,environnemental,ADJ,B2,13.0775,2.136,0.29853,ɑ̃viʁɔnəmɑ̃tal,virer,1-1-2,_en/vir(er).onnement.al,环保型,target_content_with_gloss,0.854669,1
7020,intérieur,intérieur,ADJ,B2,13.0316,13.81,34.54532,ɛ̃teʁjœʁ,intérieur,0-1-0,/intérieur,内部；内陆,target_content_with_gloss,0.85452,1
10271,précision,précision,NOM,B2,13.0313,6.456,2.28873,pʁesizjɔ̃,précis,0-1-1,/précis.ion,简明；精准,target_content_with_gloss,0.854519,1
10514,pétrole,pétrole,NOM,B2,12.9783,14.016,2.85824,petʁɔl,{pétr},0-1-1,/{pétr}.ole,石油,target_content_with_gloss,0.854346,1
6267,humanité,humanité,NOM,B2,12.9581,22.918,7.33925,ymanite,homme,0-1-1,/huma(i)n.ité,人性；人类,target_content_with_gloss,0.85428,1
6224,horizon,horizon,NOM,B2,12.9063,7.712,2.19994,oʁizɔ̃,horizon,0-1-0,/horizon,地平线；天涯,target_content_with_gloss,0.854109,1
7118,issue,issue,NOM,B2,12.9037,13.899,5.43784,isy,issu,0-1-1,/iss(u).ue,下文；出路,target_content_with_gloss,0.854101,1
13653,volaille,volaille,NOM,B2,12.8658,1.715,0.54042,volaj,vol,0-1-1,/vol.aille,家禽；禽类,target_content_with_gloss,0.853976,1
1172,aérien,aérien,ADJ,B2,12.8463,15.861,2.14023,aeʁjɛ̃,air,0-1-1,/aér(er).ien,空中；高架,target_content_with_gloss,0.853911,1
12755,tension,tension,NOM,B2,12.7681,23.142,6.5447,tɑ̃sjɔ̃,tendre,0-1-1,/ten(dre)/s.ion,张力,target_content_with_gloss,0.853652,1
7620,lâcher,lâcher,VER,B2,12.7673,152.028,24.69688,laʃe,lâcher,0-1-1,/lâch(er).er,放开；松开,target_content_with_gloss,0.853649,1
478,amende,amende,NOM,B2,12.6784,9.576,2.87508,amɑ̃d,amende,0-1-0,/amende,罚款；罚金,target_content_with_gloss,0.853353,1
13956,éliminer,éliminer,VER,B2,12.6345,37.12,6.52327,elimine,{limin},0-1-1,/{limin}.er,出局；删除,target_content_with_gloss,0.853206,1
13020,trancher,trancher,VER,B2,12.6299,11.12,2.18004,tʁɑ̃ʃe,trancher,0-1-1,/tranch(er).er,劈开；解决,target_content_with_gloss,0.85319,1
3686,diamant,diamant,NOM,B2,12.6053,25.434,3.05879,djamɑ̃,diamant,0-1-0,/diam(ant),金刚石；钻石,target_content_with_gloss,0.853108,1
13832,éclat,éclat,NOM,B2,12.5803,10.209,2.34231,ekla,éclat,0-1-0,/éclat,光彩；光泽,target_content_with_gloss,0.853023,1
8715,nostalgie,nostalgie,NOM,B2,12.5322,2.38,0.98285,nɔstalʒi,nostalgie,0-1-1,/nost(algie).algie,乡情；怀旧,target_content_with_gloss,0.852861,1
9097,paiement,paiement,NOM,B2,12.4177,9.804,2.9455,pɛmɑ̃,payer,0-1-1,/pa(yer)/i.ement,交费；付清,target_content_with_gloss,0.852472,1
2795,comte,comte,NOM,B2,12.3999,18.513,1.95346,kɔ̃t,comte,0-1-0,/comte,伯爵,target_content_with_gloss,0.852411,1
135,achever,achever,VER,B2,12.3365,15.589,2.18616,aʃəve,chef,1-1-1,_a(d)/che(f)/v.er,完成；完毕,target_content_with_gloss,0.852194,1
8789,nécessiter,nécessiter,VER,B2,12.2998,6.294,1.87232,nesesite,nécessaire,0-1-2,/nécess(aire).it.er,需要,target_content_with_gloss,0.852068,1
8125,minimum,minimum,NOM,B1,26.6967,7.272,4.82241,minimɔm,,0-1-0,/§minimum§,最低点；起码,target_content_with_gloss,0.852051,1
9943,poule,poule,NOM,B2,12.2286,5.544,6.49724,pul,poule,0-1-0,/poul(e),母鸡,target_content_with_gloss,0.851822,1
7504,location,location,NOM,B2,12.2231,8.237,2.96846,lokasjɔ̃,location,0-1-1,/loc(ation).ation,出租；租金,target_content_with_gloss,0.851803,1
11572,réussite,réussite,NOM,B1,26.541,10.877,4.19014,ʁeysit,,0-1-1,/§réuss(ir)§.ite,功烈；成果,target_content_with_gloss,0.851793,1
12255,stable,stable,ADJ,B2,12.1669,15.696,5.12094,stabl,{stat},0-1-1,/{st(at)}.able,安定；安稳,target_content_with_gloss,0.851608,1
8752,noyer,noyer,VER,B2,12.0895,25.199,3.76914,nwaje,noyer,0-1-1,/noy(er).er,沉浸；淹没,target_content_with_gloss,0.851338,1
13420,veiller,veiller,VER,B2,12.0439,32.108,8.2823,veje,veille,0-1-1,/veill(e).er,彻夜；待命,target_content_with_gloss,0.851178,1
2898,confronter,confronter,VER,B2,12.043,9.329,1.35487,kɔ̃fʁɔ̃te,front,1-1-1,_con/front.er,对敌；对照,target_content_with_gloss,0.851175,1
9471,perspective,perspective,NOM,B2,12.041,7.519,2.46326,pɛʁspɛktiv,spectateur,1-1-1,_per/spect(ateur).ive,前景；前瞻,target_content_with_gloss,0.851168,1
3590,demeure,demeure,NOM,B2,12.0057,7.744,4.11053,dəmœʁ,demeure,0-1-1,/demeur(er).e,住所（文学/正式）,target_content_with_gloss,0.851044,1
1912,cancer,cancer,NOM,B2,11.9903,34.487,8.04501,kɑ̃sɛʁ,cancer,0-1-0,/cancer,巨蟹；巨蟹座,target_content_with_gloss,0.85099,1
3856,divorce,divorce,NOM,B2,11.9596,28.804,8.28996,divɔʁs,divorce,0-1-1,/divorc(e).e,离婚；离异,target_content_with_gloss,0.850882,1
13314,urgent,urgent,ADJ,B2,11.9378,24.247,7.69749,yʁʒɑ̃,urgent,0-1-1,/urg(ent).ent,加急；急迫,target_content_with_gloss,0.850804,1
10080,procès,procès,NOM,B2,11.907,61.731,12.38671,pʁosɛ,{ces},1-1-1,_pro/{ces}.s,官司；案子,target_content_with_gloss,0.850695,1
11036,reproduction,reproduction,NOM,B2,11.8869,3.171,1.11451,ʁəpʁodyksjɔ̃,{duire},2-1-1,_re_pro/{duct}.ion,生殖；繁殖,target_content_with_gloss,0.850624,1
9222,parer,parer,VER,B2,11.8559,25.541,6.03337,paʁe,parer,0-1-0,/par(er),修饰,target_content_with_gloss,0.850514,1
12290,stimuler,stimuler,VER,B2,11.8305,4.804,1.00888,stimyle,stimuler,0-1-1,/stimul(er).er,刺激；打气,target_content_with_gloss,0.850423,1
4431,détailler,détailler,VER,B2,11.8188,3.136,0.90171,detaje,taille,1-1-1,_dé/taill(er).er,详述,target_content_with_gloss,0.850381,1
2471,claquer,claquer,VER,B2,11.8006,13.551,3.37722,klake,clac,0-1-1,/claqu(er).er,猛力,target_content_with_gloss,0.850316,1
5354,foi,foi,NOM,B2,11.7588,41.769,11.78506,fwa,foi,0-1-0,/foi,信仰；信念,target_content_with_gloss,0.850167,1
2764,composition,composition,NOM,B2,11.7479,4.636,1.62125,kɔ̃pozisjɔ̃,poser,1-1-1,_com/pos(er).ition,习作；作文,target_content_with_gloss,0.850128,1
1851,cage,cage,NOM,B2,11.7012,23.718,6.57073,kaʒ,cage,0-1-0,/cag(e),外壳；笼子,target_content_with_gloss,0.84996,1
12274,statistique,statistique,NOM,B2,11.6762,4.918,1.8861,statistik,statistique,0-1-1,/statist(ique).ique,统计；统计学,target_content_with_gloss,0.849869,1
11856,sensibilité,sensibilité,NOM,B2,11.623,4.269,1.76056,sɑ̃sibilite,sens,0-1-2,/sens.ib[i]lis.ité,悟性；感伤主义,target_content_with_gloss,0.849677,1
7404,liaison,liaison,NOM,B2,11.5979,25.18,7.08971,ljɛzɔ̃,lier,0-1-1,/li(er).aison,绑定；联系,target_content_with_gloss,0.849586,1
195,admiration,admiration,NOM,B2,11.5831,3.117,1.34568,admiʁasjɔ̃,mir(er),1-1-1,_ad/mir(er).ation,钦佩,target_content_with_gloss,0.849532,1
10386,psychologique,psychologique,ADJ,B1,25.0709,9.275,2.76332,psikoloʒik,,1-0-2,_psycho.log(ie).ique,心理；精神,target_content_with_gloss,0.849281,1
3240,coupable,coupable,NOM,B2,11.5044,22.528,18.75077,kupabl,coulpe,0-1-1,/cou(l)p(e).able,主犯；罪人,target_content_with_gloss,0.849245,1
6879,instituteur,instituteur,NOM,B2,11.3855,5.095,0.80067,ɛ̃stitytœʁ,{stitu},1-1-1,_in/{stitu}.teur,教师；教职员,target_content_with_gloss,0.848807,1
8625,net,net,ADJ,B2,11.3323,12.82,6.26761,nɛt,net,0-1-0,/net,一下子；乾净,target_content_with_gloss,0.84861,1
10213,protester,protester,VER,B2,11.3173,6.918,0.9951,pʁotɛste,tester,1-1-1,_pro/test(er).er,抗议,target_content_with_gloss,0.848554,1
7515,logique,logique,NOM,B2,11.2866,8.383,10.7624,loʒik,logos,0-1-1,/log(ique).ique,眉目；逻辑,target_content_with_gloss,0.84844,1
3221,couche,couche,NOM,B2,11.2568,21.826,12.23362,kuʃ,couche,0-1-1,/couch(e).e,一层；图层,target_content_with_gloss,0.848329,1
10429,punir,punir,VER,B2,11.2454,36.253,4.77955,pyniʁ,punir,0-1-1,/pun(ir).ir,发落；处分,target_content_with_gloss,0.848286,1
6456,impatience,impatience,NOM,B2,11.1784,5.573,2.52603,ɛ̃pasjɑ̃s,patience,1-1-1,_i(n)/m/pati(ence).ence,不耐烦,target_content_with_gloss,0.848035,1
8839,obstacle,obstacle,NOM,B2,11.1443,11.468,2.67453,ɔpstakl,{sta},1-1-1,_ob/{sta}.cle,阻碍；障碍,target_content_with_gloss,0.847907,1
14052,épidémie,épidémie,NOM,B2,11.0992,6.962,1.94274,epidemi,dème,1-1-1,_épi/dèm(e).ie,疫；瘟,target_content_with_gloss,0.847737,1
14095,équilibre,équilibre,NOM,B2,11.0594,10.778,4.17942,ekilibʁ,livre(poids),1-1-1,_équi/li(v)/br(e).e,匀称；平衡,target_content_with_gloss,0.847586,1
13342,utilité,utilité,NOM,B2,11.0593,5.532,2.376,ytilite,utile,0-1-1,/util(e).ité,功利；功用,target_content_with_gloss,0.847585,1
8130,minorité,minorité,NOM,B2,11.0581,3.177,0.79302,minoʁite,mineur,0-1-1,/min(eu/o)r.ité,少数,target_content_with_gloss,0.847581,1
10322,préparation,préparation,NOM,B2,11.0362,7.975,2.95468,pʁepaʁasjɔ̃,parer,1-1-1,_pré/par(er).ation,制剂；制备,target_content_with_gloss,0.847498,1
1949,capital,capital,ADJ,B2,11.0231,6.386,3.69259,kapital,capital,0-1-0,/capit(al),本金；本钱,target_content_with_gloss,0.847448,1
598,anonyme,anonyme,ADJ,B2,11.0188,14.576,3.96509,anonim,anonyme,1-0-1,_an.{onym(e)},不记名；无名,target_content_with_gloss,0.847431,1
14135,étape,étape,NOM,B2,10.9581,27.304,7.46632,etap,étape,0-1-0,/étape,地里；境界,target_content_with_gloss,0.8472,1
4192,dégrader,dégrader,VER,B2,10.897,3.475,0.46999,degʁade,grade,1-1-1,_dé/grad(e).er,贬,target_content_with_gloss,0.846965,1
8827,obscur,obscur,ADJ,B2,10.8858,8.041,1.54011,ɔpskyʁ,obscur,0-1-0,/obscur,幽暗；昏暗,target_content_with_gloss,0.846922,1
13122,triomphe,triomphe,NOM,B2,10.8047,4.823,2.1632,tʁijɔ̃f,triomphe,0-1-1,/triomph(e).e,捷,target_content_with_gloss,0.846608,1
11575,réveil,réveil,NOM,B2,10.7946,14.566,5.58941,ʁevɛj,éveiller,1-1-0,_r/éveil(ler),起床；闹钟,target_content_with_gloss,0.846569,1
3772,discrimination,discrimination,NOM,B2,10.6852,2.68,0.97214,diskʁiminasjɔ̃,crime,1-1-2,_dis/crim(e).in.ation,歧视,target_content_with_gloss,0.846143,1
9469,personnellement,personnellement,ADV,B2,10.6787,21.709,9.08145,pɛʁsonɛləmɑ̃,personne,0-1-2,/personn(e).elle.ment,亲口；亲自,target_content_with_gloss,0.846117,1
9342,patient,patient,NOM,B2,10.6587,88.598,11.54317,pasjɑ̃,patient,0-1-1,/pati(ence).ent,患者；耐心,target_content_with_gloss,0.846039,1
10868,refus,refus,NOM,B2,10.6568,6.611,2.76332,ʁəfy,refus,0-1-0,/refus,不愿,target_content_with_gloss,0.846031,1
8414,mutation,mutation,NOM,B2,10.6561,4.668,1.21862,mytasjɔ̃,muter,0-1-1,/mut(er).ation,突变,target_content_with_gloss,0.846029,1
13787,ère,ère,NOM,B2,10.6526,9.956,3.35426,ɛʁ,ère,0-1-0,/ère,年代；纪元,target_content_with_gloss,0.846015,1
6745,influencer,influencer,VER,B2,10.6397,9.858,6.63656,ɛ̃flyɑ̃se,flux,1-1-1,_in/fluen(ce).er,影响；感化,target_content_with_gloss,0.845964,1
7197,jouir,jouir,VER,B2,10.6305,10.203,1.67942,ʒwiʁ,jouir,0-1-1,/jou(ir).ir,过过,target_content_with_gloss,0.845928,1
2808,conception,conception,NOM,B2,10.6172,5.408,2.14942,kɔ̃sɛpsjɔ̃,concept,0-1-1,/concept.ion,形制；构想,target_content_with_gloss,0.845875,1
9272,participant,participant,NOM,B2,10.6057,3.339,0.95377,paʁtisipɑ̃,part,0-1-2,/part(ir).icip.ant,参与者；参加者,target_content_with_gloss,0.84583,1
11642,sagesse,sagesse,NOM,B2,10.6022,10.87,4.34783,saʒɛs,sage,0-1-1,/sag(e).esse,心智；智慧,target_content_with_gloss,0.845816,1
1634,bousculer,bousculer,VER,B2,10.5804,7.554,0.97367,buskyle,bouter,0-2-1,/bou(ter)[s]/cul.er,催促；挨挤,target_content_with_gloss,0.84573,1
9530,philosophie,philosophie,NOM,B1,23.0568,7.31,2.58726,filozofi,,1-0-2,_phil(o).soph(e).ie,哲学；理念,target_content_with_gloss,0.8456,1
9895,positif,positif,ADJ,B1,23.002,22.329,5.41488,pozitif,,0-1-0,/§positif§,正面；积极,target_content_with_gloss,0.845496,1
9816,pollution,pollution,NOM,B1,22.9658,2.453,0.88487,polysjɔ̃,,0-1-1,/pollu(er).tion,污染,target_content_with_gloss,0.845427,1
6565,incarner,incarner,VER,B2,10.4904,3.598,0.55879,ɛ̃kaʁne,chair,1-1-1,_in/carn(é).er,代表；体现,target_content_with_gloss,0.845373,1
13351,vaccin,vaccin,NOM,B2,10.4649,8.187,1.21709,vaksɛ̃,vaccin,0-1-0,/vaccin,疫苗,target_content_with_gloss,0.845271,1
1799,bénéfice,bénéfice,NOM,B2,10.4506,12.263,2.60104,benefis,bien,0-1-1,/béné.fice,利润；好处,target_content_with_gloss,0.845214,1
6403,imaginaire,imaginaire,ADJ,B2,10.4337,7.18,2.22443,imaʒinɛʁ,image,0-1-2,/imag(e).in.aire,假想,target_content_with_gloss,0.845147,1
2201,chantier,chantier,NOM,B2,10.4132,10.82,2.52449,ʃɑ̃tje,chantier,0-1-0,/chantier,工地,target_content_with_gloss,0.845064,1
868,assassinat,assassinat,NOM,B2,10.4048,11.275,3.28843,asasina,assassin,0-1-1,/assassin.at,暗杀；谋杀,target_content_with_gloss,0.845031,1
2285,chercheur,chercheur,ADJ,B2,10.3892,1.592,1.00735,ʃɛʁʃœʁ,chercher,0-1-1,/cherch(er).eur,研究人员；研究员,target_content_with_gloss,0.844968,1
4709,enseignant,enseignant,NOM,B2,10.373,5.949,1.34262,ɑ̃sɛɲɑ̃,enseigner,0-1-1,/enseign(er).ant,师尊；教员,target_content_with_gloss,0.844903,1
13386,valoriser,valoriser,VER,B2,10.3727,0.816,0.13778,valoʁize,valoir,0-1-2,/valo(i)r.is.er,计价,target_content_with_gloss,0.844902,1
2476,classer,classer,VER,B2,10.3556,14.56,22.06369,klase,classer,0-1-1,/class(e).er,位列；分类,target_content_with_gloss,0.844833,1
6362,identique,identique,ADJ,B2,10.3537,10.003,2.17085,idɑ̃tik,idem,0-1-1,/ide(m/n)[t].ique,一水儿；一致,target_content_with_gloss,0.844825,1
701,approprier,approprier,VER,B2,10.3093,7.889,3.70024,apʁopʁije,propre,1-1-2,_a(d)/p/propr(e).i.er,侵占；偷取,target_content_with_gloss,0.844646,1
4960,expansion,expansion,NOM,B2,10.3039,2.801,1.07777,ɛkspɑ̃sjɔ̃,épandre,1-1-1,_ex/(é)pan(dre)/s.sion,扩展；扩张,target_content_with_gloss,0.844624,1
2980,constant,constant,ADJ,B2,10.2949,6.373,1.85854,kɔ̃stɑ̃,{stant},1-1-1,_con/{st(ant}.ant,一贯；不渝,target_content_with_gloss,0.844587,1
4209,délicat,délicat,ADJ,B2,10.2315,19.88,4.25291,delika,délicat,0-1-0,/délicat,刁钻；娇嫩,target_content_with_gloss,0.84433,1
9435,performance,performance,NOM,B2,10.2125,10.139,2.72505,pɛʁfɔʁmɑ̃s,forme,1-1-1,_per/form(e).ance,业绩；功绩,target_content_with_gloss,0.844252,1
10337,préserver,préserver,VER,B2,10.206,12.551,3.12768,pʁezɛʁve,{serv},1-1-1,_pré/{serv}.er,保住；保全,target_content_with_gloss,0.844226,1
3417,créature,créature,NOM,B2,10.1661,35.715,5.88028,kʁeatyʁ,créer,0-1-1,/cré(er).ature,东西；亲信,target_content_with_gloss,0.844062,1
14116,ériger,ériger,VER,B2,10.1452,1.87,0.24036,eʁiʒe,diriger/direction,1-1-0,_é/{rig(er)},竖立；把…树立为,target_content_with_gloss,0.843977,1
5915,grille,grille,NOM,B2,10.1236,8.924,3.0098,gʁij,griller,0-1-1,/grill(er).e,格栅,target_content_with_gloss,0.843888,1
4846,essor,essor,NOM,B2,10.1075,1.057,0.4654,esɔʁ,essorer,0-1-0,/essor(er),突飞猛进；腾飞,target_content_with_gloss,0.843821,1
1289,barre,barre,NOM,B2,9.9941,24.801,9.33711,baʁ,barre,0-1-0,/barre,杆；杠,target_content_with_gloss,0.843352,1
1190,bactérie,bactérie,NOM,B2,9.9758,5.149,0.9507,bakteʁi,bactérie,0-1-0,/bactérie,病菌；细菌,target_content_with_gloss,0.843275,1
11633,sacré,sacré,ADJ,B1,21.8306,54.095,16.33803,sakʁe,,0-1-1,/sacr(e).é,神圣；神圣不可侵犯,target_content_with_gloss,0.843205,1
10139,projeter,projeter,VER,B2,9.939,9.297,0.88487,pʁoʒəte,{ject},1-1-1,_pro/{je(c)t}.er,上映；准备,target_content_with_gloss,0.843122,1
5227,fidèle,fidèle,NOM,B2,9.933,4.722,5.64605,fidɛl,(se) fier,0-1-1,/fi(er)/d.èle,不渝；信徒,target_content_with_gloss,0.843097,1
1225,balcon,balcon,NOM,B2,9.8977,7.579,2.40049,balkɔ̃,balcon,0-1-0,/balcon,阳台,target_content_with_gloss,0.842949,1
177,adhésion,adhésion,NOM,B2,9.8858,1.351,0.46693,adezjɔ̃,{hér},1-1-1,_ad/{hé(r/s)}.ion,粘着力,target_content_with_gloss,0.842899,1
13487,vertu,vertu,NOM,B2,9.8616,8.902,2.65156,vɛʁty,vertu,0-1-0,/vertu,德行；效力,target_content_with_gloss,0.842797,1
6013,généraliser,généraliser,VER,B2,9.8458,0.566,0.15309,ʒeneʁalize,genre,0-1-1,/général.er,以偏概全；推广,target_content_with_gloss,0.84273,1
10310,prélever,prélever,VER,B2,9.8315,6.006,0.84966,pʁeləve,lever,1-1-1,_pré/lev(er).er,征；徵,target_content_with_gloss,0.84267,1
5060,facilité,facilité,NOM,B2,9.8031,2.449,1.50643,fasilite,facile,0-1-2,/facil(e).it.é,伶俐；随和,target_content_with_gloss,0.842549,1
10752,ravir,ravir,VER,B2,9.7561,87.646,19.27893,ʁaviʁ,ravis,0-1-1,/rav(ir).ir,抢夺,target_content_with_gloss,0.84235,1
12494,surveillance,surveillance,NOM,B2,9.7448,34.491,10.93846,syʁvɛjɑ̃s,veille,1-1-1,_sur/veill(e).ance,监理,target_content_with_gloss,0.842302,1
7243,juridique,juridique,ADJ,B2,9.7333,8.579,2.46632,ʒyʁidik,jurer,0-1-2,/jur(er).id.ique,依法；正版,target_content_with_gloss,0.842253,1
4012,débarquer,débarquer,VER,B2,9.7177,24.288,2.93325,debaʁke,barque,1-1-1,_dé/barqu(e).er,上岸；下去,target_content_with_gloss,0.842186,1
12688,tarif,tarif,NOM,B2,9.7106,4.823,1.35334,taʁif,tarif,0-1-0,/§tarif§,价格；价钱,target_content_with_gloss,0.842156,1
10319,préoccuper,préoccuper,VER,B2,9.7044,21.585,3.59767,pʁeokype,occuper,1-1-1,_pré/occup(er).er,萦绕,target_content_with_gloss,0.842129,1
13026,tranquillité,tranquillité,NOM,B2,9.6798,3.18,1.3166,tʁɑ̃kilite,tranquille,0-1-1,/tranquill(e).ité,安宁,target_content_with_gloss,0.842024,1
6962,interprétation,interprétation,NOM,B2,9.6738,4.642,1.71157,ɛ̃tɛʁpʁetasjɔ̃,interprète,0-1-1,/interprèt(e).ation,口译；演绎,target_content_with_gloss,0.841998,1
4657,enfiler,enfiler,VER,B2,9.6622,10.241,1.56614,ɑ̃file,fil,1-1-1,_en/fil.er,穿上,target_content_with_gloss,0.841948,1
2654,comité,comité,NOM,B2,9.6473,22.627,5.66595,komite,comité,0-1-0,/comité,主席团；委员会,target_content_with_gloss,0.841884,1
9802,polir,polir,VER,B2,9.6415,8.557,3.5594,poliʁ,polir,0-1-1,/pol(ir).ir,修饰；打磨,target_content_with_gloss,0.841859,1
773,argument,argument,NOM,B2,9.6286,10.671,2.49694,aʁgymɑ̃,argument,0-1-1,/argu(er).ment,一说；变元,target_content_with_gloss,0.841804,1
13522,vider,vider,VER,B2,9.6084,29.364,21.22933,vide,vider,0-1-1,/vid(er).er,清空,target_content_with_gloss,0.841717,1
10520,pêcheur,pêcheur,NOM,B2,9.6077,7.908,1.4008,pɛʃœʁ,pêcher,0-1-1,/pêch(er).eur,海人；渔人,target_content_with_gloss,0.841714,1
8999,organe,organe,NOM,B2,9.5993,15.899,3.69259,ɔʁgan,organe,0-1-0,/organ(e),器官；机关,target_content_with_gloss,0.841677,1
11948,signification,signification,NOM,B2,9.5924,5.994,2.4357,siɲifikasjɔ̃,signe,0-1-2,/sign(e).ific.ation,含义；含意,target_content_with_gloss,0.841648,1
410,allier,allier,VER,B2,9.5832,5.687,3.01286,alje,allier,0-1-1,/alli(er).er,结社,target_content_with_gloss,0.841608,1
8627,nettement,nettement,ADV,B2,9.5803,2.066,0.93233,nɛtəmɑ̃,net,0-1-1,/nette.ment,截然,target_content_with_gloss,0.841595,1
8803,négocier,négocier,VER,B2,9.5684,24.31,5.26179,negosje,négoce,0-1-2,/négoc(e).i.er,交易；交涉,target_content_with_gloss,0.841544,1
1631,bourse,bourse,NOM,B2,9.5459,19.19,5.0398,buʁs,bourse,0-1-0,/bourse,交易所；助学金,target_content_with_gloss,0.841446,1
10160,promouvoir,promouvoir,VER,B2,9.4966,8.883,1.87079,pʁomuvwaʁ,{mot},1-1-0,_pro/mouvoir,促进；倡导,target_content_with_gloss,0.841232,1
6895,insulter,insulter,VER,B2,9.4944,20.244,3.53337,ɛ̃sylte,insulte,0-1-1,/insult(e).er,侮辱；凌辱,target_content_with_gloss,0.841222,1
9681,plantation,plantation,NOM,B2,9.4341,3.851,0.70576,plɑ̃tasjɔ̃,planter,0-1-1,/plant(er).ation,种植业,target_content_with_gloss,0.840958,1
10542,quarantaine,quarantaine,NOM,B2,9.3954,9.839,2.8613,kaʁɑ̃tɛn,quarante,0-1-1,/quarant(e).aine,检疫；质检,target_content_with_gloss,0.840788,1
175,adhérer,adhérer,VER,B2,9.3708,2.747,0.39192,adeʁe,{hér},1-1-1,_ad/{hér}.er,粘连；进入,target_content_with_gloss,0.84068,1
2139,cercle,cercle,NOM,B2,9.3406,21.851,5.47612,sɛʁkl,cercle,0-1-1,/cercl(e).e,圆圈；圈子,target_content_with_gloss,0.840546,1
8934,onde,onde,NOM,B2,9.3332,14.111,3.01439,ɔ̃d,onde,0-1-1,/ond(e).e,波；浪,target_content_with_gloss,0.840513,1
4198,dégât,dégât,NOM,B2,9.2904,17.652,6.56154,dega,gâter,1-1-0,_dé/gât(er),损失,target_content_with_gloss,0.840323,1
1484,bloquer,bloquer,VER,B2,9.2831,40.756,5.28628,bloke,bloc,0-1-1,/bloc/qu.er,冻结；卡住,target_content_with_gloss,0.840291,1
1603,bouleversement,bouleversement,NOM,B2,9.2826,0.804,0.22045,buləvɛʁsəmɑ̃,boule,0-2-1,/boule/vers(er).ement,丕变,target_content_with_gloss,0.840289,1
3421,crédit,crédit,NOM,B2,9.2696,31.348,9.15799,kʁedi,croire,0-1-1,/créd(ence).it,信用；信贷,target_content_with_gloss,0.840231,1
4028,déboucher,déboucher,VER,B2,9.2685,2.62,0.39804,debuʃe,bouche,1-1-1,_dé/bouch(er).er,流入；通向,target_content_with_gloss,0.840226,1
4158,défi,défi,NOM,B2,9.2657,18.013,5.26485,defi,(se) fier,1-1-0,_dé/fi(er),挑战,target_content_with_gloss,0.840213,1
10408,puce,puce,NOM,B2,9.2138,31.652,7.63013,pys,puce,0-1-0,/puce,矮子；芯片,target_content_with_gloss,0.839981,1
6580,inciter,inciter,VER,B2,9.1804,6.275,0.83742,ɛ̃site,inciter,0-1-1,/incit(er).er,怂恿；招惹,target_content_with_gloss,0.839831,1
10400,publication,publication,NOM,B1,20.088,3.035,0.84813,pyblikasjɔ̃,,0-1-1,/§public§.ation,出版物；刊物,target_content_with_gloss,0.83957,1
8762,nuire,nuire,VER,B2,9.0888,12.528,71.15279,nɥiʁ,nuire,0-1-1,/nui(re).re,暴,target_content_with_gloss,0.839418,1
2129,centrale,centrale,NOM,B2,9.0628,6.934,4.23148,sɑ̃tʁal,centre,0-1-1,/centr(e).ale,发电厂,target_content_with_gloss,0.8393,1
4170,définition,définition,NOM,B2,9.059,6.684,2.66381,definisjɔ̃,fin,1-1-1,_dé/fin.ition,定义；清晰度,target_content_with_gloss,0.839282,1
3309,coûteux,coûteux,ADJ,B2,9.0389,3.06,0.9109,kutø,coût,0-1-1,/coût.eux,太贵,target_content_with_gloss,0.839191,1
7040,inverse,inverse,NOM,B2,9.0349,6.753,4.22076,ɛ̃vɛʁs,vers,1-1-1,_in/vers.e,倒数,target_content_with_gloss,0.839172,1
8385,municipalité,municipalité,NOM,B2,8.9668,1.139,0.41182,mynisipalite,municipe,0-1-2,/municip(e).al.ité,直辖市,target_content_with_gloss,0.838861,1
8666,noce,noce,NOM,B2,8.9568,8.611,2.0989,nɔs,noce,0-1-1,/noc(e).e,婚宴,target_content_with_gloss,0.838815,1
11037,reproduire,reproduire,VER,B2,8.9452,17.009,2.45254,ʁəpʁodɥiʁ,{duire},2-1-1,_re_pro/{dui(re)}.re,再造；复制,target_content_with_gloss,0.838761,1
8168,mobile,mobile,NOM,B2,8.9194,13.69,5.88794,mobil,mobile,0-1-1,/mobil(e).e,床铃；活动,target_content_with_gloss,0.838642,1
12405,suivi,suivi,NOM,B2,8.9039,3.987,17.34691,sɥivi,suivre,0-1-1,/suiv(re).i,后续；心理咨询,target_content_with_gloss,0.838571,1
11583,révolte,révolte,NOM,B2,8.8835,3.908,1.45438,ʁevɔlt,volte,1-1-0,_ré/volt(e),暴动；造反,target_content_with_gloss,0.838476,1
1474,bleu,bleu,NOM,B2,8.8715,25.241,12.9256,blø,bleu,0-1-0,/bleu,撞伤；新兵,target_content_with_gloss,0.838421,1
3407,crâne,crâne,NOM,B2,8.833,26.25,8.74923,kʁan,crâne,0-1-0,/crâne,头颅；头骨,target_content_with_gloss,0.838242,1
6174,historien,historien,NOM,B2,8.8028,2.222,0.44244,istoʁjɛ̃,histoire,0-1-1,/histo(i)r(e).ien,历史学家,target_content_with_gloss,0.838101,1
13104,tribu,tribu,NOM,B2,8.8011,21.453,2.49847,tʁiby,tribu,0-1-0,/tribu,族人；部落,target_content_with_gloss,0.838093,1
10927,remarquable,remarquable,ADJ,B2,8.7708,13.016,4.71372,ʁəmaʁkabl,marque,1-1-1,_re/marqu(e).able,不简单；优异,target_content_with_gloss,0.837951,1
3064,contradictoire,contradictoire,ADJ,B2,8.7699,2.07,0.54807,kɔ̃tʁadiktwaʁ,dire,1-0-1,_contra.oire,矛盾,target_content_with_gloss,0.837947,1
11584,révolter,révolter,VER,B2,8.7567,2.794,1.45438,ʁevɔlte,volte,1-1-1,_ré/volt(e).er,造反,target_content_with_gloss,0.837885,1
6818,inondation,inondation,NOM,B2,8.7411,3.509,0.73484,inɔ̃dasjɔ̃,onde,1-1-1,_in/ond(e).ation,大水；洪水,target_content_with_gloss,0.837812,1
5805,gloire,gloire,NOM,B2,8.7163,21.842,7.31935,glwaʁ,gloire,0-1-0,/gloire,光荣；功名,target_content_with_gloss,0.837695,1
12376,succéder,succéder,VER,B2,8.6918,2.886,0.46081,syksede,céder,1-1-1,_su(b)/c/{ced/(ss)}.er,后继,target_content_with_gloss,0.83758,1
5258,filmer,filmer,VER,B1,19.1871,34.709,3.3022,filme,,0-1-1,/§film§.er,录影；拍片,target_content_with_gloss,0.837572,1
1987,carbone,carbone,NOM,B2,8.6798,5.763,1.71464,kaʁbɔn,carbone,0-1-1,/carbon(e).e,碳,target_content_with_gloss,0.837523,1
7203,journalisme,journalisme,NOM,B2,8.6427,2.763,0.95224,ʒuʁnalizm,jour,0-1-2,/jour[n].al.isme,新闻学,target_content_with_gloss,0.837347,1
9013,oriental,oriental,ADJ,B2,8.6326,3.044,0.58175,oʁjɑ̃tal,orient,0-1-1,/orient.al,东方；东方人,target_content_with_gloss,0.837299,1
4504,efforcer,efforcer,VER,B2,8.6209,4.557,0.78077,efɔʁse,force,1-1-1,_e(x)/f/forc(e).er,力求；努力,target_content_with_gloss,0.837244,1
1865,calcul,calcul,NOM,B2,8.6171,13.57,2.61635,kalkyl,calcul,0-1-0,/calcul,心计；结石,target_content_with_gloss,0.837226,1
13551,vigueur,vigueur,NOM,B2,8.6129,2.646,1.14819,vigœʁ,vigueur,0-1-0,/vigueur,元气；劲儿,target_content_with_gloss,0.837206,1
2982,constat,constat,NOM,B2,8.5927,0.854,0.35671,kɔ̃sta,{stant},1-1-1,_con/{st(ant}.at,笔录,target_content_with_gloss,0.837109,1
7926,matelas,matelas,NOM,B2,8.5833,7.858,2.70055,matəla,matelas,0-1-0,/matelas,卡垫；床垫,target_content_with_gloss,0.837064,1
7409,libraire,libraire,NOM,B2,8.5697,0.987,0.30006,libʁɛʁ,livre,0-1-1,/li(v/b)r(e).aire,书局,target_content_with_gloss,0.836999,1
12998,trahir,trahir,VER,B2,8.5684,46.75,6.70392,tʁaiʁ,trahir,0-1-1,/trah(ir).ir,出卖；叛变,target_content_with_gloss,0.836993,1
3632,descente,descente,NOM,B2,8.549,9.994,3.35885,desɑ̃t,{scend(re)},1-1-1,_dé/{scen(dre)}.te,下坡,target_content_with_gloss,0.8369,1
11194,rite,rite,NOM,B2,8.5228,4.367,0.97214,ʁit,rite,0-1-0,/rite,礼,target_content_with_gloss,0.836774,1
14087,épuiser,épuiser,VER,B2,8.5003,18.813,4.16565,epɥize,puits,1-1-1,_é/pui(t)s.er,期满；用光,target_content_with_gloss,0.836666,1
7638,législation,législation,NOM,B2,8.4957,0.984,0.38273,leʒislasjɔ̃,{lég},0-1-2,/{lég}.is.lation,立法,target_content_with_gloss,0.836644,1
13050,transparence,transparence,NOM,B2,8.4749,1.348,0.50367,tʁɑ̃spaʁɑ̃s,paraître,1-1-1,_trans/par(aître).ence,透明度,target_content_with_gloss,0.836544,1
1056,authentique,authentique,ADJ,B2,8.4722,8.209,2.72964,otɑ̃tik,authentique,0-1-0,/authentique,原装；地道,target_content_with_gloss,0.836531,1
7916,masse,masse,NOM,B1,18.6552,16.278,5.5297,mas,,0-1-0,/masse,大容量；质量,target_content_with_gloss,0.836349,1
1082,autonomie,autonomie,NOM,B2,8.4103,1.396,0.55419,otonomi,{nome},1-1-1,_aut(o)/{nom(e)}.ie,自治,target_content_with_gloss,0.83623,1
6469,implantation,implantation,NOM,B2,8.3682,0.75,0.23882,ɛ̃plɑ̃tasjɔ̃,planter,1-1-1,_i(n)/m/plant(er).ation,插入,target_content_with_gloss,0.836025,1
2929,connecter,connecter,VER,B2,8.2978,22.516,2.67912,konɛkte,connecter,0-1-1,/connect(er).er,交接；接通,target_content_with_gloss,0.83568,1
12307,stress,stress,NOM,B1,18.3066,16.462,6.07777,stʁɛs,,0-1-0,/§stress§,鸭梨,target_content_with_gloss,0.83553,1
12121,soudain,soudain,ADJ,B2,8.2657,12.174,8.60839,sudɛ̃,soudain,0-1-0,/soudain,忽地；忽然,target_content_with_gloss,0.835521,1
1876,calmement,calmement,ADV,B2,8.2566,5.38,2.34231,kalməmɑ̃,calme,0-1-1,/calme.ment,从容；坦承,target_content_with_gloss,0.835476,1
12625,sûreté,sûreté,NOM,B2,8.2495,6.13,2.2474,syʁəte,sûr,0-1-1,/sûr.eté,安保；安全,target_content_with_gloss,0.835441,1
4303,dépendance,dépendance,NOM,B2,8.2447,3.997,1.34874,depɑ̃dɑ̃s,pendre,1-1-1,_dé/pend(re).ance,属地；成瘾,target_content_with_gloss,0.835418,1
12130,souffrance,souffrance,NOM,B2,8.2326,23.513,6.15891,sufʁɑ̃s,souffrir,0-1-1,/souffr(ir).ance,委屈；煎熬,target_content_with_gloss,0.835358,1
9843,ponctuel,ponctuel,ADJ,B2,8.2124,2.294,0.57869,pɔ̃ktɥɛl,point,0-1-1,/ponctu(el).el,准时；正点,target_content_with_gloss,0.835257,1
7720,majesté,majesté,NOM,B2,8.2088,40.639,4.02327,maʒɛste,§maj§,0-1-1,/§maj§.esté,威风；尊严,target_content_with_gloss,0.835239,1
9957,pourquoi,pourquoi,NOM,B2,8.1921,2.13,97.86742,puʁkwa,pour,0-2-0,/pour/quoi,为什么；为啥,target_content_with_gloss,0.835156,1
11239,rompre,rompre,VER,B1,18.105,50.68,8.0496,ʁɔ̃pʁ,,0-1-0,/§romp(re)§,分裂；割断,target_content_with_gloss,0.835049,1
5271,financement,financement,NOM,B2,8.1512,4.171,1.41917,finɑ̃səmɑ̃,finance,0-1-1,/financ(e).ement,供资；融资,target_content_with_gloss,0.834952,1
11814,seconder,seconder,VER,B2,8.1121,1.75,39.70759,səgɔ̃de,second,0-1-1,/second.er,佐,target_content_with_gloss,0.834756,1
12571,sécher,sécher,VER,B2,8.0707,17.734,3.79516,seʃe,sec,0-1-1,/sec[h].er,吹风；干燥,target_content_with_gloss,0.834548,1
3392,croyance,croyance,NOM,B2,8.0657,7.56,1.63503,kʁwajɑ̃s,croire,0-1-1,/croi(re)/y.ance,信仰；信念,target_content_with_gloss,0.834522,1
609,antenne,antenne,NOM,B2,8.0514,11.737,3.04654,ɑ̃tɛn,antenne,0-1-0,/antenne,分支,target_content_with_gloss,0.83445,1
14193,évader,évader,VER,B2,8.0317,11.054,1.95346,evade,évader,0-1-1,/évad(er).er,规避；跑路,target_content_with_gloss,0.83435,1
3758,dirigeant,dirigeant,NOM,B2,8.001,7.712,1.91978,diʁiʒɑ̃,direct,0-1-1,/dirige(r).ant,领导；领导人,target_content_with_gloss,0.834195,1
2931,connexion,connexion,NOM,B2,7.9912,14.187,4.44427,konɛksjɔ̃,connexe,0-1-1,/connex(e).ion,联络；连结,target_content_with_gloss,0.834145,1
12499,survenir,survenir,VER,B2,7.9709,4.554,0.41335,syʁvəniʁ,venir,1-1-0,_sur/venir,遇到,target_content_with_gloss,0.834041,1
11947,significatif,significatif,ADJ,B2,7.9577,3.402,0.77465,siɲifikatif,signe,0-1-2,/sign(e).ific.atif,意味；有意义,target_content_with_gloss,0.833974,1
11,abeille,abeille,NOM,B2,7.9511,7.022,1.57226,abɛj,abeille,0-1-0,/abeille,蜜蜂,target_content_with_gloss,0.83394,1
7855,marge,marge,NOM,B2,7.9506,13.772,2.94397,maʁʒ,marge,0-1-0,/marge,余地；空白,target_content_with_gloss,0.833938,1
592,annuler,annuler,VER,B2,7.9352,57.003,7.78322,anyle,nul,1-1-1,_a(d)n/nul.er,作废；取消,target_content_with_gloss,0.833859,1
4652,enfer,enfer,NOM,B2,7.9333,76.845,21.25536,ɑ̃fɛʁ,enfer,0-1-0,/enfer,下地狱；地狱,target_content_with_gloss,0.833849,1
3882,dollar,dollar,NOM,B1,17.6096,156.816,25.43325,dolaʁ,,0-1-0,/§dollar§,圆,target_content_with_gloss,0.833847,1
13606,vital,vital,ADJ,B2,7.9158,12.687,1.72535,vital,vie,0-1-1,/vi(e)[t].al,紧要,target_content_with_gloss,0.833759,1
5440,fouet,fouet,NOM,B2,7.9116,6.68,2.10961,fwɛ,fouet,0-1-0,/fouet,鞭子,target_content_with_gloss,0.833738,1
10309,préjugé,préjugé,NOM,B2,7.8966,3.864,1.27067,pʁeʒyʒe,juger,1-1-1,_pré/jug(er).é,偏见；成见,target_content_with_gloss,0.833661,1
12840,timbre,timbre,NOM,B2,7.8921,5.535,0.85732,tɛ̃bʁ,timbre,0-1-1,/timbr(e).e,声线；邮票,target_content_with_gloss,0.833637,1
9411,pension,pension,NOM,B2,7.8867,13.56,4.08451,pɑ̃sjɔ̃,pension,0-1-0,/pension,年金；民宿,target_content_with_gloss,0.83361,1
173,adhérent,adhérent,NOM,B2,7.8787,0.275,0.09032,adeʁɑ̃,{hér},1-1-1,_ad/{hér}.ent,会员,target_content_with_gloss,0.833568,1
4913,exciter,exciter,VER,B2,7.8589,29.253,7.21372,ɛksite,exciter,0-1-1,/excit(er).er,兴起；刺激,target_content_with_gloss,0.833466,1
12638,tache,tache,NOM,B2,7.8547,16.38,3.65738,taʃ,tache,0-1-0,/tache,斑点；瑕疵,target_content_with_gloss,0.833444,1
1806,bénévole,bénévole,ADJ,B2,7.8506,2.402,1.05021,benevɔl,bien,0-1-1,/béné.vol(e),义务；志愿者,target_content_with_gloss,0.833423,1
3416,créativité,créativité,NOM,B2,7.845,2.509,1.01194,kʁeativite,créer,0-1-2,/cré(er).ativ(e).ité,创新精神；创造力,target_content_with_gloss,0.833394,1
3212,cotisation,cotisation,NOM,B2,7.8369,0.804,0.17759,kotizasjɔ̃,cote,0-1-1,/cot(e).ation,份子；会费,target_content_with_gloss,0.833352,1
3822,distingué,distingué,ADJ,B2,7.827,3.196,1.14513,distɛ̃ge,distinct,0-1-1,/distingu(er).é,典雅；大方,target_content_with_gloss,0.833301,1
14196,évaluation,évaluation,NOM,B2,7.817,8.747,2.53827,evalɥasjɔ̃,valeur,1-1-1,_é/val(e)u(r)).uation,估价；估值,target_content_with_gloss,0.833249,1
10286,prédire,prédire,VER,B2,7.7961,9.611,1.74832,pʁediʁ,dire,1-1-0,_pré/dire,预言,target_content_with_gloss,0.83314,1
8960,opérateur,opérateur,NOM,B2,7.7713,6.177,1.42529,opeʁatœʁ,opérer,0-1-1,/opér(er).ateur,操作员；经营者,target_content_with_gloss,0.833011,1
4346,dépôt,dépôt,NOM,B2,7.7332,11.256,3.10778,depo,poser,1-1-0,_dé/po(ser)/^t,存款；沉积,target_content_with_gloss,0.832812,1
6001,gène,gène,NOM,B2,7.7329,9.358,1.6335,ʒɛn,gène,0-1-1,/gén(érer).e,基因,target_content_with_gloss,0.83281,1
12511,suspect,suspect,ADJ,B2,7.7205,17.342,12.54593,syspɛ,{pect},1-1-0,_su(r)/s/{pect},可疑；嫌犯,target_content_with_gloss,0.832745,1
9765,poignet,poignet,NOM,B2,7.6993,12.623,3.21341,pwaɲɛ,poing,0-1-1,/poign(e).et,手腕；袖口,target_content_with_gloss,0.832634,1
13137,trois,trois,NOM,B2,7.6982,62.671,67.39437,tʁwa,trois,0-1-0,/trois,三；仨,target_content_with_gloss,0.832628,1
14096,équilibrer,équilibrer,VER,B2,7.6974,2.652,4.17942,ekilibʁe,livre(poids),1-1-1,_équi/li(v)/br(e).er,相等,target_content_with_gloss,0.832624,1
2145,cerner,cerner,VER,B2,7.6913,6.044,0.8267,sɛʁne,cerner,0-1-1,/cern(er).er,围住,target_content_with_gloss,0.832592,1
867,assassin,assassin,ADJ,B2,7.6911,3.892,8.33435,asasɛ̃,assassin,0-1-0,/assassin,凶手；刺客,target_content_with_gloss,0.832591,1
6835,insecte,insecte,NOM,B2,7.6644,15.016,2.71586,ɛ̃sɛkt,insecte,0-1-1,/insect(e).e,昆虫；虫儿,target_content_with_gloss,0.83245,1
8983,ordinaire,ordinaire,ADJ,B2,7.6476,19.547,7.06522,ɔʁdinɛʁ,ordre,0-1-2,/ord(re).in.aire,一般；中常,target_content_with_gloss,0.832361,1
4606,enceinte,enceinte,NOM,B2,7.6392,5.332,15.43784,ɑ̃sɛ̃t,ceindre,1-1-1,_en/cein(dre)/t.e,大院；身孕,target_content_with_gloss,0.832316,1
11488,répartir,répartir,VER,B2,7.6329,2.446,0.39651,ʁepaʁtiʁ,part,1-1-1,_ré/part.ir,分配；调度,target_content_with_gloss,0.832283,1
6151,heurter,heurter,VER,B2,7.5783,10.652,2.15707,œʁte,heurter,0-1-1,/heurt(er).er,冲撞；触动,target_content_with_gloss,0.831993,1
12354,substituer,substituer,VER,B2,7.5614,0.807,0.15769,sypstitɥe,{stit},1-1-1,_sub/{stit}[u].er,代替；取代,target_content_with_gloss,0.831902,1
2960,considération,considération,NOM,B2,7.5596,5.114,1.94274,kɔ̃sideʁasjɔ̃,considérer,0-1-1,/considér(er).ation,声望；心眼,target_content_with_gloss,0.831893,1
9979,poète,poète,NOM,B2,7.5482,11.174,2.45713,poɛt,{poè},0-1-1,/{poè}.té,诗人,target_content_with_gloss,0.831832,1
1933,canton,canton,NOM,B2,7.5437,0.69,0.32609,kɑ̃tɔ̃,chant,0-1-1,/{cant}.on,广州,target_content_with_gloss,0.831808,1
7458,liquide,liquide,ADJ,B2,7.5409,7.516,9.45805,likid,liquide,0-1-1,/liquid(e).e,液体,target_content_with_gloss,0.831793,1
13926,élargir,élargir,VER,B2,7.5392,4.807,0.97214,elaʁʒiʁ,large,1-1-1,_é/larg(e).ir,开眼界；开阔,target_content_with_gloss,0.831783,1
108,accroître,accroître,VER,B2,7.5161,2.465,0.47612,akʁwatʁ,croître,1-1-0,_a(d)c/croî(tre),扩编,target_content_with_gloss,0.831659,1
13519,vide,vide,NOM,B2,7.5124,15.054,21.22933,vid,vider,0-1-1,/vid(er).e,真空；空心,target_content_with_gloss,0.83164,1
11755,savoir-faire,savoir-faire,NOM,B2,7.505,1.487,0.61543,savwaʁfɛʁ,savoir,0-2-0,/savoir/faire,手艺；才干,target_content_with_gloss,0.8316,1
12031,soie,soie,NOM,B2,7.5024,8.297,2.85364,swa,soie,0-1-0,/soie,丝绸；真丝,target_content_with_gloss,0.831586,1
12213,sphère,sphère,NOM,B2,7.5023,3.522,0.58788,sfɛʁ,sphère,0-1-1,/sphèr(e).e,圆球,target_content_with_gloss,0.831585,1
2322,chirurgie,chirurgie,NOM,B2,7.4829,21.0,5.03674,ʃiʁyʁʒi,urgence,1-1-1,_chir/urg(ence).ie,做手术；外科,target_content_with_gloss,0.831481,1
12391,suffisamment,suffisamment,ADV,B2,7.4683,19.791,8.01745,syfizamɑ̃,suffire,0-1-1,/§suffisa(nt)/m.ment,足,target_content_with_gloss,0.831402,1
10388,psychologue,psychologue,NOM,B1,16.5955,5.465,1.74219,psikolɔg,,1-0-1,_psycho.logue,心理学家,target_content_with_gloss,0.831281,1
1875,calme,calme,NOM,B2,7.4434,69.522,44.45652,kalm,calme,0-1-1,/calm(er).e,僻静；冷静,target_content_with_gloss,0.831267,1
9217,parent,parent,NOM,B2,7.4414,187.934,37.08665,paʁɑ̃,parent,0-1-0,/parent,亲戚；亲眷,target_content_with_gloss,0.831256,1
6813,innovation,innovation,NOM,B2,7.4361,1.506,0.44244,inovasjɔ̃,neuf,1-1-1,_in/nov(ateur).ation,创举；创新,target_content_with_gloss,0.831227,1
429,allée,allée,NOM,B2,7.4282,16.076,23.08788,ale,aller,0-1-1,/all(er).ée,小巷；小径,target_content_with_gloss,0.831184,1
10127,progression,progression,NOM,B2,7.4249,2.332,1.00888,pʁogʁɛsjɔ̃,{gress},1-1-1,_pro/{gress}.ion,推进；渐进,target_content_with_gloss,0.831167,1
4218,délinquant,délinquant,NOM,B2,7.3772,5.579,1.17116,delɛ̃kɑ̃,délinquant,0-1-1,/délinqu(ant).ant,犯人,target_content_with_gloss,0.830907,1
3068,contraire,contraire,ADJ,B2,7.3752,6.092,18.74617,kɔ̃tʁɛʁ,contraire,1-0-1,_contr(a).aire,反义；相反,target_content_with_gloss,0.830896,1
13373,valable,valable,ADJ,B2,7.3715,8.601,3.27618,valabl,valoir,0-1-1,/val(oir).able,成立,target_content_with_gloss,0.830875,1
10933,rembourser,rembourser,VER,B2,7.352,27.358,4.92805,ʁɑ̃buʁse,bourse,2-1-1,_r_em/bours(e).er,偿付；偿还,target_content_with_gloss,0.830769,1
2154,certitude,certitude,NOM,B2,7.3355,6.883,2.61023,sɛʁtityd,certes,0-1-1,/cert(es)/i.tude,可靠性；坚信,target_content_with_gloss,0.830678,1
6309,hypothèse,hypothèse,NOM,B2,7.3345,9.108,2.77404,ipotɛz,thèse,1-1-0,_hypo/thèse,假定；假想,target_content_with_gloss,0.830673,1
13740,vêtir,vêtir,VER,B2,7.3061,3.804,0.85885,vetiʁ,veste,0-1-1,/v(es/ê)t(e).ir,穿,target_content_with_gloss,0.830516,1
10359,prévention,prévention,NOM,B2,7.2998,1.522,0.61696,pʁevɑ̃sjɔ̃,venir,1-1-1,_pré/ven(ir)[t].ion,成见；预防措施,target_content_with_gloss,0.830482,1
1021,audiovisuel,audiovisuel,ADJ,B2,7.2922,0.31,0.16228,odjovizɥɛl,audio,1-0-1,_audio.visuel,声像；直观,target_content_with_gloss,0.83044,1
10401,publicitaire,publicitaire,ADJ,B1,16.2514,3.228,1.06859,pyblisitɛʁ,,0-1-1,/§public§.itaire,广告公司,target_content_with_gloss,0.830377,1
8446,mécanique,mécanique,NOM,B2,7.278,3.025,2.42958,mekanik,mécanique,0-1-1,/mécani(que)/c.ique,刻板；力学,target_content_with_gloss,0.830361,1
10085,procédé,procédé,NOM,B2,7.2569,3.858,1.7575,pʁosede,{ces/d},1-1-1,_pro/{ce(d)/ss}.é,作法；做法,target_content_with_gloss,0.830244,1
13667,volontaire,volontaire,ADJ,B2,7.2258,14.456,5.33374,volɔ̃tɛʁ,volonté,0-1-1,/volont(é).aire,乐于；要强,target_content_with_gloss,0.830072,1
7912,masquer,masquer,VER,B2,7.2162,4.478,5.89865,maske,masque,0-1-1,/masqu(e).er,隐藏,target_content_with_gloss,0.830018,1
13923,élaborer,élaborer,VER,B2,7.216,4.215,1.01806,elaboʁe,laborieux,0-1-1,/labor(ieux).er,冶炼；制定,target_content_with_gloss,0.830017,1
235,affecter,affecter,VER,B2,7.1948,23.684,2.94703,afɛkte,{fect},1-1-1,_a(d)/f/{fect}.er,委任；影响,target_content_with_gloss,0.829899,1
7642,légitime,légitime,ADJ,B2,7.1836,13.323,4.53154,leʒitim,{lég},0-1-1,/{lég}.itime,合法；有道,target_content_with_gloss,0.829836,1
13888,éditer,éditer,VER,B2,7.1818,1.408,0.43631,edite,éditer,0-1-1,/édit(er).er,修改；出版,target_content_with_gloss,0.829826,1
3004,consultation,consultation,NOM,B2,7.1665,5.889,1.73301,kɔ̃syltasjɔ̃,consulter,0-1-1,/consult(er).ation,协商；谘询,target_content_with_gloss,0.82974,1
11445,régner,régner,VER,B2,7.1349,12.411,3.68953,ʁeɲe,règne,0-1-1,/règn(e).er,当道,target_content_with_gloss,0.829563,1
13367,vaincre,vaincre,VER,B2,7.12,23.44,4.06614,vɛ̃kʁ,vaincre,0-1-1,/vainc(re).re,克服；击败,target_content_with_gloss,0.829479,1
10888,rejet,rejet,NOM,B2,7.0986,3.665,1.25842,ʁəʒɛ,jet,1-1-0,_re/jet,排放,target_content_with_gloss,0.829358,1
4730,enthousiaste,enthousiaste,ADJ,B2,7.0836,5.171,1.9902,ɑ̃tuzjast,enthousiasme,0-1-1,/enthousia(sme).ste,慷慨；热心,target_content_with_gloss,0.829273,1
519,américain,américain,NOM,B2,7.055,38.756,11.66718,ameʁikɛ̃,Amérique,0-1-1,/Améri(que)/c.ain,美国人,target_content_with_gloss,0.829111,1
13552,vilain,vilain,ADJ,B2,7.0426,17.478,4.06307,vilɛ̃,vil,0-1-1,/vil.ain,惫赖；调皮捣蛋,target_content_with_gloss,0.829041,1
9048,oubli,oubli,NOM,B2,7.0417,15.139,5.76546,ubli,oublier,0-1-0,/oubli(er),忘却；看错,target_content_with_gloss,0.829035,1
5124,fasciner,fasciner,VER,B2,7.0351,6.766,4.78414,fasine,fasciner,0-1-1,/fascin(er).er,引人入胜；迷惑,target_content_with_gloss,0.828998,1
11039,représentatif,représentatif,ADJ,B2,7.0189,0.566,0.15309,ʁəpʁezɑ̃tatif,présent,1-1-1,_re/présent.atif,代表性；典型,target_content_with_gloss,0.828905,1
12790,terroir,terroir,NOM,B2,7.0154,0.253,0.09339,tɛʁwaʁ,terre,0-1-1,/terr(e).oir,乡土；原产地,target_content_with_gloss,0.828885,1
13113,trier,trier,VER,B2,7.0129,4.348,0.9308,tʁije,trier,0-1-1,/tri(er).er,分级；取舍,target_content_with_gloss,0.828871,1
11694,sanitaire,sanitaire,ADJ,B2,6.9989,2.63,0.71035,sanitɛʁ,sain,0-1-1,/sa(i)n.itaire,保健；卫浴,target_content_with_gloss,0.828791,1
2904,confédération,confédération,NOM,B2,6.9882,0.737,0.18524,kɔ̃fedeʁasjɔ̃,fédérer,1-1-1,_con/fédér(er).ation,联盟,target_content_with_gloss,0.82873,1
2397,cible,cible,NOM,B2,6.9849,55.332,12.47091,sibl,cible,0-1-1,/cibl(e).e,对象；标的,target_content_with_gloss,0.828711,1
13986,émergence,émergence,NOM,B2,6.9737,0.402,0.16534,emɛʁʒɑ̃s,{merg(er)},1-1-1,_é/{merg(er)}.ence,露出,target_content_with_gloss,0.828647,1
4086,décliner,décliner,VER,B2,6.9511,4.142,0.56644,dekline,{clin(er)},1-1-1,_dé/{clin(er)}.er,减退；推辞,target_content_with_gloss,0.828517,1
6336,héritier,héritier,NOM,B2,6.9498,11.978,2.32701,eʁitje,hériter,0-1-1,/hérit(er).ier,继嗣；继承人,target_content_with_gloss,0.828509,1
1164,avérer,avérer,VER,B2,6.9442,25.256,6.63043,aveʁe,avérer/vrai,0-1-1,/avér(er).er,属实,target_content_with_gloss,0.828477,1
7760,malin,malin,ADJ,B2,6.9168,33.294,13.41396,malɛ̃,malin,0-1-0,/malin,刁钻；圆滑,target_content_with_gloss,0.828319,1
9255,paroi,paroi,NOM,B2,6.9133,3.392,0.87722,paʁwa,paroi,0-1-0,/paroi,墙体,target_content_with_gloss,0.828299,1
4859,estime,estime,NOM,B2,6.8768,5.56,5.1286,ɛstim,estime,0-1-1,/estim(e).e,估价,target_content_with_gloss,0.828087,1
12750,tendresse,tendresse,NOM,B2,6.8764,3.902,1.44366,tɑ̃dʁɛs,tendre,0-1-1,/tendr(e).esse,慈爱；柔情,target_content_with_gloss,0.828085,1
6884,instruction,instruction,NOM,B2,6.8475,18.797,5.78996,ɛ̃stʁyksjɔ̃,{struct},1-1-1,_in/{struct}.ion,学识；教诲,target_content_with_gloss,0.827916,1
13395,vanter,vanter,VER,B2,6.8343,11.772,2.51684,vɑ̃te,vanter,0-1-1,/vant(er).er,吹嘘；夸奖,target_content_with_gloss,0.827839,1
4224,délivrer,délivrer,VER,B2,6.8167,11.278,1.66565,delivʁe,libre,1-1-1,_dé/li(b)/vr(e).er,拯救；解救,target_content_with_gloss,0.827736,1
10126,progressif,progressif,ADJ,B2,6.8079,1.323,0.26638,pʁogʁesif,{gress},1-1-1,_pro/{gress}.if,与时俱进；逐行,target_content_with_gloss,0.827685,1
3066,contraindre,contraindre,VER,B2,6.8075,6.073,1.37783,kɔ̃tʁɛ̃dʁ,contraindre,0-1-1,/{contrain(dre)}.re,威逼；强制,target_content_with_gloss,0.827682,1
13433,vengeance,vengeance,NOM,B2,6.7879,22.56,7.34691,vɑ̃ʒɑ̃s,venger,0-1-1,/venge(r).ance,报复；报应,target_content_with_gloss,0.827567,1
10986,renouvelable,renouvelable,ADJ,B2,6.7862,0.62,0.12554,ʁənuvəlabl,nouveau,1-1-1,_re/nouve(au)/l.able,可再生,target_content_with_gloss,0.827557,1
8788,nécessairement,nécessairement,ADV,B2,6.7826,4.579,2.03919,nesesɛʁəmɑ̃,nécessaire,0-1-1,/nécessaire.ment,势必；定当,target_content_with_gloss,0.827536,1
7510,loge,loge,NOM,B2,6.7763,7.839,2.61176,lɔʒ,loger,0-1-1,/log(er).e,包厢,target_content_with_gloss,0.827499,1
965,atteinte,atteinte,NOM,B2,6.7691,2.07,2.05297,atɛ̃t,teindre,1-1-1,_a(d)/tein(dre).te,发病,target_content_with_gloss,0.827457,1
13958,élite,élite,NOM,B2,6.7479,9.411,3.34048,elit,lire,1-1-1,_é/li(re)/[t].e,精华；精英,target_content_with_gloss,0.827332,1
3131,convoiter,convoiter,VER,B2,6.7418,3.108,0.29241,kɔ̃vwate,convoiter,0-1-1,/convoit(er).er,垂涎；觊觎,target_content_with_gloss,0.827295,1
4942,exigeant,exigeant,ADJ,B2,6.7395,3.582,1.05175,ɛgziʒɑ̃,exiger,0-1-1,/exig(er).eant,难缠,target_content_with_gloss,0.827282,1
4370,désagréable,désagréable,ADJ,B2,6.7376,8.816,3.2624,dezagʁeabl,gré,1-1-0,_dés/agréable,不悦；讨厌,target_content_with_gloss,0.827271,1
9938,pouce,pouce,NOM,B2,6.7257,16.775,4.14881,pus,pouce,0-1-1,/pouc(e).e,大拇哥；大拇指,target_content_with_gloss,0.8272,1
718,appétit,appétit,NOM,B2,6.6988,14.854,5.85426,apeti,{pét},1-1-1,_a(d)/p/{pét}.it,胃口；食欲,target_content_with_gloss,0.82704,1
4981,explosion,explosion,NOM,B2,6.6887,32.313,7.48775,ɛksplozjɔ̃,{plos},1-1-1,_ex/{plos}.ion,爆炸；爆裂,target_content_with_gloss,0.82698,1
9105,paisible,paisible,ADJ,B2,6.6608,6.677,2.4801,pezibl,paix,0-1-1,/pai(x)/s.ible,和平；宁静,target_content_with_gloss,0.826814,1
7502,locataire,locataire,NOM,B2,6.656,7.332,1.37324,lokatɛʁ,location,0-1-1,/loc(ation).ataire,房客；承租人,target_content_with_gloss,0.826785,1
13336,utilisateur,utilisateur,NOM,B2,6.6528,3.054,0.58941,ytilizatœʁ,utile,0-1-2,/util(e).is.ateur,使用者；用户,target_content_with_gloss,0.826766,1
6110,harmonie,harmonie,NOM,B2,6.6515,5.155,1.8861,aʁmoni,harmonie,0-1-1,/harmon(ie).ie,匀称；和合,target_content_with_gloss,0.826758,1
11813,secondaire,secondaire,ADJ,B2,6.6472,11.418,2.85364,səgɔ̃dɛʁ,second,0-1-1,/second.aire,中等；二代,target_content_with_gloss,0.826733,1
5378,fondation,fondation,NOM,B2,6.6465,11.329,2.23209,fɔ̃dasjɔ̃,fond,0-1-1,/fond.ation,地基；创立；基金会,target_content_with_gloss,0.826728,1
8790,nécessité,nécessité,NOM,B2,6.6313,4.329,1.87232,nesesite,nécessaire,0-1-1,/nécess(aire).ité,必然；必要性,target_content_with_gloss,0.826637,1
6553,inattendu,inattendu,ADJ,B2,6.6183,8.478,2.21984,inatɑ̃dy,tendre,2-1-1,_in_at/tend(re).u,不料；出乎意料,target_content_with_gloss,0.826559,1
12115,souche,souche,NOM,B2,6.618,4.769,0.95377,suʃ,souche,0-1-1,/souch(e).e,杌；株,target_content_with_gloss,0.826557,1
12181,sous-sol,sous-sol,NOM,B2,6.6081,17.44,5.30159,susɔl,sol,1-1-0,_sous/sol,地下室,target_content_with_gloss,0.826498,1
8867,occupation,occupation,NOM,B2,6.6007,5.354,1.52174,okypasjɔ̃,occuper,0-1-1,/occup(er).ation,差事；生涯,target_content_with_gloss,0.826453,1
9939,poudre,poudre,NOM,B2,6.598,17.237,5.2771,pudʁ,poudre,0-1-1,/poudr(e).e,末；沙,target_content_with_gloss,0.826437,1
409,alliance,alliance,NOM,B2,6.5931,24.076,5.41947,aljɑ̃s,allier,0-1-1,/alli(er).ance,同盟；联盟,target_content_with_gloss,0.826408,1
13988,émerger,émerger,VER,B2,6.5816,3.538,0.38579,emɛʁʒe,{merg(er)},1-1-1,_é/{merg(er)},冒出；冒头,target_content_with_gloss,0.826338,1
6246,hostile,hostile,ADJ,B2,6.5397,7.358,2.10961,ɔstil,hostile,0-1-0,/hostile,敌对,target_content_with_gloss,0.826084,1
8610,naviguer,naviguer,VER,B2,6.5389,8.282,1.39927,navige,navire,0-1-1,/navi(re)[g].er,巡航；浏览,target_content_with_gloss,0.82608,1
6026,génétique,génétique,ADJ,B2,6.5256,10.149,3.17514,ʒenetik,gène,0-1-1,/généti(que)/c.ique,基因,target_content_with_gloss,0.825999,1
12344,sublime,sublime,ADJ,B2,6.5118,6.642,2.26118,syblim,sublime,0-1-1,/sublim(e).e,崇高；高尚,target_content_with_gloss,0.825915,1
2361,chrétien,chrétien,ADJ,B2,6.5026,8.566,1.99326,kʁetjɛ̃,chrétien,0-1-0,/chrétien,基督徒,target_content_with_gloss,0.825859,1
951,atout,atout,NOM,B2,6.5012,8.937,2.68983,atu,tout,0-2-0,/à/tout,优势；优点,target_content_with_gloss,0.82585,1
6570,incertitude,incertitude,NOM,B2,6.4917,2.142,0.72107,ɛ̃sɛʁtityd,certes,1-1-1,_in/cert(es).itude,不确定,target_content_with_gloss,0.825792,1
12563,systématique,systématique,ADJ,B2,6.4846,0.731,0.27863,sistematik,système,0-1-1,/systèm(e).atique,有条不紊；系统性,target_content_with_gloss,0.825749,1
3826,distraire,distraire,VER,B2,6.4799,17.592,3.49969,distʁɛʁ,traire,1-1-1,_dis/trai(re).re,分心；分散注意力,target_content_with_gloss,0.82572,1
4472,dévoiler,dévoiler,VER,B2,6.4754,10.396,1.86467,devwale,voile,1-1-1,_dé/voil(e).er,揭开；揭破,target_content_with_gloss,0.825692,1
12353,substance,substance,NOM,B2,6.4743,9.323,2.50765,sypstɑ̃s,{sta},1-1-1,_sub/{st(a)}.ance,养分；养料,target_content_with_gloss,0.825686,1
2165,chair,chair,NOM,B2,6.4414,25.044,9.20545,ʃɛʁ,chair,0-1-0,/chair,情欲；肉质感,target_content_with_gloss,0.825484,1
11645,sain,sain,ADJ,B2,6.4347,29.133,6.35334,sɛ̃,sain,0-1-0,/sain,健康；良性,target_content_with_gloss,0.825442,1
5044,exécution,exécution,NOM,B2,6.4301,16.491,4.90355,ɛgzekysjɔ̃,exécuter,0-1-1,/exécut(er).ion,做工；演技,target_content_with_gloss,0.825414,1
11750,savant,savant,ADJ,B2,6.4249,2.294,1.21249,savɑ̃,savoir,0-1-1,/sav(oir).ant,博学；博雅,target_content_with_gloss,0.825382,1
12539,symptôme,symptôme,NOM,B2,6.4091,14.987,3.812,sɛ̃ptom,symptome,0-1-1,/symptom(e).e,征状；病症,target_content_with_gloss,0.825285,1
12927,torture,torture,NOM,B2,6.4079,12.68,5.1041,tɔʁtyʁ,torture,0-1-1,/tortur(e).e,严刑拷打；毒刑,target_content_with_gloss,0.825277,1
9315,passif,passif,ADJ,B2,6.4057,3.155,0.95683,pasif,passion,0-1-1,/pass(ion).if,外向；消极,target_content_with_gloss,0.825264,1
13171,troupeau,troupeau,NOM,B2,6.3903,8.424,2.1632,tʁupo,troupe,0-1-1,/troup(e).eau,群,target_content_with_gloss,0.825168,1
12780,terrestre,terrestre,ADJ,B2,6.3748,6.661,1.5692,tɛʁɛstʁ,terre,0-1-1,/terr(e).estre,陆上；陆基,target_content_with_gloss,0.825072,1
12796,test,test,NOM,B1,14.3211,81.402,13.71402,tɛst,,0-1-0,/§test§,实验；检定,target_content_with_gloss,0.824945,1
14109,équivaloir,équivaloir,VER,B2,6.3427,1.839,1.64268,ekivo,valoir,1-1-1,_équi/val(oir).ent,相当,target_content_with_gloss,0.824872,1
889,assimiler,assimiler,VER,B2,6.3416,2.598,0.46387,asimile,assimiler,0-1-1,/assimil(er).er,吸取；吸收,target_content_with_gloss,0.824866,1
2589,collaborateur,collaborateur,NOM,B2,6.3287,3.747,0.82517,kolaboʁatœʁ,labeur,0-1-1,/lab(eu)/or.ateur,合作者,target_content_with_gloss,0.824785,1
12603,séparation,séparation,NOM,B2,6.3261,8.301,3.03276,sepaʁasjɔ̃,séparer,0-1-1,/sépar(er).ation,分立；离异,target_content_with_gloss,0.824769,1
5042,exécuter,exécuter,VER,B2,6.324,24.446,3.19198,ɛgzekyte,exécuter,0-1-1,/exécut(er).er,处决；处死,target_content_with_gloss,0.824756,1
10661,ralentir,ralentir,VER,B2,6.3205,22.57,3.89161,ʁalɑ̃tiʁ,lent,1-1-1,_ra/lent.ir,减慢；减速,target_content_with_gloss,0.824734,1
5048,fabricant,fabricant,NOM,B2,6.2846,4.459,1.1834,fabʁikɑ̃,fabriquer,0-1-0,/fabri(quer)/c,制造商；制造者,target_content_with_gloss,0.824509,1
3611,dense,dense,ADJ,B2,6.2649,2.389,0.80527,dɑ̃s,dense,0-1-1,/dens(e).e,凝重；密密,target_content_with_gloss,0.824385,1
1479,bloc,bloc,NOM,B2,6.2461,25.759,5.75321,blɔk,bloc,0-1-0,/bloc,方块；集团,target_content_with_gloss,0.824266,1
8386,munir,munir,VER,B2,6.2461,1.31,0.29088,myniʁ,munir,0-1-1,/mun(ir).ir,配备,target_content_with_gloss,0.824266,1
1783,bâiller,bâiller,VER,B2,6.2378,0.934,0.12554,baje,bâiller/béer,0-1-1,/bâill(er).er,张口；打哈欠,target_content_with_gloss,0.824214,1
7414,libéral,libéral,ADJ,B2,6.2278,2.547,0.56644,libeʁal,libre,0-1-1,/libér(er).al,开通；慷慨,target_content_with_gloss,0.82415,1
2527,clore,clore,VER,B2,6.2249,8.557,2.06369,klɔʁ,clore,0-1-1,/clo(re).re,关闭,target_content_with_gloss,0.824132,1
7034,inventeur,inventeur,NOM,B2,6.2206,2.266,0.87263,ɛ̃vɑ̃tœʁ,venir,1-1-1,_in/ven(ir)[t}.eur,创作者,target_content_with_gloss,0.824105,1
412,allocation,allocation,NOM,B2,6.2124,2.136,0.43019,alokasjɔ̃,location,1-1-1,_a(d)l/loca(l).tion,津贴；补助,target_content_with_gloss,0.824053,1
12982,tracer,tracer,VER,B2,6.2042,13.867,12.59951,tʁase,tracer,0-1-1,/trac(er).er,追踪,target_content_with_gloss,0.824001,1
5785,glacial,glacial,ADJ,B2,6.195,3.633,0.91855,glasjal,glacer,0-1-1,/glac(er).ial,冰冷；凛冽,target_content_with_gloss,0.823942,1
13085,traître,traître,NOM,B2,6.1879,19.389,5.28781,tʁɛtʁ,traître,0-1-0,/traître,奸,target_content_with_gloss,0.823897,1
13950,élevage,élevage,NOM,B2,6.1812,2.623,0.81445,ɛləvaʒ,lever,1-1-1,_é/lev(er).age,养殖业；牧业,target_content_with_gloss,0.823854,1
3746,diplômé,diplômé,NOM,B2,6.1702,2.234,2.4801,diplome,diplôme,0-1-1,/diplôm(e).é,举人；校友,target_content_with_gloss,0.823784,1
9881,portefeuille,portefeuille,NOM,B2,6.1607,19.263,5.76087,pɔʁtəfœj,porter,0-2-0,/porte/feuille,夹子；投资组合,target_content_with_gloss,0.823723,1
4253,démocratique,démocratique,ADJ,B2,6.1601,2.769,0.88334,demokʁatik,dème,0-1-2,/dém(e)/o.crat(e).ique,民主,target_content_with_gloss,0.82372,1
4191,dégradation,dégradation,NOM,B2,6.1581,1.282,0.47918,degʁadasjɔ̃,grade,1-1-1,_dé/grad(e).ation,渐变；破败,target_content_with_gloss,0.823707,1
5070,faible,faible,NOM,B2,6.1555,10.753,16.33037,fɛbl,faible,0-1-0,/faible,优柔；单薄,target_content_with_gloss,0.82369,1
7549,lot,lot,NOM,B2,6.1552,14.373,5.41182,lo,lot,0-1-0,/lot,批量；遭际,target_content_with_gloss,0.823688,1
681,appellation,appellation,NOM,B2,6.1444,0.361,0.13472,apelasjɔ̃,appel,0-1-1,/appel[l].ation,称,target_content_with_gloss,0.823619,1
3378,croissant,croissant,ADJ,B2,6.1442,1.509,0.92927,kʁwasɑ̃,croître,0-1-1,/croî(tre).sant,可颂；往上,target_content_with_gloss,0.823618,1
2629,colonne,colonne,NOM,B2,6.1441,11.339,3.37722,kolɔn,colonne,0-1-1,/colonn(e).e,圆柱；柱子,target_content_with_gloss,0.823617,1
12551,syndicat,syndicat,NOM,B2,6.1159,11.519,2.02541,sɛ̃dika,syndicat,0-1-2,/§syndic(at)§.at,工会,target_content_with_gloss,0.823436,1
2958,considérablement,considérablement,ADV,B2,6.1079,1.627,0.75628,kɔ̃sideʁabləmɑ̃,considérer,0-1-2,/considér(er).able.ment,大为；良多,target_content_with_gloss,0.823385,1
12395,suggestion,suggestion,NOM,B2,6.0987,10.475,2.9011,sygʒɛstjɔ̃,gérer,1-1-1,_su(b)/g/gé(rer)/st.ion,建言；建议,target_content_with_gloss,0.823325,1
8132,minuscule,minuscule,ADJ,B2,6.0947,8.525,2.7725,minyskyl,minus,0-1-1,/min(us).uscule,微微；点大,target_content_with_gloss,0.823299,1
12092,sonore,sonore,ADJ,B2,6.0695,4.693,1.26607,sonɔʁ,son,0-1-1,/son.ore,响亮；嘹亮,target_content_with_gloss,0.823137,1
9104,paire,paire,NOM,B2,6.0645,22.649,7.52909,pɛʁ,pair,0-1-0,/paire,一对；双人,target_content_with_gloss,0.823104,1
6643,indignation,indignation,NOM,B2,6.0406,1.19,0.51745,ɛ̃diɲasjɔ̃,digne,1-1-1,_in/dign(e).ation,愤,target_content_with_gloss,0.822949,1
5003,expédier,expédier,VER,B2,6.0289,6.389,0.85885,ɛkspedje,expédier,0-1-1,/expédi(er).er,出货；加快,target_content_with_gloss,0.822873,1
4930,exemplaire,exemplaire,ADJ,B2,6.019,3.063,2.46632,ɛgzɑ̃plɛʁ,exemple,0-1-1,/exempl(e).aire,样本；样机,target_content_with_gloss,0.822808,1
3731,diminution,diminution,NOM,B2,6.0064,0.956,0.4011,diminysjɔ̃,moins,1-1-1,_di/minu(s).tion,减低,target_content_with_gloss,0.822726,1
11420,réforme,réforme,NOM,B2,6.0032,3.57,0.79302,ʁefɔʁm,forme,1-1-1,_ré/form(e).e,变革；维新,target_content_with_gloss,0.822705,1
2918,conjoint,conjoint,NOM,B2,5.9922,1.62,0.53582,kɔ̃ʒwɛ̃,joindre,1-1-1,_con/joind(re).t,联合；配偶,target_content_with_gloss,0.822633,1
5885,gratuité,gratuité,NOM,B2,5.9859,0.161,0.06583,gʁatɥite,gratuit,0-1-1,/gratuit.é,赏钱,target_content_with_gloss,0.822592,1
467,ambitieux,ambitieux,ADJ,B2,5.9764,5.915,2.02388,ɑ̃bisjø,ambition,0-1-1,/ambit(ion).ieux,耸,target_content_with_gloss,0.82253,1
61,abîme,abîme,NOM,B2,5.9734,2.215,1.28445,abim,abîme,0-1-0,/abîme,奫,target_content_with_gloss,0.82251,1
11928,sida,sida,NOM,B2,5.9718,3.06,1.55083,sida,SIDA,0-1-0,/S.I.D.A.,爱死病；爱滋,target_content_with_gloss,0.822499,1
1906,canal,canal,NOM,B2,5.9686,12.199,3.18432,kanal,canal,0-1-0,/canal,信道；明渠,target_content_with_gloss,0.822478,1
4825,espion,espion,NOM,B2,5.9596,27.367,3.88396,ɛspjɔ̃,épier,0-1-1,/e[s]pi(er).on,侦察员；侦探,target_content_with_gloss,0.822419,1
6877,instituer,instituer,VER,B2,5.9593,0.522,0.10257,ɛ̃stitɥe,{stitu},1-1-1,_in/{stitu}.er,手定；确立,target_content_with_gloss,0.822417,1
12382,sud,sud,ADJ,B1,13.4826,6.386,16.0992,syd,,0-1-0,/sud,南方；南面,target_content_with_gloss,0.822368,1
551,anecdote,anecdote,NOM,B2,5.9464,2.82,0.70882,anɛkdɔt,anecdote,0-1-0,/anecdote,故事；趣闻,target_content_with_gloss,0.822332,1
3262,courber,courber,VER,B2,5.9438,1.75,1.13288,kuʁbe,courber,0-1-1,/courb(er).er,弯腰,target_content_with_gloss,0.822315,1
3414,créatif,créatif,ADJ,B2,5.938,6.965,1.59216,kʁeatif,créer,0-1-1,/cré(er).atif,创意,target_content_with_gloss,0.822277,1
13581,virtuel,virtuel,ADJ,B2,5.9349,4.497,0.64146,viʁtɥɛl,virtuel,0-1-1,/virtu(el).el,假想；无形,target_content_with_gloss,0.822257,1
4758,entreprendre,entreprendre,VER,B2,5.9329,4.832,11.7376,ɑ̃tʁəpʁɑ̃dʁ,prendre,1-1-1,_entre/prend(re).re,上手；兴办,target_content_with_gloss,0.822243,1
5895,gravité,gravité,NOM,B2,5.9323,9.263,3.21647,gʁavite,grave,0-1-1,/grav(e).ité,严重性；地心引力,target_content_with_gloss,0.822239,1
14108,équivalent,équivalent,NOM,B2,5.9287,2.959,1.64268,ekivalɑ̃,valoir,1-1-1,_équi/val(oir).ent,对等；相当,target_content_with_gloss,0.822216,1
6819,inonder,inonder,VER,B2,5.913,5.275,0.7425,inɔ̃de,onde,1-1-1,_in/ond(e).er,流泻,target_content_with_gloss,0.822112,1
90,accompagnement,accompagnement,NOM,B2,5.9075,0.956,0.34446,akɔ̃paɲəmɑ̃,copain,1-1-1,_a(d)c/compagn(ie).ement,伴奏,target_content_with_gloss,0.822075,1
2750,complémentaire,complémentaire,ADJ,B2,5.9075,0.946,0.22352,kɔ̃plemɑ̃tɛʁ,complet,0-1-1,/complément.aire,另加,target_content_with_gloss,0.822075,1
11147,reçu,reçu,ADJ,B2,5.9035,21.139,32.88426,ʁəsy,recevoir,0-1-1,/rec(evoir).u,单据；回执单,target_content_with_gloss,0.822049,1
11751,savant,savant,NOM,B2,5.8986,3.212,1.21249,savɑ̃,savoir,0-1-1,/sav(oir).ant,博学；博雅,target_content_with_gloss,0.822016,1
13628,vocabulaire,vocabulaire,NOM,B2,5.8652,2.861,1.22933,vokabylɛʁ,voix,0-1-1,/vo(i)x/c.abulaire,用语；词汇,target_content_with_gloss,0.821794,1
13424,velours,velours,NOM,B2,5.8618,3.465,1.312,vəluʁ,velours,0-1-0,/velours,立绒,target_content_with_gloss,0.821771,1
10522,pôle,pôle,NOM,B2,5.8458,4.953,1.07777,pol,pôle,0-1-0,/pôle,杆子；极点,target_content_with_gloss,0.821665,1
8288,morale,morale,NOM,B2,5.8453,9.285,5.0444,moʁal,moral,0-1-1,/moral.e,伦理；德性,target_content_with_gloss,0.821661,1
2675,commercialiser,commercialiser,VER,B2,5.8376,0.804,0.13931,komɛʁsjalize,commerce,0-1-1,/commercialis(er).er,商业化,target_content_with_gloss,0.82161,1
3754,directeur,directeur,ADJ,B2,5.8308,15.278,13.71862,diʁɛktœʁ,direct,0-1-1,/direct.eur,主任；主导,target_content_with_gloss,0.821564,1
3291,couture,couture,NOM,B2,5.8278,4.69,1.57991,kutyʁ,coudre,0-2-0,/cou(dre)/(su)ture,针线活,target_content_with_gloss,0.821544,1
2150,certificat,certificat,NOM,B2,5.8157,9.449,2.78016,sɛʁtifika,certes,0-1-2,/cert(es)/i.fic.at,发证；奖状,target_content_with_gloss,0.821463,1
7806,manipulation,manipulation,NOM,B2,5.8062,3.677,1.27526,manipylasjɔ̃,main,0-1-1,/manipul(er).ation,操弄,target_content_with_gloss,0.821399,1
516,aménagement,aménagement,NOM,B2,5.8051,1.009,0.30006,amenaʒəmɑ̃,ménage,1-1-1,_a(d)/ménag(e).ment,修订,target_content_with_gloss,0.821392,1
9096,paie,paie,NOM,B2,5.7687,6.649,14.83772,pɛ,payer,0-1-1,/pa(yer)/i.e,收讫,target_content_with_gloss,0.821146,1
957,attachement,attachement,NOM,B2,5.7604,1.826,0.73484,ataʃəmɑ̃,attacher,0-1-1,/attach(er).ement,因缘；爱慕,target_content_with_gloss,0.82109,1
11548,résumé,résumé,NOM,B2,5.7602,4.275,2.14329,ʁezyme,résumer,0-1-1,/résum(er).é,小结；提要,target_content_with_gloss,0.821088,1
9519,phare,phare,NOM,B2,5.7406,8.025,1.33344,faʁ,Pharos,0-1-1,/Phar(os).e,前大灯；前照灯,target_content_with_gloss,0.820956,1
8656,nier,nier,VER,B2,5.7249,23.854,3.86712,nje,nier,0-1-1,/ni(er).er,否定；否认,target_content_with_gloss,0.820849,1
3719,digne,digne,ADJ,B2,5.7233,21.218,7.25964,diɲ,digne,0-1-0,/digne,严肃；体面,target_content_with_gloss,0.820838,1
11376,réchauffer,réchauffer,VER,B2,5.7154,13.389,2.72045,ʁeʃofe,chaud,1-1-1,_re/chau(d)/f.er,加热,target_content_with_gloss,0.820784,1
6975,interview,interview,NOM,B1,12.9874,17.168,3.83344,ɛ̃tɛʁvju,,0-1-0,/§interview§,面试；面谈,target_content_with_gloss,0.820776,1
1948,capital,capital,NOM,B2,5.7012,4.775,2.52756,kapital,capital,0-1-0,/capit(al),本金；本钱,target_content_with_gloss,0.820687,1
9959,poursuite,poursuite,NOM,B2,5.6956,16.146,3.84415,puʁsɥit,pour,0-2-1,/pour/sui(vre)/t.e,紧追,target_content_with_gloss,0.820649,1
303,agressif,agressif,ADJ,B2,5.6649,11.991,2.52296,agʁɛsif,agresser,0-1-1,/agress(er).if,咄咄逼人；好胜,target_content_with_gloss,0.820439,1
12591,séjourner,séjourner,VER,B2,5.661,3.203,0.41947,seʒuʁne,séjour,0-1-1,/séjour[n].er,住下；作客,target_content_with_gloss,0.820412,1
57,abuser,abuser,VER,B2,5.6556,15.592,2.14023,abyze,abus,0-1-1,/abus.er,施虐；滥用,target_content_with_gloss,0.820375,1
617,antibiotique,antibiotique,NOM,B2,5.6534,5.041,1.51562,ɑ̃tibjotik,bio,1-1-1,_anti/bio.tique,抗生素,target_content_with_gloss,0.820359,1
3467,culte,culte,NOM,B2,5.6493,5.725,1.80496,kylt,culte,0-1-0,/culte,深爱,target_content_with_gloss,0.820331,1
3534,côtoyer,côtoyer,VER,B2,5.6353,2.88,0.47612,kotwaje,côté,0-1-2,/côt(é).oy(er).er,近乎,target_content_with_gloss,0.820235,1
4016,débattre,débattre,VER,B2,5.6314,9.326,3.17973,debatʁ,battre,1-1-1,_dé/batt(re).re,争论；争辩,target_content_with_gloss,0.820208,1
142,acquisition,acquisition,NOM,B2,5.6182,2.513,0.7869,akizisjɔ̃,quérir,1-1-2,_a(d)c/qu(érir).is.ition,习得；既得,target_content_with_gloss,0.820117,1
5357,foire,foire,NOM,B2,5.604,8.31,3.63135,fwaʁ,foire,0-1-1,/foir(e).e,博览会；市集,target_content_with_gloss,0.820018,1
12560,synthétiser,synthétiser,VER,B2,5.5973,1.402,0.27863,sɛ̃tetize,thèse,0-1-2,/thè(se)/t.is.er,合成；综合,target_content_with_gloss,0.819972,1
714,appui,appui,NOM,B2,5.5968,5.443,1.81415,apɥi,appuyer,0-1-0,/appui,依靠；后盾,target_content_with_gloss,0.819968,1
13043,transition,transition,NOM,B2,5.5863,4.959,1.79731,tʁɑ̃zisjɔ̃,transit,0-1-1,/transit.ition,交接；传送,target_content_with_gloss,0.819895,1
12594,sélectionner,sélectionner,VER,B1,12.7013,4.459,0.74862,selɛksjone,,0-1-1,/§select§.er,取舍；拣择,target_content_with_gloss,0.819829,1
4778,envers,envers,NOM,B2,5.5623,12.532,18.52572,ɑ̃vɛʁ,en,0-2-0,/en/vers,反面；对于,target_content_with_gloss,0.819728,1
3774,discrètement,discrètement,ADV,B2,5.545,5.744,2.55664,diskʁɛtəmɑ̃,discret,0-1-1,/discrète.ment,不着痕迹,target_content_with_gloss,0.819607,1
3446,cuir,cuir,NOM,B2,5.5354,12.845,4.579,kɥiʁ,cuir,0-1-0,/cuir,牛皮；皮革,target_content_with_gloss,0.81954,1
1393,bien-être,bien-être,NOM,B2,5.5338,5.326,2.21219,bjɛ̃nɛtʁ,bien,0-2-0,/bien/être,安乐；安康,target_content_with_gloss,0.819529,1
2607,collectivité,collectivité,NOM,B2,5.5262,0.437,0.14697,kolɛktivite,collectif,0-1-1,/collecti()/v.ité,社区；集体,target_content_with_gloss,0.819476,1
2671,commercial,commercial,NOM,B2,5.5192,1.389,4.64483,komɛʁsjal,commerce,0-1-1,/commerc(e).ial,商业；商厦,target_content_with_gloss,0.819427,1
1819,cabaret,cabaret,NOM,B2,5.5125,2.924,0.74862,kabaʁɛ,cabaret,0-1-0,/cabaret,歌厅；酒家,target_content_with_gloss,0.81938,1
11293,rouvrir,rouvrir,VER,B2,5.5031,5.633,1.12829,ʁuvʁiʁ,ouvrir,1-1-1,_r/ouvr(ir).ir,再开；重启,target_content_with_gloss,0.819313,1
5067,faculté,faculté,NOM,B2,5.4817,6.199,1.66105,fakylte,faculté,0-1-1,/facult(é).é,专科；功能,target_content_with_gloss,0.819163,1
8462,médaille,médaille,NOM,B1,12.478,15.209,3.60839,medaj,,0-1-0,/§médaille§,勋章；奖牌,target_content_with_gloss,0.819077,1
12849,tirage,tirage,NOM,B2,5.4643,3.127,0.88334,tiʁaʒ,tirer,0-1-1,/tir(er).age,印刷量；发行量,target_content_with_gloss,0.819039,1
5264,final,final,ADJ,B2,5.4584,21.557,8.67116,final,fin,0-1-1,/fin.al,最后；最终,target_content_with_gloss,0.818998,1
5824,gosse,gosse,NOM,B2,5.4583,88.734,15.04746,gɔs,gosse,0-1-0,/gosse,孩童；小孩子,target_content_with_gloss,0.818997,1
6321,hégémonie,hégémonie,NOM,B2,5.4412,0.108,0.04746,eʒemoni,hégémonie,0-1-1,/hégémon(ie).ie,霸权；霸气,target_content_with_gloss,0.818876,1
14,abolir,abolir,VER,B2,5.4191,1.709,0.26179,aboliʁ,abolir,0-1-1,/abol(ir).ir,废止；废除,target_content_with_gloss,0.818718,1
735,arabe,arabe,NOM,B2,5.4136,7.595,1.80955,aʁab,arabe,0-1-0,/arabe,阿拉伯,target_content_with_gloss,0.818679,1
5854,grain,grain,NOM,B2,5.4021,10.791,2.73729,gʁɛ̃,grain,0-1-0,/grain,籽实；纹路,target_content_with_gloss,0.818597,1
11089,restreindre,restreindre,VER,B2,5.4007,2.288,0.73025,ʁɛstʁɛ̃dʁ,restreindre,0-1-1,/restreind(re).re,制约；抑止,target_content_with_gloss,0.818587,1
6133,hebdomadaire,hebdomadaire,ADJ,B2,5.3987,2.066,0.76546,ɛbdomadɛʁ,hebdomadaire,0-1-1,/hebdomad (aire).aire,周刊；周报,target_content_with_gloss,0.818573,1
11357,réalisme,réalisme,NOM,B2,5.3944,0.832,0.31231,ʁealizm,réel,0-1-1,/ré(e/a)l.isme,写实；现实主义,target_content_with_gloss,0.818542,1
7585,lumineux,lumineux,ADJ,B2,5.3882,6.453,1.64268,lyminø,lumière,0-1-1,/lum(e/i)n.eux,光亮；光光,target_content_with_gloss,0.818497,1
6000,gâter,gâter,VER,B2,5.3865,7.658,1.19412,gate,gâter,0-1-1,/gât(er).er,弄脏；放纵,target_content_with_gloss,0.818485,1
6270,humide,humide,ADJ,B2,5.3576,8.807,2.92254,ymid,humide,0-1-0,/humide,润泽；湿润,target_content_with_gloss,0.818278,1
541,ancien,ancien,NOM,B2,5.357,24.367,17.9899,ɑ̃sjɛ̃,ancien,0-1-0,/ancien,前辈；古老,target_content_with_gloss,0.818273,1
1910,canard,canard,NOM,B2,5.3404,17.092,3.12615,kanaʁ,canard,0-1-0,/canard,鸭子,target_content_with_gloss,0.818153,1
5600,fureur,fureur,NOM,B2,5.3212,3.832,1.4605,fyʁœʁ,furie,0-1-1,/fur(ie).eur,暴怒；狂暴,target_content_with_gloss,0.818015,1
3180,correspondance,correspondance,NOM,B2,5.3118,9.43,3.37875,koʁɛspɔ̃dɑ̃s,répondre,1-1-1,_cor/ré[s]pond(re).ance,中转；书信,target_content_with_gloss,0.817947,1
8687,non-fumeur,non-fumeur,NOM,B2,5.2991,0.149,0.22811,nɔ̃fymœʁ,non,0-2-0,/non/fumeur,无烟,target_content_with_gloss,0.817854,1
6891,insuffisant,insuffisant,ADJ,B2,5.2984,2.915,0.68739,ɛ̃syfizɑ̃,suffisant,1-1-1,_in /suffis(ant).ant,不够；不能够,target_content_with_gloss,0.817849,1
4360,déroulement,déroulement,NOM,B2,5.2855,1.247,0.56644,deʁuləmɑ̃,rouler,1-1-1,_dé/roul(er).ement,历程；进度,target_content_with_gloss,0.817755,1
2646,combiner,combiner,VER,B2,5.284,4.981,1.30741,kɔ̃bine,combinaison,0-1-1,/combin(aison).er,兼具；兼有,target_content_with_gloss,0.817744,1
5969,guetter,guetter,VER,B2,5.2732,4.003,0.72107,gete,guetter,0-1-1,/guett(er).er,窥伺，守候着看,target_content_with_gloss,0.817666,1
4222,délit,délit,NOM,B2,5.2646,14.247,4.20698,deli,délit,0-1-0,/délit,罪行；罪过,target_content_with_gloss,0.817603,1
1810,béton,béton,NOM,B2,5.2635,7.506,2.73117,betɔ̃,béton,0-1-0,/béton,混凝土,target_content_with_gloss,0.817595,1
6732,infini,infini,ADJ,B2,5.2634,6.794,1.97642,ɛ̃fini,finir,1-1-1,_in/fin(ir).i,无垠；无穷,target_content_with_gloss,0.817594,1
5474,fragile,fragile,ADJ,B2,5.2612,13.823,4.74587,fʁaʒil,fragile,0-1-1,/fragil(e).e,单薄；娇嫩,target_content_with_gloss,0.817578,1
5575,fréquence,fréquence,NOM,B2,5.255,14.68,3.59155,fʁekɑ̃s,fréquent,0-1-1,/fréqu(ent).ence,扇形统计图；次数,target_content_with_gloss,0.817533,1
1805,bénévole,bénévole,NOM,B2,5.2513,1.75,1.05021,benevɔl,bien,0-1-1,/béné.vol(e),义务；志愿者,target_content_with_gloss,0.817506,1
4136,dédier,dédier,VER,B2,5.2464,6.354,1.38855,dedje,dédier,0-1-1,/dédi(er).er,献,target_content_with_gloss,0.81747,1
7956,mauvais,mauvais,NOM,B2,5.237,8.858,45.78536,movɛ,mal,0-1-0,/ma(l/u)vais,不佳；不善,target_content_with_gloss,0.817401,1
12401,suisse,suisse,ADJ,B2,5.233,3.703,2.85671,sɥis,Suisse,0-1-0,/Suisse,瑞士,target_content_with_gloss,0.817371,1
4240,démarrer,démarrer,VER,B2,5.2306,32.085,5.13319,demaʁe,amarre,1-1-0,_dé/(a)marr(e),启动；开动,target_content_with_gloss,0.817354,1
3518,célibataire,célibataire,NOM,B2,5.2298,8.668,8.02205,selibatɛʁ,célibat,0-1-1,/célibat.aire,光棍；单身,target_content_with_gloss,0.817348,1
11401,rédacteur,rédacteur,NOM,B2,5.2267,5.845,1.17575,ʁedaktœʁ,rédiger,0-1-1,/réd(iger).acteur,写手；编者,target_content_with_gloss,0.817325,1
1750,budget,budget,NOM,B1,11.9471,15.009,4.61268,bydʒɛ,,0-1-0,/§budget§,经费；预算,target_content_with_gloss,0.817237,1
3999,dynamique,dynamique,NOM,B2,5.2072,1.984,1.62278,dinamik,dynamique,0-1-1,/dynam(ique).ique,动力学；活泼,target_content_with_gloss,0.817181,1
9259,parquet,parquet,NOM,B2,5.2027,3.038,1.01653,paʁkɛ,parc,0-1-1,/par(c/qu).et,木地板；检察院,target_content_with_gloss,0.817148,1
3314,crainte,crainte,NOM,B2,5.2009,9.778,4.4902,kʁɛ̃t,craindre,0-1-1,/craind(re)/[t].e,心眼儿；恐惧,target_content_with_gloss,0.817135,1
10607,racine,racine,NOM,B2,5.1989,11.215,2.36222,ʁasin,racine,0-1-1,/racin(e).e,支根；根目录,target_content_with_gloss,0.81712,1
11503,réprimer,réprimer,VER,B2,5.1973,2.18,0.40876,ʁepʁime,primer,1-1-1,_ré/prim(er).er,压制；遏止,target_content_with_gloss,0.817108,1
47,absorber,absorber,VER,B2,5.1916,7.965,0.95836,apsɔʁbe,{sorber},1-1-1,_ab/absorb(er).er,吸取；吸收,target_content_with_gloss,0.817066,1
743,arbitre,arbitre,NOM,B2,5.1909,6.421,1.85395,aʁbitʁ,arbitre,0-1-0,/arbitre,裁判；裁判员,target_content_with_gloss,0.817061,1
10704,rapidité,rapidité,NOM,B2,5.1909,2.079,0.93693,ʁapidite,rapide,0-1-1,/rapid(e).ité,及时性；急速,target_content_with_gloss,0.817061,1
9242,parité,parité,NOM,B2,5.186,0.25,0.09339,paʁite,pair,0-1-1,/pa[i]r.ité,比价,target_content_with_gloss,0.817025,1
4438,détenir,détenir,VER,B2,5.1835,16.07,2.34538,dɛtəniʁ,tenir,1-1-1,_dé/ten(ir).ir,关押；占有,target_content_with_gloss,0.817006,1
11982,singulier,singulier,ADJ,B2,5.1723,2.028,0.63074,sɛ̃gylje,singulier,0-1-1,/singul(ier).ier,奇特；怪异,target_content_with_gloss,0.816923,1
6798,injection,injection,NOM,B2,5.1716,8.778,2.27648,ɛ̃ʒɛksjɔ̃,jet,1-1-1,_in/je[c]t.ion,注射,target_content_with_gloss,0.816918,1
2115,cendre,cendre,NOM,B2,5.156,15.003,4.12431,sɑ̃dʁ,cendre,0-1-1,/cendr(e).e,土色；灰烬,target_content_with_gloss,0.816802,1
10899,relativement,relativement,ADV,B2,5.1488,2.744,1.17728,ʁəlativəmɑ̃,{lat},1-1-2,_re/{lat}.ive.ment,比较；相对,target_content_with_gloss,0.816749,1
9463,personnaliser,personnaliser,VER,B2,5.1108,0.791,0.2572,pɛʁsonalize,personne,0-1-3,/personn(e).al.is.er,个性化,target_content_with_gloss,0.816465,1
10046,priser,priser,VER,B2,5.0989,2.348,23.56859,pʁize,prix,0-1-1,/pri(x)/s.er,观赏,target_content_with_gloss,0.816376,1
11196,rituel,rituel,NOM,B2,5.0972,10.522,3.00521,ʁitɥɛl,rite,0-1-0,/ritu(el),仪式；法事,target_content_with_gloss,0.816363,1
989,attractif,attractif,ADJ,B2,5.0868,0.725,0.1485,atʁaktif,traction,1-1-1,_a(d)/tract(ion).if,吸引人；颜值高,target_content_with_gloss,0.816285,1
10084,procédure,procédure,NOM,B2,5.0817,24.677,7.26577,pʁosedyʁ,{ces/d},1-1-1,_pro/{ce(d)/ss}.ure,条贯；程序,target_content_with_gloss,0.816246,1
6371,idéal,idéal,NOM,B2,5.077,7.19,7.55358,ideal,idée,0-1-1,/idé(e).al,包含同态；志向,target_content_with_gloss,0.816211,1
8,abattre,abattre,VER,B2,5.0757,37.484,5.20514,abatʁ,battre,1-1-1,_a(d)/batt(re).re,击倒；击坠,target_content_with_gloss,0.816201,1
13224,typique,typique,ADJ,B2,5.0757,8.854,3.43539,tipik,type,0-1-1,/typ(e).ique,代表性；典型,target_content_with_gloss,0.816201,1
2763,compositeur,compositeur,NOM,B2,5.0721,3.266,0.82976,kɔ̃pozitœʁ,poser,1-1-1,_com/pos(er).ition,作曲家,target_content_with_gloss,0.816174,1
486,amical,amical,ADJ,B2,5.0716,10.718,2.29179,amikal,ami,0-1-1,/ami[c].al,亲热；友好,target_content_with_gloss,0.81617,1
5432,fosse,fosse,NOM,B2,5.0463,6.462,1.81415,fɔs,fosse,0-1-1,/foss(e).e,坑；坜,target_content_with_gloss,0.815979,1
14175,étrangler,étrangler,VER,B2,5.0453,14.75,2.08359,etʁɑ̃gle,étrangler,0-1-1,/étrangl(er).er,扼杀；掐死,target_content_with_gloss,0.815972,1
2844,concurrent,concurrent,NOM,B2,5.0423,6.348,1.36405,kɔ̃kyʁɑ̃,courir,1-1-1,_con/{curr(ent)}.ent,参赛者；对手,target_content_with_gloss,0.815949,1
2774,compromis,compromis,NOM,B2,5.0415,7.642,4.43662,kɔ̃pʁomi,promettre,1-1-1,_com/prom(is).is,折衷,target_content_with_gloss,0.815943,1
14145,éthique,éthique,ADJ,B2,5.0299,2.272,2.74801,etik,éthique,0-1-0,/éthique,伦理；道德,target_content_with_gloss,0.815855,1
8309,mortel,mortel,ADJ,B2,5.0232,23.554,5.3812,mɔʁtɛl,mort,0-1-1,/mort.el,会死；你死我活,target_content_with_gloss,0.815804,1
359,aisé,aisé,ADJ,B2,5.019,2.763,0.60012,eze,aise,0-1-1,/ais(e).é,大方；安逸,target_content_with_gloss,0.815772,1
9280,particule,particule,NOM,B2,5.0153,7.304,1.72841,paʁtikyl,part,0-1-2,/part.icul.e,微粒；粉末,target_content_with_gloss,0.815744,1
3849,divertissement,divertissement,NOM,B2,5.0101,4.858,1.67942,divɛʁtisəmɑ̃,vers,1-1-2,_di/ver(s)/t.iss.ement,娱乐；文娱,target_content_with_gloss,0.815704,1
2735,complexité,complexité,NOM,B2,4.9964,1.456,0.5496,kɔ̃plɛksite,complexe,0-1-1,/complex(e).ité,复杂性,target_content_with_gloss,0.8156,1
3940,douzaine,douzaine,NOM,B2,4.9943,17.215,5.09032,duzɛn,douze,0-1-1,/douz(e).aine,一打,target_content_with_gloss,0.815584,1
462,ambassadeur,ambassadeur,NOM,B2,4.9933,15.43,2.32241,ɑ̃basadœʁ,ambassade,0-1-1,/ambassad(e).eur,使者；大使,target_content_with_gloss,0.815576,1
5758,gentillesse,gentillesse,NOM,B2,4.9915,7.778,3.16289,ʒɑ̃tijɛs,gent,0-1-2,/gent.ill.esse,仁慈,target_content_with_gloss,0.815562,1
13396,vapeur,vapeur,NOM,B2,4.9659,8.215,2.33619,vapœʁ,vapeur,0-1-0,/vapeur,头晕；废气,target_content_with_gloss,0.815366,1
9235,pari,pari,NOM,B2,4.962,29.161,12.74036,paʁi,parier,0-1-0,/pari(er),博弈；投注,target_content_with_gloss,0.815336,1
5486,franchement,franchement,ADV,B2,4.9593,36.168,13.59614,fʁɑ̃ʃəmɑ̃,franc,0-1-1,/franc[he].ment,干脆；索性,target_content_with_gloss,0.815316,1
5662,gage,gage,NOM,B2,4.9498,12.658,2.46326,gaʒ,gage,0-1-1,/gag(e).e,典；质,target_content_with_gloss,0.815243,1
11302,rubrique,rubrique,NOM,B2,4.9384,3.07,1.03644,ʁybʁik,rubrique,0-1-1,/rubri(que)/c.que,专栏；头球,target_content_with_gloss,0.815155,1
8655,nid,nid,NOM,B2,4.9295,11.886,3.65126,ni,nid,0-1-0,/nid,巢穴,target_content_with_gloss,0.815086,1
4625,encombrer,encombrer,VER,B2,4.9156,1.886,0.41182,ɑ̃kɔ̃bʁe,encombrer,0-1-1,/encombr(er).er,涌进,target_content_with_gloss,0.814979,1
11978,singe,singe,NOM,B2,4.9046,31.323,5.17146,sɛ̃ʒ,singe,0-1-0,/singe,猩猩；猴子,target_content_with_gloss,0.814893,1
10002,prescription,prescription,NOM,B2,4.9017,4.247,1.30129,pʁɛskʁipsjɔ̃,{scription},1-1-0,_pré/{scription},处方；时效,target_content_with_gloss,0.814871,1
10846,redoubler,redoubler,VER,B2,4.8828,2.225,0.42713,ʁəduble,double,1-1-1,_re/doubl(e).er,倍增；重叠,target_content_with_gloss,0.814724,1
3125,conviction,conviction,NOM,B2,4.8815,10.965,2.89651,kɔ̃viksjɔ̃,convaincre,0-1-0,/conviction,深信,target_content_with_gloss,0.814714,1
8377,multinational,multinational,ADJ,B2,4.8738,0.307,0.31537,myltinasjonal,nation,1-1-1,_multi/nation.al,多国；跨国,target_content_with_gloss,0.814654,1
8622,nerf,nerf,NOM,B2,4.8693,20.785,5.92468,nɛʁ,nerf,0-1-0,/nerf,命脉；神经,target_content_with_gloss,0.814619,1
7425,licencier,licencier,VER,B2,4.8599,5.282,0.93693,lisɑ̃sje,licite,0-1-2,/licenc(e).i.er,裁员；辞退,target_content_with_gloss,0.814546,1
3785,dispenser,dispenser,VER,B2,4.8577,2.266,0.45468,dispɑ̃se,dispenser,0-1-1,/dispens(er)/d.er,免除；分发,target_content_with_gloss,0.814528,1
13199,tueur,tueur,NOM,B2,4.854,101.842,14.88518,tɥœʁ,tuer,0-1-1,/tu(er).eur,凶手；杀人者,target_content_with_gloss,0.814499,1
2889,conforme,conforme,ADJ,B2,4.8496,2.127,0.87875,kɔ̃fɔʁm,forme,1-1-1,_con/form(e).e,濡忍,target_content_with_gloss,0.814465,1
3096,contrer,contrer,VER,B2,4.8494,17.344,65.01072,kɔ̃tʁe,contrer,1-0-1,_contr(e).er,反制,target_content_with_gloss,0.814463,1
634,antique,antique,ADJ,B2,4.8481,4.434,1.23546,ɑ̃tik,antique,0-1-0,/antique,积弊,target_content_with_gloss,0.814453,1
2821,concilier,concilier,VER,B2,4.8438,0.69,0.25413,kɔ̃silje,concile,0-1-1,/concili(er).er,和解；排解,target_content_with_gloss,0.81442,1
7797,manier,manier,VER,B2,4.8333,4.706,1.27526,manje,main,0-1-1,/ma(i)n[i].er,摆弄；过来,target_content_with_gloss,0.814337,1
12736,temporaire,temporaire,ADJ,B2,4.8324,10.608,4.09063,tɑ̃poʁɛʁ,temps,0-1-1,/temp(s)[or].aire,一次性；临时,target_content_with_gloss,0.81433,1
8711,norme,norme,NOM,B2,4.8323,5.171,1.25536,nɔʁm,norme,0-1-1,/norm(e).e,准则；制式,target_content_with_gloss,0.814329,1
7027,inutilement,inutilement,ADV,B2,4.8289,1.744,0.79302,inytiləmɑ̃,utile,1-1-1,_in/utile.ment,枉然,target_content_with_gloss,0.814303,1
7446,limpide,limpide,ADJ,B2,4.8285,1.472,0.5496,lɛ̃pid,limpide,0-1-1,/limpid(e).e,剔透；水汪汪,target_content_with_gloss,0.8143,1
284,agglomération,agglomération,NOM,B2,4.8278,0.165,0.06736,aglomeʁasjɔ̃,aggloméré,0-1-1,/agglomér(é).ation,一团；一堆,target_content_with_gloss,0.814294,1
6217,honteux,honteux,ADJ,B2,4.8266,8.006,2.67146,ɔ̃tø,honte,0-1-1,/hont(e).eux,可耻；惭愧,target_content_with_gloss,0.814285,1
131,acheminer,acheminer,VER,B2,4.8206,1.079,0.13013,aʃəmine,chemin,1-1-1,_a(d)/chemin.er,前往；发送,target_content_with_gloss,0.814238,1
5751,gendre,gendre,NOM,B2,4.8087,4.003,1.1436,ʒɑ̃dʁ,gendre,0-1-0,/gendre,女婿,target_content_with_gloss,0.814144,1
1018,audace,audace,NOM,B2,4.8076,3.791,1.62431,odas,audace,0-1-0,/audac(e),气魄；胆量,target_content_with_gloss,0.814135,1
13311,urbanisme,urbanisme,NOM,B2,4.8063,0.706,0.22811,yʁbanizm,urbain,0-1-2,/urb(ain).an.isme,城市规划,target_content_with_gloss,0.814125,1
4355,dérober,dérober,VER,B2,4.7972,4.68,0.61543,deʁobe,dérober,0-1-1,/dérob(er).er,偷盗；偷走,target_content_with_gloss,0.814053,1
28,aboutir,aboutir,VER,B2,4.7962,4.652,0.63686,abutiʁ,bout,1-1-1,_a(d)/bout.ir,成果,target_content_with_gloss,0.814045,1
9414,pente,pente,NOM,B2,4.7952,4.316,1.56461,pɑ̃t,pendre,0-1-1,/pen(dre).te,嗜好；坡度,target_content_with_gloss,0.814037,1
4084,déclin,déclin,NOM,B2,4.7938,1.987,0.82976,deklɛ̃,{clin(er)},1-1-0,_dé/{clin(er)},下挫,target_content_with_gloss,0.814026,1
3370,crocodile,crocodile,NOM,B2,4.784,4.408,0.82823,kʁokodil,crocodile,0-1-0,/crocodile,鳄鱼,target_content_with_gloss,0.813949,1
3402,cruel,cruel,ADJ,B2,4.7794,22.139,5.29088,kʁyɛl,cruel,0-1-0,/cruel,严酷；凶残,target_content_with_gloss,0.813912,1
10810,record,record,NOM,B1,11.0367,15.633,3.96969,ʁəkɔʁ,,0-1-0,/§record§,纪录；记录,target_content_with_gloss,0.813899,1
12466,surgir,surgir,VER,B2,4.7765,7.693,1.05328,syʁʒiʁ,surgir,0-1-1,/surg(ir).ir,冒头；出现,target_content_with_gloss,0.813889,1
10420,puits,puits,NOM,B2,4.7764,12.032,2.85058,pɥi,puits,0-1-0,/puits,水井,target_content_with_gloss,0.813889,1
6222,horaire,horaire,ADJ,B2,4.7682,3.0,2.47091,oʁɛʁ,heure,0-1-1,/h(eu/o)r(e).aire,时刻表；时间,target_content_with_gloss,0.813823,1
861,aspirer,aspirer,VER,B2,4.7662,10.772,1.33497,aspiʁe,{spir(er},1-1-1,_a(d)/{spir(er}.er,向往；吸入,target_content_with_gloss,0.813808,1
6003,gémir,gémir,VER,B2,4.7581,6.522,0.80833,ʒemiʁ,gémir,0-1-1,/gém(ir).ir,叫苦；呻吟,target_content_with_gloss,0.813743,1
5884,gratuitement,gratuitement,ADV,B2,4.7575,8.146,3.42162,gʁatɥitəmɑ̃,gratuit,0-1-1,/gratuite.ment,免费,target_content_with_gloss,0.813738,1
7727,majoritairement,majoritairement,ADV,B2,4.753,0.364,0.16534,maʒoʁitɛʁəmɑ̃,§maj§,0-1-2,/§maj§.oritaire.ment,多半；大部分,target_content_with_gloss,0.813703,1
8520,mépriser,mépriser,VER,B2,4.7458,9.263,1.82333,mepʁize,prendre,1-1-1,_mé/pris.er,傲视；嫌弃,target_content_with_gloss,0.813645,1
8720,notaire,notaire,NOM,B2,4.738,3.155,0.84507,notɛʁ,noter,0-1-1,/not(er).aire,事务律师；公证,target_content_with_gloss,0.813583,1
7948,matériau,matériau,NOM,B2,4.7358,4.506,1.19259,mateʁjo,matériel,0-1-1,/matéri(el).au,材料；材质,target_content_with_gloss,0.813566,1
12150,soupirer,soupirer,VER,B2,4.7328,7.009,1.16197,supiʁe,{pir},1-1-1,_sous/{pir}.er,叹息；叹气,target_content_with_gloss,0.813542,1
8699,nord,nord,ADJ,B1,10.9413,12.161,16.25383,nɔʁ,,0-1-0,/§nord§,北国；北方,target_content_with_gloss,0.813535,1
11199,rival,rival,NOM,B2,4.726,5.022,1.3319,ʁival,rive,0-1-1,/riv(e).al,对头；对手,target_content_with_gloss,0.813487,1
13922,élaboration,élaboration,NOM,B2,4.722,0.465,0.20667,elaboʁasjɔ̃,laborieux,1-1-1,_é/labor(ieux).ation,冶炼,target_content_with_gloss,0.813455,1
11393,réconcilier,réconcilier,VER,B2,4.7201,6.633,1.27526,ʁekɔ̃silje,concilier,1-1-1,_re/concili(er).er,劝解；开通,target_content_with_gloss,0.81344,1
9385,peiner,peiner,VER,B2,4.7149,4.095,46.53705,pene,peine,0-1-1,/pein(e).er,操劳,target_content_with_gloss,0.813399,1
3413,créateur,créateur,ADJ,B2,4.7109,1.75,2.21066,kʁeatœʁ,créer,0-1-1,/cré(er).ateur,创作者；创始人,target_content_with_gloss,0.813366,1
8980,orchestre,orchestre,NOM,B2,4.7085,9.585,2.43876,ɔʁkɛstʁ,orchestre,0-1-1,/orchestr(e).e,乐团；交响乐团,target_content_with_gloss,0.813347,1
11868,sentimental,sentimental,ADJ,B2,4.6997,7.285,1.79424,sɑ̃timɑ̃tal,sens,0-1-1,/sentiment.al,多情；多愁善感,target_content_with_gloss,0.813277,1
8118,mineur,mineur,NOM,B2,4.6987,11.288,2.82762,minœʁ,miner,0-1-1,/min(er).eur,年幼；未成,target_content_with_gloss,0.813269,1
1283,baron,baron,NOM,B2,4.6979,9.244,1.30129,baʁɔ̃,baron,0-1-0,/baron,男爵,target_content_with_gloss,0.813262,1
4588,emprisonner,emprisonner,VER,B2,4.6975,7.747,1.5447,ɑ̃pʁizone,prison,1-1-1,_em/prison[n].er,关押；囚禁,target_content_with_gloss,0.813259,1
12652,tailler,tailler,VER,B2,4.6647,10.899,17.88579,taje,taille,0-1-1,/taill(e).er,修剪；修整,target_content_with_gloss,0.812995,1
9014,orientation,orientation,NOM,B2,4.6586,4.668,1.73913,oʁjɑ̃tasjɔ̃,orient,0-1-1,/orient.ation,动向；取向,target_content_with_gloss,0.812945,1
688,apport,apport,NOM,B2,4.6582,1.297,0.52051,apɔʁ,porter,1-1-0,_a(d)/p/port(er),投入,target_content_with_gloss,0.812942,1
11688,sanglant,sanglant,ADJ,B2,4.6578,6.209,1.03337,sɑ̃glɑ̃,sangle,0-1-1,/sang[l].ant,浴血；血性,target_content_with_gloss,0.812939,1
13646,voisinage,voisinage,NOM,B2,4.657,7.291,2.9057,vwazinaʒ,voisin,0-1-1,/voisin.age,相邻；街坊,target_content_with_gloss,0.812932,1
9293,parure,parure,NOM,B2,4.6526,0.535,0.14544,paʁyʁ,parer,0-1-1,/par(er).ure,饰物；首饰,target_content_with_gloss,0.812897,1
6771,ingrédient,ingrédient,NOM,B2,4.6517,6.187,1.43295,ɛ̃gʁedjɑ̃,ingrédient,0-1-0,/ingrédient,成分；食材,target_content_with_gloss,0.812889,1
13820,échouer,échouer,VER,B2,4.6452,41.896,8.21035,eʃwe,échouer,0-1-1,/échou(er).er,受挫；失败,target_content_with_gloss,0.812837,1
3711,différencier,différencier,VER,B2,4.6415,3.215,0.7869,difeʁɑ̃sje,{fér},1-1-1,_di(s)/f/{fér}.ier,辨别,target_content_with_gloss,0.812807,1
14033,épargner,épargner,VER,B2,4.6386,26.0,3.19351,epaʁɲe,épargner,0-1-1,/épargn(er).er,存钱；宽恕,target_content_with_gloss,0.812783,1
502,ampleur,ampleur,NOM,B2,4.636,3.364,1.49878,ɑ̃plœʁ,ample,0-1-1,/ampl(e).eur,博大；宽大,target_content_with_gloss,0.812762,1
13807,échantillon,échantillon,NOM,B2,4.6344,24.608,4.406,eʃɑ̃tijɔ̃,échantillon,0-1-0,/échantillon,一瞥；抽样,target_content_with_gloss,0.812749,1
7605,lycéen,lycéen,NOM,B2,4.6332,4.978,0.75015,liseɛ̃,lycée,0-1-1,/lycé(e).en,中学生；男生,target_content_with_gloss,0.812739,1
12992,traduction,traduction,NOM,B2,4.6145,32.63,12.91641,tʁadyksjɔ̃,{duire},1-1-1,_tra(ns)/[duct}.tion,翻译；译文,target_content_with_gloss,0.812587,1
12920,torrent,torrent,NOM,B2,4.6061,1.509,0.45162,toʁɑ̃,torrent,0-1-0,/torrent,山洪；激流,target_content_with_gloss,0.812519,1
10677,ramer,ramer,VER,B2,4.6059,4.054,0.85885,ʁame,rame,0-1-1,/ram(er).e,划拉；划船,target_content_with_gloss,0.812517,1
12479,surprenant,surprenant,ADJ,B2,4.6007,9.728,3.86099,syʁpʁənɑ̃,prendre,1-1-0,_sur/prenant,惊人,target_content_with_gloss,0.812474,1
2644,combinaison,combinaison,NOM,B2,4.5962,16.456,4.46418,kɔ̃binɛzɔ̃,combinaison,0-1-1,/combin(aison).aison,组合；计策,target_content_with_gloss,0.812438,1
115,accumuler,accumuler,VER,B2,4.5958,5.475,0.50521,akymyle,cumul,1-1-1,_a(d)c/cumul(er).er,堆砌；堆积,target_content_with_gloss,0.812434,1
3923,double,double,NOM,B2,4.5884,17.946,17.0101,dubl,double,0-1-1,/doubl(e).e,分身；副本,target_content_with_gloss,0.812374,1
12154,soupçonner,soupçonner,VER,B2,4.5849,16.041,2.19688,supsone,soupçon,0-1-1,/soupçon[n].er,怀疑；猜疑,target_content_with_gloss,0.812345,1
7989,menaçant,menaçant,ADJ,B2,4.5839,3.297,1.59675,mənasɑ̃,menacer,0-1-1,/menac(er).ant,逼人,target_content_with_gloss,0.812337,1
12587,séduisant,séduisant,ADJ,B2,4.5752,9.87,2.31935,sedɥizɑ̃,{duire},1-1-2,_s(ous)/é/{du(ire)}.is.ant,俊俏；妩媚,target_content_with_gloss,0.812266,1
5830,gourmand,gourmand,ADJ,B2,4.5747,2.231,0.74403,guʁmɑ̃,gourmand,0-1-0,/gourmand,贪吃；贪馋,target_content_with_gloss,0.812261,1
205,adoption,adoption,NOM,B2,4.5687,7.025,1.86467,adɔpsjɔ̃,opter,1-1-1,_ad/opt(er).ion,收养；领养,target_content_with_gloss,0.812212,1
3627,derrière,derrière,NOM,B2,4.5621,8.671,49.60961,dɛʁjɛʁ,derrière,0-1-0,/derrière,后头；后面,target_content_with_gloss,0.812158,1
4974,exploitation,exploitation,NOM,B2,4.5483,4.304,1.47428,ɛksplwatasjɔ̃,exploit,0-1-1,/exploit.ation,剥削；吃人,target_content_with_gloss,0.812044,1
14161,étonné,étonné,ADJ,B2,4.5482,2.462,2.55664,etone,ton,1-1-1,_é/tonn(er).é,惊异；惊讶,target_content_with_gloss,0.812043,1
13996,émigrer,émigrer,VER,B2,4.548,1.396,0.32149,emigʁe,migrer,1-1-1,_é/migr(er).er,移居；移民,target_content_with_gloss,0.812042,1
7039,inverse,inverse,ADJ,B2,4.5452,2.079,4.22076,ɛ̃vɛʁs,vers,1-1-1,_in/vers.e,倒数,target_content_with_gloss,0.812019,1
1081,autonome,autonome,ADJ,B2,4.5451,2.364,0.71953,otonom,{nome},1-1-0,_aut(o)/{nome},单机；自主,target_content_with_gloss,0.812018,1
3261,courbe,courbe,NOM,B2,4.5381,3.272,1.13288,kuʁb,courber,0-1-1,/courb(er).e,弧形；曲线,target_content_with_gloss,0.81196,1
11410,réel,réel,NOM,B2,4.5261,2.934,12.6485,ʁeɛl,réel,0-1-0,/réel,切实；实在,target_content_with_gloss,0.811861,1
11976,sincèrement,sincèrement,ADV,B2,4.5261,14.203,6.05021,sɛ̃sɛʁəmɑ̃,sincère,0-1-1,/sincère.ment,恳切；款款,target_content_with_gloss,0.811861,1
368,alarme,alarme,NOM,B2,4.5251,23.927,6.57379,alaʁm,arme,0-2-0,/à/l'arme,报警器；警号,target_content_with_gloss,0.811852,1
3295,couvent,couvent,NOM,B2,4.5204,5.43,1.22168,kuvɑ̃,couvent,0-1-0,/couvent,庵,target_content_with_gloss,0.811813,1
6812,innombrable,innombrable,ADJ,B2,4.5122,2.503,1.04715,inɔ̃bʁabl,nombre,1-1-1,_in/nombr(e).able,不计其数；千万,target_content_with_gloss,0.811745,1
10941,remords,remords,NOM,B2,4.5109,6.674,2.624,ʁəmɔʁ,mordre,1-1-0,_re/mord(re)[s],内疚,target_content_with_gloss,0.811734,1
9417,percer,percer,VER,B2,4.4939,13.595,2.38365,pɛʁse,percer,0-1-1,/perc(er).er,冲破；凿岩,target_content_with_gloss,0.811593,1
8614,naïf,naïf,ADJ,B2,4.4895,8.712,2.07287,naif,naïf,0-1-0,/naïf,不谙世故；天真,target_content_with_gloss,0.811556,1
9223,paresse,paresse,NOM,B2,4.4791,1.054,0.4455,paʁɛs,paresse,0-1-1,/paress(e).e,迟钝,target_content_with_gloss,0.81147,1
13511,vice-président,vice-président,NOM,B2,4.4761,10.31,1.85089,vispʁezidɑ̃,présidence,1-1-1,_vice/présid(ence).ent,副主席；副总统,target_content_with_gloss,0.811444,1
3063,contradiction,contradiction,NOM,B2,4.4747,2.228,0.59247,kɔ̃tʁadiksjɔ̃,dire,1-0-1,_contra.ion,矛盾；辩驳,target_content_with_gloss,0.811433,1
11737,saut,saut,NOM,B2,4.4725,15.684,4.23148,so,sauter,0-1-0,/saut(er),停顿,target_content_with_gloss,0.811414,1
4943,exigence,exigence,NOM,B2,4.4654,4.37,1.45744,ɛgziʒɑ̃s,exiger,0-1-1,/exig(er).ence,必要条件；需求,target_content_with_gloss,0.811355,1
3196,cortège,cortège,NOM,B2,4.4615,1.911,0.63074,kɔʁtɛʒ,cortège,0-1-0,/cortège,车队,target_content_with_gloss,0.811322,1
4325,déplorer,déplorer,VER,B2,4.4573,1.38,0.33987,deploʁe,pleur,1-1-1,_dé/pl(eu)/or.er,叹息,target_content_with_gloss,0.811287,1
7601,luxueux,luxueux,ADJ,B2,4.4506,2.484,0.75781,lyksɥø,luxe,0-1-1,/lux(e).eux,华贵；奢侈,target_content_with_gloss,0.811231,1
6283,hurlement,hurlement,NOM,B2,4.4411,4.082,0.97826,yʁləmɑ̃,hurler,0-1-1,/hurl(er).ement,喊叫；尖叫声,target_content_with_gloss,0.811151,1
5944,grossier,grossier,ADJ,B2,4.4409,11.408,3.29149,gʁosje,gros,0-1-1,/gros[s].ier,下流；不敬,target_content_with_gloss,0.811149,1
12760,tentation,tentation,NOM,B2,4.4407,5.598,1.87232,tɑ̃tasjɔ̃,tenter,0-1-1,/tent(er).ation,诱惑力,target_content_with_gloss,0.811148,1
3046,continuel,continuel,ADJ,B2,4.4401,0.611,0.13166,kɔ̃tinɥɛl,continuer,0-1-1,/continu(er).el,不断,target_content_with_gloss,0.811142,1
6743,infliger,infliger,VER,B2,4.4381,8.127,1.21096,ɛ̃fliʒe,infliger,0-1-1,/inflig(er).er,相加,target_content_with_gloss,0.811126,1
9024,orner,orner,VER,B2,4.4329,1.5,0.13931,ɔʁne,orner,0-1-1,/orn(er).er,点缀；装饰,target_content_with_gloss,0.811082,1
4508,effrayant,effrayant,ADJ,B2,4.4232,22.468,6.76516,efʁɛjɑ̃,effroi,0-1-1,/effray(er).ant,吓人；惊心胆颤,target_content_with_gloss,0.811,1
10992,rentable,rentable,ADJ,B2,4.4193,2.5,0.92468,ʁɑ̃tabl,rente,0-1-1,/rent(e).able,合算；赚钱,target_content_with_gloss,0.810967,1
9091,pacte,pacte,NOM,B2,4.4134,7.918,2.26577,pakt,pacte,0-1-0,/pact(e),公约,target_content_with_gloss,0.810917,1
7769,maltraiter,maltraiter,VER,B2,4.4044,6.218,0.71341,maltʁete,mal,0-2-1,/mal/trait(er).er,欺负；虐待,target_content_with_gloss,0.810841,1
11476,rémunération,rémunération,NOM,B2,4.3964,0.797,0.32149,ʁemyneʁasjɔ̃,rémunérer,0-1-1,/rémunér(er).ation,待遇；报酬,target_content_with_gloss,0.810773,1
11854,sensibilisation,sensibilisation,NOM,B2,4.389,0.5,0.19443,sɑ̃sibilizasjɔ̃,sens,0-1-2,/sens.ib[i]lis.ation,感光；感知,target_content_with_gloss,0.81071,1
13712,vulnérable,vulnérable,ADJ,B2,4.3876,11.487,3.62982,vylneʁabl,vulnérable,0-1-1,/vulnér(able).able,不堪一击；弱势,target_content_with_gloss,0.810699,1
13858,écosystème,écosystème,NOM,B2,4.3861,1.06,0.32303,ekosistɛm,système,1-1-0,_éco/système,生态系；生态系统,target_content_with_gloss,0.810686,1
3182,correspondant,correspondant,NOM,B2,4.3784,2.842,1.95499,koʁɛspɔ̃dɑ̃,répondre,1-1-1,_cor/ré[s]pond(re).ant,相应；访客,target_content_with_gloss,0.81062,1
10434,purement,purement,ADV,B2,4.3749,4.177,1.87691,pyʁəmɑ̃,pur,0-1-1,/pure.ment,单纯,target_content_with_gloss,0.81059,1
13123,triompher,triompher,VER,B2,4.3575,3.921,2.1632,tʁijɔ̃fe,triomphe,0-1-1,/triomph(e).er,得胜,target_content_with_gloss,0.810442,1
2649,combler,combler,VER,B2,4.3472,8.127,2.17851,kɔ̃ble,combler,0-1-1,/combl(er).er,填平；填满,target_content_with_gloss,0.810354,1
80,accessoire,accessoire,NOM,B2,4.3442,5.149,1.55695,akseswaʁ,{cès/d},1-1-1,_a(d)/c/ced/(ss).oire,支流；道具,target_content_with_gloss,0.810328,1
3145,copie,copie,NOM,B2,4.3404,27.601,7.60104,kopi,copier,0-1-1,/copi(er).e,副本；影本,target_content_with_gloss,0.810296,1
5940,gros,gros,ADV,B2,4.3395,3.652,51.50337,gʁo,gros,0-1-0,/gros,肥大；肥胖,target_content_with_gloss,0.810288,1
5188,fermier,fermier,NOM,B2,4.3298,9.358,2.14789,fɛʁmje,fermer,0-1-1,/ferm(er).ier,农民,target_content_with_gloss,0.810205,1
11047,repérer,repérer,VER,B2,4.3142,28.402,4.63411,ʁəpeʁe,repère,0-1-1,/repèr(e).er,定位；定向,target_content_with_gloss,0.810071,1
5670,gain,gain,NOM,B2,4.3136,6.424,1.36099,gɛ̃,gagner,0-1-0,/gain,便宜；增益,target_content_with_gloss,0.810065,1
7514,logique,logique,ADJ,B2,4.3027,19.734,10.7624,loʒik,logos,0-1-1,/log(ique).ique,眉目；逻辑,target_content_with_gloss,0.809971,1
12628,tabagisme,tabagisme,NOM,B2,4.2984,0.285,0.11788,tabaʒizm,tabac,0-1-1,/§tabac§/g.isme,吸烟,target_content_with_gloss,0.809934,1
3523,célébrité,célébrité,NOM,B2,4.2764,11.484,2.68371,selebʁite,célèbre,0-1-1,/célèbr(e).ité,名人；名士,target_content_with_gloss,0.809744,1
12417,superficiel,superficiel,ADJ,B2,4.2641,6.342,1.01194,sypɛʁfisjɛl,superficie,0-1-1,/superfici(e).el,半桶水；浅薄,target_content_with_gloss,0.809637,1
3962,drogue,drogue,NOM,B2,4.2526,85.639,15.05205,dʁɔg,drogue,0-1-0,/drogu(e),嗨药；毒品,target_content_with_gloss,0.809537,1
14130,étaler,étaler,VER,B2,4.2474,4.956,0.75321,etale,étaler,0-1-1,/étal(er).er,展开；展示,target_content_with_gloss,0.809491,1
11725,sauce,sauce,NOM,B2,4.2465,20.345,6.18953,sos,sauce,0-1-0,/sauc(e),酱料,target_content_with_gloss,0.809484,1
10735,rationnel,rationnel,ADJ,B2,4.2438,4.43,0.86957,ʁasjonɛl,ration,0-1-1,/ration[n].el,合理；理性,target_content_with_gloss,0.80946,1
1785,bâtir,bâtir,VER,B2,4.2437,12.573,1.91366,batiʁ,bâtir,0-1-1,/bât(ir).ir,建造（房屋）,target_content_with_gloss,0.809459,1
1166,axe,axe,NOM,B2,4.24,4.415,0.96754,aks,axe,0-1-0,/axe,轴心,target_content_with_gloss,0.809427,1
860,aspiration,aspiration,NOM,B2,4.2386,4.668,1.1038,aspiʁasjɔ̃,{spir(er},1-1-1,_a(d)/{spir(er}.ation,吸入；吸气,target_content_with_gloss,0.809415,1
2787,comptoir,comptoir,NOM,B2,4.2386,7.342,2.74495,kɔ̃twaʁ,compter,0-1-1,/compt(er).oir,拦柜；柜台,target_content_with_gloss,0.809415,1
3800,dissimuler,dissimuler,VER,B2,4.2377,7.823,1.47275,disimyle,simuler,1-1-1,_dis/simul(er).er,掩盖；掩藏,target_content_with_gloss,0.809407,1
3996,dureté,dureté,NOM,B2,4.2363,0.639,0.28628,dyʁəte,durer,0-1-1,/dur(er).eté,刚性；硬度,target_content_with_gloss,0.809394,1
10790,recommandation,recommandation,NOM,B2,4.2347,6.56,1.70698,ʁəkomɑ̃dasjɔ̃,commander,1-1-1,_re/command(er).ation,介绍；建议,target_content_with_gloss,0.809381,1
248,affiner,affiner,VER,B2,4.2342,1.351,0.31231,afine,fin,1-1-1,_a(d)/f/fin.er,炼制；砥砺,target_content_with_gloss,0.809376,1
13608,vitamine,vitamine,NOM,B2,4.2342,6.506,1.71004,vitamin,vie,0-1-1,/vi(e)[t].amine,维他命；维生素,target_content_with_gloss,0.809376,1
2714,comparable,comparable,ADJ,B2,4.2306,2.446,0.99204,kɔ̃paʁabl,parer,1-1-1,_com/par(er).able,可比,target_content_with_gloss,0.809345,1
10018,prestigieux,prestigieux,ADJ,B1,9.8842,2.835,0.68432,pʁɛstiʒjø,,0-1-1,/§prestig(e).ieux,烜赫,target_content_with_gloss,0.809292,1
7577,lueur,lueur,NOM,B2,4.2212,5.165,1.79424,lɥœʁ,lueur,0-1-0,/lueur,微光,target_content_with_gloss,0.809262,1
6534,impérial,impérial,ADJ,B2,4.2211,5.215,0.75168,ɛ̃peʁjal,impératif,0-1-1,/impér(atif).ial,御用,target_content_with_gloss,0.809261,1
1979,caractéristique,caractéristique,ADJ,B2,4.2123,1.111,1.20484,kaʁakteʁistik,caractère,0-1-2,/caractèr(e).is.tique,典型；各别,target_content_with_gloss,0.809184,1
5254,filière,filière,NOM,B2,4.2117,0.892,0.29088,filjɛʁ,fils,0-1-1,/fil(s).ière,板牙,target_content_with_gloss,0.809179,1
8256,monstrueux,monstrueux,ADJ,B2,4.2039,5.386,1.56614,mɔ̃stʁyø,monstre,0-1-1,/monstr(e).ueux,妖,target_content_with_gloss,0.80911,1
5843,gouverner,gouverner,VER,B2,4.2015,5.965,1.1635,guvɛʁne,gouverner,0-1-1,/gouvern(er).er,当世；执政,target_content_with_gloss,0.809089,1
13833,éclatant,éclatant,ADJ,B2,4.1966,2.269,0.50674,eklatɑ̃,éclat,0-1-1,/éclat.ant,光辉；响亮,target_content_with_gloss,0.809046,1
2388,chêne,chêne,NOM,B2,4.196,3.845,1.09614,ʃɛn,chêne,0-1-0,/chêne,橡树,target_content_with_gloss,0.809041,1
2777,compréhension,compréhension,NOM,B2,4.196,5.753,2.46173,kɔ̃pʁeɑ̃sjɔ̃,préhensile,1-1-1,_com/préhens(ile).ion,会心；体谅,target_content_with_gloss,0.809041,1
9547,photographier,photographier,VER,B1,9.8243,8.111,2.53215,fotogʁafje,,1-0-1,_photo.er,拍照；摄取,target_content_with_gloss,0.809039,1
1563,bouchon,bouchon,NOM,B2,4.194,7.101,1.60747,buʃɔ̃,bouchon,0-1-0,/bouchon,堵车；瓶颈,target_content_with_gloss,0.809023,1
3350,criminel,criminel,ADJ,B2,4.1859,22.37,9.3463,kʁiminɛl,crime,0-1-1,/crimin(e)/al.el,刑事；犯罪分子,target_content_with_gloss,0.808952,1
1941,cap,cap,NOM,B2,4.1838,18.351,4.2376,kap,capital,0-1-0,/cap(ital),头部,target_content_with_gloss,0.808933,1
199,adolescence,adolescence,NOM,B2,4.1797,2.611,1.17881,adolesɑ̃s,adolescent,0-1-1,/adolesc(ent).ence,青少年,target_content_with_gloss,0.808897,1
12389,sueur,sueur,NOM,B2,4.1761,9.123,3.4109,sɥœʁ,suer,0-1-1,/su(er).eur,汗水,target_content_with_gloss,0.808865,1
13975,élémentaire,élémentaire,ADJ,B2,4.171,2.687,0.88794,elemɑ̃tɛʁ,élément,0-1-1,/élément.aire,低级；初步,target_content_with_gloss,0.80882,1
7410,librairie,librairie,NOM,B2,4.1676,5.535,1.60747,libʁeʁi,livre,0-1-2,/li(v/b)r(e).air(e).ie,书店,target_content_with_gloss,0.80879,1
222,advenir,advenir,VER,B2,4.1622,4.775,0.51439,advəniʁ,venir,1-1-1,_ad/ven(ir).ir,临头,target_content_with_gloss,0.808742,1
13418,vedette,vedette,NOM,B2,4.154,12.37,3.27006,vədɛt,vedette,0-1-1,/vedett(e).e,明星,target_content_with_gloss,0.808669,1
5198,festif,festif,ADJ,B2,4.1505,1.453,0.34599,fɛstif,fête,0-1-1,/fê/st(e).if,喜庆,target_content_with_gloss,0.808638,1
2843,concurrencer,concurrencer,VER,B2,4.1337,0.576,2.23515,kɔ̃kyʁɑ̃se,courir,1-1-2,_con/{curr(ent)}.enc(er).er,抗衡；攀比,target_content_with_gloss,0.808489,1
12741,tempérer,tempérer,VER,B2,4.1302,0.56,0.11635,tɑ̃peʁe,tempérer,0-1-1,/tempér(er).er,砥砺,target_content_with_gloss,0.808457,1
2563,coffre,coffre,NOM,B2,4.117,40.842,9.23607,kɔfʁ,coffre,0-1-1,/coffr(e).e,保险柜；柜子,target_content_with_gloss,0.808339,1
734,arabe,arabe,ADJ,B2,4.1138,5.434,1.80955,aʁab,arabe,0-1-0,/arabe,阿拉伯,target_content_with_gloss,0.808311,1
10450,pâlir,pâlir,VER,B2,4.1124,0.823,0.1485,paliʁ,pâle,0-1-1,/pâl(e).ir,发白；失色,target_content_with_gloss,0.808298,1
6692,indéniable,indéniable,ADJ,B2,4.1073,1.427,0.5741,ɛ̃denjabl,nier,2-1-1,_in_dé/ni(er).able,不争,target_content_with_gloss,0.808253,1
11912,sexuel,sexuel,ADJ,B1,9.6368,55.459,6.34874,seksɥɛl,,0-1-2,/sex(e).u.el,桃色,target_content_with_gloss,0.808239,1
4972,exploit,exploit,NOM,B2,4.103,6.225,1.33803,ɛksplwa,exploit,0-1-0,/exploit,业绩；事迹,target_content_with_gloss,0.808214,1
6058,habitat,habitat,NOM,B2,4.0983,1.804,0.63227,abita,habiter,0-1-1,/habit(er).at,栖地,target_content_with_gloss,0.808172,1
5446,fouiller,fouiller,VER,B2,4.0915,47.339,6.76363,fuje,fouir,0-1-2,/fou(ir).ill(er).er,开挖；截查,target_content_with_gloss,0.808111,1
1804,bénévolat,bénévolat,NOM,B2,4.0826,2.215,0.86191,benevola,bien,0-1-2,/béné.vol(e).at,义务；义工,target_content_with_gloss,0.808031,1
10511,pétition,pétition,NOM,B2,4.0733,3.342,0.86191,petisjɔ̃,{pet},0-2-0,/{pet}/ition,禀,target_content_with_gloss,0.807947,1
4509,effrayer,effrayer,VER,B2,4.0691,37.782,6.76516,efʁɛje,effroi,0-1-1,/effray(er).er,吓倒；吓唬,target_content_with_gloss,0.807909,1
10849,redouter,redouter,VER,B2,4.0675,4.848,0.63533,ʁədute,douter,1-1-0,_re/dout(er),怖,target_content_with_gloss,0.807894,1
8763,nuisance,nuisance,NOM,B2,4.0556,0.937,0.28781,nɥizɑ̃s,nuire,0-1-1,/nui(re)/s.ance,劳什子,target_content_with_gloss,0.807787,1
269,affrontement,affrontement,NOM,B2,4.0544,1.975,0.64146,afʁɔ̃təmɑ̃,front,1-1-1,_a(d)/f/front.ement,豗,target_content_with_gloss,0.807776,1
8089,militant,militant,ADJ,B2,4.0527,0.718,0.4256,militɑ̃,militer,0-1-1,/milit(er).ant,战士；斗士,target_content_with_gloss,0.80776,1
4803,escalader,escalader,VER,B2,4.0395,5.665,1.51255,ɛskalade,escalier,0-1-2,/escal(ier).ad(e).er,升级；攀援,target_content_with_gloss,0.807641,1
5516,freiner,freiner,VER,B2,4.0366,5.627,0.76699,fʁene,frein,0-1-1,/frein.er,刹车,target_content_with_gloss,0.807614,1
11338,règlement,règlement,NOM,B2,4.0343,14.367,4.35089,ʁɛgləmɑ̃,règle,0-1-1,/règl(e).ement,守则；章程,target_content_with_gloss,0.807593,1
5379,fondement,fondement,NOM,B2,4.019,2.902,0.94305,fɔ̃dəmɑ̃,fond,0-1-1,/fond.ement,依据；地脚,target_content_with_gloss,0.807454,1
6434,immobilier,immobilier,NOM,B2,4.0142,4.247,3.51806,imobilje,mobile,1-1-1,_i(n)/m/mobil(e).ier,房产；房地产,target_content_with_gloss,0.80741,1
13009,traité,traité,NOM,B2,4.0071,9.636,9.45346,tʁete,traiter,0-1-1,/trait(er).é,条约；论文,target_content_with_gloss,0.807345,1
9247,parlementaire,parlementaire,ADJ,B2,4.0018,0.889,0.33987,paʁləmɑ̃tɛʁ,parler,0-1-2,/parl(er).ement.aire,议员,target_content_with_gloss,0.807297,1
10991,rentabilité,rentabilité,NOM,B2,3.9944,0.37,0.15769,ʁɑ̃tabilite,rente,0-1-2,/rent(e).ab[i]l(e).ité,效益,target_content_with_gloss,0.807229,1
10605,racheter,racheter,VER,B2,3.9933,17.361,4.31415,ʁaʃəte,achat,1-1-1,_r/ach(a/e)t.er,买断；再买,target_content_with_gloss,0.807219,1
13554,villa,villa,NOM,B1,9.3688,7.614,2.12492,villa,,0-1-0,/§villa§,别墅；别庄,target_content_with_gloss,0.807071,1
2869,confidence,confidence,NOM,B2,3.977,3.013,0.79761,kɔ̃fidɑ̃s,confident,0-1-1,/confiden(t).ce,秘密,target_content_with_gloss,0.807069,1
5456,fourmi,fourmi,NOM,B2,3.9477,7.019,1.50949,fuʁmi,fourmi,0-1-0,/fourmi,蚂蚁,target_content_with_gloss,0.806799,1
11489,répartition,répartition,NOM,B2,3.937,1.063,0.45009,ʁepaʁtisjɔ̃,part,1-1-1,_ré/part.ition,事业部；分布,target_content_with_gloss,0.8067,1
4250,démissionner,démissionner,VER,B2,3.9341,26.411,2.93019,demisjone,mission,1-1-1,_dé/mission[n].er,下台；引退,target_content_with_gloss,0.806673,1
2479,classique,classique,NOM,B2,3.9326,8.361,8.1782,klasik,classe,0-1-1,/class(e).ique,古典；经典,target_content_with_gloss,0.806659,1
3268,couronner,couronner,VER,B2,3.9224,3.627,3.35579,kuʁone,couronne,0-1-1,/couronn(e).er,冠,target_content_with_gloss,0.806564,1
4659,enflammer,enflammer,VER,B2,3.9209,5.494,0.67055,ɑ̃flame,flamme,1-1-1,_en/flamm(e).er,发炎；点燃,target_content_with_gloss,0.80655,1
5712,garnir,garnir,VER,B2,3.9138,0.674,0.26638,gaʁniʁ,garnir,0-1-1,/garn(ir).ir,摆设,target_content_with_gloss,0.806484,1
3336,crever,crever,VER,B2,3.9078,37.566,5.35824,kʁəve,crever,0-1-1,/crèv(er).er,破灭,target_content_with_gloss,0.806428,1
7829,manoeuvre,manoeuvre,NOM,B2,3.9053,8.377,2.26424,manœvʁ,main,0-1-1,/manoeuvr(er).e,演练,target_content_with_gloss,0.806405,1
11145,revêtir,revêtir,VER,B2,3.9042,1.525,0.20055,ʁəvetiʁ,vêtir,1-1-1,_re/vêt(ir).ir,穿上；配戴,target_content_with_gloss,0.806395,1
6969,interruption,interruption,NOM,B2,3.9038,3.642,1.36865,ɛ̃tɛʁypsjɔ̃,rompre,1-1-1,_inter/{rupt}.ion,中断；插话,target_content_with_gloss,0.806391,1
2877,confiner,confiner,VER,B2,3.9025,1.864,0.50214,kɔ̃fine,fin,1-1-1,_con/fin.er,幽禁；禁锢,target_content_with_gloss,0.806379,1
7594,lustre,lustre,NOM,B2,3.8812,3.487,1.06246,lystʁ,lustre,0-1-0,/lustre,光泽；吊灯,target_content_with_gloss,0.80618,1
4167,défilé,défilé,NOM,B2,3.8803,8.282,2.30557,defile,fil,1-1-1,_dé/fil.é,巡游,target_content_with_gloss,0.806171,1
12883,tolérer,tolérer,VER,B2,3.8762,11.43,1.36865,toleʁe,tolérer,0-1-1,/tolér(er).er,包容；容忍,target_content_with_gloss,0.806133,1
14133,étang,étang,NOM,B2,3.8715,4.114,1.13748,etɑ̃,étanche,0-1-0,/étan(che)/g,塘堰；水塘,target_content_with_gloss,0.806089,1
12697,tasse,tasse,NOM,B1,9.1449,23.291,7.66993,tas,,0-1-0,/§tasse§,罩杯,target_content_with_gloss,0.806072,1
4909,excessif,excessif,ADJ,B2,3.861,5.506,1.14207,ɛksesif,excès,0-1-1,/excès[s].if,偏激；极度,target_content_with_gloss,0.80599,1
1395,bienfait,bienfait,NOM,B2,3.8514,1.728,0.53429,bjɛ̃fɛ,bien,0-2-1,/bien/fai(re).t,恩惠,target_content_with_gloss,0.805899,1
3721,digue,digue,NOM,B2,3.8438,1.661,0.34905,dig,digue,0-1-0,/digue,堤坝；堤防,target_content_with_gloss,0.805827,1
4127,décrypter,décrypter,VER,B2,3.8233,2.196,0.48071,dekʁipte,crypte,1-1-1,_dé/crypt(e).er,解码,target_content_with_gloss,0.805633,1
7062,inégal,inégal,ADJ,B2,3.8088,0.864,0.17146,inegal,égal,1-1-0,_in/égal,不均；参差不齐,target_content_with_gloss,0.805495,1
3209,cote,cote,NOM,B2,3.8009,5.88,1.69473,kɔt,cote,0-1-1,/cot(e).e,记号,target_content_with_gloss,0.80542,1
10815,recourir,recourir,VER,B2,3.7844,1.886,2.79241,ʁəkuʁiʁ,courir,1-1-1,_re/cour(ir).ir,运用,target_content_with_gloss,0.805263,1
10030,primordial,primordial,ADJ,B2,3.7814,2.655,0.64758,pʁimɔʁdjal,prime,0-1-1,/prim(e).ordial,首要,target_content_with_gloss,0.805234,1
11774,sceau,sceau,NOM,B2,3.7809,4.921,1.21709,so,sceau,0-1-0,/sceau,公章；印章,target_content_with_gloss,0.805229,1
7868,marin,marin,NOM,B2,3.779,11.028,3.40018,maʁɛ̃,mer,0-1-1,/m(e/a)r.in,水手；海事,target_content_with_gloss,0.805211,1
304,agression,agression,NOM,B2,3.7749,20.022,5.54807,agʁɛsjɔ̃,agresser,0-1-1,/agress(er).ion,侵略,target_content_with_gloss,0.805172,1
9593,piloter,piloter,VER,B2,3.7727,11.364,6.03031,pilote,pilote,0-1-1,/pilot(e).er,带路；领航,target_content_with_gloss,0.805151,1
9090,pacifique,pacifique,ADJ,B2,3.772,3.731,2.86589,pasifik,paix,0-1-1,/pa(i)x/c.ifi(c/qu),和平；安静,target_content_with_gloss,0.805144,1
5939,gros,gros,NOM,B2,3.7669,30.554,51.50337,gʁo,gros,0-1-0,/gros,肥大；肥胖,target_content_with_gloss,0.805095,1
13116,trimestre,trimestre,NOM,B2,3.7624,4.218,1.53399,tʁimɛstʁ,trimestre,1-0-2,_tri.mestr(e).e,三个月；季度,target_content_with_gloss,0.805052,1
12217,spirituel,spirituel,ADJ,B2,3.755,10.968,2.23209,spiʁitɥɛl,spirituel,0-1-1,/spiritu(el).el,妙趣,target_content_with_gloss,0.80498,1
12079,somptueux,somptueux,ADJ,B2,3.753,1.861,0.5297,sɔ̃ptɥø,somptueux,0-1-0,/somptu(eux),华丽；华美,target_content_with_gloss,0.804961,1
1006,au-dessous,au-dessous,ADV,B1,8.8848,1.927,0.83129,odəsu,,0-2-0,/au/dessous,下方；下面,target_content_with_gloss,0.804882,1
3692,dictionnaire,dictionnaire,NOM,B2,3.7441,2.861,1.0594,diksjonɛʁ,dict(er),0-1-2,/dict(er).ion[n].aire,字典；词典,target_content_with_gloss,0.804875,1
11129,revendre,revendre,VER,B2,3.7403,7.184,1.50337,ʁəvɑ̃dʁ,vendre,1-1-1,_re/vend(re).re,出让；转手,target_content_with_gloss,0.804839,1
5786,glacier,glacier,NOM,B2,3.7345,5.009,0.57103,glasje,glacer,0-1-1,/glac(er).ier,冰川；冰河,target_content_with_gloss,0.804783,1
2166,chaire,chaire,NOM,B2,3.7342,1.127,0.45622,ʃɛʁ,chaire,0-1-0,/chaire,讲台；讲坛,target_content_with_gloss,0.80478,1
10894,relater,relater,VER,B2,3.7243,1.168,12.66381,ʁəlate,{lat},1-1-1,_re/{lat}.er,详述；连通,target_content_with_gloss,0.804684,1
5973,guichet,guichet,NOM,B2,3.724,2.886,0.85426,giʃɛ,guichet,0-1-0,/guichet,小门；拦柜,target_content_with_gloss,0.804681,1
3249,coupure,coupure,NOM,B2,3.7229,11.44,2.43111,kupyʁ,coup,0-1-1,/coup.ure,创口；口子,target_content_with_gloss,0.80467,1
1033,aujourd'hui,aujourd'hui,NOM,B2,3.7221,0.709,67.72352,oʒuʁdɥi,jour,0-2-0,/au jour/hui,今儿；今天,target_content_with_gloss,0.804663,1
3372,croisade,croisade,NOM,B2,3.7189,3.282,0.95224,kʁwazad,croix,0-1-1,/croi(x)/s.ade,十字军,target_content_with_gloss,0.804632,1
10657,raisonnement,raisonnement,NOM,B2,3.7179,2.665,1.09461,ʁɛzɔnəmɑ̃,raison,0-1-1,/raison[n].ement,思路；推理,target_content_with_gloss,0.804622,1
7132,jadis,jadis,ADV,B2,3.716,4.801,1.91978,ʒadis,jà 2 ???,0-1-1,/jà.di[s],往日；往昔,target_content_with_gloss,0.804603,1
7046,investissement,investissement,NOM,B2,3.7103,11.547,3.29455,ɛ̃vɛstisəmɑ̃,investir,0-1-2,/invest(ir).iss.ement,投入；投资,target_content_with_gloss,0.804548,1
9522,pharmacien,pharmacien,NOM,B2,3.7046,2.541,0.70729,faʁmasjɛ̃,pharmacie,0-1-1,/pharmac(ie).ien,司药；药师,target_content_with_gloss,0.804493,1
12069,sombrer,sombrer,VER,B2,3.7041,4.478,10.3414,sɔ̃bʁe,sombre,0-1-1,/sombre.er,下沉；陷于,target_content_with_gloss,0.804488,1
11591,révélation,révélation,NOM,B1,8.78,7.092,2.09737,ʁevelasjɔ̃,,0-1-1,/§révél(er)§.ation,启示；天启,target_content_with_gloss,0.804395,1
56,abus,abus,NOM,B2,3.6921,7.155,2.6087,aby,abus,0-1-0,/abus,不公；弊病,target_content_with_gloss,0.804371,1
4633,encre,encre,NOM,B2,3.6839,8.31,2.78322,ɑ̃kʁ,encre,0-1-1,/encr(e).e,墨水；水墨,target_content_with_gloss,0.804291,1
2732,complexe,complexe,NOM,B2,3.681,7.573,5.32609,kɔ̃plɛks,complexe,0-1-1,/complex(e).e,复杂；情结,target_content_with_gloss,0.804262,1
14142,éternellement,éternellement,ADV,B2,3.6767,7.892,3.35885,etɛʁnɛləmɑ̃,éternel,0-1-1,/éternelle.ment,一生一世；永远,target_content_with_gloss,0.80422,1
6318,hébergement,hébergement,NOM,B2,3.675,0.839,0.35517,ebɛʁʒəmɑ̃,héberger,0-1-1,/heberg(er).ement,住宿,target_content_with_gloss,0.804204,1
7147,jardinier,jardinier,NOM,B2,3.6742,5.538,1.43448,ʒaʁdinje,jardin,0-1-1,/jardin.ier,园丁,target_content_with_gloss,0.804196,1
13607,vitalité,vitalité,NOM,B2,3.6725,0.911,0.39498,vitalite,vie,0-1-2,/vi(e)[t].al.ité,朝气；活力,target_content_with_gloss,0.804179,1
10200,prospérité,prospérité,NOM,B2,3.6655,3.085,1.14972,pʁɔspeʁite,prospère,0-1-1,/prospèr(e).ité,景气,target_content_with_gloss,0.804111,1
1239,banaliser,banaliser,VER,B2,3.6631,0.873,0.124,banalize,ban,0-1-2,/ban.is.er,淡化,target_content_with_gloss,0.804087,1
1908,canapé,canapé,NOM,B2,3.6529,22.972,7.23362,kanape,canapé,0-1-0,/canapé,榻床；沙发,target_content_with_gloss,0.803987,1
9669,plan,plan,ADJ,B2,3.6529,5.652,38.3665,plɑ̃,planter,0-1-0,/plan(ter),主意；图谱,target_content_with_gloss,0.803987,1
9854,populariser,populariser,VER,B2,3.6461,0.095,0.01837,popylaʁize,populaire,0-1-3,/popul(aire).ar.is.er,大众化,target_content_with_gloss,0.80392,1
699,approfondir,approfondir,VER,B2,3.637,2.256,0.63993,apʁofɔ̃diʁ,profond,1-1-1,_a(d)/p/profond.ir,加深；深入（研究）,target_content_with_gloss,0.80383,1
4964,expert,expert,ADJ,B2,3.6243,10.377,7.4801,ɛkspɛʁ,expert,0-1-0,/expert,一把好手；专业人才,target_content_with_gloss,0.803704,1
13696,voyant,voyant,NOM,B2,3.6232,4.816,7.31629,vwajɑ̃,voir,0-1-1,/vo(ir)/y.ant,刺目；打眼,target_content_with_gloss,0.803694,1
4670,engouement,engouement,NOM,B2,3.6229,0.687,0.28016,ɑ̃gumɑ̃,engouer,0-1-1,/engou(er).ement,痴心,target_content_with_gloss,0.803691,1
12592,sélectif,sélectif,ADJ,B1,8.6283,1.396,0.30618,selɛktif,,0-1-1,/§select§.if,选择性,target_content_with_gloss,0.803679,1
9004,organisateur,organisateur,NOM,B2,3.6195,2.516,0.58634,ɔʁganizatœʁ,organe,0-1-2,/organ(e)/i.is.ateur,召集人；组织者,target_content_with_gloss,0.803657,1
3670,devise,devise,NOM,B2,3.6189,5.696,1.906,dəviz,deviser,0-1-0,/devis(er),外币；座右铭,target_content_with_gloss,0.803651,1
7066,inéluctable,inéluctable,ADJ,B2,3.6165,0.826,0.35058,inelyktabl,inéluctable,0-1-1,/inéluct(able).able,不可避免,target_content_with_gloss,0.803627,1
11542,résonner,résonner,VER,B2,3.6148,3.633,0.59247,ʁezone,son,1-1-1,_ré/son[n].er,响彻；响遍,target_content_with_gloss,0.80361,1
1360,bercer,bercer,VER,B2,3.6096,2.532,0.2725,bɛʁse,bercer,0-1-1,/berc(er).er,摇晃,target_content_with_gloss,0.803559,1
9774,pointer,pointer,VER,B2,3.6076,33.263,7.95009,pwɛ̃te,point,0-1-1,/§pointer§,指针；枪口,target_content_with_gloss,0.803539,1
13380,valider,valider,VER,B2,3.6037,2.734,1.02266,valide,valide,0-1-1,/valid(e).er,验证,target_content_with_gloss,0.8035,1
6229,hormone,hormone,NOM,B2,3.6012,6.449,2.0346,ɔʁmɔn,hormone,0-1-1,/hormon(e).e,激素；荷尔蒙,target_content_with_gloss,0.803475,1
11756,savoir-vivre,savoir-vivre,NOM,B2,3.5975,0.589,0.26791,savwaʁvivʁ,savoir,0-2-0,/savoir/vivre,世故,target_content_with_gloss,0.803438,1
11513,réputé,réputé,ADJ,B2,3.5959,1.554,0.89253,ʁepyte,{put},1-1-1,_ré/{put}.é,出名；有名,target_content_with_gloss,0.803422,1
9657,plaider,plaider,VER,B2,3.5948,15.019,1.95805,plede,plaider,0-1-1,/plaid(er).er,央告；辩护,target_content_with_gloss,0.803411,1
13654,volant,volant,NOM,B2,3.5939,14.0,7.39896,volɑ̃,vol,0-1-1,/vol.ant,转向盘,target_content_with_gloss,0.803403,1
7068,inévitable,inévitable,ADJ,B2,3.59,7.953,3.16901,inevitabl,éviter,1-1-1,_in/évit(er).able,不免；不可避免,target_content_with_gloss,0.803364,1
4147,défaire,défaire,VER,B2,3.5894,11.266,3.20269,defɛʁ,faire,1-1-1,_dé/fai(re).re,拆开；撤销,target_content_with_gloss,0.803358,1
1001,atténuer,atténuer,VER,B2,3.5884,2.465,0.59859,atenɥe,ténu,1-1-1,_a(d)/ténu.er,冲淡；减弱,target_content_with_gloss,0.803348,1
3035,contester,contester,VER,B2,3.5874,5.123,0.79149,kɔ̃tɛste,contester,0-1-1,/contest(er).er,争辩,target_content_with_gloss,0.803338,1
1697,brique,brique,NOM,B2,3.5833,10.519,2.11268,bʁik,brique,0-1-0,/briqu(e),砖头,target_content_with_gloss,0.803297,1
2026,carrément,carrément,ADV,B2,3.5825,19.753,7.3515,kaʁemɑ̃,carrer,0-1-1,/carré.ment,干脆；径直,target_content_with_gloss,0.803289,1
5217,fibre,fibre,NOM,B2,3.581,8.184,1.62278,fibʁ,fibre,0-1-1,/fibr(e).e,纤维,target_content_with_gloss,0.803274,1
1803,bénéfique,bénéfique,ADJ,B2,3.5807,2.994,1.2079,benefik,bénéfice,0-1-1,/béné.fic(e)/que,有助；有益,target_content_with_gloss,0.803271,1
13410,vase,vase,NOM,B1,8.5407,6.301,2.0147,vaz,,0-0-0,,坛子；容器,target_content_with_gloss,0.80326,1
3786,disperser,disperser,VER,B2,3.5796,9.263,1.02419,dispɛʁse,disperser,0-1-1,/dispers(er).er,分散；四散,target_content_with_gloss,0.80326,1
6314,hâte,hâte,NOM,B2,3.5779,29.921,12.03766,at,hâte,0-1-1,/hât(e).e,忙不迭；急忙,target_content_with_gloss,0.803243,1
11536,résistant,résistant,ADJ,B2,3.5762,3.842,1.15126,ʁezistɑ̃,{sist},1-1-1,_ré/{sist}.ant,坚固；结实,target_content_with_gloss,0.803226,1
10658,raisonner,raisonner,VER,B2,3.5757,5.924,1.65799,ʁɛzone,raison,0-1-1,/raison[n].er,开导,target_content_with_gloss,0.803221,1
3588,demandeur,demandeur,NOM,B2,3.5747,1.047,0.20974,dəmɑ̃dœʁ,mander,1-1-1,_dé/mand(er).eur,申请人,target_content_with_gloss,0.803211,1
1900,campus,campus,NOM,B2,3.5741,11.123,2.83221,kɑ̃pys,camp,0-1-1,/camp.us,校区；校园,target_content_with_gloss,0.803205,1
8944,opportunité,opportunité,NOM,B2,3.573,27.373,8.99265,opɔʁtynite,port,1-1-2,_o(b)/p/port.un.ité,事宜；机会,target_content_with_gloss,0.803194,1
10373,prôner,prôner,VER,B2,3.5718,1.206,0.21433,pʁone,prône,0-1-1,/prôn(e).er,主张；宣扬,target_content_with_gloss,0.803182,1
3493,cycle,cycle,NOM,B1,8.5238,8.576,2.51531,sikl,,1-0-1,_cycl.e,周期,target_content_with_gloss,0.803179,1
12597,séminaire,séminaire,NOM,B2,3.5663,6.184,1.69933,seminɛʁ,semer,0-1-1,/sémin(aire).aire,交流会；研讨会,target_content_with_gloss,0.803127,1
13683,vouer,vouer,VER,B2,3.5635,4.753,0.7823,vwe,voeu,0-1-1,/vo(e)u.er,抱有；许下,target_content_with_gloss,0.803099,1
6626,indemnité,indemnité,NOM,B2,3.5629,2.794,0.60778,ɛ̃dɛmnite,indemne,0-1-1,/indemn(e).ité,求偿；赔偿金,target_content_with_gloss,0.803093,1
10336,préservation,préservation,NOM,B2,3.5626,0.978,0.39804,pʁezɛʁvasjɔ̃,{serv},1-1-1,_pré/{serv}.ation,养护；持续,target_content_with_gloss,0.80309,1
5096,familier,familier,NOM,B2,3.5625,0.867,4.7428,familje,famille,0-1-1,/famil(le).ier,亲信；亲切,target_content_with_gloss,0.803089,1
6050,habileté,habileté,NOM,B2,3.5605,1.813,0.72566,abiləte,habile,0-1-1,/habil(e).eté,出手；功力,target_content_with_gloss,0.803068,1
12359,subtil,subtil,ADJ,B2,3.5572,6.975,1.52174,syptil,subtil,0-1-0,/subtil,微妙；精细,target_content_with_gloss,0.803035,1
4666,engendrer,engendrer,VER,B2,3.5562,6.297,0.73944,ɑ̃ʒɑ̃dʁe,genre,1-1-1,_en/gen[d]r(e).er,孕育；生育,target_content_with_gloss,0.803025,1
11662,salarier,salarier,VER,B2,3.5546,0.269,0.28016,salaʁje,sel,0-1-1,/sala(i)r(e).ier,佣,target_content_with_gloss,0.803009,1
5867,grandiose,grandiose,ADJ,B2,3.554,3.972,1.57838,gʁɑ̃djoz,grand,0-1-1,/grand.iose,伟大；壮观,target_content_with_gloss,0.803003,1
5372,foncé,foncé,ADJ,B2,3.5519,3.415,2.25199,fɔ̃se,fond,0-1-1,/fon(d)/c.é,黝黑,target_content_with_gloss,0.802982,1
1833,cadavre,cadavre,NOM,B2,3.5513,36.497,7.52296,kadavʁ,cadavre,0-1-0,/cadavre,尸体；死尸,target_content_with_gloss,0.802976,1
6471,implication,implication,NOM,B2,3.5478,5.259,1.8463,ɛ̃plikasjɔ̃,{plic},1-1-1,_i(n)/m/{plic}.ation,推衍；涵义,target_content_with_gloss,0.802941,1
4055,déception,déception,NOM,B2,3.5428,6.554,2.45407,desɛpsjɔ̃,{cep},1-1-1,_dé/{cept}.ion,不如意；失落,target_content_with_gloss,0.80289,1
10856,reflet,reflet,NOM,B2,3.5417,5.693,1.89222,ʁəflɛ,reflet,0-1-0,/reflet,倒影；反映,target_content_with_gloss,0.802879,1
11552,rétablir,rétablir,VER,B2,3.5374,13.104,2.42652,ʁetabliʁ,établir,1-1-1,_r/établ(ir).ir,恢复，重建,target_content_with_gloss,0.802836,1
11086,restituer,restituer,VER,B2,3.5313,1.627,0.27863,ʁɛstitɥe,{stitu},1-1-1,_re/{stitu}.er,复原；恢复,target_content_with_gloss,0.802774,1
14030,épanouir,épanouir,VER,B2,3.5281,3.272,0.51439,epanwiʁ,épanouir,0-1-1,/épanou(ir).ir,开放；盛开,target_content_with_gloss,0.802742,1
6453,impasse,impasse,NOM,B2,3.5242,8.028,3.15524,ɛ̃pas,passer,1-1-1,_i(n)/m/pass(er).e,僵局；死局,target_content_with_gloss,0.802703,1
2901,confus,confus,ADJ,B2,3.5158,14.759,4.11819,kɔ̃fy,fusion,1-1-0,_con/fus(ion),不好意思；不安,target_content_with_gloss,0.802618,1
12443,suppression,suppression,NOM,B2,3.5137,1.209,0.47918,sypʁesjɔ̃,primer,1-1-1,_su(b)/p/press(eur).ion,抑止,target_content_with_gloss,0.802596,1
3432,crépuscule,crépuscule,NOM,B2,3.5106,3.566,1.30588,kʁepyskyl,crépuscule,0-1-1,/crépuscul(e).e,余晖；天黑,target_content_with_gloss,0.802565,1
14027,épaisseur,épaisseur,NOM,B2,3.5051,1.972,0.76699,epɛsœʁ,épais,0-1-1,/épais.eur,厚度；迟钝,target_content_with_gloss,0.802509,1
5413,formulaire,formulaire,NOM,B2,3.5049,11.13,2.7526,fɔʁmylɛʁ,former,0-1-1,/formul(e).aire,窗体；表单,target_content_with_gloss,0.802507,1
8069,microprocesseur,microprocesseur,NOM,B2,3.5038,0.354,0.08267,mikʁopʁosɛsœʁ,processeur,1-1-0,_micro/processeur,微处理器,target_content_with_gloss,0.802496,1
9699,plate-forme,plate-forme,NOM,B2,3.5,3.57,0.87569,platfɔʁm,plat,0-2-0,/plate/forme,平台；路基,target_content_with_gloss,0.802457,1
6994,intrigue,intrigue,NOM,B2,3.4992,3.709,1.87844,ɛ̃tʁig,intriguer,0-1-1,/intrig(uer).e,剧情；情节,target_content_with_gloss,0.802449,1
4451,détourner,détourner,VER,B2,3.4982,14.953,2.2229,detuʁne,tour,1-1-1,_dé/tourn(er).er,劫持；吞没,target_content_with_gloss,0.802439,1
8798,négliger,négliger,VER,B2,3.4936,7.642,1.44213,negliʒe,négliger,0-1-1,/néglig(er).er,忽略；忽视,target_content_with_gloss,0.802392,1
8756,nuance,nuance,NOM,B2,3.4911,2.712,0.63993,nɥɑ̃s,nuer,0-1-1,/nu(er).ance,色调,target_content_with_gloss,0.802366,1
990,attraction,attraction,NOM,B2,3.4905,7.07,1.81568,atʁaksjɔ̃,traction,1-1-0,_a(d)/traction,名堂；吸力,target_content_with_gloss,0.80236,1
4165,défigurer,défigurer,VER,B2,3.4864,1.652,0.41029,defigyʁe,figure,1-1-1,_dé/figur(e).er,毁容,target_content_with_gloss,0.802318,1
2368,choeur,choeur,NOM,B2,3.4863,5.845,1.76516,kœʁ,choeur,0-1-0,/choeur,合唱团；合音,target_content_with_gloss,0.802317,1
13525,vidéo,vidéo,ADJ,B1,8.3454,18.475,14.44427,video,,1-0-0,_vidéo,视讯；视频,target_content_with_gloss,0.802314,1
4002,dynamisme,dynamisme,NOM,B2,3.4811,0.294,0.124,dinamizm,dynamique,0-1-1,/dynam(ique).isme,冲劲；动感,target_content_with_gloss,0.802264,1
7842,marbre,marbre,NOM,B2,3.4774,3.991,1.38855,maʁbʁ,marbre,0-1-1,/marbr(e).e,大理石；玻璃球,target_content_with_gloss,0.802227,1
12090,sonnerie,sonnerie,NOM,B2,3.477,10.623,2.7725,sɔnəʁi,son,0-1-1,/son[n].erie,铃声,target_content_with_gloss,0.802222,1
726,aptitude,aptitude,NOM,B2,3.4691,3.905,0.87569,aptityd,apte,0-1-1,/apt(e).itude,性向；才干,target_content_with_gloss,0.802142,1
14207,évasion,évasion,NOM,B2,3.4637,10.696,3.28077,evazjɔ̃,évader,0-1-0,/éva(der)/s,越狱；逃出,target_content_with_gloss,0.802086,1
12866,titulaire,titulaire,ADJ,B2,3.4574,1.339,0.92927,titylɛʁ,titre,0-1-1,/tit(re).ulaire,持有人,target_content_with_gloss,0.802022,1
11253,rongeur,rongeur,NOM,B2,3.4566,1.858,0.41794,ʁɔ̃ʒœʁ,ronger,0-1-1,/rong(er).eur,啮齿动物；啮齿目,target_content_with_gloss,0.802013,1
3397,cru,cru,NOM,B2,3.4483,2.12,34.07685,kʁy,cru,0-1-0,/cru,产区；粗陋,target_content_with_gloss,0.801928,1
8836,obsession,obsession,NOM,B2,3.447,8.199,3.10625,ɔpsesjɔ̃,obséder,0-1-1,/obsé(der)/ss.ion,执著；热衷,target_content_with_gloss,0.801915,1
12107,sortir,sortir,NOM,B2,3.4359,6.108,67.64085,sɔʁtiʁ,sort,0-1-1,/sort(ir).ir,出去；出外,target_content_with_gloss,0.8018,1
6335,hériter,hériter,VER,B2,3.4289,11.639,2.38059,eʁite,hériter,0-1-1,/hérit(er).er,传承；继承,target_content_with_gloss,0.801728,1
12894,tome,tome,NOM,B2,3.4272,0.804,0.15462,tɔm,tome,0-1-0,/tome,册；卷,target_content_with_gloss,0.80171,1
5893,gravir,gravir,VER,B2,3.4243,2.655,0.48836,gʁaviʁ,gravir,0-1-1,/grav(ir).ir,陟,target_content_with_gloss,0.80168,1
8732,nouer,nouer,VER,B2,3.4195,3.073,0.54042,nwe,nouer,0-1-1,/nou(er).er,打结,target_content_with_gloss,0.801631,1
11728,sauf,sauf,ADJ,B2,3.4136,13.756,41.42376,sof,sauf,0-1-0,/sauf,以外；安全,target_content_with_gloss,0.80157,1
8642,neutre,neutre,ADJ,B2,3.4056,5.149,1.65034,nøtʁ,neutre,0-1-1,/neutr(e).e,中性；中立,target_content_with_gloss,0.801486,1
12063,solo,solo,NOM,B1,8.165,7.725,2.79547,solo,,0-1-0,/§solo§,独唱；独奏,target_content_with_gloss,0.801421,1
1737,brutalement,brutalement,ADV,B2,3.3871,2.522,1.1681,bʁytaləmɑ̃,brut,0-1-2,/brut.al.ement,陡然,target_content_with_gloss,0.801294,1
180,adjoindre,adjoindre,VER,B2,3.3772,1.171,4.22535,adʒwɛ̃dʁ,joindre,1-1-1,_ad/joind(re).re,附上,target_content_with_gloss,0.80119,1
5015,extension,extension,NOM,B2,3.3754,3.386,1.04715,ɛkstɑ̃sjɔ̃,tension,1-1-1,_ex/tens(ion).ion,伸开；分机,target_content_with_gloss,0.801172,1
13925,élancer,élancer,VER,B2,3.3672,1.373,0.24342,elɑ̃se,lancer,1-1-1,_é/lanc(er).er,突,target_content_with_gloss,0.801086,1
1962,capteur,capteur,NOM,B2,3.3537,4.706,1.02113,kaptœʁ,{capt},0-1-1,/{capt}.eur,传感器；感应器,target_content_with_gloss,0.800944,1
9936,pou,pou,NOM,B2,3.3527,5.481,0.93539,pu,pou,0-1-0,/pou,虱,target_content_with_gloss,0.800933,1
4949,existant,existant,ADJ,B2,3.3306,1.81,0.37814,ɛgzistɑ̃,exister,0-1-1,/exist(er).ant,已有；既有,target_content_with_gloss,0.8007,1
4443,détermination,détermination,NOM,B2,3.329,3.807,1.64881,detɛʁminasjɔ̃,terme,1-1-2,_dé/term(e).in.ation,决定；决断,target_content_with_gloss,0.800683,1
11977,sincérité,sincérité,NOM,B2,3.3257,2.918,1.21402,sɛ̃seʁite,sincère,0-1-1,/sincèr(e).ité,直率；真挚,target_content_with_gloss,0.800649,1
12153,soupçon,soupçon,NOM,B2,3.3076,11.212,3.08022,supsɔ̃,soupçon,0-1-0,/soupçon,嫌疑；怀疑,target_content_with_gloss,0.800457,1
4245,démentir,démentir,VER,B2,3.3067,2.158,1.88151,demɑ̃tiʁ,mentir,1-1-1,_dé/ment(ir).ir,不符,target_content_with_gloss,0.800447,1
5473,fracture,fracture,NOM,B2,3.3058,12.601,2.72045,fʁaktyʁ,fraction,0-1-1,/fract(ion).ure,骨折,target_content_with_gloss,0.800437,1
227,affaiblir,affaiblir,VER,B2,3.3035,6.829,0.86038,afebliʁ,faible,1-1-1,_a(d)/f/faibl(e).ir,冲淡；减弱,target_content_with_gloss,0.800413,1
1471,blessé,blessé,NOM,B2,3.3028,15.68,21.86007,blese,blesser,0-1-1,/bless(er).é,伤员；伤感,target_content_with_gloss,0.800406,1
7042,inverser,inverser,VER,B2,3.3015,9.345,4.22076,ɛ̃vɛʁse,vers,1-1-1,_in/vers.er,反超；反转,target_content_with_gloss,0.800392,1
6020,générer,générer,VER,B2,3.2923,5.168,0.71188,ʒeneʁe,gène,0-1-1,/genér(er).er,生出,target_content_with_gloss,0.800294,1
11057,respectivement,respectivement,ADV,B2,3.2765,0.275,0.12247,ʁɛspɛktivəmɑ̃,aspect,1-1-2,_re/(a)spect.ive.ment,分别；各自,target_content_with_gloss,0.800125,1
12251,squelette,squelette,NOM,B2,3.2764,6.092,1.39314,skəlɛt,squelette,0-1-0,/squelett(e),尸骨；骨骸,target_content_with_gloss,0.800124,1
13981,émancipation,émancipation,NOM,B2,3.2683,0.867,0.29088,emɑ̃sipasjɔ̃,émanciper,0-1-1,/émancip(er).ation,使能够；使自主,target_content_with_gloss,0.800037,1
6517,imprégner,imprégner,VER,B2,3.267,2.712,0.30772,ɛ̃pʁeɲe,imprégner,0-1-1,/imprégn(er).er,渗透,target_content_with_gloss,0.800023,1
1961,capter,capter,VER,B2,3.2606,11.158,1.63197,kapte,{capt},0-1-1,/{capt}.er,接收；撷取,target_content_with_gloss,0.799954,1
7835,maquillage,maquillage,NOM,B2,3.2565,12.187,4.1733,makijaʒ,maquiller,0-1-1,/maquill(er).age,化妆；妆容,target_content_with_gloss,0.79991,1
6723,infection,infection,NOM,B2,3.2548,13.687,3.58083,ɛ̃fɛksjɔ̃,{fect},1-1-1,_in/{fect}.ion,感染,target_content_with_gloss,0.799892,1
3116,conventionnel,conventionnel,ADJ,B2,3.2499,2.994,0.54654,kɔ̃vɑ̃sjonɛl,{vention},1-1-1,_con/{vention}[n].el,传统,target_content_with_gloss,0.799839,1
10061,probable,probable,ADJ,B2,3.2459,14.456,5.83742,pʁobablə,probable,0-1-1,/prob(able).able,可能,target_content_with_gloss,0.799796,1
13955,élimination,élimination,NOM,B2,3.2411,2.63,0.91855,eliminasjɔ̃,{limin},0-1-1,/{limin}.ation,除去,target_content_with_gloss,0.799744,1
2583,coincer,coincer,VER,B2,3.2342,68.158,12.78781,kwɛ̃se,coin,0-1-1,/coinc(er).er,卡住,target_content_with_gloss,0.79967,1
1222,balayer,balayer,VER,B2,3.2326,8.491,1.16044,baleje,balai,0-1-1,/bala(i)/y.er,席卷；打扫,target_content_with_gloss,0.799653,1
9673,plancher,plancher,NOM,B2,3.2305,7.291,2.90263,plɑ̃ʃe,planche,0-1-1,/planch(e).er,地板；地面,target_content_with_gloss,0.79963,1
6522,impuissant,impuissant,ADJ,B2,3.2297,6.307,1.6978,ɛ̃pɥisɑ̃,pouvoir,1-1-1,_i(n)/m/puiss(ance).ant,无权,target_content_with_gloss,0.799621,1
9546,photographie,photographie,NOM,B1,7.8108,7.585,2.53215,fotogʁafi,,1-0-2,_photo.e,图片；摄影,target_content_with_gloss,0.799617,1
4708,enseignant,enseignant,ADJ,B2,3.2266,2.019,1.34262,ɑ̃sɛɲɑ̃,enseigner,0-1-1,/enseign(er).ant,师尊；教员,target_content_with_gloss,0.799588,1
5684,galoper,galoper,VER,B2,3.2142,1.763,0.24495,galope,galop,0-1-1,/galop(er).er,奔驰；疾驰,target_content_with_gloss,0.799453,1
13576,virer,virer,VER,B2,3.2139,97.737,10.70423,viʁe,virer,0-1-1,/vir(er).er,拐弯儿；转帐,target_content_with_gloss,0.79945,1
504,amplifier,amplifier,VER,B2,3.2125,2.528,0.32456,ɑ̃plifje,ample,0-1-1,/ampl(e).fier,增大；扩大,target_content_with_gloss,0.799435,1
13616,vitrine,vitrine,NOM,B2,3.2125,5.263,1.61206,vitʁin,vitre,0-1-1,/vitr(e).ine,店面；栏柜,target_content_with_gloss,0.799435,1
2726,compenser,compenser,VER,B2,3.2116,6.297,1.48806,kɔ̃pɑ̃se,peser,1-1-1,_com/pens(er).er,折抵；折罪,target_content_with_gloss,0.799425,1
3656,destruction,destruction,NOM,B2,3.2106,14.301,5.02756,destʁyksjɔ̃,structure,1-1-1,_dé/struct(ure).ion,覆灭,target_content_with_gloss,0.799414,1
3817,distinct,distinct,ADJ,B2,3.2057,2.528,0.46846,distɛ̃,distinct,0-1-0,/distinct,分明；别处,target_content_with_gloss,0.799361,1
5344,flâner,flâner,VER,B2,3.2036,1.44,0.35364,flane,flâner,0-1-1,/flân(er).er,闲逛，溜达,target_content_with_gloss,0.799338,1
6964,interrogation,interrogation,NOM,B2,3.2007,2.725,0.93846,ɛ̃tɛʁogasjɔ̃,{rog},1-1-1,_inter/{rog}.ation,情况汇报,target_content_with_gloss,0.799306,1
190,administrer,administrer,VER,B2,3.1959,4.332,0.71647,administʁe,ministr(e),1-1-1,_ad/ministr(e).er,代管；治理,target_content_with_gloss,0.799254,1
12865,titulaire,titulaire,NOM,B2,3.1886,2.506,0.92927,titylɛʁ,titre,0-1-1,/tit(re).ulaire,持有人,target_content_with_gloss,0.799174,1
8082,migration,migration,NOM,B2,3.1876,0.991,0.31384,migʁasjɔ̃,migrer,0-1-2,/migr(er).at.ion,偏移；割接,target_content_with_gloss,0.799163,1
2014,carotte,carotte,NOM,B2,3.1875,7.497,1.51562,kaʁɔt,carotte,0-1-1,/carott(e).e,胡萝卜,target_content_with_gloss,0.799162,1
4553,embêter,embêter,VER,B2,3.1805,29.832,4.86222,ɑ̃bete,bête,1-1-1,_em/bêt(e).er,为难；打扰,target_content_with_gloss,0.799085,1
10820,recruter,recruter,VER,B2,3.1756,12.332,1.57838,ʁəkʁyte,croître,0-1-1,/recru(e)[t].er,吸取；吸收,target_content_with_gloss,0.799032,1
10804,reconstituer,reconstituer,VER,B2,3.175,3.44,0.85579,ʁəkɔ̃stitɥe,constituer,1-1-1,_re/constitu(er).er,重组,target_content_with_gloss,0.799025,1
2950,consentir,consentir,VER,B2,3.1644,4.949,0.54195,kɔ̃sɑ̃tiʁ,sentir,1-1-1,_con/sent(ir).ir,允诺；同意,target_content_with_gloss,0.798909,1
2953,conservation,conservation,NOM,B2,3.1634,1.142,0.46846,kɔ̃sɛʁvasjɔ̃,sauver,1-1-1,_con/{serv(er)}.ation,保养；保管,target_content_with_gloss,0.798898,1
13150,trompette,trompette,NOM,B2,3.1621,4.275,0.88641,tʁɔ̃pɛt,trompette,0-1-1,/§tromp(e)§.ette,喇叭；小号,target_content_with_gloss,0.798884,1
12976,toxique,toxique,ADJ,B2,3.1619,8.421,2.0545,tɔksik,toxique,0-1-1,/toxi(que).ique,有害；有毒,target_content_with_gloss,0.798881,1
642,antérieur,antérieur,ADJ,B2,3.1591,4.259,0.75475,ɑ̃teʁjœʁ,antérieur,1-0-1,_anté[r].ieur,先有；在先,target_content_with_gloss,0.798851,1
13907,égarer,égarer,VER,B2,3.1567,7.427,1.3763,egaʁe,garer,1-1-1,_é/gar(er).er,找不到；误导,target_content_with_gloss,0.798824,1
10865,refroidir,refroidir,VER,B2,3.1548,9.051,1.53399,ʁəfʁwadiʁ,froid,1-1-1,_re/froid.ir,冷却,target_content_with_gloss,0.798803,1
5249,filer,filer,VER,B2,3.1479,73.547,13.57471,file,filer,0-1-1,/fil(er).et,溜走，飞奔而去（口语）,target_content_with_gloss,0.798727,1
6936,interdit,interdit,NOM,B2,3.1477,2.573,12.22596,ɛ̃tɛʁdi,dire,1-1-1,_inter/di(re).t,被禁；被禁止,target_content_with_gloss,0.798725,1
10239,provocateur,provocateur,ADJ,B2,3.145,0.775,0.33987,pʁovokatœʁ,vocation,1-1-1,_pro/voc(ation).ateur,刺激性；火辣,target_content_with_gloss,0.798695,1
10474,pénal,pénal,ADJ,B2,3.1449,3.699,0.95377,penal,peine,0-1-1,/pe(i)n(e).al,刑事,target_content_with_gloss,0.798694,1
9717,plomb,plomb,NOM,B2,3.1444,15.848,3.44917,plɔ̃,plomb,0-1-0,/plomb,保险丝,target_content_with_gloss,0.798688,1
13968,élucider,élucider,VER,B2,3.1372,2.231,0.47765,elyside,lucide,1-1-1,_é/lucid(e).er,弄清楚；破获,target_content_with_gloss,0.798609,1
5857,grammaire,grammaire,NOM,B2,3.1329,1.437,0.57103,gʁamɛʁ,grammaire,0-1-1,/grammair(e).e,文法；语法,target_content_with_gloss,0.798561,1
10075,proche,proche,NOM,B2,3.1285,15.142,21.63962,pʁɔʃ,proche,0-1-1,/proch(e).e,不远；亲眷,target_content_with_gloss,0.798512,1
10279,précédent,précédent,NOM,B2,3.1248,6.332,3.51347,pʁesedɑ̃,{ced},1-1-1,_pré/{ced/(ss)}.ent,上一个；上个,target_content_with_gloss,0.798471,1
7627,légal,légal,ADJ,B2,3.1247,22.839,5.03521,legal,légal,0-1-0,/légal,合法；法定,target_content_with_gloss,0.79847,1
9953,pourcentage,pourcentage,NOM,B2,3.1212,4.37,1.63962,puʁsɑ̃taʒ,pour,0-2-1,/pour/cent.age,百分；百分比,target_content_with_gloss,0.798431,1
2420,cinquième,cinquième,ADJ,B2,3.1197,5.807,3.86252,sɛ̃kjɛm,cinq,0-1-1,/cinq.ième,第五,target_content_with_gloss,0.798415,1
12009,sobre,sobre,ADJ,B2,3.1137,11.038,3.65738,sɔbʁ,sobre,0-1-0,/sobre,朴素；简练,target_content_with_gloss,0.798348,1
9324,pasteur,pasteur,NOM,B2,3.1127,11.272,2.55052,pastœʁ,pâtre,0-1-1,/p(â/as)t(re).eur,牧民,target_content_with_gloss,0.798337,1
99,accoucher,accoucher,VER,B2,3.1086,13.123,2.04225,akuʃe,couche,1-1-1,_a(d)c/couch(e).er,生孩子,target_content_with_gloss,0.798291,1
10170,propagation,propagation,NOM,B2,3.1075,1.158,0.4853,pʁopagasjɔ̃,{pag},1-1-1,_pro/{pag}.ation,散逸,target_content_with_gloss,0.798279,1
8325,mou,mou,ADJ,B2,3.1071,5.839,2.4158,mu,mou,0-1-0,/mou,松软；柔弱的,target_content_with_gloss,0.798275,1
6857,inspiration,inspiration,NOM,B2,3.1057,9.972,3.75383,ɛ̃spiʁasjɔ̃,{spir},1-1-1,_in/{spir}.ation,发想；吸入,target_content_with_gloss,0.798259,1
10531,qualification,qualification,NOM,B2,3.1039,2.62,0.68892,kalifikasjɔ̃,qualité,0-1-2,/quali(té).ation,技能；资格,target_content_with_gloss,0.798239,1
9584,pigeon,pigeon,NOM,B2,3.1025,14.443,2.05603,piʒɔ̃,pigeon,0-1-0,/pigeon,鸽子,target_content_with_gloss,0.798223,1
4799,errer,errer,VER,B2,3.0982,8.525,1.25536,ɛʁe,errer,0-1-1,/err(er).er,游荡，漂泊,target_content_with_gloss,0.798175,1
2992,constructeur,constructeur,NOM,B2,3.0968,1.823,0.4057,kɔ̃stʁyktœʁ,{struct},1-1-1,_con/{struct}.eur,制造者；建设者,target_content_with_gloss,0.79816,1
4114,découler,découler,VER,B2,3.094,1.307,0.25566,dekule,couler,1-1-1,_dé/coul(er).er,引出,target_content_with_gloss,0.798128,1
10759,rayonnement,rayonnement,NOM,B2,3.0901,1.297,0.3812,ʁɛjɔnəmɑ̃,rai,0-1-2,/ra(i)/y.on[n].ement,威望；辐射,target_content_with_gloss,0.798085,1
11343,réacteur,réacteur,NOM,B2,3.087,7.81,1.11451,ʁeaktœʁ,acte,1-1-1,_ré/act(e).eur,反应炉,target_content_with_gloss,0.79805,1
12679,tapis,tapis,NOM,B2,3.0835,21.924,7.26118,tapi,tapis,0-1-0,/tapis,卡垫；地毯,target_content_with_gloss,0.798011,1
154,actionner,actionner,VER,B2,3.0819,1.918,0.22964,aksjone,acte,0-1-1,/action[n].er,牵动,target_content_with_gloss,0.797993,1
2611,collier,collier,NOM,B2,3.0713,23.016,4.88212,kolje,cou,0-1-1,/co(u)/l[l].ier,项链,target_content_with_gloss,0.797874,1
4893,exalter,exalter,VER,B2,3.0693,0.807,0.47612,ɛgzalte,haut,1-1-1,_ex/alt(ier).er,夸奖；振奋,target_content_with_gloss,0.797851,1
3273,court,court,ADV,B1,7.4684,7.987,19.86681,kuʁ,,0-1-0,/§court§,短暂,target_content_with_gloss,0.797802,1
423,allumette,allumette,NOM,B2,3.0637,8.304,1.7177,alymɛt,lumière,1-1-1,_a(d)l/lum(ière).ette,取灯儿；火柴,target_content_with_gloss,0.797788,1
1252,bandit,bandit,NOM,B2,3.0621,11.589,1.77434,bɑ̃di,bandit,0-1-0,/bandit,匪徒；土匪,target_content_with_gloss,0.79777,1
13322,usager,usager,NOM,B2,3.0621,0.335,0.08879,yzaʒe,us,0-1-2,/us.er,使用者,target_content_with_gloss,0.79777,1
756,architectural,architectural,ADJ,B2,3.0587,0.551,0.12094,aʁʃitɛktyʁal,architecte,0-1-1,/architect(e).ural,建筑学,target_content_with_gloss,0.797732,1
3451,cuisiner,cuisiner,VER,B2,3.0573,31.291,22.0346,kɥizine,cuire,0-1-2,/cui(re)/[s].in(e).er,下厨；做菜,target_content_with_gloss,0.797716,1
5050,fabrique,fabrique,NOM,B2,3.0567,5.373,4.89437,fabʁik,fabriquer,0-1-1,/fabriqu(er).e,厂,target_content_with_gloss,0.797709,1
10908,relief,relief,NOM,B2,3.0555,0.959,0.37048,ʁəljɛf,relief,1-1-0,_re/relief,地热；浮雕,target_content_with_gloss,0.797696,1
1775,butte,butte,NOM,B2,3.0502,0.994,0.3169,byt,but(t)er,0-1-1,/but[t](er).e,包包,target_content_with_gloss,0.797636,1
7773,malédiction,malédiction,NOM,B2,3.0476,15.551,3.49663,malediksjɔ̃,mal,0-2-0,/mal[é]/diction,不幸；见鬼,target_content_with_gloss,0.797606,1
12743,tenace,tenace,ADJ,B2,3.0456,2.424,0.89253,tənas,tenir,0-1-1,/ten(ir).ace,任性；坚毅,target_content_with_gloss,0.797584,1
1305,basilique,basilique,NOM,B2,3.0439,0.396,0.1286,bazilik,basilicum,0-1-0,/basilique,大教堂；大殿,target_content_with_gloss,0.797565,1
11321,ruse,ruse,NOM,B2,3.0409,7.43,2.56124,ʁyz,ruser,0-1-1,/rus(er).e,伎俩；手脚,target_content_with_gloss,0.797531,1
11077,restant,restant,ADJ,B2,3.0405,4.472,5.23423,ʁɛstɑ̃,rester,0-1-1,/rest(er).ant,余下；余额,target_content_with_gloss,0.797526,1
10300,préférable,préférable,ADJ,B2,3.0334,5.516,2.42345,pʁefeʁabl,{fer],1-1-1,_pré/{fer].able,宁,target_content_with_gloss,0.797446,1
4520,emballage,emballage,NOM,B2,3.0317,4.497,1.46509,ɑ̃balaʒ,balle,1-1-1,_em/ball(e).age,包装；外包装,target_content_with_gloss,0.797426,1
5387,fonte,fonte,NOM,B2,3.0314,1.136,0.41029,fɔ̃t,fondre,0-1-1,/fon(dre).te,解冻；铣铁,target_content_with_gloss,0.797423,1
4881,européen,européen,NOM,B2,3.0228,2.019,1.05175,øʁopeɛ̃,Europe,0-2-0,/Europ(e)/éen,欧洲人,target_content_with_gloss,0.797325,1
3022,contempler,contempler,VER,B2,3.0209,4.968,0.88794,kɔ̃tɑ̃ple,contempler,0-1-1,/contempl(er).er,凝视，欣赏地凝望,target_content_with_gloss,0.797303,1
8675,nomade,nomade,ADJ,B2,3.0201,0.684,0.37355,nomad,nomade,0-1-1,/nomad(e).e,游牧,target_content_with_gloss,0.797294,1
13530,vieillesse,vieillesse,NOM,B2,3.0192,2.443,1.01194,vjɛjɛs,vieux,0-1-1,/vieil[l].esse,晚年；暮岁,target_content_with_gloss,0.797284,1
6344,hésitant,hésitant,ADJ,B2,3.0141,0.984,0.28169,ezitɑ̃,hésiter,0-1-1,/hésit(er).ant,佪；踟,target_content_with_gloss,0.797226,1
10937,remise,remise,NOM,B2,3.0132,10.962,6.48194,ʁəmiz,mettre,1-1-1,_re/m(ettre).ise,减免；折扣,target_content_with_gloss,0.797216,1
10819,recrutement,recrutement,NOM,B2,3.0047,3.079,1.10839,ʁəkʁytəmɑ̃,croître,0-1-1,/recru(e)[t].ement,招工；招生,target_content_with_gloss,0.797119,1
6225,horizontal,horizontal,ADJ,B2,3.0013,1.364,0.35211,oʁizɔ̃tal,horizon,0-1-1,/horizon[t].al,卧式；横向,target_content_with_gloss,0.79708,1
5334,flotter,flotter,VER,B2,2.9916,11.322,4.15493,flote,flot,0-1-1,/flot[t].er,上浮；扑扇,target_content_with_gloss,0.796969,1
3917,dose,dose,NOM,B2,2.9897,2.579,5.73944,doz,dose,0-1-1,/dos(e).e,剂量；用量,target_content_with_gloss,0.796947,1
5005,expédition,expédition,NOM,B2,2.9867,7.953,2.09584,ɛkspedisjɔ̃,expédier,0-1-1,/expédi(er).ition,出货；发送,target_content_with_gloss,0.796912,1
2435,circulaire,circulaire,ADJ,B2,2.9851,1.709,0.66748,siʁkylɛʁ,circuler,0-1-1,/circul(er).aire,回转；圆形,target_content_with_gloss,0.796894,1
5757,gentilhomme,gentilhomme,NOM,B2,2.9848,3.209,0.72413,ʒɑ̃tijɔm,gent,0-2-0,/gentil/homme,君子；男士,target_content_with_gloss,0.796891,1
2010,carnaval,carnaval,NOM,B2,2.9835,3.535,1.01194,kaʁnaval,carnaval,0-1-0,/carnaval,游园会；狂欢,target_content_with_gloss,0.796876,1
9703,pleinement,pleinement,ADV,B2,2.9784,4.446,2.00092,plɛnəmɑ̃,plein,0-1-1,/pleine.ment,满怀,target_content_with_gloss,0.796817,1
10344,présumer,présumer,VER,B2,2.9725,12.402,3.51041,pʁezyme,résumer,1-1-1,_pré/(ré)sum(er).er,忖度；推测,target_content_with_gloss,0.796749,1
13202,tulipe,tulipe,NOM,B2,2.9683,1.804,0.35671,tylip,tulipe,0-1-1,/tulip(e).e,郁金香,target_content_with_gloss,0.796701,1
472,ambre,ambre,NOM,B2,2.9674,0.873,0.29547,ɑ̃bʁ,ambre,0-1-0,/ambre,琥珀,target_content_with_gloss,0.79669,1
5121,fascinant,fascinant,ADJ,B2,2.9637,14.604,4.78414,fasinɑ̃,fasciner,0-1-1,/fascin(er).ant,妖娆；引人入胜,target_content_with_gloss,0.796648,1
8599,naturel,naturel,NOM,B2,2.9615,2.044,8.28383,natyʁɛl,nature,0-1-1,/natur(e).el,固有；大方,target_content_with_gloss,0.796622,1
6193,hommage,hommage,NOM,B1,7.2302,10.937,3.391,omaʒ,,0-0-1,.age,敬意,target_content_with_gloss,0.796496,1
1361,berge,berge,NOM,B2,2.9452,1.462,0.32609,bɛʁʒ,berge,0-1-0,/berge,江畔,target_content_with_gloss,0.796433,1
4699,enrager,enrager,VER,B2,2.9439,2.788,1.24005,ɑ̃ʁaʒe,rage,1-1-1,_en/rag(e).er,发怒,target_content_with_gloss,0.796418,1
11765,scandaleux,scandaleux,ADJ,B2,2.9437,5.063,1.59063,skɑ̃dalø,scandale,0-1-1,/scandal(e).eux,不像话；匪夷所思,target_content_with_gloss,0.796416,1
12859,tisser,tisser,VER,B2,2.9407,3.329,0.44397,tise,tisser,0-1-1,/tiss(er).er,织造；编织,target_content_with_gloss,0.796381,1
2360,chrétien,chrétien,NOM,B2,2.938,6.861,1.99326,kʁetjɛ̃,chrétien,0-1-0,/chrétien,基督徒,target_content_with_gloss,0.79635,1
3146,copier,copier,VER,B2,2.9309,8.687,7.60104,kopje,copier,0-1-1,/copi(er).er,临摹；仿制,target_content_with_gloss,0.796267,1
4989,exposé,exposé,NOM,B2,2.9176,3.972,3.84262,ɛkspoze,poser,1-1-1,_ex/pos(er).é,口述；外露,target_content_with_gloss,0.796112,1
134,acheteur,acheteur,NOM,B2,2.9106,10.573,2.23362,aʃətœʁ,achat,0-1-1,/ach(a/e)t.eur,买主；买家,target_content_with_gloss,0.79603,1
11643,saigner,saigner,VER,B2,2.9075,30.174,4.38916,seɲe,sang,0-1-1,/saign(er).er,流血,target_content_with_gloss,0.795994,1
13121,triomphant,triomphant,ADJ,B2,2.9043,0.737,0.20974,tʁijɔ̃fɑ̃,triomphe,0-1-1,/triomph(e).ant,凯,target_content_with_gloss,0.795956,1
5164,façonner,façonner,VER,B2,2.9014,2.437,0.33068,fasone,faire,0-1-1,/façon[n].er,加工,target_content_with_gloss,0.795922,1
13176,truc,truc,NOM,B2,2.8996,493.003,60.86957,tʁyk,truc,0-1-0,/truc,东西；手脚,target_content_with_gloss,0.795901,1
13060,transversal,transversal,ADJ,B2,2.8972,0.585,0.13778,tʁɑ̃svɛʁsal,vers,1-1-1,_trans/vers.al,横,target_content_with_gloss,0.795873,1
12833,ticket,ticket,NOM,B1,7.0946,23.206,4.40141,tikɛ,,0-1-0,/§ticket§,车票；通知单,target_content_with_gloss,0.795736,1
2259,chaussette,chaussette,NOM,B2,2.8813,15.484,3.93448,ʃosɛt,chausser,0-1-1,/chauss(er).ette,袜子,target_content_with_gloss,0.795686,1
4231,délégué,délégué,NOM,B2,2.8783,3.472,0.82823,delege,léguer,1-1-1,_dé/légu(er).é,代表；管事,target_content_with_gloss,0.79565,1
8075,miel,miel,NOM,B2,2.8769,20.165,6.07777,mjɛl,miel,0-1-0,/miel,蜂蜜；蜜糖,target_content_with_gloss,0.795634,1
9835,pompe,pompe,NOM,B2,2.8716,17.592,3.52572,pɔ̃p,pompe,0-1-1,/pomp(e).e,帮浦；泵浦,target_content_with_gloss,0.795571,1
5803,globe,globe,NOM,B2,2.8503,4.547,1.5447,glɔb,globe,0-1-1,/glob(e).e,圆球；地球,target_content_with_gloss,0.795319,1
2254,chauffage,chauffage,NOM,B2,2.8487,5.538,2.00857,ʃofaʒ,chaleur,0-1-1,/chaud/f[f].age,供暖；加温,target_content_with_gloss,0.7953,1
10556,quelconque,quelconque,ADJ,B2,2.8458,12.044,5.00153,kɛlkɔ̃k,quel,0-2-0,/quel/qu'onque(s),什么；如常,target_content_with_gloss,0.795265,1
7246,jury,jury,NOM,B1,7.0074,31.035,5.4057,ʒyʁi,,0-1-0,/§jury§,评审,target_content_with_gloss,0.79524,1
3875,documentaire,documentaire,ADJ,B2,2.843,0.75,1.60288,dokymɑ̃tɛʁ,document,0-1-1,/document.aire,纪实；纪录片,target_content_with_gloss,0.795232,1
5011,expérimenter,expérimenter,VER,B2,2.8425,5.424,1.49878,ɛkspeʁimɑ̃te,expérimenter,0-1-1,/expériment(er).er,体验；历经,target_content_with_gloss,0.795226,1
6762,infrastructure,infrastructure,NOM,B2,2.8387,2.101,0.52051,ɛ̃fʁastʁyktyʁ,structure,1-1-0,_infra/structure,基建；基础建设,target_content_with_gloss,0.795181,1
6797,injecter,injecter,VER,B2,2.8364,9.582,1.20178,ɛ̃ʒɛkte,jet,1-1-1,_in/je[c]t.er,施打；注射,target_content_with_gloss,0.795153,1
6902,insérer,insérer,VER,B2,2.8316,4.139,0.66136,ɛ̃seʁe,insérer,0-1-1,/insér(er).er,插上；插入,target_content_with_gloss,0.795096,1
11539,résolument,résolument,ADV,B2,2.8296,0.38,0.1684,ʁezolymɑ̃,solution,1-1-2,_ré/so(udre)/l.u.ment,斩钉截铁；狠狠,target_content_with_gloss,0.795072,1
7932,mathématicien,mathématicien,NOM,B2,2.827,1.453,0.32456,matematisjɛ̃,mathématique,0-1-1,/mathémati(que)/c.ien,数学家,target_content_with_gloss,0.795041,1
3767,discothèque,discothèque,NOM,B2,2.8131,1.459,0.45928,diskotɛk,disque,0-1-2,/dis(que)/c.o.thèque,迪厅,target_content_with_gloss,0.794874,1
13448,verbe,verbe,NOM,B2,2.8107,1.889,0.52817,vɛʁb,verbe,0-1-1,/verb(e).e,动词,target_content_with_gloss,0.794845,1
4398,déshonorer,déshonorer,VER,B2,2.8086,4.763,0.72107,dezonoʁe,honneur,1-1-1,_dés/honor(er).er,玷辱,target_content_with_gloss,0.79482,1
2024,carré,carré,ADJ,B2,2.8083,5.285,2.40049,kaʁe,carrer,0-1-1,/carr(er).é,四方；四条,target_content_with_gloss,0.794817,1
5828,gouffre,gouffre,NOM,B2,2.8074,2.934,1.0992,gufʁ,gouffre,0-1-0,/gouffre,天坑；深渊,target_content_with_gloss,0.794806,1
6965,interrogatoire,interrogatoire,NOM,B2,2.8045,16.187,5.0444,ɛ̃tɛʁogatwaʁ,{rog},1-1-1,_inter/{rog}.atoire,审讯；审问,target_content_with_gloss,0.794771,1
13842,écologie,écologie,NOM,B1,6.9204,0.598,0.25566,ekoloʒi,,1-0-2,_éco.log(ie).ie,原生；生态,target_content_with_gloss,0.79474,1
14107,équivalent,équivalent,ADJ,B2,2.7965,1.168,1.64268,ekivalɑ̃,valoir,1-1-1,_équi/val(oir).ent,对等；相当,target_content_with_gloss,0.794675,1
10943,rempart,rempart,NOM,B2,2.7955,1.68,0.32456,ʁɑ̃paʁ,parer,2-1-1,_r_em/par(er).t,壁垒,target_content_with_gloss,0.794662,1
5194,fertile,fertile,ADJ,B2,2.7924,2.459,0.79302,fɛʁtil,fertile,0-1-1,/fertil(e).e,果实累累；肥沃,target_content_with_gloss,0.794625,1
10764,rebelle,rebelle,NOM,B2,2.7916,9.079,2.56277,ʁəbɛl,rebelle,0-1-1,/rebell(er).e,反叛分子,target_content_with_gloss,0.794615,1
3399,crucial,crucial,ADJ,B2,2.7889,6.566,1.71004,kʁysjal,croix,1-0-1,_cruci.al,关键；紧要,target_content_with_gloss,0.794583,1
1158,avortement,avortement,NOM,B2,2.7886,4.949,1.11451,avɔʁtəmɑ̃,{ort},1-1-1,_a(b)v/{ort}.ement,人流；堕胎,target_content_with_gloss,0.794579,1
11580,réviser,réviser,VER,B2,2.785,7.915,1.5692,ʁevize,viser,1-1-1,_ré/vis(er).er,修改；修正,target_content_with_gloss,0.794536,1
5219,ficelle,ficelle,NOM,B2,2.7768,7.585,2.18004,fisɛl,ficelle,0-1-1,/ficelle).e,绳子,target_content_with_gloss,0.794436,1
7685,magistrat,magistrat,NOM,B2,2.7756,3.592,0.71953,maʒistʁa,maître,0-1-1,/magist(e)r.at,审判官；府尹,target_content_with_gloss,0.794422,1
2614,colloque,colloque,NOM,B2,2.7751,0.627,0.18677,kolɔk,colloque,0-1-1,/colloqu(e).e,讨论会,target_content_with_gloss,0.794416,1
1424,biologie,biologie,NOM,B2,2.7739,4.434,1.60441,bjoloʒi,biologie,1-0-2,_bio.{log}.ie,生物学,target_content_with_gloss,0.794401,1
11054,respectable,respectable,ADJ,B2,2.7725,6.411,2.10196,ʁɛspɛktabl,aspect,1-1-1,_re/(a)spect.able,可敬；尊贵,target_content_with_gloss,0.794384,1
8974,orange,orange,NOM,B1,6.851,12.978,5.93999,oʁɑ̃ʒ,,0-1-0,/§orange§,橙子；橙色,target_content_with_gloss,0.794337,1
14146,éthique,éthique,NOM,B2,2.764,5.759,2.74801,etik,éthique,0-1-0,/éthique,伦理；道德,target_content_with_gloss,0.794281,1
3163,cordon,cordon,NOM,B2,2.7607,5.753,1.72382,kɔʁdɔ̃,corde,0-1-1,/cord(e).on,线缆,target_content_with_gloss,0.794241,1
7757,malicieux,malicieux,ADJ,B2,2.7534,0.693,0.20361,malisjø,malice,0-1-1,/malic(e).ieux,狡黠；调皮,target_content_with_gloss,0.794152,1
1019,audacieux,audacieux,ADJ,B2,2.7428,5.937,1.70698,odasjø,audace,0-1-1,/audac(e).ieux,大胆；果敢,target_content_with_gloss,0.794022,1
11801,sculpter,sculpter,VER,B2,2.7379,2.867,0.4455,skylte,sculpter,0-1-1,/sculpt(er).er,雕刻,target_content_with_gloss,0.793962,1
2447,citoyenneté,citoyenneté,NOM,B2,2.7376,1.006,0.35364,sitwajɛnəte,cité,0-1-2,/cit(é).oyen[n].eté,公民,target_content_with_gloss,0.793959,1
11834,selle,selle,NOM,B2,2.7316,1.054,2.57502,sɛl,selle,0-1-1,/sell(e).e,马鞍,target_content_with_gloss,0.793885,1
7959,mauve,mauve,ADJ,B2,2.7207,0.892,0.44703,mov,mauve,0-1-0,/mauve,三月花葵,target_content_with_gloss,0.793751,1
5212,fiable,fiable,ADJ,B2,2.7203,10.674,3.48438,fjabl,(se) fier,0-1-1,/fi(er).able,信得过；可信,target_content_with_gloss,0.793746,1
553,anesthésie,anesthésie,NOM,B2,2.7187,3.709,1.30894,anɛstezi,{esthésie},1-1-0,_an/{esthési(e)},麻醉,target_content_with_gloss,0.793727,1
4335,dépouiller,dépouiller,VER,B2,2.7138,3.987,0.77924,depuje,dépouiller,0-1-1,/dépouill(er).er,去除；抢劫,target_content_with_gloss,0.793666,1
7573,lucide,lucide,ADJ,B2,2.6979,3.054,1.12523,lysid,lucide,0-1-1,/lucid(e).e,精辟,target_content_with_gloss,0.79347,1
10602,raccrocher,raccrocher,VER,B2,2.6963,28.152,3.73546,ʁakʁoʃe,accroc,1-1-1,_r/accroc[h].er,挂断；挂机,target_content_with_gloss,0.79345,1
5030,extrémité,extrémité,NOM,B2,2.6933,3.829,0.96295,ɛkstʁemite,extrême,0-1-1,/extrêm(e).ité,尽头；界限,target_content_with_gloss,0.793413,1
6800,injure,injure,NOM,B2,2.6893,1.582,0.44091,ɛ̃ʒyʁ,injure,0-1-1,/injur(e).e,詈；诟,target_content_with_gloss,0.793363,1
13591,visibilité,visibilité,NOM,B2,2.6893,1.532,0.63686,vizibilite,viser,0-1-2,/vis(er).ib[i]l(e).ité,曝光；能见度,target_content_with_gloss,0.793363,1
8535,méthodique,méthodique,ADJ,B2,2.6726,1.19,0.45775,metodik,méthode,0-1-1,/méthod(e).ique,一板一眼；有条不紊,target_content_with_gloss,0.793156,1
7464,lis,lis,NOM,B2,2.6709,3.813,13.04654,lis,lis,0-1-0,/lis,百合,target_content_with_gloss,0.793134,1
4811,esclavage,esclavage,NOM,B2,2.6679,5.152,1.6534,ɛsklavaʒ,esclave,0-1-1,/esclav(e).age,奴婢,target_content_with_gloss,0.793097,1
9225,paresseux,paresseux,NOM,B2,2.6614,1.671,1.88763,paʁɛsø,paresse,0-1-1,/paress(e).eux,懒人；懒惰,target_content_with_gloss,0.793016,1
9001,organique,organique,ADJ,B2,2.6578,4.446,1.20024,ɔʁganik,organe,0-1-1,/organ(e)/i.ique,有机,target_content_with_gloss,0.792971,1
12191,souterrain,souterrain,ADJ,B2,2.6556,4.864,1.13442,sutɛʁɛ̃,terre,1-1-1,_sou(s)/terr(e).ain,地下；地底,target_content_with_gloss,0.792943,1
13195,tuberculose,tuberculose,NOM,B2,2.6486,2.003,0.61237,tybɛʁkyloz,tubercule,0-1-1,/tubercul(e).ose,结核；结核病,target_content_with_gloss,0.792855,1
9888,portugais,portugais,NOM,B2,2.6467,1.987,0.62462,pɔʁtygɛ,Portugal,0-1-1,/Portug(al).ais,葡萄语,target_content_with_gloss,0.792832,1
4379,désastre,désastre,NOM,B2,2.6441,15.418,5.90171,dezastʁ,désastre,0-1-0,/désastre,大祸；大败,target_content_with_gloss,0.792799,1
5434,fossile,fossile,ADJ,B2,2.6407,0.785,0.38579,fosil,fosse,0-1-1,/foss(e).ile,化石,target_content_with_gloss,0.792756,1
8662,nièce,nièce,NOM,B2,2.6365,7.778,3.30833,njɛs,nièce,0-1-0,/nièce,侄女；犹女,target_content_with_gloss,0.792703,1
6837,insensible,insensible,ADJ,B2,2.6362,5.085,1.94121,ɛ̃sɑ̃sibl,sens,1-2-0,_in/sens/ible,不解风情；寡情,target_content_with_gloss,0.7927,1
2834,concourir,concourir,VER,B2,2.6309,2.0,6.14054,kɔ̃kuʁiʁ,courir,1-1-1,_con/cour(ir).ir,竞争；较劲,target_content_with_gloss,0.792633,1
3333,creuset,creuset,NOM,B2,2.6264,0.272,0.08573,kʁøzɛ,creux,0-1-1,/creux/se.et,坩；埚,target_content_with_gloss,0.792576,1
1545,borne,borne,NOM,B2,2.624,8.674,3.19657,bɔʁn,borne,0-1-1,/born(e).e,公里；界限,target_content_with_gloss,0.792546,1
6901,inséparable,inséparable,ADJ,B2,2.623,1.709,0.81598,ɛ̃sepaʁabl,séparable,1-2-0,_in/sépar(able)/able,不可分；不可分割,target_content_with_gloss,0.792533,1
11443,réglementer,réglementer,VER,B2,2.6203,0.718,0.11482,ʁegləmɑ̃te,règle,0-1-2,/règl(e).ement.er,絜,target_content_with_gloss,0.792499,1
2942,conscient,conscient,ADJ,B2,2.6193,18.595,5.0444,kɔ̃sjɑ̃,science,1-1-1,_con/scien(ce).t,有意识；睡醒,target_content_with_gloss,0.792486,1
3854,division,division,NOM,B2,2.6193,17.937,4.12431,divizjɔ̃,voir,1-1-1,_di/vis(eur).ision,不和；事业部,target_content_with_gloss,0.792486,1
11721,satisfaisant,satisfaisant,ADJ,B2,2.6173,3.484,0.95989,satisfəzɑ̃,faire,1-1-0,_satis/faisant,令人满意；圆满,target_content_with_gloss,0.792461,1
4122,décret,décret,NOM,B2,2.6165,2.63,0.77006,dekʁɛ,décret,0-1-0,/décret,功令；法令,target_content_with_gloss,0.792451,1
7907,marée,marée,NOM,B2,2.6146,6.386,1.60135,maʁe,mer,0-1-1,/m(e/a)r.ée,浪潮；海潮,target_content_with_gloss,0.792427,1
7339,lanterne,lanterne,NOM,B2,2.6057,3.158,0.77771,lɑ̃tɛʁn,lanterne,0-1-0,/lantern(e),灯笼,target_content_with_gloss,0.792314,1
6069,haie,haie,NOM,B2,2.6016,1.924,0.4455,ɛ,haie,0-1-0,/haie,不置可否；篱笆,target_content_with_gloss,0.792262,1
8537,méthodologie,méthodologie,NOM,B2,2.5979,0.421,0.15922,metodoloʒi,méthode,0-1-2,/méthod(e).ol.ogie,方法论,target_content_with_gloss,0.792215,1
11181,rigoureux,rigoureux,ADJ,B2,2.5935,1.579,0.45622,ʁiguʁø,rigueur,0-1-1,/rigu(eu/ou)r.eux,严密；严酷,target_content_with_gloss,0.792159,1
278,agacer,agacer,VER,B2,2.5863,5.285,1.03797,agase,agacer,0-1-1,/agac(er).er,缠绕,target_content_with_gloss,0.792067,1
2947,consensus,consensus,NOM,B2,2.5857,0.918,0.3613,kɔ̃sɛ̃sys,sens,1-1-1,_con/sens.us,共识,target_content_with_gloss,0.792059,1
10664,rallonger,rallonger,VER,B2,2.5855,1.19,0.54195,ʁalɔ̃ʒe,long,2-1-1,_r_a(d)/l/long.er,扩展,target_content_with_gloss,0.792057,1
14031,épanouissement,épanouissement,NOM,B2,2.5855,0.389,0.18065,epanwisəmɑ̃,épanouir,0-1-2,/épanou(ir).iss.ement,怒放,target_content_with_gloss,0.792057,1
2815,concession,concession,NOM,B2,2.5821,5.019,0.93693,kɔ̃sesjɔ̃,{ces/d},1-1-0,_con/{ce(d)/ss},特许；特许权,target_content_with_gloss,0.792013,1
8123,minimal,minimal,ADJ,B2,2.579,1.582,0.42254,minimal,minime,0-1-1,/minim(e).al,甚微,target_content_with_gloss,0.791974,1
873,assembler,assembler,VER,B2,2.5779,6.12,2.03766,asɑ̃ble,sembler,1-1-1,_a(d)/s/(en)sembl(e).er,会合；会聚,target_content_with_gloss,0.79196,1
7018,intéressé,intéressé,ADJ,B2,2.5755,10.649,8.34507,ɛ̃teʁese,intérêt,0-1-1,/intér(êt)/s[s].é,挂念；有关,target_content_with_gloss,0.791929,1
1514,bombe,bombe,NOM,B2,2.5672,75.054,11.30282,bɔ̃b,bombe,0-1-1,/bomb(e).e,炸弹,target_content_with_gloss,0.791822,1
5265,finale,finale,NOM,B2,2.567,8.516,4.98316,final,fin,0-1-1,/fin.ale,决赛；总决赛,target_content_with_gloss,0.79182,1
12000,siéger,siéger,VER,B2,2.5663,2.133,10.43019,sjeʒe,siège,0-1-1,/sièg(e).er,设在,target_content_with_gloss,0.791811,1
4705,enrichissement,enrichissement,NOM,B2,2.5616,0.285,0.11482,ɑ̃ʁiʃisəmɑ̃,riche,1-1-2,_en/rich(e).iss.ement,致富,target_content_with_gloss,0.791751,1
8716,nostalgique,nostalgique,ADJ,B2,2.5615,1.804,0.75168,nɔstalʒik,nostalgie,0-1-2,/nost(algie).alg(ie).ique,想家,target_content_with_gloss,0.791749,1
2737,complice,complice,NOM,B2,2.5593,13.028,4.79026,kɔ̃plis,complice,0-1-0,/complice,同伙；团伙,target_content_with_gloss,0.791721,1
2962,consigne,consigne,NOM,B2,2.5593,4.323,0.96601,kɔ̃siɲ,signer,1-1-1,_con/sign(er).e,押金,target_content_with_gloss,0.791721,1
5343,flux,flux,NOM,B2,2.557,6.237,2.25046,fly,flux,0-1-0,/flux,流向；流程,target_content_with_gloss,0.791691,1
5405,format,format,NOM,B2,2.5548,1.598,0.56797,fɔʁma,former,0-1-1,/form(er).at,制式；开本,target_content_with_gloss,0.791663,1
4148,défaite,défaite,NOM,B2,2.5538,8.361,3.20269,defɛt,faire,1-1-1,_dé/faire.te,弊,target_content_with_gloss,0.79165,1
66,académie,académie,NOM,B2,2.5532,9.168,2.60716,akademi,académie,0-1-0,/académie,学园；学术界,target_content_with_gloss,0.791642,1
13536,vierge,vierge,NOM,B2,2.5531,9.788,6.09614,vjɛʁʒ,vierge,0-1-0,/vierge,圣女；处女,target_content_with_gloss,0.791641,1
13484,vertige,vertige,NOM,B2,2.5514,6.43,1.58757,vɛʁtiʒ,vertige,0-1-1,/vertig(e).e,头昏；头晕,target_content_with_gloss,0.791619,1
2743,compliqué,compliqué,ADJ,B2,2.5512,27.434,13.88089,kɔ̃plike,{plic}/qu,1-1-1,_com/{plic}/qu.é,啰唆；啰嗦,target_content_with_gloss,0.791617,1
9659,plaie,plaie,NOM,B2,2.549,14.044,3.75995,plɛ,plaie,0-1-0,/plaie,伤口；伤害,target_content_with_gloss,0.791588,1
6604,inconscient,inconscient,ADJ,B2,2.5471,12.139,3.61145,ɛ̃kɔ̃sjɑ̃,conscient,1-1-1,_in/consci(ent)/m.ent,不自觉；无意识,target_content_with_gloss,0.791564,1
5108,fantasme,fantasme,NOM,B2,2.5431,10.12,2.35456,fɑ̃tasm,fantasme,0-1-1,/fantasm(e).e,幻影；幻想,target_content_with_gloss,0.791512,1
10932,remboursement,remboursement,NOM,B2,2.5431,3.114,1.12676,ʁɑ̃buʁsəmɑ̃,bourse,2-1-1,_r_em/bours(e).ement,还款；退款,target_content_with_gloss,0.791512,1
3592,demi,demi,ADV,B2,2.542,1.199,9.78873,dəmi,demi,0-1-0,/demi,半,target_content_with_gloss,0.791498,1
55,absurde,absurde,NOM,B2,2.5411,1.541,6.55083,apsyʁd,absurde,0-1-0,/absurde,不知所谓；悠悠,target_content_with_gloss,0.791486,1
2272,chef-lieu,chef-lieu,NOM,B2,2.5402,0.104,0.04133,ʃɛfljø,chef,0-2-0,/chef/lieu,县城；省会,target_content_with_gloss,0.791475,1
5270,finance,finance,NOM,B2,2.5375,9.032,2.50153,finɑ̃s,finance,0-1-1,/financ(e).e,现款；理财,target_content_with_gloss,0.79144,1
1226,baleine,baleine,NOM,B2,2.5372,11.108,1.64268,balɛn,baleine,0-1-0,/baleine,鲸鱼,target_content_with_gloss,0.791436,1
8389,muraille,muraille,NOM,B2,2.5362,1.513,0.29241,myʁaj,mur,0-1-1,/mur.aille,城墙,target_content_with_gloss,0.791423,1
8207,moine,moine,NOM,B2,2.5319,10.617,1.51562,mwan,moine,0-1-1,/moin(e).e,僧人；出家人,target_content_with_gloss,0.791367,1
9963,pourtour,pourtour,NOM,B2,2.5305,0.085,0.03674,puʁtuʁ,pour,0-2-0,/pour/tour,塝,target_content_with_gloss,0.791349,1
8419,mutuel,mutuel,ADJ,B2,2.5301,3.934,1.28445,mytɥɛl,mutuel,0-1-1,/mutu(el).el,互相；交互,target_content_with_gloss,0.791344,1
8981,orchestrer,orchestrer,VER,B2,2.528,2.263,2.43876,ɔʁkɛstʁe,orchestre,0-1-1,/orchestr(e).er,主使,target_content_with_gloss,0.791317,1
6996,introduction,introduction,NOM,B2,2.526,2.75,1.08696,ɛ̃tʁodyksjɔ̃,{duct},1-1-1,_intro/{duct}.ion,叙言；导论,target_content_with_gloss,0.791291,1
3594,demi,demi,ADJ,B2,2.5232,32.902,9.78873,dəmi,demi,0-1-0,/demi,半,target_content_with_gloss,0.791254,1
3476,cumuler,cumuler,VER,B2,2.5229,0.753,0.07348,kymyle,cumuler,0-1-1,/cumul(er).er,兼任,target_content_with_gloss,0.79125,1
12360,subtilité,subtilité,NOM,B2,2.5213,1.396,0.41029,syptilite,subtil,0-1-1,/subtil.ité,纤细,target_content_with_gloss,0.79123,1
4786,environnant,environnant,ADJ,B2,2.5196,0.734,0.12707,ɑ̃viʁonɑ̃,virer,1-1-2,_en/vir(er).on[n].ant,周遭,target_content_with_gloss,0.791207,1
3189,corruption,corruption,NOM,B2,2.5189,8.12,2.81078,koʁypsjɔ̃,rupture,1-1-1,_cor/rupt(ure).ion,腐烂；腐败,target_content_with_gloss,0.791198,1
6213,honnêteté,honnêteté,NOM,B2,2.5185,8.234,3.37875,onɛtte,honnête,0-1-1,/honnête.té,正直；诚实,target_content_with_gloss,0.791193,1
12495,surveillant,surveillant,NOM,B2,2.5176,2.794,0.87722,syʁvɛjɑ̃,veille,1-1-1,_sur/veill(e).ant,督办,target_content_with_gloss,0.791181,1
10565,questionner,questionner,VER,B2,2.5171,8.696,1.58298,kɛstjone,quête,0-1-2,/qu(ê/es)t(e).ion[n].er,审问,target_content_with_gloss,0.791175,1
748,arc,arc,NOM,B2,2.5149,6.339,2.32701,aʁk,arc,0-1-0,/arc,圆弧；弧形,target_content_with_gloss,0.791146,1
3464,culotte,culotte,NOM,B2,2.5132,14.649,3.55634,kylɔt,cul,0-1-1,/cul.otte,内内；胖次,target_content_with_gloss,0.791124,1
1103,avaler,avaler,VER,B2,2.5115,29.301,4.89284,avale,val,1-1-1,_à/val.er,下去；吞下,target_content_with_gloss,0.791102,1
9909,poster,poster,VER,B2,2.5108,13.335,22.27955,pɔste,poste,0-1-0,/§poster§,发信；提出,target_content_with_gloss,0.791093,1
3140,coordinateur,coordinateur,NOM,B2,2.5091,0.813,0.30925,koɔʁdinatœʁ,ordonner,1-1-1,_co/ord(o)/in(ner).ateur,责任人,target_content_with_gloss,0.791071,1
3720,dignité,dignité,NOM,B2,2.5088,10.446,4.07838,diɲite,digne,0-1-1,/digne.ité,体面；尊严,target_content_with_gloss,0.791067,1
6505,imprimerie,imprimerie,NOM,B2,2.5078,1.503,0.46999,ɛ̃pʁiməʁi,primer,1-1-1,_i(n)/m/prim(er).erie,列印；印刷厂,target_content_with_gloss,0.791054,1
5739,gazon,gazon,NOM,B2,2.5074,3.272,1.21555,gazɔ̃,gazon,0-1-0,/gazon,草地,target_content_with_gloss,0.791049,1
10721,rassemblement,rassemblement,NOM,B2,2.5074,6.494,2.01317,ʁasɑ̃bləmɑ̃,assembler,1-1-1,_r/assembl(er).ement,集,target_content_with_gloss,0.791049,1
12421,superposer,superposer,VER,B2,2.5072,0.791,0.22964,sypɛʁpoze,poser,1-1-1,_super/pos(er).er,旋转面；覆叠,target_content_with_gloss,0.791046,1
5855,graine,graine,NOM,B2,2.5065,11.718,2.14023,gʁɛn,graine,0-1-1,/grain(e).e,种子；种实,target_content_with_gloss,0.791037,1
4447,détestable,détestable,ADJ,B2,2.5006,1.699,0.59553,detɛstabl,test(er),1-1-1,_dé/tester).able,可恨；可恶,target_content_with_gloss,0.79096,1
4527,embarras,embarras,NOM,B2,2.4981,4.377,1.91519,ɑ̃baʁa,embarras,0-1-0,/embarras,周折；苦处,target_content_with_gloss,0.790927,1
4230,déléguer,déléguer,VER,B2,2.4973,2.133,0.82823,delege,léguer,1-1-1,_dé/légu(er).er,下放；委托,target_content_with_gloss,0.790916,1
9505,petits-enfants,petits-enfants,NOM,B1,6.2843,5.313,2.08206,pøtiɑ̃fɑ̃,,,,孙,target_content_with_gloss,0.790907,1
6027,génétique,génétique,NOM,B2,2.4931,1.544,3.17514,ʒenetik,gène,0-1-1,/généti(que)/c.ique,基因,target_content_with_gloss,0.790861,1
3296,couver,couver,VER,B2,2.4927,2.323,1.22168,kuve,couver,0-1-1,/couv(er).er,抱窝；酝酿,target_content_with_gloss,0.790856,1
12505,survoler,survoler,VER,B2,2.4918,4.32,0.421,syʁvole,vol,1-1-1,_sur/vol.er,浏览；飞起,target_content_with_gloss,0.790844,1
6524,impulsion,impulsion,NOM,B2,2.4907,7.095,1.59216,ɛ̃pylsjɔ̃,pulsion,1-1-1,_i(n)/m/puls(ion).ion,冲动；脉冲,target_content_with_gloss,0.79083,1
7015,intégré,intégré,ADJ,B2,2.4858,1.5,1.30129,ɛ̃tegʁe,intègre/entier??,0-1-1,/intégr(al).é,集成,target_content_with_gloss,0.790766,1
4928,excéder,excéder,VER,B2,2.4853,0.734,0.09951,ɛksede,excéder,0-1-1,/excéd(er).er,超出；超过,target_content_with_gloss,0.790759,1
8729,notoriété,notoriété,NOM,B2,2.4847,1.253,0.5741,notoʁjete,noter,0-1-2,/not(er).o(i)r(e).iété,名望,target_content_with_gloss,0.790751,1
4903,exceller,exceller,VER,B2,2.4827,2.604,17.51531,ɛksele,excellent,0-1-1,/excell(ent)/m.er,逸,target_content_with_gloss,0.790725,1
331,aigle,aigle,NOM,B2,2.4797,6.706,1.85548,ɛgl,aigle,0-1-0,/aigle,鹰,target_content_with_gloss,0.790686,1
6706,inexistant,inexistant,ADJ,B2,2.4767,1.329,0.21892,inɛgzistɑ̃,exister,1-1-1,_in/exist(er).ant,不存在,target_content_with_gloss,0.790646,1
11477,rémunérer,rémunérer,VER,B2,2.4767,1.158,0.2725,ʁemyneʁe,rémunérer,0-1-1,/rémunér(er).er,赚钱,target_content_with_gloss,0.790646,1
14192,évacuer,évacuer,VER,B2,2.4763,19.845,3.77985,evakɥe,vacuité,1-1-1,_é/vacu(ité).er,排放；排泄,target_content_with_gloss,0.790641,1
9288,partisan,partisan,NOM,B2,2.4761,3.937,1.01194,paʁtizɑ̃,part,0-1-2,/part.is.an,信徒；党羽,target_content_with_gloss,0.790638,1
3629,descendant,descendant,NOM,B2,2.4748,3.522,1.72229,desɑ̃dɑ̃,{scend(re)},1-1-1,_dé/{scend(re)}.ant,传人,target_content_with_gloss,0.790621,1
8950,opter,opter,VER,B2,2.4738,2.592,5.28781,ɔpte,opter,0-1-1,/opt(er).er,选定,target_content_with_gloss,0.790608,1
5250,filet,filet,NOM,B2,2.4732,10.883,2.94244,filɛ,filer,0-1-1,/fil(er).et,网罗,target_content_with_gloss,0.7906,1
295,agneau,agneau,NOM,B2,2.4727,9.297,2.51837,aɲo,agneau,0-1-0,/agneau,小羊；羔羊,target_content_with_gloss,0.790593,1
11314,ruiner,ruiner,VER,B2,2.4717,33.899,5.19749,ʁɥine,ruine,0-1-1,/ruin(e).er,损毁；断送,target_content_with_gloss,0.79058,1
1768,business,business,NOM,B2,2.4716,22.551,7.11268,biznɛs,business,0-1-0,/§business§,买卖；事儿,target_content_with_gloss,0.790579,1
11526,résident,résident,NOM,B2,2.4703,6.718,1.28598,ʁezidɑ̃,{sid},1-1-1,_ré/{sid}.ent,居民；常驻,target_content_with_gloss,0.790562,1
8794,néfaste,néfaste,ADJ,B2,2.4702,1.468,0.43784,nefast,faste,1-1-0,_né/faste,不祥；有害,target_content_with_gloss,0.79056,1
9647,piéton,piéton,NOM,B2,2.4692,1.044,0.39957,pjetɔ̃,pied,0-1-1,/pie(d)/t.on,步行者；行人,target_content_with_gloss,0.790547,1
10094,productivité,productivité,NOM,B2,2.4691,0.816,0.33833,pʁodyktivite,{duire},1-1-2,_pro/{duct}.iv(e).ité,生产力；生产率,target_content_with_gloss,0.790546,1
9294,parution,parution,NOM,B2,2.4681,0.446,0.18218,paʁysjɔ̃,paraître,0-1-1,/par(aître).ution,发表；放人,target_content_with_gloss,0.790533,1
11557,réticence,réticence,NOM,B2,2.4667,1.149,0.36589,ʁetisɑ̃s,réticence,0-1-1,/rétic(ence).ence,不情愿；不愿,target_content_with_gloss,0.790514,1
3825,distraction,distraction,NOM,B2,2.4654,7.057,2.09737,distʁaksjɔ̃,torsion,1-1-0,_dis/traction,娱,target_content_with_gloss,0.790497,1
8489,méfiance,méfiance,NOM,B2,2.4645,1.715,0.75934,mefjɑ̃s,fier,1-1-1,_mé/fi(er).ance,不信；不信任,target_content_with_gloss,0.790485,1
5573,frénésie,frénésie,NOM,B2,2.4634,0.949,0.41488,fʁenezi,frénésie,0-1-0,/fréné(sie),狂乱；狂暴,target_content_with_gloss,0.790471,1
10961,renaître,renaître,VER,B2,2.4604,5.503,0.95836,ʁənɛtʁ,naître,1-1-1,_re/naît(re).re,再生,target_content_with_gloss,0.790431,1
10502,péripétie,péripétie,NOM,B2,2.4532,0.266,0.09032,peʁipesi,péripétie,0-1-0,/péripétie,波折,target_content_with_gloss,0.790336,1
2189,chandelle,chandelle,NOM,B2,2.4516,4.272,1.12676,ʃɑ̃dɛl,chandelle,0-1-1,/chandel(le).le,蜡烛,target_content_with_gloss,0.790314,1
10140,proliférer,proliférer,VER,B2,2.4512,0.364,0.07042,pʁolifeʁe,proliférer,0-1-1,/prolifér(er).er,扩散,target_content_with_gloss,0.790309,1
1117,avantageux,avantageux,ADJ,B2,2.4511,1.076,0.3613,avɑ̃taʒø,avant,0-1-1,/avant.eux,优越；划算,target_content_with_gloss,0.790308,1
945,atmosphérique,atmosphérique,ADJ,B2,2.4488,1.472,0.39651,atmosfeʁik,sphère,1-1-1,_atmo/sphèr(e).ique,天电,target_content_with_gloss,0.790277,1
9034,osciller,osciller,VER,B2,2.4487,0.725,0.12247,osije,osciller,0-1-1,/oscill(er).er,动摇；摆动,target_content_with_gloss,0.790276,1
5303,flamber,flamber,VER,B2,2.4483,2.782,0.50674,flɑ̃be,flamme,0-1-1,/flamb(er).er,火燎,target_content_with_gloss,0.790271,1
4858,estimation,estimation,NOM,B2,2.4463,4.256,1.29976,ɛstimasjɔ̃,estime,0-1-1,/estim(e).ation,估价；估值,target_content_with_gloss,0.790244,1
12132,soufre,soufre,NOM,B2,2.4454,1.769,0.59247,sufʁ,soufre,0-1-1,/soufr(e).e,硫磺,target_content_with_gloss,0.790232,1
2667,commentateur,commentateur,NOM,B2,2.445,0.775,0.15922,komɑ̃tatœʁ,{ment},1-1-1,_com/{ment}.ateur,评论员,target_content_with_gloss,0.790227,1
7711,maintien,maintien,NOM,B2,2.445,2.598,1.30282,mɛ̃tjɛ̃,main,0-2-1,/main/t(enir).ien,仪表；体态,target_content_with_gloss,0.790227,1
4336,dépression,dépression,NOM,B2,2.4445,11.579,4.06001,depʁesjɔ̃,pression,1-1-1,_dé/press(ion).ion,不景气；低迷,target_content_with_gloss,0.79022,1
13840,écolier,écolier,NOM,B2,2.4444,2.861,0.40263,ekolje,école,0-1-1,/écol(e).ier,学生；学童,target_content_with_gloss,0.790219,1
10029,primitif,primitif,ADJ,B2,2.4443,5.07,0.96601,pʁimitif,prime,0-1-1,/prim(e).itif,原始；原来,target_content_with_gloss,0.790217,1
1503,boiser,boiser,VER,B2,2.4439,0.168,0.16228,bwaze,bois,0-1-2,/bois.é,造林,target_content_with_gloss,0.790212,1
963,attarder,attarder,VER,B2,2.4414,3.886,0.93846,ataʁde,tard,1-1-1,_a(d)/tard.er,延迟；流连忘返,target_content_with_gloss,0.790179,1
1412,bilingue,bilingue,ADJ,B2,2.4382,0.446,0.18677,bilɛ̃g,langue,1-1-0,_bi/l(a)/ingue,双语,target_content_with_gloss,0.790136,1
8189,modification,modification,NOM,B2,2.4374,3.965,1.03797,modifikasjɔ̃,mode,0-1-2,/mod(e).ific.ation,变动；变化,target_content_with_gloss,0.790126,1
2576,cohérent,cohérent,ADJ,B2,2.4373,3.174,0.8267,koeʁɑ̃,{hérent},2-1-1,_1_co/{héren(t)}.t,相干；连贯,target_content_with_gloss,0.790124,1
10636,raffiner,raffiner,VER,B2,2.4361,1.079,0.86344,ʁafine,fin,1-1-1,_ra[f]/fin.er,加工,target_content_with_gloss,0.790108,1
13684,vouloir,vouloir,NOM,B2,2.4333,1.491,30.98438,vulwaʁ,vouloir,0-1-1,/voul(oir).oir,想要；愿意,target_content_with_gloss,0.790071,1
6860,instable,instable,ADJ,B2,2.4305,8.367,3.13993,ɛ̃stabl,stable,1-1-1,_in/st(able).able,不稳；不稳定,target_content_with_gloss,0.790034,1
11523,réservoir,réservoir,NOM,B2,2.427,9.339,2.42958,ʁezɛʁvwaʁ,{serv},1-1-1,_ré/{serv}.oir,水库；水池,target_content_with_gloss,0.789987,1
2804,concentration,concentration,NOM,B2,2.4266,7.598,2.87355,kɔ̃sɑ̃tʁasjɔ̃,centre,1-1-1,_con/centr(e).ation,专心；对对碰,target_content_with_gloss,0.789982,1
12676,tapage,tapage,NOM,B2,2.4265,1.687,0.69963,tapaʒ,taper,0-1-1,/tap(er).age,花哨,target_content_with_gloss,0.78998,1
8010,menu,menu,ADJ,B2,2.4234,1.82,4.87906,məny,menu,0-1-0,/menu,套餐；娇小,target_content_with_gloss,0.789939,1
13793,éblouissant,éblouissant,ADJ,B2,2.4221,2.168,0.53889,ebluisɑ̃,éblouir,0-1-2,/éblou(ir).iss.ant,刺眼；耀眼,target_content_with_gloss,0.789921,1
4116,découper,découper,VER,B2,2.4127,12.601,2.05144,dekupe,couper,1-1-1,_dé/coup(er).er,分割开；切成,target_content_with_gloss,0.789795,1
2676,commerçant,commerçant,ADJ,B2,2.4124,0.627,0.71035,komɛʁsɑ̃,commerce,0-1-1,/commerc(e).ant,业者；商人,target_content_with_gloss,0.789791,1
2738,complicité,complicité,NOM,B2,2.4092,3.94,1.58145,kɔ̃plisite,complice,0-1-1,/complic(e).ité,默契,target_content_with_gloss,0.789748,1
12727,teinte,teinte,NOM,B2,2.409,0.962,0.41182,tɛ̃t,teindre,0-1-1,/tein(dre).t(e),染发；色彩,target_content_with_gloss,0.789746,1
4489,effectif,effectif,NOM,B2,2.405,2.649,0.83435,efɛktif,{fect},0-1-1,/{fect}.if,名额；好用,target_content_with_gloss,0.789692,1
7491,livret,livret,NOM,B2,2.4042,1.608,0.51745,livʁɛ,livre,0-1-1,/livr(e).et,小册子；说明书,target_content_with_gloss,0.789681,1
2344,chouette,chouette,ADJ,B2,2.4024,19.123,8.6038,ʃwɛt,chouette,0-1-0,/chouette,鵩,target_content_with_gloss,0.789657,1
8935,ongle,ongle,NOM,B2,2.3995,17.693,5.21433,ɔ̃gl,ongle,0-1-1,/ongl(e).e,指甲,target_content_with_gloss,0.789618,1
2263,chauve,chauve,ADJ,B2,2.3989,5.991,2.7526,ʃov,chauve,0-1-0,/chauve,光光；童山濯濯,target_content_with_gloss,0.78961,1
6257,huitième,huitième,ADJ,B2,2.3932,1.63,1.10073,ɥitjɛm,huit,0-1-1,/huit.ième,第八,target_content_with_gloss,0.789533,1
5028,extravagant,extravagant,ADJ,B2,2.3922,1.934,0.50061,ɛkstʁavagɑ̃,vague,1-1-1,_extra/vag(ue).ant,厚重；豪奢,target_content_with_gloss,0.78952,1
2590,collaboration,collaboration,NOM,B2,2.391,4.468,1.85242,kolaboʁasjɔ̃,labeur,0-1-1,/lab(eu)/or.ation,协作；左右手,target_content_with_gloss,0.789503,1
14210,éventail,éventail,NOM,B2,2.3902,1.658,0.55266,evɑ̃taj,vent,1-1-1,_é/vent(er).ail,扇子,target_content_with_gloss,0.789493,1
4163,défier,défier,VER,B2,2.3858,15.272,2.21831,defje,(se) fier,1-1-0,_dé/fi(er),不信任；不畏,target_content_with_gloss,0.789433,1
9218,parent,parent,ADJ,B2,2.3823,11.196,37.08665,paʁɑ̃,parent,0-1-0,/parent,亲戚；亲眷,target_content_with_gloss,0.789386,1
6918,intensité,intensité,NOM,B2,2.3757,2.956,1.23239,ɛ̃tɑ̃site,intense,0-1-1,/intens(e).ité,力度；厚度,target_content_with_gloss,0.789296,1
1967,capturer,capturer,VER,B2,2.3731,24.566,3.47826,kaptyʁe,{capt},0-1-2,/{capt}.ur(e).er,俘获；抓拍,target_content_with_gloss,0.789261,1
6268,humble,humble,ADJ,B2,2.3718,8.263,2.77557,œ̃bl,humble,0-1-0,/humble,低三下四；低下,target_content_with_gloss,0.789243,1
9122,palmier,palmier,NOM,B2,2.3713,2.218,0.50214,palmje,palme,0-1-1,/palm(e).ier,棕榈,target_content_with_gloss,0.789237,1
6273,humiliation,humiliation,NOM,B2,2.3648,5.911,2.21678,ymiljasjɔ̃,humilier,0-1-1,/humili(er).ation,屈辱；羞辱,target_content_with_gloss,0.789148,1
3178,correctement,correctement,ADV,B2,2.3646,15.152,6.39314,koʁɛktəmɑ̃,correct,0-1-1,/correcte.ment,好好；好生,target_content_with_gloss,0.789146,1
9610,pionnier,pionnier,NOM,B2,2.3646,3.313,0.6583,pjonje,pion,0-1-1,/pion[n].ier,先行者；先锋,target_content_with_gloss,0.789146,1
8457,mécontent,mécontent,ADJ,B2,2.3643,3.541,0.95377,mekɔ̃tɑ̃,content,1-1-0,_mé/content,不满,target_content_with_gloss,0.789142,1
667,apparent,apparent,ADJ,B2,2.3547,2.832,0.8068,apaʁɑ̃,paraître,0-1-0,/apparent,外部,target_content_with_gloss,0.789011,1
7309,laisse,laisse,NOM,B2,2.3418,68.003,76.9703,lɛs,laisser,0-1-1,/laiss(er).e,絏,target_content_with_gloss,0.788834,1
4380,désastreux,désastreux,ADJ,B2,2.3385,2.62,0.68126,dezastʁø,désastre,0-1-1,/désastr(e).eux,不得了；惨重,target_content_with_gloss,0.788789,1
11383,réciter,réciter,VER,B2,2.3373,5.978,0.96142,ʁesite,citer,1-1-1,_ré/cit(er).er,背诵；诵读,target_content_with_gloss,0.788773,1
3612,densité,densité,NOM,B2,2.3368,2.003,0.76393,dɑ̃site,dense,0-1-1,/dens(e)/i.té,密度；浓度,target_content_with_gloss,0.788766,1
14214,éventuellement,éventuellement,ADV,B2,2.3347,3.807,1.69014,evɑ̃tɥɛləmɑ̃,venir,1-1-2,_é/ven(ir).tuelle.ment,万一,target_content_with_gloss,0.788737,1
3184,corrida,corrida,NOM,B1,5.94,0.807,0.1883,koʁida,,0-1-0,/§corrida§,斗牛,target_content_with_gloss,0.78869,1
2902,confusion,confusion,NOM,B2,2.3298,7.608,3.11543,kɔ̃fyzjɔ̃,fusion,1-0-1,_con.ion,恍忽；恍惚,target_content_with_gloss,0.78867,1
759,archéologie,archéologie,NOM,B2,2.3282,1.003,0.33833,aʁkeoloʒi,archéologue,1-0-1,_archéo.logie,考古；考古学家,target_content_with_gloss,0.788648,1
5806,glorieux,glorieux,ADJ,B2,2.3279,6.013,1.46509,gloʁjø,gloire,0-1-1,/§glori(a)§.eux,光彩；光荣,target_content_with_gloss,0.788644,1
10718,raser,raser,VER,B2,2.3222,21.114,3.03123,ʁaze,ras,0-1-1,/ras.er,剃；夷,target_content_with_gloss,0.788565,1
4710,enseigne,enseigne,NOM,B2,2.3182,6.19,4.79945,ɑ̃sɛɲ,enseigne,0-1-0,/enseigne,幌子；招牌,target_content_with_gloss,0.78851,1
5105,fanfare,fanfare,NOM,B2,2.3182,3.158,0.94458,fɑ̃faʁ,fanfare,0-1-1,/fanfar(e).e,大张旗鼓,target_content_with_gloss,0.78851,1
2506,clinique,clinique,ADJ,B2,2.3105,4.769,5.37814,klinik,clinique,0-1-1,/clini(que)/c.que,临床；倩碧,target_content_with_gloss,0.788404,1
11291,routine,routine,NOM,B2,2.3088,12.608,4.92958,ʁutin,route,0-1-1,/rout(e).ine,例行；常规,target_content_with_gloss,0.78838,1
13717,végétal,végétal,NOM,B2,2.3082,0.551,0.22811,veʒetal,végéter,0-1-1,/végét(er).al,植,target_content_with_gloss,0.788372,1
3496,cycliste,cycliste,NOM,B1,5.8877,1.044,0.3414,siklist,,1-0-1,_cycl.iste,单车族,target_content_with_gloss,0.788344,1
10850,redresser,redresser,VER,B2,2.3061,7.085,1.03337,ʁədʁese,droit,1-1-1,_re/dress(er).er,伸直；匡正,target_content_with_gloss,0.788343,1
3057,contracter,contracter,VER,B2,2.2967,3.43,0.85732,kɔ̃tʁakte,tracter,1-1-1,_con/tract(er).er,患有；缔结,target_content_with_gloss,0.788212,1
5648,féroce,féroce,ADJ,B2,2.2961,5.326,1.56461,feʁɔs,féroce,0-1-1,/féroc(e).e,凶残；凶狠,target_content_with_gloss,0.788204,1
12330,styliste,styliste,NOM,B2,2.2899,2.234,0.59247,stilist,style,0-1-1,/styl(e).iste,造型师,target_content_with_gloss,0.788118,1
2092,caution,caution,NOM,B2,2.282,15.804,4.22994,kosjɔ̃,caution,0-1-0,/caution,保证金；押金,target_content_with_gloss,0.788008,1
1415,bille,bille,NOM,B2,2.2795,1.848,0.85119,bij,bille,0-1-1,/bill(e).e,弹子,target_content_with_gloss,0.787973,1
10807,reconstruire,reconstruire,VER,B2,2.279,8.234,2.12645,ʁəkɔ̃stʁɥiʁ,construire,1-1-1,_re/constru(ire).re,再造；翻盖,target_content_with_gloss,0.787966,1
7441,limitation,limitation,NOM,B2,2.2782,1.06,0.23882,limitasjɔ̃,limite,0-1-1,/limit(e).ation,局限性；限制,target_content_with_gloss,0.787955,1
12134,souhaitable,souhaitable,ADJ,B2,2.2768,0.528,0.23117,swɛtabl,souhait,0-1-1,/souhait.able,可取；可喜,target_content_with_gloss,0.787935,1
1461,blanchir,blanchir,VER,B2,2.2764,6.623,0.98285,blɑ̃ʃiʁ,blanc,0-1-1,/blanc[h].ir,漂白；粉刷,target_content_with_gloss,0.78793,1
6004,gémissement,gémissement,NOM,B2,2.2639,6.715,1.42529,ʒemisəmɑ̃,gémir,0-1-2,/gém(ir).iss.ement,偯,target_content_with_gloss,0.787755,1
12999,trahison,trahison,NOM,B2,2.2467,14.462,4.74893,tʁaizɔ̃,trahir,0-1-2,/trah(ir).is.on,叛逆,target_content_with_gloss,0.787513,1
7719,majestueux,majestueux,ADJ,B2,2.2437,1.937,0.48836,maʒɛstɥø,§maj§,0-1-1,/§maj§.estueux,堂堂；威风,target_content_with_gloss,0.78747,1
2865,confesser,confesser,VER,B2,2.2427,11.035,1.91212,kɔ̃fese,confesse,0-1-1,/confess(e).er,交代；交待,target_content_with_gloss,0.787456,1
1895,campement,campement,NOM,B2,2.2415,3.62,1.015,kɑ̃pəmɑ̃,camp,0-1-1,/camp.ement,营地,target_content_with_gloss,0.787439,1
811,arrogance,arrogance,NOM,B2,2.2351,3.858,1.63656,aʁogɑ̃s,{rog},1-1-1,_a(d)/p/{rog}.ance,架子；气焰,target_content_with_gloss,0.787349,1
10867,refuge,refuge,NOM,B1,5.7384,10.804,3.40478,ʁəfyʒ,,0-1-1,/§refug(e)§.e,蔽身处,target_content_with_gloss,0.787341,1
6215,honorer,honorer,VER,B2,2.2331,22.601,3.27312,onoʁe,honneur,0-1-1,/hon(neu/o)r.er,尊崇；尊敬,target_content_with_gloss,0.78732,1
9416,perception,perception,NOM,B2,2.2285,3.937,1.33956,pɛʁsɛpsjɔ̃,{cept},1-1-1,_per/{cept}.ion,感受；感知,target_content_with_gloss,0.787255,1
1112,avant-garde,avant-garde,NOM,B2,2.2273,1.509,0.54654,avɑ̃gaʁd,garde,1-1-0,_avant/garde,先锋；前卫,target_content_with_gloss,0.787238,1
4955,exonérer,exonérer,VER,B2,2.2273,0.516,0.0842,ɛgzoneʁe,onéreux,1-1-1,_ex/onér(eux).er,减免,target_content_with_gloss,0.787238,1
5375,fondamentalement,fondamentalement,ADV,B2,2.2273,1.867,0.79149,fɔ̃damɑ̃taləmɑ̃,fond,0-1-1,/fondamentale.ment,从根本上；基本上,target_content_with_gloss,0.787238,1
6647,indigène,indigène,ADJ,B2,2.2273,1.218,0.83588,ɛ̃diʒɛn,indigène,0-1-0,/indigène,原住民；原地,target_content_with_gloss,0.787238,1
9303,passager,passager,ADJ,B2,2.2273,4.329,3.40631,pasaʒe,pas,0-1-1,/pas[s].ag(er),乘客；旅客,target_content_with_gloss,0.787238,1
8395,muscle,muscle,NOM,B2,2.2251,15.646,4.00796,myskl,muscle,0-1-1,/muscl(e).e,肌肉,target_content_with_gloss,0.787207,1
9695,plastique,plastique,ADJ,B2,2.2208,4.782,5.60778,plastik,plastique,0-1-1,/plastiqu(e).e,整形,target_content_with_gloss,0.787146,1
12136,souiller,souiller,VER,B2,2.2206,4.497,0.62768,suje,souiller,0-1-1,/souill(er).er,弄脏；糟蹋,target_content_with_gloss,0.787143,1
2908,congeler,congeler,VER,B2,2.2173,3.886,0.76546,kɔ̃ʒəle,gel,1-1-1,_con/gel.er,冷冻；冻结,target_content_with_gloss,0.787096,1
8887,odorat,odorat,NOM,B2,2.2135,1.823,0.73331,odoʁa,odeur,0-1-1,/od(eu/o)r.at,嗅到；嗅觉,target_content_with_gloss,0.787042,1
9929,potentiel,potentiel,NOM,B2,2.2128,9.598,5.46234,potɑ̃sjɛl,{pot},0-1-2,/{pot}.ent.iel,有希望；潜力,target_content_with_gloss,0.787032,1
13482,vertical,vertical,ADJ,B2,2.2104,1.785,0.59247,vɛʁtikal,vertical,0-1-0,/vertical,垂直；立式,target_content_with_gloss,0.786998,1
4999,expulser,expulser,VER,B2,2.2078,11.225,1.70851,ɛkspylse,pulser,1-1-1,_ex/puls(er).er,开除；放逐,target_content_with_gloss,0.786961,1
4548,embryon,embryon,NOM,B2,2.2072,2.051,0.3414,ɑ̃bʁijɔ̃,embryon,0-1-0,/embryon,胚胎；雏形,target_content_with_gloss,0.786952,1
3915,dorénavant,dorénavant,ADV,B2,2.2058,7.136,3.04195,doʁenavɑ̃,ores,0-2-0,/d'ore en/avant,往后,target_content_with_gloss,0.786932,1
1284,baroque,baroque,ADJ,B2,2.202,0.462,0.16993,baʁɔk,baroque,0-1-0,/baroque,巴洛克,target_content_with_gloss,0.786878,1
11647,saint,saint,NOM,B2,2.1999,18.535,7.25199,sɛ̃,saint,0-1-0,/saint,圣人；圣者,target_content_with_gloss,0.786848,1
3653,destinée,destinée,NOM,B2,2.1969,7.649,4.02021,destine,destiner,0-1-1,/destin(er).ée,天命；天时,target_content_with_gloss,0.786805,1
10921,relâcher,relâcher,VER,B2,2.1936,26.177,3.00674,ʁəlaʃe,lâche,1-1-1,_re/lâch(e).er,减压；推出,target_content_with_gloss,0.786758,1
4585,empresser,empresser,VER,B2,2.1935,0.978,0.1684,ɑ̃pʁɛse,presse,1-1-1,_em/press(e).er,急忙,target_content_with_gloss,0.786756,1
4759,entrepreneur,entrepreneur,NOM,B2,2.1934,6.487,1.68096,ɑ̃tʁəpʁənœʁ,prendre,1-1-1,_entre/pren(dre).eur,企业家；创业者,target_content_with_gloss,0.786755,1
2650,combustible,combustible,NOM,B2,2.1926,1.994,0.54807,kɔ̃bystibl,{bur},1-1-1,_com/{bu(r)/s}.tible,燃料；燃油,target_content_with_gloss,0.786743,1
3017,contamination,contamination,NOM,B2,2.1926,2.218,0.75015,kɔ̃taminasjɔ̃,contaminer,0-1-1,/contamin(er).ation,污染；沾染,target_content_with_gloss,0.786743,1
12802,textile,textile,NOM,B2,2.1791,0.801,0.297,tɛkstil,textile,0-1-0,/textile,纺织品；织物,target_content_with_gloss,0.786549,1
2289,chevaucher,chevaucher,VER,B2,2.1765,4.87,0.6139,ʃəvoʃe,cheval,0-1-2,/cheval/u.er,覆叠；骑坐,target_content_with_gloss,0.786512,1
4260,démon,démon,NOM,B2,2.1748,45.361,5.02909,demɔ̃,démon,0-1-0,/démon,凶神；恶神,target_content_with_gloss,0.786487,1
12098,sorcier,sorcier,NOM,B2,2.1729,39.237,4.75046,sɔʁsje,sort,0-1-1,/sor(t/c).ier,妖术师；巫师,target_content_with_gloss,0.78646,1
3132,convoquer,convoquer,VER,B2,2.1725,10.791,1.75597,kɔ̃voke,voix,1-1-1,_con/voc(al)/qu.er,举行；召开,target_content_with_gloss,0.786454,1
6981,intimider,intimider,VER,B2,2.1692,8.494,1.57838,ɛ̃timide,timide,1-1-1,_in/timid(e).er,恐吓；震慑,target_content_with_gloss,0.786407,1
7030,invasion,invasion,NOM,B2,2.1677,7.896,2.47244,ɛ̃vazjɔ̃,{vad}/s,1-1-1,_in/{vad}/s.ion,入侵,target_content_with_gloss,0.786385,1
5480,fragrance,fragrance,NOM,B2,2.1656,0.237,0.06889,fʁagʁɑ̃s,fragrant,0-1-1,/fragr(ant).ance,香味；香气,target_content_with_gloss,0.786355,1
12302,stratagème,stratagème,NOM,B2,2.1643,1.899,0.67361,stʁataʒɛm,stratagème,0-1-0,/stratagème,方策；花招,target_content_with_gloss,0.786336,1
9925,potager,potager,NOM,B2,2.1586,0.953,0.38273,potaʒe,pot,0-1-1,/pot.ag(er),园圃；菜园,target_content_with_gloss,0.786253,1
1392,bien-aimé,bien-aimé,NOM,B2,2.1548,5.313,1.53552,bjɛ̃neme,bien,0-2-0,/bien/aimé,心上人；心肝,target_content_with_gloss,0.786198,1
5289,fissure,fissure,NOM,B2,2.1509,3.68,0.81445,fisyʁ,fissure,0-1-1,/fissur(er).e,夹缝；缝隙,target_content_with_gloss,0.786141,1
4441,détention,détention,NOM,B2,2.1505,11.873,4.22994,detɑ̃sjɔ̃,tenir,1-1-1,_dé/ten(ir)[t].ion,受阻,target_content_with_gloss,0.786136,1
4141,déduction,déduction,NOM,B2,2.1474,2.582,0.81598,dedyksjɔ̃,{duire},1-1-1,_dé/{duct}.ion,减去；推论,target_content_with_gloss,0.786091,1
12275,statistique,statistique,ADJ,B2,2.1409,1.025,1.8861,statistik,statistique,0-1-1,/statist(ique).ique,统计；统计学,target_content_with_gloss,0.785996,1
6543,inadapté,inadapté,ADJ,B2,2.1401,0.554,0.17759,inadapte,apte,2-1-1,_in_ad/apt(e).é,不适应,target_content_with_gloss,0.785984,1
5856,graisse,graisse,NOM,B2,2.1337,8.323,2.60563,gʁɛs,graisse,0-1-1,/graiss(e).e,油水；油脂,target_content_with_gloss,0.785891,1
6112,harmonieux,harmonieux,ADJ,B2,2.1333,0.804,0.20361,aʁmonjø,harmonie,0-1-1,/harmon(ie).ieuse,合手；和美,target_content_with_gloss,0.785885,1
5402,forger,forger,VER,B2,2.1315,5.041,0.82058,fɔʁʒe,forger,0-1-1,/forge(r).er,打造；锻造,target_content_with_gloss,0.785859,1
431,allégorie,allégorie,NOM,B2,2.1296,0.323,0.11329,alegoʁi,allégorie,0-1-0,/allégorie,讽喻；风喻,target_content_with_gloss,0.785831,1
4543,embraser,embraser,VER,B2,2.1258,1.402,0.17299,ɑ̃bʁaze,braise,1-1-1,_em/bra(i)s(e).er,燎,target_content_with_gloss,0.785775,1
8176,modalité,modalité,NOM,B2,2.1218,0.38,0.16228,modalite,mode,0-1-2,/mod(e).al.ité,形态,target_content_with_gloss,0.785717,1
10296,préfecture,préfecture,NOM,B1,5.4985,1.867,0.57563,pʁefɛktyʁ,,0-1-0,/§préfecture§,专区；地区,target_content_with_gloss,0.785681,1
153,actionnaire,actionnaire,NOM,B2,2.1183,4.427,0.98285,aksjonɛʁ,acte,0-1-1,/action[n].aire,公司股东；股东,target_content_with_gloss,0.785665,1
6651,indirect,indirect,ADJ,B2,2.1178,1.465,0.2526,ɛ̃diʁɛkt,direct,1-1-0,_in/direct,间接,target_content_with_gloss,0.785658,1
237,affection,affection,NOM,B2,2.115,10.712,4.06767,afɛksjɔ̃,{fect},1-1-1,_a(d)/f/{fect}.ion,亲情；人情味,target_content_with_gloss,0.785617,1
384,alentour,alentour,NOM,B1,5.4864,7.377,3.28536,alɑ̃tuʁ,,,,四周,target_content_with_gloss,0.785596,1
12352,subsister,subsister,VER,B2,2.1136,1.63,0.32456,sybziste,{sist},1-1-1,_sub/{sist}.er,生存,target_content_with_gloss,0.785596,1
5132,fatalité,fatalité,NOM,B2,2.1133,1.146,0.42713,fatalite,fatal,0-1-1,/fatal.ité,不幸,target_content_with_gloss,0.785592,1
3994,durement,durement,ADV,B2,2.1124,4.009,1.79731,dyʁəmɑ̃,dur,0-1-1,/dure.ment,着实,target_content_with_gloss,0.785579,1
6865,instant,instant,ADJ,B2,2.1101,3.491,43.7278,ɛ̃stɑ̃,{sta},1-1-1,_in/{st(a)}.ant,刹那；弹指,target_content_with_gloss,0.785545,1
1168,azote,azote,NOM,B2,2.1089,2.085,0.62615,azɔt,zoo,1-1-1,_a/zo(o).te,氮,target_content_with_gloss,0.785527,1
2538,coach,coach,NOM,B1,5.4692,27.604,3.45377,kotʃ,,0-1-0,/§coach§,技术指导；指导员,target_content_with_gloss,0.785474,1
6683,industrialiser,industrialiser,VER,B2,2.1007,0.085,0.02909,ɛ̃dystʁijalize,industrie,0-1-2,/industri(e).al.is,产业化,target_content_with_gloss,0.785406,1
11156,rhume,rhume,NOM,B1,5.444,7.342,2.3959,ʁym,,0-1-0,/§rhum(e)§,风寒,target_content_with_gloss,0.785295,1
242,affectueux,affectueux,ADJ,B2,2.0858,2.987,0.86497,afɛktɥø,{fect},1-1-1,_a(d)/f/{fect}.eux,亲切；多情,target_content_with_gloss,0.785186,1
5007,expérimental,expérimental,ADJ,B2,2.0827,3.975,0.93539,ɛkspeʁimɑ̃tal,expérimenter,0-1-1,/expériment(er).al,试验,target_content_with_gloss,0.78514,1
11100,retenue,retenue,NOM,B2,2.081,5.063,3.61758,ʁətəny,tenir,1-1-1,_re/ten(ir).ue,留堂,target_content_with_gloss,0.785114,1
8336,moule,moule,NOM,B2,2.079,4.161,1.08389,mul,moule,0-1-1,/moul(e).e,模具；模型,target_content_with_gloss,0.785085,1
13730,vérification,vérification,NOM,B2,2.079,7.085,2.21066,veʁifikasjɔ̃,vrai,1-0-2,_véri.fic.ation,检查；檢定,target_content_with_gloss,0.785085,1
6360,identification,identification,NOM,B2,2.0778,9.649,3.36344,idɑ̃tifikasjɔ̃,idem,0-1-2,/identi(té).fic.ation,辨识,target_content_with_gloss,0.785067,1
12118,soucieux,soucieux,ADJ,B2,2.0696,2.253,0.79608,susjø,souci,0-1-1,/souci.eux,揪心,target_content_with_gloss,0.784945,1
6982,intimité,intimité,NOM,B2,2.0695,11.32,4.56369,ɛ̃timite,intime,0-1-1,/intim(e).ité,私生活,target_content_with_gloss,0.784943,1
11220,rocheux,rocheux,ADJ,B2,2.0685,1.759,0.37814,ʁoʃø,roc,0-1-1,/roch(e).eux,嵬；磈,target_content_with_gloss,0.784928,1
13714,vécu,vécu,NOM,B2,2.0679,0.937,17.93478,veky,vivre,0-1-1,/v(ivre).écu,经历,target_content_with_gloss,0.784919,1
1053,authenticité,authenticité,NOM,B2,2.0671,1.532,0.62462,otɑ̃tisite,authentique,0-1-1,/authent(ique)/c.ité,真实性,target_content_with_gloss,0.784907,1
3102,contribution,contribution,NOM,B2,2.0607,5.861,2.17085,kɔ̃tʁibysjɔ̃,contribuer,0-1-1,/contribu(er).tion,功劳；捐助,target_content_with_gloss,0.784812,1
2176,chamois,chamois,NOM,B2,2.0504,0.307,0.11329,ʃamwa,chamois,0-1-0,/chamois,羚羊,target_content_with_gloss,0.784657,1
5016,externe,externe,ADJ,B2,2.0489,3.687,1.18494,ɛkstɛʁn,{terne},1-1-1,_ex/{tern(e)}.e,外在；外来,target_content_with_gloss,0.784635,1
6538,inacceptable,inacceptable,ADJ,B2,2.0489,5.278,2.14942,inaksɛptabl,accepter,1-1-1,_in/accept(er).able,使不得,target_content_with_gloss,0.784635,1
11017,repentir,repentir,VER,B2,2.0473,3.994,0.76852,ʁəpɑ̃tiʁ,repentir,0-1-1,/repent(ir).ir,回头；懊悔,target_content_with_gloss,0.784611,1
2907,conférer,conférer,VER,B2,2.0465,2.386,0.41488,kɔ̃feʁe,{fér},1-1-1,_con/{fér}.er,商议；授予,target_content_with_gloss,0.784599,1
8445,mécanique,mécanique,ADJ,B2,2.0449,4.573,2.42958,mekanik,mécanique,0-1-1,/mécani(que)/c.ique,刻板；力学,target_content_with_gloss,0.784575,1
893,assistance,assistance,NOM,B2,2.0439,7.396,2.93631,asistɑ̃s,assister,0-1-1,/assist(er).ance,助力；听众,target_content_with_gloss,0.78456,1
8665,noblesse,noblesse,NOM,B2,2.0434,3.383,1.25536,noblɛs,noble,0-1-1,/nobl(e).esse,列侯；贵族,target_content_with_gloss,0.784552,1
5022,extrait,extrait,NOM,B2,2.0413,3.18,2.21984,ɛkstʁɛ,traire,1-1-1,_ex/trai(re).t,提取；摘录,target_content_with_gloss,0.784521,1
11974,simultanément,simultanément,ADV,B2,2.0413,1.639,0.70269,simyltanemɑ̃,simultané,0-1-1,/simultané.ment,一齐；同日,target_content_with_gloss,0.784521,1
12418,superflu,superflu,ADJ,B2,2.041,1.652,0.50214,sypɛʁfly,flux,1-1-0,_super/flu(x),多余,target_content_with_gloss,0.784516,1
872,assemblage,assemblage,NOM,B2,2.0407,1.066,0.4057,asɑ̃blaʒ,sembler,1-1-1,_a(d)/s/(en)sembl(e).age,组件,target_content_with_gloss,0.784512,1
2824,concitoyen,concitoyen,NOM,B2,2.0379,2.158,0.81445,kɔ̃sitwajɛ̃,cité,1-1-1,_con/cit(é).oyen,同胞；老乡,target_content_with_gloss,0.784469,1
1247,bandeau,bandeau,NOM,B2,2.0375,3.472,1.00429,bɑ̃do,bande,0-1-1,/band(e).eau,发箍,target_content_with_gloss,0.784463,1
4857,esthétique,esthétique,NOM,B2,2.0282,0.829,1.38702,ɛstetik,esthète,0-1-1,/esthèt(e).ique,唯美；审美,target_content_with_gloss,0.784323,1
2910,congrès,congrès,NOM,B2,2.0259,15.68,3.60533,kɔ̃gʁɛ,congrès,0-1-0,/congrès,国会；大会,target_content_with_gloss,0.784288,1
4673,engrais,engrais,NOM,B2,2.0251,2.244,0.76087,ɑ̃gʁɛ,graisser,1-1-0,_en/grais(ser),化学肥料；肥料,target_content_with_gloss,0.784276,1
9583,pieux,pieux,ADJ,B2,2.0243,2.18,0.88947,pjø,pieux,0-1-0,/pieux,虔诚,target_content_with_gloss,0.784264,1
11023,reportage,reportage,NOM,B1,5.2995,6.604,1.80343,ʁəpɔʁtaʒ,,0-1-1,/§report(er)§.age,报道；通讯,target_content_with_gloss,0.784257,1
6368,idole,idole,NOM,B2,2.0225,6.794,1.14819,idɔl,idole,0-1-0,/idole,偶像；爱豆,target_content_with_gloss,0.784237,1
11586,révolutionnaire,révolutionnaire,NOM,B2,2.022,2.19,1.59522,ʁevolysjonɛʁ,volte,1-1-2,_ré/vol(te).aire,革命；革命性,target_content_with_gloss,0.784229,1
1115,avant-hier,avant-hier,ADV,B2,2.0192,3.753,1.55695,avɑ̃tjɛʁ,hier,1-1-0,_avant/hier,前天；前日,target_content_with_gloss,0.784187,1
595,anomalie,anomalie,NOM,B2,2.0179,8.456,1.47122,anomali,anomalie,0-1-0,/anomalie,反常；奇特,target_content_with_gloss,0.784167,1
6037,géométrie,géométrie,NOM,B2,2.0179,1.652,0.5695,ʒeometʁi,mètre,1-1-1,_géo/métr(e).ie,内摆线；几何,target_content_with_gloss,0.784167,1
3072,contraste,contraste,NOM,B2,2.0172,1.405,0.53735,kɔ̃tʁast,contraste,0-1-1,/contrast(e).e,反差；对比,target_content_with_gloss,0.784156,1
9296,parvis,parvis,NOM,B2,2.0156,0.149,0.05818,paʁvi,parvis,0-1-0,/parvis,天井,target_content_with_gloss,0.784132,1
10809,recopier,recopier,VER,B2,2.0145,1.19,0.17606,ʁəkopje,copie,1-1-1,_re/copi(e).er,复制,target_content_with_gloss,0.784115,1
2791,compétent,compétent,ADJ,B2,2.0116,5.813,1.28904,kɔ̃petɑ̃,{pét},1-1-1,_com/{pét}.ent,得力；称职,target_content_with_gloss,0.784071,1
12074,sommer,sommer,VER,B2,2.0112,5.456,63.99112,some,somme,0-1-1,/somm(e).er,吩咐,target_content_with_gloss,0.784065,1
1143,aviation,aviation,NOM,B2,2.0074,3.665,1.06552,avjasjɔ̃,avion,0-1-1,/avi(on).ation,航空；飞行,target_content_with_gloss,0.784008,1
7416,libéralisation,libéralisation,NOM,B2,2.0059,0.051,0.0199,libeʁalizasjɔ̃,libre,0-1-2,/libér(er).alis.ation,自由化,target_content_with_gloss,0.783985,1
7093,irriter,irriter,VER,B2,2.0057,4.377,0.50061,iʁite,irriter,0-1-1,/irrit(er).er,刺激；恼人,target_content_with_gloss,0.783982,1
1051,autel,autel,NOM,B2,2.0035,6.63,2.28414,otɛl,autel,0-1-0,/autel,祭坛,target_content_with_gloss,0.783948,1
2588,colis,colis,NOM,B2,2.0031,7.513,2.32394,koli,colis,0-1-0,/colis,包裹,target_content_with_gloss,0.783942,1
2404,cigale,cigale,NOM,B2,1.9991,0.956,0.14238,sigal,cigale,0-1-1,/cigal(e).e,寒蝉；知了,target_content_with_gloss,0.783881,1
7111,isolement,isolement,NOM,B2,1.9969,6.07,1.86926,izɔləmɑ̃,isoler,0-1-1,/isol(er).ement,闭关,target_content_with_gloss,0.783847,1
947,atome,atome,NOM,B2,1.9968,3.671,0.6384,atom,{tome},1-1-0,_a/{tome},原子；微粒,target_content_with_gloss,0.783846,1
3335,creux,creux,NOM,B2,1.9931,2.769,1.94887,kʁø,creux,0-1-0,/creux,中空；低谷,target_content_with_gloss,0.783789,1
6521,impuissance,impuissance,NOM,B2,1.9931,1.725,0.71035,ɛ̃pɥisɑ̃s,pouvoir,1-1-1,_i(n)/m/puiss(ance).ance,不举；阳痿,target_content_with_gloss,0.783789,1
3606,demi-tour,demi-tour,NOM,B2,1.9908,16.506,5.79761,dəmituʁ,tour,1-1-0,_demi/tour,U形转弯,target_content_with_gloss,0.783754,1
1627,bourreau,bourreau,NOM,B2,1.9896,5.522,1.4406,buʁo,bourre,0-1-1,/bourr(er).eau,刽子手；执行人,target_content_with_gloss,0.783736,1
5604,fuseau,fuseau,NOM,B2,1.9856,0.589,0.17759,fyzo,fuser,0-1-1,/fus(er).eau,筦,target_content_with_gloss,0.783674,1
1288,barrage,barrage,NOM,B2,1.9819,10.247,1.83711,baʁaʒ,barre,0-1-1,/barr(e).age,堤坝；大坝,target_content_with_gloss,0.783618,1
6581,incliner,incliner,VER,B2,1.9799,5.801,0.86038,ɛ̃kline,{cliner},1-1-1,_in/{clin(er)}.er,倾斜；弓腰,target_content_with_gloss,0.783587,1
14017,énigme,énigme,NOM,B2,1.9793,7.639,1.79884,enigm,énigme,0-1-0,/énigm(e),神奥；谜团,target_content_with_gloss,0.783578,1
18,abondance,abondance,NOM,B2,1.9782,2.209,0.90325,abɔ̃dɑ̃s,abondant,0-1-1,/abond(er).ance,余裕；充裕,target_content_with_gloss,0.783561,1
11051,requête,requête,NOM,B2,1.9771,10.595,3.54409,ʁəkɛt,question,1-1-0,_re/quête,申请,target_content_with_gloss,0.783544,1
11269,rouge,rouge,NOM,B2,1.9759,29.959,24.90508,ʁuʒ,rouge,0-1-0,/roug(e),红色,target_content_with_gloss,0.783526,1
2143,cerise,cerise,NOM,B2,1.9758,5.687,1.7376,səʁiz,cerise,0-1-1,/ceris(e).e,樱桃,target_content_with_gloss,0.783524,1
12060,solitaire,solitaire,ADJ,B1,5.1899,12.415,5.25107,solitɛʁ,,1-0-1,_sol(i).itaire,冷清；孤单,target_content_with_gloss,0.783454,1
3173,corporation,corporation,NOM,B2,1.9623,1.354,0.8022,kɔʁpoʁasjɔ̃,corps,0-1-2,/corp(s).or.ation,同业公会；大公司,target_content_with_gloss,0.783316,1
6589,incomparable,incomparable,ADJ,B2,1.9585,1.307,0.49755,ɛ̃kɔ̃paʁabl,comparer,1-1-1,_in/compar(er).able,举世无双；无出其右,target_content_with_gloss,0.783257,1
11760,savourer,savourer,VER,B2,1.9582,5.253,0.9308,savuʁe,saveur,0-1-1,/sav(e/o)ur.er,咂摸；玩味,target_content_with_gloss,0.783252,1
4101,déconseiller,déconseiller,VER,B2,1.9538,3.136,0.8068,dekɔ̃seje,conseil,1-1-1,_dé/conseil[l].er,劝阻,target_content_with_gloss,0.783184,1
3000,consulat,consulat,NOM,B2,1.9518,3.785,0.81139,kɔ̃syla,consul,0-1-1,/consul.at,领事馆；领馆,target_content_with_gloss,0.783153,1
2309,chiffrer,chiffrer,VER,B2,1.9458,0.772,6.52786,ʃifʁe,chiffre,0-1-1,/chiffr(e).er,报价,target_content_with_gloss,0.78306,1
6867,instantané,instantané,ADJ,B2,1.9453,2.785,0.58941,ɛ̃stɑ̃tane,{sta},1-1-2,_in/{st(a)}.ant.ané,快照；瞬时,target_content_with_gloss,0.783052,1
14006,émouvant,émouvant,ADJ,B2,1.9443,3.731,1.25536,emuvɑ̃,mouvoir,1-1-1,_é/mouv(oir).ant,动人；感人,target_content_with_gloss,0.783037,1
5156,favori,favori,ADJ,B2,1.9442,10.177,3.18892,favoʁi,faveur,0-1-1,/fav(eu/o)r.i,亲信；可望取胜者,target_content_with_gloss,0.783035,1
4688,ennemi,ennemi,ADJ,B2,1.9425,13.301,13.67881,ɛnəmi,ennemi,0-1-0,/ennemi,仇人；仇家,target_content_with_gloss,0.783009,1
49,absoudre,absoudre,VER,B2,1.9376,1.256,0.2327,apsudʁ,{soudre},1-1-1,_ab/{sou}.dre,宽恕,target_content_with_gloss,0.782932,1
3445,cuillère,cuillère,NOM,B2,1.931,1.076,2.15707,kɥijɛʁ,cuiller/ère,0-1-0,/cuillère,勺子,target_content_with_gloss,0.78283,1
11428,référer,référer,VER,B2,1.9282,2.867,0.43631,ʁefeʁe,{fer},1-1-1,_ré/{fer}.er,引证,target_content_with_gloss,0.782786,1
2367,chuter,chuter,VER,B2,1.9255,8.962,9.01562,ʃyte,choir,0-1-1,/chut(e).er,下挫；倒下,target_content_with_gloss,0.782744,1
4532,embellir,embellir,VER,B2,1.9236,2.256,0.35058,ɑ̃beliʁ,beau,1-1-1,_em/bell(e).ir,修饰；增色,target_content_with_gloss,0.782714,1
5608,fusion,fusion,NOM,B2,1.9229,8.731,2.09737,fyzjɔ̃,fusion,0-1-1,/fus(ion).ion,溶化；熔化,target_content_with_gloss,0.782703,1
9779,pointu,pointu,ADJ,B2,1.9205,4.718,0.9109,pwɛ̃ty,point,0-1-1,/point.u,剑尖；尖尖,target_content_with_gloss,0.782665,1
10073,prochainement,prochainement,ADV,B2,1.9145,2.415,1.10686,pʁoʃɛnəmɑ̃,proche,0-1-2,/proch(e).aine.ment,很快；旋即,target_content_with_gloss,0.782571,1
10494,périlleux,périlleux,ADJ,B2,1.9057,1.753,0.43938,peʁijø,péril,0-1-1,/péril[l].eux,危险；险恶,target_content_with_gloss,0.782433,1
5020,extraction,extraction,NOM,B2,1.902,4.304,1.38089,ɛkstʁaksjɔ̃,tracteur,1-1-1,_ex/tract(eur).ion,萃取,target_content_with_gloss,0.782374,1
9068,ouvertement,ouvertement,ADV,B2,1.9009,3.085,1.3564,uvɛʁtəmɑ̃,ouvrir,0-1-2,/ouv(rir).erte.ment,公然；当面,target_content_with_gloss,0.782357,1
3104,controverse,controverse,NOM,B2,1.8972,1.484,0.51133,kɔ̃tʁovɛʁs,controverse,0-1-1,/controvers(e).e,争端；争议,target_content_with_gloss,0.782299,1
11655,saisonnier,saisonnier,ADJ,B2,1.897,0.652,0.13625,sɛzonje,saison,0-1-1,/saison[n].ier,季节性；当令,target_content_with_gloss,0.782295,1
67,académique,académique,ADJ,B2,1.8951,1.715,0.52817,akademik,académie,0-1-1,/académ(ie).ique,学术,target_content_with_gloss,0.782265,1
5478,fragment,fragment,NOM,B2,1.8906,6.94,1.34109,fʁagmɑ̃,fragment,0-1-0,/fragment,片断；片段,target_content_with_gloss,0.782194,1
11540,résolution,résolution,NOM,B2,1.8848,5.329,1.62431,ʁezolysjɔ̃,solution,1-1-1,_ré/so(udre)/l.ution,了断；决定,target_content_with_gloss,0.782102,1
2215,chapitre,chapitre,NOM,B2,1.8836,14.38,4.39682,ʃapitʁ,capitale,0-1-1,/c(h)apit(ale).re,桥段；章节,target_content_with_gloss,0.782083,1
4815,escorter,escorter,VER,B2,1.8761,9.142,2.61635,ɛskɔʁte,escorte,0-1-1,/escort(e).er,护卫；护送,target_content_with_gloss,0.781964,1
336,aigu,aigu,ADJ,B2,1.8757,4.481,0.88028,egy,aigu,0-1-0,/aigu,剧烈；尖利,target_content_with_gloss,0.781958,1
5278,finesse,finesse,NOM,B2,1.8743,1.75,0.72719,finɛs,fin,0-1-1,/fin.esse,精巧；纤细,target_content_with_gloss,0.781935,1
7324,lancement,lancement,NOM,B2,1.8683,11.75,2.72045,lɑ̃səmɑ̃,lancer,0-1-1,/lanc(er).ment,掀起,target_content_with_gloss,0.78184,1
1959,capricieux,capricieux,ADJ,B2,1.8672,2.282,0.59553,kapʁisjø,caprice,0-1-1,/capric(e).eux,任性；善变,target_content_with_gloss,0.781822,1
7841,marathon,marathon,NOM,B1,4.9678,4.003,1.35334,maʁatɔ̃,,0-1-0,/§Marathon§,马拉松,target_content_with_gloss,0.781781,1
4128,décréter,décréter,VER,B2,1.8646,2.278,0.52664,dekʁete,décret,0-1-1,/décret.er,功令；明令,target_content_with_gloss,0.78178,1
13721,véhiculer,véhiculer,VER,B2,1.8627,0.649,7.12645,veikyle,véhicule,0-1-1,/véhicul(e).er,传送,target_content_with_gloss,0.78175,1
13821,échéance,échéance,NOM,B2,1.8627,1.845,0.63227,eʃeɑ̃s,choir,1-1-1,_é/ch(oir).éance,到期日；截止时间,target_content_with_gloss,0.78175,1
9038,osseux,osseux,ADJ,B2,1.8487,3.247,0.78996,osø,os,0-1-1,/os[s].eux,瘦骨棱棱,target_content_with_gloss,0.781526,1
6540,inactif,inactif,ADJ,B2,1.8475,1.25,0.30312,inaktif,actif,1-1-0,_in/actif,空闲,target_content_with_gloss,0.781506,1
13556,villageois,villageois,NOM,B2,1.8475,4.851,1.47275,vilaʒwa,ville,0-1-2,/vill(e).age.ois,村民,target_content_with_gloss,0.781506,1
2591,collaborer,collaborer,VER,B2,1.8402,6.041,1.07012,kolaboʁe,labeur,0-1-1,/lab(eu)/or.er,会师；共事,target_content_with_gloss,0.781389,1
11844,semer,semer,VER,B2,1.8374,14.62,2.36222,səme,semer,0-1-0,/sem(er),撒播；播撒,target_content_with_gloss,0.781344,1
4290,dénouer,dénouer,VER,B2,1.8372,0.722,0.17606,denwe,nouer,1-1-1,_dé/nou(er).er,弄清；解下,target_content_with_gloss,0.78134,1
9083,ozone,ozone,NOM,B2,1.8331,1.082,0.3414,ozon,ozone,0-1-0,/ozone,臭氧,target_content_with_gloss,0.781274,1
13405,variation,variation,NOM,B2,1.831,2.133,0.48224,vaʁjasjɔ̃,varier,0-1-1,/vari(er).ation,变化；变异,target_content_with_gloss,0.78124,1
11067,ressemblance,ressemblance,NOM,B2,1.8223,4.063,1.54776,ʁəsɑ̃blɑ̃s,sembler,1-1-1,_re[s]/sembl(er).ance,相似,target_content_with_gloss,0.781099,1
5348,fléau,fléau,NOM,B2,1.8188,4.098,1.35487,fleo,fléau,0-1-0,/fléau,克星；妖孽,target_content_with_gloss,0.781043,1
14013,énergétique,énergétique,ADJ,B2,1.8137,3.256,0.83588,enɛʁʒetik,énergie,0-1-1,/énerg(ie).étique,好动,target_content_with_gloss,0.78096,1
842,artère,artère,NOM,B2,1.8118,8.247,2.00704,aʁtɛʁ,artère,0-1-0,/artère,动脉；街道,target_content_with_gloss,0.780929,1
9560,physiquement,physiquement,ADV,B1,4.8372,9.133,3.94519,fizikəmɑ̃,,0-0-1,.ment,身上,target_content_with_gloss,0.780768,1
7645,légitimité,légitimité,NOM,B2,1.8016,0.905,0.36436,leʒitimite,{lég},0-1-2,/{lég}.itim(e).ité,合法性；合理性,target_content_with_gloss,0.780762,1
8058,miauler,miauler,VER,B2,1.7988,0.791,0.13778,mjole,miauler,0-1-1,/miaul(er).er,叫春；咪咪,target_content_with_gloss,0.780717,1
12646,tactique,tactique,NOM,B2,1.7984,6.851,3.48132,taktik,tactique,0-1-1,/tact(ique).ique,战术；策略,target_content_with_gloss,0.78071,1
13985,émeraude,émeraude,NOM,B2,1.7926,1.687,0.37355,ɛməʁod,émeraude,0-1-0,/émeraude,碧玉,target_content_with_gloss,0.780615,1
1311,bastion,bastion,NOM,B2,1.7907,1.079,0.36436,bastjɔ̃,bâtir,0-1-1,/bât(ir).ion,堡垒；窝子,target_content_with_gloss,0.780584,1
2262,chaussée,chaussée,NOM,B2,1.7884,1.063,0.45468,ʃose,chaussée,0-1-0,/chaussée,车行道；铺面,target_content_with_gloss,0.780546,1
4861,estomac,estomac,NOM,B2,1.7873,23.886,8.4507,ɛstoma,estomac,0-1-0,/estomac,胃,target_content_with_gloss,0.780528,1
1005,au-delà,au-delà,ADV,B2,37.2293,19.272,8.32976,odəla,,0-2-0,/au/delà,之外；地府,target_content_with_gloss,0.780405,1
4212,délice,délice,NOM,B2,1.7754,2.975,0.85732,delis,délice,0-1-0,/délice,乐趣,target_content_with_gloss,0.780332,1
12953,tournant,tournant,ADJ,B2,1.7745,1.44,2.44795,tuʁnɑ̃,tourner,0-1-1,/tourn(er).ant,拐角；转折,target_content_with_gloss,0.780317,1
9973,poussée,poussée,NOM,B2,1.7739,2.924,3.50122,puse,pousser,0-1-1,/pouss(er).ée,推力,target_content_with_gloss,0.780308,1
11096,retarder,retarder,VER,B2,1.7728,12.924,1.99633,ʁətaʁde,tard,1-1-1,_re/tard.er,延缓；延迟,target_content_with_gloss,0.780289,1
8743,nouveau-né,nouveau-né,NOM,B2,1.7648,1.934,0.78843,nuvone,neuf,0-2-0,/nouveau/né,初生；婴儿,target_content_with_gloss,0.780157,1
7237,jungle,jungle,NOM,B1,4.7482,14.424,3.47673,ʒœ̃gl,,0-1-0,/§jungle§,丛林；密林,target_content_with_gloss,0.780064,1
13072,travers,travers,NOM,B1,129.7233,80.095,25.59859,tʁavɛʁ,travers,0-1-0,/travers,,target_content_high_frequency_missing_gloss,0.78,0
7546,lors,lors,ADV,B1,126.3132,47.278,17.11727,lɔʁ,lors,0-1-0,/lors,,target_content_high_frequency_missing_gloss,0.78,0
9729,plupart,plupart,NOM,B1,108.3641,0.139,0.08879,plypaʁ,plus,0-2-0,/plu(s)/part,,target_content_high_frequency_missing_gloss,0.78,0
14228,événement,événement,NOM,B1,79.834,28.108,5.72107,evɛnəmɑ̃,venir,1-1-1,_é/ven(ir).ement,,target_content_high_frequency_missing_gloss,0.78,0
5091,familial,familial,ADJ,B1,77.279,21.405,4.11666,familjal,famille,0-1-1,/famil(le).ial,,target_content_high_frequency_missing_gloss,0.78,0
7480,littéraire,littéraire,ADJ,B1,66.5611,3.054,0.90018,liteʁɛʁ,lettre,0-1-1,/littér(al).aire,,target_content_high_frequency_missing_gloss,0.78,0
3507,câble,câble,NOM,B2,1.755,19.44,4.76271,kabl,câble,0-1-1,/câbl(e).e,有线；电缆,target_content_with_gloss,0.779995,1
2523,clonage,clonage,NOM,B2,1.7528,1.111,0.30159,klonaʒ,clone,0-1-1,/clon(e).age,克隆,target_content_with_gloss,0.779958,1
1521,bondir,bondir,VER,B2,1.7521,3.589,0.56338,bɔ̃diʁ,bond,0-1-1,/bond.ir,升腾；弹跳,target_content_with_gloss,0.779946,1
3128,convivial,convivial,ADJ,B2,1.7479,0.399,0.11023,kɔ̃vivjal,convive,0-1-1,/conviv(e).ial,人性化,target_content_with_gloss,0.779876,1
5418,fort,fort,NOM,B2,1.7449,14.348,46.37171,fɔʁ,fort,0-1-0,/fort,健壮；厉害,target_content_with_gloss,0.779826,1
805,arrière,arrière,ADJ,B2,1.7389,20.775,27.06062,aʁjɛʁ,arrière,0-1-0,/arrière,后卫；后方,target_content_with_gloss,0.779726,1
2025,carré,carré,NOM,B2,1.7368,4.81,2.40049,kaʁe,carrer,0-1-1,/carr(er).é,四方；四条,target_content_with_gloss,0.779691,1
5772,gibier,gibier,NOM,B2,1.7256,2.877,1.04256,ʒibje,gibier,0-1-0,/gibier,猎物,target_content_with_gloss,0.779503,1
23,abonné,abonné,NOM,B2,1.7178,1.174,0.3812,abone,borne!!,0-1-1,/abonn(er).é,定户；用户,target_content_with_gloss,0.779372,1
12500,survie,survie,NOM,B2,1.7174,15.253,5.46999,syʁvi,vie,1-1-0,_sur/vie,存活,target_content_with_gloss,0.779365,1
7787,mandataire,mandataire,NOM,B2,1.7109,0.462,0.19443,mɑ̃datɛʁ,mander,0-1-2,/mand(er).at.aire,代理服务器,target_content_with_gloss,0.779256,1
5942,grossesse,grossesse,NOM,B2,1.7072,11.813,3.57165,gʁosɛs,gros,0-1-1,/gros[s].esse,受孕；妊娠,target_content_with_gloss,0.779193,1
8438,mèche,mèche,NOM,B2,1.7064,7.794,2.59798,mɛʃ,mèche,0-1-1,/mèch(e).e,炷；绺,target_content_with_gloss,0.77918,1
12362,subvention,subvention,NOM,B2,1.7005,2.81,0.55266,sybvɑ̃sjɔ̃,venir,1-1-1,_sub/ven(ir).tion,拨款；津贴,target_content_with_gloss,0.77908,1
1924,caniveau,caniveau,NOM,B2,1.6802,2.237,0.84966,kanivo,caniveau,0-1-0,/caniveau,天沟,target_content_with_gloss,0.778734,1
4075,décisif,décisif,ADJ,B2,1.6793,3.75,0.94458,desizif,{cis},1-1-1,_dé/{cis}.if,关键；决定性,target_content_with_gloss,0.778719,1
10206,protecteur,protecteur,NOM,B2,1.6785,4.475,1.96111,pʁotɛktœʁ,{te(g)/ct},1-1-1,_pro/{te(g)/ct}.eur,卫士,target_content_with_gloss,0.778705,1
13887,édit,édit,NOM,B2,1.6591,0.525,0.12554,edi,dicter,1-1-1,_é/di(c)t(er).t,敕,target_content_with_gloss,0.778373,1
4722,entamer,entamer,VER,B2,1.6583,5.595,0.81751,ɑ̃tame,entamer,0-1-1,/entam(er).er,启用,target_content_with_gloss,0.778359,1
1219,balai,balai,NOM,B2,1.6576,8.782,2.68677,balɛ,balai,0-1-0,/balai,扫帚,target_content_with_gloss,0.778347,1
8890,offenser,offenser,VER,B2,1.6503,15.18,3.17514,ofɑ̃se,offenser,0-1-1,/offens(er).er,冒犯；冲撞,target_content_with_gloss,0.778221,1
722,après-demain,après-demain,ADV,B2,1.6479,5.472,2.14329,apʁɛdəmɛ̃,près,0-2-0,/après /demain,后天,target_content_with_gloss,0.778179,1
9639,pizza,pizza,NOM,B1,4.5078,31.364,6.82333,pidza,,0-1-0,/§pizza§,比萨,target_content_with_gloss,0.778109,1
8274,monture,monture,NOM,B2,1.6279,1.915,0.57869,mɔ̃tyʁ,mont,0-1-1,/mont.ure,坐骑,target_content_with_gloss,0.777832,1
6531,impératif,impératif,NOM,B2,1.6114,0.617,0.7823,ɛ̃peʁatif,impératif,0-1-0,/impératif,势在必行；急迫,target_content_with_gloss,0.777544,1
6,abattage,abattage,NOM,B2,1.6104,0.778,0.25413,abataʒ,battre,1-1-1,_a(d)/batt(re).age,屠戮；砍伐,target_content_with_gloss,0.777526,1
8357,mouvoir,mouvoir,VER,B2,1.6104,0.899,0.124,muvwaʁ,mouvoir,0-1-1,/mouv(oir).oir,移动,target_content_with_gloss,0.777526,1
4454,détresse,détresse,NOM,B2,1.6084,8.962,3.34813,detʁɛs,détresse,0-1-0,/détresse,不幸；苦楚,target_content_with_gloss,0.777491,1
8434,mâle,mâle,NOM,B2,1.6052,13.541,2.83987,mal,mâle,0-1-0,/mâle,男同胞；雄性,target_content_with_gloss,0.777435,1
10732,ration,ration,NOM,B2,1.6052,3.747,0.7624,ʁasjɔ̃,ration,0-1-0,/ration,配额,target_content_with_gloss,0.777435,1
14211,éventualité,éventualité,NOM,B2,1.6052,2.598,1.00888,evɑ̃tɥalite,venir,1-1-1,_é/ven(ir).tualité,不时之需,target_content_with_gloss,0.777435,1
4584,empressement,empressement,NOM,B2,1.6033,0.611,0.28322,ɑ̃pʁɛsəmɑ̃,presse,1-1-1,_em/press(e).ement,殷勤,target_content_with_gloss,0.777402,1
5043,exécutif,exécutif,ADJ,B2,1.6033,3.342,1.05634,ɛgzekytif,exécuter,0-1-1,/exécut(er).if,执行；执行官,target_content_with_gloss,0.777402,1
6419,immatériel,immatériel,ADJ,B2,1.6033,0.275,0.08114,imateʁjɛl,matériel,1-1-1,_i(n)/m/matéri(el).el,非物质,target_content_with_gloss,0.777402,1
7500,localiser,localiser,VER,B2,1.6033,20.215,4.31721,lokalize,local,0-1-2,/local.is.er,国产化,target_content_with_gloss,0.777402,1
385,alerte,alerte,NOM,B2,1.6029,15.718,9.02327,alɛʁt,alerte,0-1-0,/alerte,警号；警报,target_content_with_gloss,0.777395,1
4207,délibérer,délibérer,VER,B2,1.6029,2.133,0.60318,delibeʁe,libre,0-1-1,/libér(er).er,商榷；商讨,target_content_with_gloss,0.777395,1
9289,partition,partition,NOM,B2,1.6029,2.37,0.50367,paʁtisjɔ̃,part,0-1-1,/part.ition,乐谱；分划,target_content_with_gloss,0.777395,1
4642,endormissement,endormissement,NOM,B2,1.6026,0.063,0.02756,ɑ̃dɔʁmisəmɑ̃,dormir,1-0-2,_en.iss.ement,睡着,target_content_with_gloss,0.777389,1
3864,dizaine,dizaine,NOM,B1,47.1525,10.247,2.62247,dizɛn,dix,0-1-1,/di(x)/z.aine,,target_content_high_frequency_missing_gloss,0.77737,0
6985,intolérance,intolérance,NOM,B2,1.5987,0.851,0.33221,ɛ̃toleʁɑ̃s,tolérer,1-1-0,_in/tolér(er),不耐受；忍无可忍,target_content_with_gloss,0.777321,1
2613,collision,collision,NOM,B2,1.5977,4.038,1.34262,kolizjɔ̃,collision,0-1-0,/collision,撞车；碰撞,target_content_with_gloss,0.777303,1
12973,toux,toux,NOM,B2,1.5973,5.016,1.68402,tu,toux,0-1-0,/toux,咳嗽,target_content_with_gloss,0.777296,1
5871,grange,grange,NOM,B2,1.5931,9.373,2.23209,gʁɑ̃ʒ,grange,0-1-0,/grang(e),仓；囤,target_content_with_gloss,0.777222,1
10832,recyclage,recyclage,NOM,B2,1.592,1.785,0.70729,ʁəsiklaʒ,cycle,1-1-1,_re/cycl(e).age,再造,target_content_with_gloss,0.777202,1
123,accélération,accélération,NOM,B2,1.5897,1.709,0.62002,akseleʁasjɔ̃,célérité,1-1-1,_a(d)/c/célér(ité).ation,加速度,target_content_with_gloss,0.777162,1
4113,décortiquer,décortiquer,VER,B2,1.5897,0.608,0.124,dekɔʁtike,cortex,1-1-1,_dé/cortiqu(er).er,碾,target_content_with_gloss,0.777162,1
4980,explosif,explosif,ADJ,B2,1.5897,5.75,2.93325,ɛksplozif,{plos},1-1-1,_ex/{plos}.if,炸药；爆炸性,target_content_with_gloss,0.777162,1
10198,prospère,prospère,ADJ,B2,1.5897,2.753,1.20943,pʁɔspɛʁ,prospère,0-1-1,/prospèr(e).e,兴旺；兴盛,target_content_with_gloss,0.777162,1
5237,figer,figer,VER,B2,1.5891,3.323,0.594,fiʒe,figer,0-1-1,/fig(er).er,不动,target_content_with_gloss,0.777151,1
7126,ivre,ivre,ADJ,B2,1.5856,19.073,5.87722,ivʁ,ivre,0-1-1,/ivr(e).e,醉酒,target_content_with_gloss,0.777089,1
9189,paramètre,paramètre,NOM,B2,1.5825,2.88,1.0395,paʁamɛtʁ,mètre,1-1-1,_para/mètr(e).e,五面体；参数,target_content_with_gloss,0.777034,1
6673,individuellement,individuellement,ADV,B2,1.5822,1.199,0.5496,ɛ̃dividɥɛləmɑ̃,individu,0-1-2,/individu.elle.ment,亲自；单个,target_content_with_gloss,0.777029,1
6607,incontestable,incontestable,ADJ,B2,1.581,0.835,0.30159,ɛ̃kɔ̃tɛstabl,contester,1-1-1,_in/contest(er).able,不争；不容置疑,target_content_with_gloss,0.777008,1
5674,galaxie,galaxie,NOM,B2,1.5798,10.642,2.33925,galaksi,galactique,0-1-1,/gala(x).ie,星系,target_content_with_gloss,0.776986,1
3394,croyant,croyant,ADJ,B2,1.5781,3.136,2.39437,kʁwajɑ̃,croire,0-1-1,/croi(re)/y.ant,教徒,target_content_with_gloss,0.776956,1
906,assouplir,assouplir,VER,B2,1.5776,0.519,0.11635,asupliʁ,souple,1-1-1,_a(d)/s/soupl(e).ir,软化,target_content_with_gloss,0.776947,1
2846,concéder,concéder,VER,B2,1.5776,1.146,0.24801,kɔ̃sede,céder,1-1-1,_con/{ced/(ss)}.er,伏输；让出,target_content_with_gloss,0.776947,1
8826,oblique,oblique,ADJ,B2,1.5733,0.459,0.19137,oblik,oblique,0-1-1,/obliqu(e).e,丿；仄,target_content_with_gloss,0.776871,1
13944,électroménager,électroménager,NOM,B2,1.5718,0.5,0.21586,elɛktʁomenaʒe,ménager,1-1-0,_électro/ménager,家用电器；家电,target_content_with_gloss,0.776844,1
1665,brasserie,brasserie,NOM,B2,1.5715,1.766,0.43172,bʁasəʁi,bras,0-1-1,/bras[s}.erie,酒厂,target_content_with_gloss,0.776839,1
1677,breuvage,breuvage,NOM,B2,1.5713,0.87,0.31231,bʁœvaʒ,boire,0-1-1,/{breuv}.age,饮料,target_content_with_gloss,0.776835,1
2363,chuchoter,chuchoter,VER,B2,1.5692,5.611,0.62921,ʃyʃote,chuchoter,0-1-1,/chuchot(er).er,低声耳语,target_content_with_gloss,0.776798,1
1401,bienveillant,bienveillant,ADJ,B2,1.5689,2.478,0.56491,bjɛ̃vɛjɑ̃,bien,0-2-1,/bien/veill(e).ant,仁慈；宽厚,target_content_with_gloss,0.776793,1
1878,calorie,calorie,NOM,B2,1.5672,3.019,0.9553,kaloʁi,chaud,1-0-1,_calo.rie,卡路里,target_content_with_gloss,0.776762,1
5414,formulation,formulation,NOM,B2,1.5671,0.57,0.22045,fɔʁmylasjɔ̃,former,0-1-1,/formul(e).ation,提法,target_content_with_gloss,0.776761,1
6731,infini,infini,NOM,B2,1.5671,3.082,1.97642,ɛ̃fini,finir,1-1-1,_in/fin(ir).i,无垠；无穷,target_content_with_gloss,0.776761,1
13404,variante,variante,NOM,B2,1.5671,1.047,0.32456,vaʁjɑ̃t,varier,0-1-1,/vari(er).ante,变种,target_content_with_gloss,0.776761,1
8832,observateur,observateur,NOM,B2,1.5667,3.547,1.2278,opsɛʁvatœʁ,observer,0-1-1,/observ(er).ateur,旁观者,target_content_with_gloss,0.776753,1
4462,dévastateur,dévastateur,ADJ,B2,1.5662,1.807,0.43938,devastatœʁ,vaste,1-1-1,_dé/vast(e).ateur,毁灭性,target_content_with_gloss,0.776745,1
4634,encyclopédie,encyclopédie,NOM,B2,1.5662,1.421,0.49602,ɑ̃siklopedi,cycle,1-1-1,_en/cycl(e)/o.pédie,百科；百科全书,target_content_with_gloss,0.776745,1
2632,colossal,colossal,ADJ,B2,1.5659,1.737,0.3368,kolosal,colosse,0-1-1,/coloss(e).al,斗大；魁梧,target_content_with_gloss,0.776739,1
8488,méfait,méfait,NOM,B2,1.5645,1.804,0.57563,mefɛ,faire,1-1-1,_mé/fai(re).t,坏事,target_content_with_gloss,0.776714,1
6569,incertain,incertain,ADJ,B2,1.563,3.044,0.81751,ɛ̃sɛʁtɛ̃,certes,1-1-0,_in/certain,不定；无数,target_content_with_gloss,0.776687,1
13152,tronc,tronc,NOM,B2,1.5627,3.661,1.0594,tʁɔ̃,tronquer,0-1-0,/tron(quer)/c,主干；树干,target_content_with_gloss,0.776682,1
8022,merveilleusement,merveilleusement,ADV,B2,1.5619,2.449,1.10839,mɛʁvɛjøzəmɑ̃,merveille,0-1-2,/merveill(e).euse.ment,不平凡,target_content_with_gloss,0.776668,1
8435,mâle,mâle,ADJ,B2,1.5619,3.468,2.83987,mal,mâle,0-1-0,/mâle,男同胞；雄性,target_content_with_gloss,0.776668,1
13962,éloignement,éloignement,NOM,B2,1.5619,1.047,0.40876,elwaɲəmɑ̃,loin,1-1-1,_é/loi[g]n.ement,远离,target_content_with_gloss,0.776668,1
1014,aubergiste,aubergiste,NOM,B2,1.5618,1.0,0.28016,obɛʁʒist,héberger,0-1-1,/auberg(e).iste,店家,target_content_with_gloss,0.776666,1
1144,avide,avide,ADJ,B2,1.5613,3.538,1.03797,avid,avide,0-1-0,/avide,贪婪；贪馋,target_content_with_gloss,0.776657,1
2723,compatible,compatible,ADJ,B2,1.561,4.434,1.015,kɔ̃patibl,compatible,0-1-1,/compat(ible).ible,兼容；匹配,target_content_with_gloss,0.776652,1
12605,séparément,séparément,ADV,B2,1.561,3.649,1.61206,sepaʁemɑ̃,séparer,0-1-1,/séparé.ment,分头；另行,target_content_with_gloss,0.776652,1
13468,verrouiller,verrouiller,VER,B2,1.5584,14.421,2.05297,veʁuje,verrou,0-1-2,/verrou.ill.er,加锁；锁上,target_content_with_gloss,0.776605,1
13668,volontairement,volontairement,ADV,B2,1.558,5.326,2.34691,volɔ̃tɛʁəmɑ̃,volonté,0-1-2,/volont(é).aire.ment,成心；故意,target_content_with_gloss,0.776598,1
10369,prêt-à-porter,prêt-à-porter,NOM,B2,1.5577,0.307,0.11788,pʁɛtapɔʁte,prêt,0-2-0,/prêt/porter,成衣,target_content_with_gloss,0.776593,1
11889,serré,serré,ADJ,B2,1.5569,11.763,5.87416,sɛʁe,serrer,0-1-1,/serr(er).é,密密；密密麻麻,target_content_with_gloss,0.776578,1
7487,livraison,livraison,NOM,B2,1.556,19.25,5.65217,livʁɛzɔ̃,livrer,0-1-1,/livr(er).aison,交货；装运,target_content_with_gloss,0.776562,1
379,alcoolisme,alcoolisme,NOM,B2,1.5557,1.715,0.70882,alkolizm,alcool,0-1-1,/alcool.isme,酗酒,target_content_with_gloss,0.776557,1
8602,nausée,nausée,NOM,B2,1.5548,6.905,1.61359,noze,nausée,0-1-1,/nausé(e).e,恶心,target_content_with_gloss,0.776541,1
7925,match,match,NOM,B1,4.3206,64.266,10.73791,matʃ,,0-1-0,/§match§,对抗赛；比赛,target_content_with_gloss,0.776526,1
10702,rapide,rapide,NOM,B2,1.5537,3.557,20.25413,ʁapid,rapide,0-1-1,/rapid(e).e,快速；急促,target_content_with_gloss,0.776521,1
6437,immodéré,immodéré,ADJ,B2,1.5528,0.06,0.01378,imodeʁe,modéré,1-1-1,_i(n)/m/modér(é).é,宕；浪,target_content_with_gloss,0.776505,1
8588,national,national,NOM,B2,1.5528,3.136,5.34446,nasjonal,nation,0-1-1,/nation.al,全国性；国内,target_content_with_gloss,0.776505,1
11690,sanglier,sanglier,NOM,B2,1.5526,3.386,0.5741,sɑ̃glije,sanglier,0-1-0,/sanglier,野猪,target_content_with_gloss,0.776501,1
13331,usé,usé,ADJ,B2,1.5526,2.573,1.29516,yze,user,0-1-1,/us(er).é,废旧；衰退的,target_content_with_gloss,0.776501,1
930,astucieux,astucieux,ADJ,B2,1.5524,2.684,0.92162,astysjø,astuce,0-1-1,/astuc(e).ieux,乖巧；刁钻,target_content_with_gloss,0.776498,1
5228,fidèlement,fidèlement,ADV,B2,1.5523,0.943,0.38426,fidɛləmɑ̃,(se) fier,0-1-2,/fi(er)/d.èle.ment,如实,target_content_with_gloss,0.776496,1
5353,focaliser,focaliser,VER,B2,1.5522,3.585,0.55113,fokalize,focus/foyer,0-1-2,/foc(us).is.er,聚焦,target_content_with_gloss,0.776494,1
13167,trouble,trouble,ADJ,B2,1.5516,4.478,4.37385,tʁubl,troubler,0-1-1,/troubl(er).e,不和；事端,target_content_with_gloss,0.776483,1
13445,ver,ver,NOM,B2,1.5509,9.161,1.90141,vɛʁ,ver,0-1-0,/ver,虫儿；虫子,target_content_with_gloss,0.776471,1
9891,pose,pose,NOM,B2,1.5493,16.051,23.55328,poz,poser,0-1-1,/pos(er).e,暴光；架势,target_content_with_gloss,0.776442,1
13743,wagon,wagon,NOM,B2,1.5477,6.278,1.30894,vagɔ̃,wagon,0-1-0,/§wagon§,车厢,target_content_with_gloss,0.776413,1
1256,bannir,bannir,VER,B2,1.5474,7.601,1.28751,baniʁ,ban,0-1-1,/ban.ir,充军,target_content_with_gloss,0.776408,1
10884,rein,rein,NOM,B2,1.5464,14.174,2.14789,ʁɛ̃,rein,0-1-0,/rein,肾脏；腰部,target_content_with_gloss,0.77639,1
1958,caprice,caprice,NOM,B2,1.5463,4.288,0.93693,kapʁis,caprice,0-1-0,/caprice,任性；意气,target_content_with_gloss,0.776388,1
10783,recharger,recharger,VER,B2,1.546,5.047,0.95683,ʁəʃaʁʒe,charge,1-1-1,_re/charg(e).er,充值；充电,target_content_with_gloss,0.776383,1
8142,mirage,mirage,NOM,B2,1.5454,1.396,0.53889,miʁaʒ,mirer,0-1-1,/mir(er).age,海市；海市蜃楼,target_content_with_gloss,0.776372,1
6523,impulsif,impulsif,ADJ,B2,1.5451,3.383,0.91702,ɛ̃pylsif,pulsion,1-1-1,_i(n)/m/puls(ion).if,冲动；浮躁,target_content_with_gloss,0.776367,1
8248,monotone,monotone,ADJ,B2,1.5449,1.285,0.49449,monotɔn,ton,1-1-1,_mono/ton.e,千篇一律；单调,target_content_with_gloss,0.776363,1
764,ardeur,ardeur,NOM,B2,1.5432,2.123,0.64605,aʁdœʁ,ardent,0-1-1,/ard(er).eur,劲头；热忱,target_content_with_gloss,0.776332,1
1315,bataillon,bataillon,NOM,B2,1.5432,5.87,1.34568,batajɔ̃,bataille,0-1-1,/bataill(e).on,营,target_content_with_gloss,0.776332,1
6399,illégitime,illégitime,ADJ,B2,1.5432,1.722,0.56491,ileʒitim,loi,1-1-1,_i(n)/l/légitim(e).e,不正；非法,target_content_with_gloss,0.776332,1
13961,éloge,éloge,NOM,B2,1.542,3.684,0.84048,elɔʒ,éloge,0-1-1,/élog(e).e,赞誉；追悼文,target_content_with_gloss,0.776311,1
6625,indemniser,indemniser,VER,B2,1.5415,0.712,0.10257,ɛ̃dɛmnize,indemne,0-1-2,/indemn(e).is.er,补偿；赔偿,target_content_with_gloss,0.776302,1
4432,détecter,détecter,VER,B2,1.5388,15.62,1.79118,detɛkte,§detect§,0-1-1,/§detect§.er,侦察；侦测,target_content_with_gloss,0.776253,1
4352,dérive,dérive,NOM,B2,1.538,2.658,1.20024,deʁiv,rive,1-1-1,_dé/riv(e).e,漂流；漂移,target_content_with_gloss,0.776239,1
5074,faiblir,faiblir,VER,B2,1.538,2.415,0.34599,febliʁ,faible,0-1-1,/faibl(e).ir,淡薄；衰退,target_content_with_gloss,0.776239,1
13328,usure,usure,NOM,B2,1.5376,1.424,0.6139,yzyʁ,user,0-1-1,/us(er).ure,磨损,target_content_with_gloss,0.776231,1
14138,étendard,étendard,NOM,B2,1.5376,0.769,0.22198,etɑ̃daʁ,étendre,0-1-1,/étend(re).ard,旗子；旗帜,target_content_with_gloss,0.776231,1
1672,brebis,brebis,NOM,B2,1.5373,2.997,0.96142,bʁəbi,brebis,0-1-0,/brebis,牂,target_content_with_gloss,0.776226,1
6244,hospitalité,hospitalité,NOM,B2,1.5373,4.804,2.01623,ɔspitalite,hôpital,0-1-1,/h(ô/os)pital.ité,款待,target_content_with_gloss,0.776226,1
10228,proverbe,proverbe,NOM,B2,1.5371,3.462,1.19412,pʁovɛʁb,verbe,1-1-0,_pro/verb(e),俗话；成语,target_content_with_gloss,0.776222,1
1714,brosser,brosser,VER,B2,1.5363,6.519,3.41549,bʁose,brosse,0-1-1,/bross(e).er,划拉；吹拂,target_content_with_gloss,0.776208,1
9984,poêle,poêle,NOM,B2,1.5363,3.968,1.27067,pwal,poêle,0-1-1,/poêl(e).e,火炉；灶具,target_content_with_gloss,0.776208,1
11334,râler,râler,VER,B2,1.5356,4.873,0.98745,ʁale,râler,0-1-1,/râl(er).er,发牢骚,target_content_with_gloss,0.776195,1
4065,déchirant,déchirant,ADJ,B2,1.5353,0.816,0.32456,deʃiʁɑ̃,déchirer,0-1-1,/déchir(er).ant,凄惨；惨痛,target_content_with_gloss,0.77619,1
10766,rebondir,rebondir,VER,B2,1.535,4.503,0.82517,ʁəbɔ̃diʁ,bond,1-1-1,_re/bond.ir,反弹；弹跳,target_content_with_gloss,0.776185,1
1128,aventurer,aventurer,VER,B2,1.5348,3.829,8.51347,avɑ̃tyʁe,venir,1-1-2,_a(d)/ven(ir)/t.ur(e).er,冒险,target_content_with_gloss,0.776181,1
10285,prédilection,prédilection,NOM,B2,1.5348,0.718,0.31537,pʁedilɛksjɔ̃,{lection},2-1-0,_pré_di/{lection},爱好,target_content_with_gloss,0.776181,1
2248,chaton,chaton,NOM,B2,1.5347,7.256,1.64421,ʃatɔ̃,chat,0-1-1,/chat.on,猫儿,target_content_with_gloss,0.776179,1
7984,melon,melon,NOM,B2,1.5342,4.301,1.02572,məlɔ̃,melon,0-1-0,/melon,瓜,target_content_with_gloss,0.77617,1
695,apprivoiser,apprivoiser,VER,B2,1.534,2.009,0.31537,apʁivwaze,privé,0-1-1,/apprivois(er).er,驯服,target_content_with_gloss,0.776166,1
2670,commercer,commercer,VER,B2,1.5336,0.671,5.53123,komɛʁse,commerce,0-1-1,/commerc(e).er,捣鼓；经商,target_content_with_gloss,0.776159,1
5502,frappant,frappant,ADJ,B2,1.5336,1.187,1.05328,fʁapɑ̃,frapper,0-1-1,/frapp(er).ant,惊心动魄；醒目,target_content_with_gloss,0.776159,1
10934,remerciement,remerciement,NOM,B2,1.5332,6.339,1.39467,ʁəmɛʁsimɑ̃,merci,1-1-1,_re/merci.ement,谢意；道谢,target_content_with_gloss,0.776152,1
13695,voyant,voyant,ADJ,B2,1.5332,2.991,7.31629,vwajɑ̃,voir,0-1-1,/vo(ir)/y.ant,刺目；打眼,target_content_with_gloss,0.776152,1
7438,ligue,ligue,NOM,B2,1.5315,6.348,2.59492,lig,ligue,0-1-1,/ligu(e).e,联盟,target_content_with_gloss,0.776121,1
6814,innover,innover,VER,B2,1.5304,0.911,0.20821,inove,neuf,1-1-0,_in/nov(ateur),推陈布新；革新,target_content_with_gloss,0.776101,1
7739,maladroit,maladroit,ADJ,B2,1.5276,6.513,2.03919,maladʁwa,mal,0-2-0,/mal/adroit,下不来；半生不熟,target_content_with_gloss,0.776051,1
5954,grouper,grouper,VER,B2,1.5267,2.873,25.73637,gʁupe,grouper,0-1-1,/group(er).er,组,target_content_with_gloss,0.776034,1
4956,exorbitant,exorbitant,ADJ,B2,1.5263,0.788,0.16534,ɛgzɔʁbitɑ̃,orbite,1-1-1,_ex/orbit(e).ant,漫天,target_content_with_gloss,0.776027,1
10705,rappel,rappel,NOM,B2,1.5251,8.171,3.06797,ʁapɛl,appel,1-1-0,_r/appel,召回；回调,target_content_with_gloss,0.776005,1
11843,semence,semence,NOM,B2,1.5249,2.801,0.64146,səmɑ̃s,semer,0-1-1,/sem(er).ence,精液,target_content_with_gloss,0.776002,1
13343,utopie,utopie,NOM,B2,1.524,0.981,0.32915,ytopi,Utopie,0-1-1,/Utop(ie).ie,奇想；桃花源,target_content_with_gloss,0.775985,1
8719,notable,notable,ADJ,B2,1.5237,0.63,0.29547,notabl,noter,0-1-1,/not(er).able,数得上；数得着,target_content_with_gloss,0.77598,1
3806,dissuader,dissuader,VER,B2,1.5224,4.772,1.41151,disɥade,{suader},1-1-0,_dis/{suad(er)},劝阻；告诫,target_content_with_gloss,0.775956,1
9877,porte-monnaie,porte-monnaie,NOM,B2,1.5224,1.899,0.77924,pɔʁtəmonɛ,porter,0-2-0,/porte/monnaie,钱包,target_content_with_gloss,0.775956,1
39,absence,absence,NOM,B1,45.6871,23.623,9.00337,apsɑ̃s,{sent},1-1-1,_ab/{sen(t/c)}.e,,target_content_high_frequency_missing_gloss,0.775955,0
10694,rangée,rangée,NOM,B2,1.5216,3.009,1.60135,ʁɑ̃ʒe,rang,0-1-1,/rang.ée,一排；一连串,target_content_with_gloss,0.775942,1
896,assiéger,assiéger,VER,B2,1.5211,1.446,0.18677,asjeʒe,siège,1-1-1,_a(d)/s/sièg(e).er,包围；围困,target_content_with_gloss,0.775933,1
5099,famine,famine,NOM,B2,1.5211,3.56,1.26914,famin,faim,0-1-1,/fa(i)m.ine,饥馑；饿死,target_content_with_gloss,0.775933,1
7523,lointain,lointain,NOM,B2,1.5207,0.658,1.71464,lwɛ̃tɛ̃,loin,0-1-1,/loin[t].ain,很远；悠远,target_content_with_gloss,0.775926,1
1698,briquet,briquet,NOM,B2,1.5199,5.13,1.60135,bʁikɛ,brique,0-1-1,/briqu(e).et,打火机,target_content_with_gloss,0.775911,1
9159,papillon,papillon,NOM,B2,1.5196,12.639,2.48316,papijɔ̃,papillon,0-1-0,/papillon,蝴蝶,target_content_with_gloss,0.775906,1
1221,balancer,balancer,VER,B2,1.5191,39.706,7.25352,balɑ̃se,balance,0-1-1,/balanc(e).er,婆娑；彷徨,target_content_with_gloss,0.775896,1
3660,deuxièmement,deuxièmement,ADV,B2,1.5191,5.864,2.624,døzjɛməmɑ̃,deux,0-1-2,/deux.ième.ment,其次；第二,target_content_with_gloss,0.775896,1
6784,inhumain,inhumain,ADJ,B2,1.5189,4.035,0.79455,inymɛ̃,homme,1-1-0,_in/humain,残忍；非人,target_content_with_gloss,0.775893,1
2564,coffre-fort,coffre-fort,NOM,B2,1.5186,5.177,1.3962,kɔfʁəfɔʁ,coffre,0-2-1,/coffr(e)/fort.e,保险柜；保险箱,target_content_with_gloss,0.775887,1
2981,constante,constante,NOM,B2,1.5183,2.842,1.85854,kɔ̃stɑ̃t,{stant},1-1-1,_con/{st(ant}.ante,定数；常量,target_content_with_gloss,0.775882,1
12334,stéréotype,stéréotype,NOM,B2,1.5183,1.642,0.35824,steʁeotip,type,1-1-0,_stéréo/type,框框,target_content_with_gloss,0.775882,1
13431,vendu,vendu,ADJ,B2,1.5176,2.535,14.04317,vɑ̃dy,vendre,0-1-1,/vend(re).u,售出,target_content_with_gloss,0.775869,1
3334,creux,creux,ADJ,B2,1.5172,4.196,2.63931,kʁø,creux,0-1-0,/creux,中空；低谷,target_content_with_gloss,0.775862,1
8228,mondain,mondain,ADJ,B2,1.5167,1.725,0.38579,mɔ̃dɛ̃,monde,0-1-0,/mond(e),世俗,target_content_with_gloss,0.775853,1
13350,vacarme,vacarme,NOM,B2,1.5163,2.079,0.8665,vakaʁm,vaquer,0-1-0,/vacarme,喧哗；喧腾,target_content_with_gloss,0.775846,1
9367,paver,paver,VER,B2,1.5162,0.522,0.5695,pave,pavé,0-1-1,/pav(é).er,墁,target_content_with_gloss,0.775844,1
10188,propulser,propulser,VER,B2,1.5162,2.19,0.28169,pʁopylse,pulser,1-1-1,_pro/puls(er).er,推进；驱动,target_content_with_gloss,0.775844,1
1969,capuchon,capuchon,NOM,B2,1.5158,0.851,0.28322,kapyʃɔ̃,cape,0-1-2,/cap(e).uch(e).on,披风,target_content_with_gloss,0.775836,1
2080,catholicisme,catholicisme,NOM,B2,1.5157,0.456,0.17606,katolisizm,catholique,0-1-1,/cathol(ique)/c.isme,天主教,target_content_with_gloss,0.775835,1
1141,aveugler,aveugler,VER,B2,1.5154,6.361,9.53919,avœgle,aveugle,0-2-0,/aveugl(e)/né,炫,target_content_with_gloss,0.775829,1
13655,volant,volant,ADJ,B2,1.5153,8.918,7.39896,volɑ̃,vol,0-1-1,/vol.ant,转向盘,target_content_with_gloss,0.775827,1
4007,dé,dé,NOM,B2,1.5148,13.551,3.36497,de,dé,0-1-0,/dé,骰子,target_content_with_gloss,0.775818,1
13036,transférer,transférer,VER,B2,1.5148,25.494,3.45836,tʁɑ̃sfeʁe,{fer},1-1-1,_trans/{fer}.er,传给；划拨,target_content_with_gloss,0.775818,1
11782,science-fiction,science-fiction,NOM,B1,4.2371,2.304,0.77618,sjɑ̃sfiksjɔ̃,,0-2-1,/scienc(e)/fiction.e,科幻,target_content_with_gloss,0.775801,1
11366,rébellion,rébellion,NOM,B2,1.5136,4.31,1.39773,ʁebeljɔ̃,rebelle,0-1-1,/rebell(er).ion,叛逆；造反,target_content_with_gloss,0.775796,1
10966,rendement,rendement,NOM,B2,1.5128,1.544,0.54807,ʁɑ̃dəmɑ̃,rendre,0-1-1,/rend(re).ement,产量；功效,target_content_with_gloss,0.775782,1
13027,transaction,transaction,NOM,B2,1.5117,7.351,1.80343,tʁɑ̃zaksjɔ̃,action,1-1-0,_trans/action,交易；报告书,target_content_with_gloss,0.775762,1
5331,flot,flot,NOM,B2,1.5115,5.693,1.30588,flo,flot,0-1-0,/flot,卷曲；潮水,target_content_with_gloss,0.775758,1
387,alerter,alerter,VER,B2,1.5098,8.101,9.02327,alɛʁte,alerte,0-1-1,/alert(e).er,惊动；警示,target_content_with_gloss,0.775727,1
4526,embarquer,embarquer,VER,B2,1.5097,24.75,2.78169,ɑ̃baʁke,barque,1-1-0,_em/bar(que)/c,上车；乘船,target_content_with_gloss,0.775725,1
7501,localité,localité,NOM,B2,1.5095,0.174,0.05511,lokalite,local,0-1-1,/local.ité,地头；所在地,target_content_with_gloss,0.775722,1
11490,répercussion,répercussion,NOM,B2,1.5088,2.016,0.83129,ʁepɛʁkysjɔ̃,percuter,1-1-1,_ré/percut(er)/s.ion,反响,target_content_with_gloss,0.775709,1
12610,séquence,séquence,NOM,B2,1.5086,8.927,2.09124,sekɑ̃s,{sequ},0-1-2,/{sequ}.enc(e).e,条贯；次序,target_content_with_gloss,0.775705,1
5570,frémir,frémir,VER,B2,1.5079,1.5,0.23882,fʁemiʁ,frémir,0-1-1,/frém(ir).ir,战栗；震颤,target_content_with_gloss,0.775692,1
5819,gonfler,gonfler,VER,B2,1.5077,11.816,1.8616,gɔ̃fle,gonfler,0-1-1,/gonfl(er).er,打气,target_content_with_gloss,0.775689,1
11326,rustique,rustique,ADJ,B2,1.5066,0.889,0.34446,ʁystik,rustique,0-1-1,/rust(ique).ique,乡下人；乡气,target_content_with_gloss,0.775669,1
12774,ternir,ternir,VER,B2,1.5063,1.737,0.32915,tɛʁniʁ,ternir,0-1-1,/tern(ir).ir,褪色,target_content_with_gloss,0.775663,1
10857,refléter,refléter,VER,B2,1.5059,5.31,1.0594,ʁəflete,reflet,0-1-1,/reflet.er,反射；反映,target_content_with_gloss,0.775656,1
11667,saler,saler,VER,B2,1.5056,4.778,28.37416,sale,sel,0-1-1,/s(e/a)l.er,盐,target_content_with_gloss,0.77565,1
5672,galant,galant,ADJ,B2,1.5054,3.234,1.28751,galɑ̃,galant,0-1-0,/galant,温存,target_content_with_gloss,0.775647,1
7807,manipuler,manipuler,VER,B2,1.5053,18.962,3.3665,manipyle,main,0-1-1,/manipul(er).er,摆布；摆弄,target_content_with_gloss,0.775645,1
1065,autochtone,autochtone,NOM,B2,1.5036,1.028,0.36589,otoktɔn,{chtone},1-1-0,_aut(o)/{chtone},乡土；土着,target_content_with_gloss,0.775614,1
13379,valide,valide,ADJ,B2,1.5034,2.699,1.02266,valid,valide,0-1-1,/valid(e).e,有效,target_content_with_gloss,0.77561,1
1575,boudoir,boudoir,NOM,B2,1.5031,0.835,0.29547,budwaʁ,bouder,0-1-1,/boud(er).oir,闺,target_content_with_gloss,0.775605,1
12481,surpris,surpris,ADJ,B2,1.5028,18.975,29.56522,syʁpʁi,prendre,1-1-0,_sur/pris,侧目；心动,target_content_with_gloss,0.775599,1
2467,clamer,clamer,VER,B2,1.5025,2.373,0.32762,klame,clamer,0-1-1,/clam(er).er,叫嚷,target_content_with_gloss,0.775594,1
4912,excitation,excitation,NOM,B2,1.5015,5.434,2.33772,ɛksitasjɔ̃,exciter,0-1-1,/excit(er).ation,掉举,target_content_with_gloss,0.775575,1
11877,serein,serein,ADJ,B2,1.5012,2.187,0.55419,səʁɛ̃,serein,0-1-0,/serein,宁静；安详,target_content_with_gloss,0.77557,1
11325,russe,russe,NOM,B2,1.501,21.478,5.45928,ʁys,Russie,0-1-1,/Russ(ie).e,俄语,target_content_with_gloss,0.775566,1
8492,mélancolie,mélancolie,NOM,B2,1.5009,1.37,0.53735,melɑ̃koli,mélancolie,0-1-0,/mélancolie,忧郁症；惆怅,target_content_with_gloss,0.775565,1
505,ampoule,ampoule,NOM,B2,1.5007,7.551,1.57073,ɑ̃pul,ampoule,0-1-0,/ampoule,安瓶；小瓶,target_content_with_gloss,0.775561,1
4450,détour,détour,NOM,B2,1.4995,5.212,1.92284,detuʁ,tour,1-1-0,_dé/tour,周折；圈子,target_content_with_gloss,0.775539,1
6679,induire,induire,VER,B2,1.4975,2.171,0.44856,ɛ̃dɥiʁ,{duire},1-1-0,_in/{dui(re)},勾起；导出,target_content_with_gloss,0.775502,1
392,aligner,aligner,VER,B2,1.4967,6.892,0.75475,aliɲe,ligne,1-1-1,_a(d)/lign(e).er,加盟；对齐,target_content_with_gloss,0.775488,1
5764,germer,germer,VER,B2,1.4967,0.845,0.27097,ʒɛʁme,germ(er),0-1-1,/germ(er).er,发芽；萌动,target_content_with_gloss,0.775488,1
13363,vaguement,vaguement,ADV,B2,1.4933,3.323,1.50949,vagəmɑ̃,vagu(er),0-1-1,/vague.ment,依稀,target_content_with_gloss,0.775425,1
11657,saladier,saladier,NOM,B2,1.4929,0.908,0.23423,saladje,sel,0-1-2,/s(e/a)l.ad(e).ier,海碗,target_content_with_gloss,0.775418,1
11201,rivaliser,rivaliser,VER,B2,1.4925,3.671,1.22474,ʁivalize,rive,0-1-2,/riv(e).alis.er,争夺；参赛,target_content_with_gloss,0.77541,1
11098,retentir,retentir,VER,B2,1.4905,2.627,0.51439,ʁətɑ̃tiʁ,retentir,0-1-1,/retent(ir).ir,响彻；响起,target_content_with_gloss,0.775374,1
6065,habitué,habitué,ADJ,B2,1.4901,1.744,4.10747,abitɥe,habitude,0-1-1,/habit(ude).é,忸；惯,target_content_with_gloss,0.775366,1
1715,brouhaha,brouhaha,NOM,B2,1.4889,3.747,0.71035,bʁuaa,brouhaha,0-1-0,/brouhaha,喊声；喧哗,target_content_with_gloss,0.775344,1
10892,relais,relais,NOM,B2,1.4872,9.804,3.56246,ʁəlɛ,laisser,1-1-0,_re/lais(ser),接力,target_content_with_gloss,0.775313,1
12152,souplesse,souplesse,NOM,B2,1.4872,1.009,0.43019,suplɛs,souple,0-1-1,/soupl(e).esse,弹性；灵活性,target_content_with_gloss,0.775313,1
5451,foulée,foulée,NOM,B2,1.4866,0.962,0.50674,fule,fouler,0-1-1,/foul(er).ée,步子,target_content_with_gloss,0.775302,1
1871,caler,caler,VER,B2,1.4859,3.272,1.10992,kale,cale,0-1-1,/cal(er).er,拖住；蹒跚不前,target_content_with_gloss,0.775289,1
14034,éparpiller,éparpiller,VER,B2,1.4859,2.604,0.43938,epaʁpije,éparpiller,0-1-1,/éparpill(er).er,分散；打散,target_content_with_gloss,0.775289,1
5206,feuilleter,feuilleter,VER,B2,1.4858,1.301,0.22198,fœjəte,feuille,0-1-2,/feuill(e).et.er,浏览；翻阅,target_content_with_gloss,0.775287,1
5574,fréquemment,fréquemment,ADV,B2,1.4858,1.184,0.54807,fʁekamɑ̃,fréquent,0-1-1,/fréque(nt)/m.ment,三天两头；往往,target_content_with_gloss,0.775287,1
9312,passerelle,passerelle,NOM,B2,1.4858,0.206,1.64574,pasəʁɛl,pas,0-1-2,/pas[s].er.elle,关口；天桥,target_content_with_gloss,0.775287,1
9022,orme,orme,NOM,B2,1.4853,0.468,0.11482,ɔʁm,orme,0-1-1,/orm(e).e,榆；樠,target_content_with_gloss,0.775278,1
3644,dessous,dessous,NOM,B2,1.4852,20.063,11.02878,dəsu,sous,1-1-0,_dés/sous,下边；下面,target_content_with_gloss,0.775276,1
9927,pote,pote,NOM,B2,1.4852,111.883,23.34354,pɔt,poteau,0-1-1,/pot(eau).e,哥们；哥们儿,target_content_with_gloss,0.775276,1
6622,incurable,incurable,ADJ,B2,1.4845,1.734,0.73484,ɛ̃kyʁabl,cure,1-1-1,_in/cur(e).able,无可救药,target_content_with_gloss,0.775263,1
8946,opposant,opposant,NOM,B2,1.4845,2.089,0.61849,opozɑ̃,poser,1-1-1,_o(b)/p/pos(er).ant,对头,target_content_with_gloss,0.775263,1
1114,avant-goût,avant-goût,NOM,B2,1.4843,1.149,0.52817,avɑ̃gu,goût,1-1-0,_avant/goût,伏笔,target_content_with_gloss,0.77526,1
7657,lézard,lézard,NOM,B2,1.4843,5.797,1.25689,lezaʁ,lézard,0-1-0,/lézard,蜥蜴,target_content_with_gloss,0.77526,1
453,aléatoire,aléatoire,ADJ,B2,1.4842,4.044,1.06246,aleatwaʁ,aléa,0-1-1,/aléa[t].oire,惙,target_content_with_gloss,0.775258,1
10833,recycler,recycler,VER,B2,1.4836,3.187,0.43938,ʁəsikle,cycle,1-1-1,_re/cycl(e).er,回收；还魂,target_content_with_gloss,0.775247,1
1760,bulle,bulle,NOM,B2,1.4829,9.5,1.72688,byl,bulle,0-1-1,/bull(e).e,水泡；疱疹,target_content_with_gloss,0.775234,1
5216,fiançailles,fiançailles,NOM,B2,1.4823,9.959,2.96081,fijɑ̃saj,(se) fier,0-1-2,/fi(er).anc(é).ailles,定亲；订婚,target_content_with_gloss,0.775223,1
6093,hanter,hanter,VER,B2,1.4818,13.168,1.27526,ɑ̃te,hanter,0-1-1,/hant(er).er,萦绕,target_content_with_gloss,0.775214,1
7869,marine,marine,NOM,B2,1.4815,7.282,4.99541,maʁin,mer,0-1-1,/marin(er).e,水师；海军,target_content_with_gloss,0.775208,1
10562,querelle,querelle,NOM,B2,1.4815,5.5,1.485,kəʁɛl,querelle,0-1-1,/querell(e).e,口角；吵架,target_content_with_gloss,0.775208,1
386,alerte,alerte,ADJ,B2,1.4814,9.047,9.02327,alɛʁt,alerte,0-1-0,/alerte,警号；警报,target_content_with_gloss,0.775206,1
4411,désireux,désireux,ADJ,B2,1.4814,1.804,0.64605,deziʁø,désir,0-1-1,/désir.eux,心切,target_content_with_gloss,0.775206,1
10288,prédisposition,prédisposition,NOM,B2,1.4812,0.554,0.15769,pʁedispozisjɔ̃,disposition,1-1-0,_pré/disposition,预设,target_content_with_gloss,0.775202,1
1711,bronzer,bronzer,VER,B2,1.4801,2.946,1.39773,bʁɔ̃ze,bronzer,0-1-1,/bronz(er).er,晒太阳,target_content_with_gloss,0.775182,1
6125,hautain,hautain,ADJ,B2,1.4794,0.744,0.19443,otɛ̃,haut,0-1-1,/haut.ain,傲慢；眼高,target_content_with_gloss,0.775169,1
10414,puiser,puiser,VER,B2,1.4793,2.782,0.42254,pɥize,puits,0-1-1,/pui(t)s.er,汲取,target_content_with_gloss,0.775167,1
12030,soi-disant,soi-disant,ADJ,B2,1.4791,9.373,3.61145,swadizɑ̃,soi,0-2-0,/soi/disant,所谓,target_content_with_gloss,0.775164,1
12585,séduction,séduction,NOM,B2,1.4771,2.282,0.95224,sedyksjɔ̃,{duire},1-1-1,_s(ous)/é/{duct}.ion,勾引；魅力,target_content_with_gloss,0.775127,1
7434,lieutenant,lieutenant,NOM,B2,1.4762,75.234,9.00337,ljøtənɑ̃,lieu,0-2-1,/lieu/ten(ir).ant,中尉,target_content_with_gloss,0.77511,1
4794,envoyé,envoyé,NOM,B2,1.4749,4.259,34.23913,ɑ̃vwaje,voie,1-1-1,_en/vo(yer).é,使者；送了,target_content_with_gloss,0.775086,1
7036,inventif,inventif,ADJ,B2,1.4745,0.851,0.22964,ɛ̃vɑ̃tif,venir,1-1-1,_in/ven(ir)[t}.if,创意,target_content_with_gloss,0.775079,1
7786,mandat,mandat,NOM,B2,1.4745,34.797,8.86099,mɑ̃da,mander,0-1-1,/mand(er).at,委托书；工作范围,target_content_with_gloss,0.775079,1
3298,couvert,couvert,NOM,B2,1.473,7.218,8.88702,kuvɛʁ,couvrir,0-1-1,/couv(rir).ert,低沉；阴晦,target_content_with_gloss,0.775051,1
11668,saleté,saleté,NOM,B2,1.4717,13.304,3.90845,saləte,sale,0-1-1,/sal(e).eté,卑劣；污垢,target_content_with_gloss,0.775027,1
1414,billard,billard,NOM,B2,1.4716,7.19,2.03613,bijaʁ,bille,0-1-1,/bill(e).ard,台球,target_content_with_gloss,0.775025,1
3181,correspondant,correspondant,ADJ,B2,1.4715,1.554,1.95499,koʁɛspɔ̃dɑ̃,répondre,1-1-1,_cor/ré[s]pond(re).ant,相应；访客,target_content_with_gloss,0.775023,1
1026,audition,audition,NOM,B2,1.471,16.557,3.40631,odisjɔ̃,audio,0-1-1,/audit.ion,劲舞团；听到,target_content_with_gloss,0.775014,1
3256,couramment,couramment,ADV,B2,1.4708,1.446,0.64605,kuʁamɑ̃,courir,0-1-1,/coura(nt)/m.ment,流利；顺畅,target_content_with_gloss,0.77501,1
1534,bonus,bonus,NOM,B2,1.4703,6.911,2.43111,bonys,§bonus§,0-1-0,/§bonus§,奖金；花红,target_content_with_gloss,0.775001,1
1097,autruche,autruche,NOM,B2,1.4702,1.956,0.54042,otʁyʃ,autruche,0-1-0,/autruche,鸵鸟,target_content_with_gloss,0.774999,1
5259,filon,filon,NOM,B2,1.4698,3.835,1.29669,filɔ̃,fil,0-1-1,/fil.on,财源,target_content_with_gloss,0.774992,1
5408,formel,formel,ADJ,B2,1.4688,4.225,0.85273,fɔʁmɛl,former,0-1-1,/form(er).el,形式上；正式,target_content_with_gloss,0.774973,1
7067,inépuisable,inépuisable,ADJ,B2,1.4674,0.544,0.19749,inepɥizabl,puits,2-1-1,_in_é/puis(er).able,无尽,target_content_with_gloss,0.774947,1
4529,embarrasser,embarrasser,VER,B2,1.4663,9.75,3.85946,ɑ̃baʁase,embarras,0-1-1,/embarras[s].er,丢脸；难倒,target_content_with_gloss,0.774927,1
4650,enfanter,enfanter,VER,B2,1.4651,1.12,0.16381,ɑ̃fɑ̃te,enfant,0-1-1,/enfant.er,创作；生孩子,target_content_with_gloss,0.774904,1
1921,canicule,canicule,NOM,B2,1.4645,0.671,0.25873,kanikyl,chienne,0-1-1,/canicul(e).e,热浪；酷暑,target_content_with_gloss,0.774893,1
2040,cascade,cascade,NOM,B2,1.4638,5.025,1.07165,kaskad,cascade,0-1-0,/cascade,悬河；特技,target_content_with_gloss,0.77488,1
11124,revanche,revanche,NOM,B1,44.5568,13.079,5.31384,ʁəvɑ̃ʃ,venger,1-1-0,_re/v(e/a)ng(er)/ch,,target_content_high_frequency_missing_gloss,0.774833,0
11800,scruter,scruter,VER,B2,1.4591,1.693,0.20055,skʁyte,scruter,0-1-1,/scrut(er).er,仔细搜寻地看,target_content_with_gloss,0.774793,1
4202,déjouer,déjouer,VER,B2,1.4589,2.427,0.53889,deʒwe,jeu,1-1-1,_dé/jou(er).er,难倒,target_content_with_gloss,0.774789,1
7281,kiosque,kiosque,NOM,B2,1.4588,2.373,0.66136,kjɔsk,kiosque,0-1-0,/§kiosque§,亭,target_content_with_gloss,0.774787,1
4064,déchiffrer,déchiffrer,VER,B2,1.4571,4.725,1.23393,deʃifʁe,chiffre,1-1-1,_dé/chiffr(e).er,破解；解码,target_content_with_gloss,0.774756,1
3727,diluer,diluer,VER,B2,1.4566,1.329,0.17146,dilɥe,diluer,0-1-1,/dilu(er).er,冲淡；掺杂,target_content_with_gloss,0.774746,1
1413,bilinguisme,bilinguisme,NOM,B2,1.456,0.006,0.00306,bilɛ̃gɥizm,langue,1-1-1,_bi/l(a)/ingu(e).isme,多国语言,target_content_with_gloss,0.774735,1
1713,brosse,brosse,NOM,B2,1.4551,8.788,3.41549,bʁɔs,brosse,0-1-1,/bross(e).e,刷子,target_content_with_gloss,0.774718,1
11757,savon,savon,NOM,B2,1.4545,10.934,19.32792,savɔ̃,savon,0-1-0,/savon,斥责；肥皂,target_content_with_gloss,0.774707,1
2580,coiffeur,coiffeur,NOM,B2,1.4541,9.576,2.46938,kwafœʁ,coiffer,0-1-1,/coiff(er).eur,发型设计师；理发师,target_content_with_gloss,0.7747,1
13705,vraisemblablement,vraisemblablement,ADV,B2,1.4541,1.383,0.63686,vʁɛsɑ̃blabləmɑ̃,vrai,0-2-1,/vrai/semblable.ment,大半,target_content_with_gloss,0.7747,1
4589,emprunt,emprunt,NOM,B2,1.454,4.348,1.42835,ɑ̃pʁœ̃,emprunt,0-1-0,/emprunt,借款；假借,target_content_with_gloss,0.774698,1
12781,terreur,terreur,NOM,B2,1.4532,9.275,3.35579,tɛʁœʁ,terreur,0-1-0,/terreur,恐怖,target_content_with_gloss,0.774683,1
812,arrogant,arrogant,ADJ,B2,1.4527,7.617,2.70055,aʁogɑ̃,{rog},1-1-1,_a(d)/p/{rog}.ant,倨傲；嚣张,target_content_with_gloss,0.774674,1
10358,préventif,préventif,ADJ,B2,1.4524,2.247,0.70882,pʁevɑ̃tif,venir,1-1-1,_pré/ven(ir)[t].if,先发制人；预防,target_content_with_gloss,0.774668,1
11970,simpliste,simpliste,ADJ,B2,1.4498,0.655,0.24495,sɛ̃plist,simple,0-1-1,/simpl(e).iste,素朴,target_content_with_gloss,0.774619,1
8012,menuisier,menuisier,NOM,B2,1.4489,1.079,0.27404,mønɥizje,menu,0-1-2,/menu.is.ier,木匠；木工,target_content_with_gloss,0.774603,1
2191,changeant,changeant,ADJ,B2,1.4463,1.687,0.98285,ʃɑ̃ʒɑ̃,change,0-1-1,/chang(e).ant,善变,target_content_with_gloss,0.774554,1
5888,grave,grave,NOM,B2,1.4456,1.816,34.40141,gʁav,grave,0-1-0,/grav(e),严重；俨然,target_content_with_gloss,0.774541,1
6426,immeuble,immeuble,ADJ,B2,1.4455,1.364,9.04776,imœbl,meuble,1-1-0,_i(n)/m/meuble,大楼,target_content_with_gloss,0.774539,1
2628,coloniser,coloniser,VER,B2,1.4449,0.87,0.16381,kolonize,colonie,0-1-2,/coloni(e).is.er,殖民,target_content_with_gloss,0.774528,1
791,aromatique,aromatique,ADJ,B2,1.4437,0.263,0.07502,aʁomatik,arôme,0-1-1,/arôm(e).atique,芳香；香的,target_content_with_gloss,0.774505,1
849,ascension,ascension,NOM,B2,1.4436,3.222,1.2278,asɑ̃sjɔ̃,ascendant,0-1-1,/ascend(ant)/s.ion,升高,target_content_with_gloss,0.774503,1
6466,impitoyable,impitoyable,ADJ,B2,1.443,4.845,1.74525,ɛ̃pitwajabl,pieux,1-1-2,_i(n)/m/pit(ié).oy.able,严酷；凶险,target_content_with_gloss,0.774492,1
1022,audiovisuel,audiovisuel,NOM,B2,1.4426,0.228,0.16228,odjovizɥɛl,audio,1-0-1,_audio.visuel,声像；直观,target_content_with_gloss,0.774485,1
8609,navigation,navigation,NOM,B2,1.4426,4.532,1.59063,navigasjɔ̃,navire,0-1-1,/navi(re)[g].ation,导航；航海,target_content_with_gloss,0.774485,1
1541,bordure,bordure,NOM,B2,1.442,1.218,0.44091,bɔʁdyʁ,bord,0-1-1,/bord.ure,幅；缘,target_content_with_gloss,0.774473,1
7724,major,major,NOM,B2,1.4405,19.491,3.52572,maʒɔʁ,§maj§,0-1-1,/§maj§.or,少校,target_content_with_gloss,0.774445,1
9749,pneu,pneu,NOM,B1,4.0812,17.747,3.39712,pnø,,0-1-0,/pneu(matique),带；胎,target_content_with_gloss,0.774418,1
4194,déguisement,déguisement,NOM,B2,1.4384,5.943,1.72229,degizəmɑ̃,guise,1-1-1,_dé/guis(e).ement,造型服装；道具服,target_content_with_gloss,0.774406,1
5167,feindre,feindre,VER,B2,1.4384,3.718,0.59553,fɛ̃dʁ,feindre,0-1-1,/fein(dre).re,伪装；假装,target_content_with_gloss,0.774406,1
9430,perfection,perfection,NOM,B2,1.4368,6.408,2.60716,pɛʁfɛksjɔ̃,{fect},1-1-1,_per/{fect}.ion,理想,target_content_with_gloss,0.774376,1
4678,enivrer,enivrer,VER,B2,1.4363,1.674,0.22658,ɑ̃nivʁe,ivre,1-1-1,_en/ivr(e).er,喝茫；沉醉,target_content_with_gloss,0.774366,1
2557,cocotier,cocotier,NOM,B2,1.4357,0.532,0.13625,kokotje,coco,0-1-1,/coco[t].ier,枒；椰,target_content_with_gloss,0.774355,1
11046,repérage,repérage,NOM,B2,1.4351,1.858,0.67667,ʁəpeʁaʒ,repère,0-1-1,/repèr(e).age,定位；定向,target_content_with_gloss,0.774344,1
14011,énergique,énergique,ADJ,B2,1.4338,1.598,0.60165,enɛʁʒik,énergie,0-1-1,/énerg(ie).ique,大力；强势,target_content_with_gloss,0.774319,1
5763,germe,germe,NOM,B2,1.4335,2.396,0.69198,ʒɛʁm,germ(er),0-1-1,/germ(er).e,病菌,target_content_with_gloss,0.774314,1
11574,réutiliser,réutiliser,VER,B2,1.4332,1.057,0.23882,ʁeytilize,utiliser,1-1-1,_ré/utilis(er).er,再利用；再用,target_content_with_gloss,0.774308,1
289,agile,agile,ADJ,B2,1.4327,1.718,0.55726,aʒil,agile,0-1-0,/agile,利索；利落,target_content_with_gloss,0.774299,1
3608,demoiselle,demoiselle,NOM,B1,4.066,13.816,3.9207,dəmwazɛl,,,,女郎；姑娘,target_content_with_gloss,0.774281,1
3386,crotte,crotte,NOM,B2,1.4312,6.291,1.31506,kʁɔt,croton,0-1-1,/crott(e).e,屎,target_content_with_gloss,0.77427,1
11934,sifflement,sifflement,NOM,B2,1.4301,3.396,0.88181,sifləmɑ̃,siffler,0-1-1,/siffl(er).ement,口哨,target_content_with_gloss,0.77425,1
8592,natte,natte,NOM,B2,1.4297,1.152,0.28016,nat,natte,0-1-1,/natt(e).e,芦席；苇席,target_content_with_gloss,0.774242,1
5607,fusiller,fusiller,VER,B2,1.429,3.642,0.44856,fyzije,fusil,0-1-1,/fusil[l].er,枪杀,target_content_with_gloss,0.774229,1
5995,guêpe,guêpe,NOM,B2,1.4286,1.839,0.31231,gɛp,guêpe,0-1-1,/guêp(e).e,胡蜂；马蜂,target_content_with_gloss,0.774222,1
1188,baccalauréat,baccalauréat,NOM,B1,4.0535,0.288,0.11482,bakaloʁea,,0-2-0,/§bacca§/lauréat,学士学位,target_content_with_gloss,0.774168,1
9197,parasol,parasol,NOM,B2,1.4239,0.722,0.18371,paʁasɔl,soleil,1-1-0,_para/sol(eil),旱伞,target_content_with_gloss,0.774133,1
4439,détente,détente,NOM,B2,1.4233,7.114,2.84446,detɑ̃t,tenir,1-1-1,_dé/ten(ir)[t].e,扳机；缓和,target_content_with_gloss,0.774121,1
3726,diligence,diligence,NOM,B2,1.4232,3.753,0.66748,diliʒɑ̃s,diligent,0-1-1,/dilig(ent)/m.ence,公共马车；驿站马车,target_content_with_gloss,0.77412,1
3053,contourner,contourner,VER,B2,1.4217,7.744,2.00857,kɔ̃tuʁne,tour,1-1-2,_con/tour[n].ement.er,绕过；规避,target_content_with_gloss,0.774091,1
13698,voyou,voyou,NOM,B2,1.4217,16.373,3.19504,vwaju,voie,0-1-1,/vo(ie)/y.ou,流氓；白相人,target_content_with_gloss,0.774091,1
1892,camoufler,camoufler,VER,B2,1.4164,2.288,0.37661,kamufle,camoufler,0-1-1,/camoufl(er).er,躲藏,target_content_with_gloss,0.773991,1
2477,classification,classification,NOM,B2,1.4153,0.589,0.22198,klasifikasjɔ̃,classer,0-1-2,/class(e).ation,类别,target_content_with_gloss,0.77397,1
9357,paume,paume,NOM,B2,1.4144,3.424,0.9507,pom,palme,0-1-0,/pa(l/u)me,巴掌；手心,target_content_with_gloss,0.773953,1
4965,expertise,expertise,NOM,B2,1.4136,3.566,1.4406,ɛkspɛʁtiz,expert,1-1-1,_ex/expert.ise,专业性,target_content_with_gloss,0.773938,1
7144,jardinage,jardinage,NOM,B2,1.4106,1.956,0.78383,ʒaʁdinaʒ,jardin,0-1-1,/jardin.age,园艺,target_content_with_gloss,0.773881,1
3652,destiner,destiner,VER,B1,43.613,13.649,4.02021,destine,destiner,0-1-1,/destin(er).er,,target_content_high_frequency_missing_gloss,0.773875,0
4637,endetter,endetter,VER,B2,1.4096,1.703,0.47152,ɑ̃dete,dette,1-1-1,_en/dett(e).er,借债,target_content_with_gloss,0.773862,1
4890,exagéré,exagéré,ADJ,B2,1.4094,3.142,2.40814,ɛgzaʒeʁe,exagérer,0-1-1,/exagér(er).é,荒唐；邪乎,target_content_with_gloss,0.773858,1
10541,quantité,quantité,NOM,B2,32.1146,14.038,4.80557,kɑ̃tite,,0-1-1,/quant.ité,数量,target_content_with_gloss,0.77383,1
765,ardu,ardu,ADJ,B2,1.4073,1.275,0.27404,aʁdy,ardu,0-1-0,/ardu,吃重；艰巨,target_content_with_gloss,0.773818,1
7003,intuition,intuition,NOM,B2,1.4063,9.842,3.32211,ɛ̃tɥisjɔ̃,intuition,0-1-1,/intuit(ion).ion,直观；直觉,target_content_with_gloss,0.773799,1
4373,désaltérer,désaltérer,VER,B2,1.4055,0.392,0.08114,dezalteʁe,altérer,1-1-1,_dés/altér(er).er,解渴,target_content_with_gloss,0.773784,1
10466,pédale,pédale,NOM,B2,1.4052,3.025,1.56001,pedal,pied,0-1-2,/p(i)ed.al.e,脚踏；被人操的,target_content_with_gloss,0.773778,1
10715,rareté,rareté,NOM,B2,1.4048,0.478,0.18524,ʁaʁəte,rare,0-1-1,/rare.té,异物；瑰宝,target_content_with_gloss,0.773771,1
2295,cheville,cheville,NOM,B2,1.4044,13.38,3.391,ʃəvij,cheville,0-1-1,/chevill(e).e,楔子；脚腕,target_content_with_gloss,0.773763,1
2812,concertation,concertation,NOM,B2,1.4033,0.177,0.07042,kɔ̃sɛʁtasjɔ̃,concert,0-1-1,/concert.ation,商议,target_content_with_gloss,0.773742,1
1682,bricoler,bricoler,VER,B2,1.4026,2.911,0.49449,bʁikole,bricole,0-1-1,/bricol(e).er,改装,target_content_with_gloss,0.773729,1
2412,ciment,ciment,NOM,B2,1.4026,3.854,1.3166,simɑ̃,ciment,0-1-0,/ciment,士敏土；水泥,target_content_with_gloss,0.773729,1
1777,buveur,buveur,NOM,B2,1.3995,2.07,0.53123,byvœʁ,boire,0-1-1,/{buv}.eur,酒鬼,target_content_with_gloss,0.77367,1
684,applaudissement,applaudissement,NOM,B2,1.3994,8.633,2.11727,aplodisəmɑ̃,{plaudir},1-1-2,_a(d)/p/{plaudi(r)}.iss.ement,掌声；鼓掌,target_content_with_gloss,0.773668,1
9165,par,par,NOM,B2,1.3982,25.5,97.63778,paʁ,par,0-1-0,/par,出于；在旁,target_content_with_gloss,0.773645,1
3281,courtois,courtois,ADJ,B2,1.3972,2.418,0.89253,kuʁtwa,cour,0-1-1,/cour[t].ois,儒雅,target_content_with_gloss,0.773626,1
2932,connotation,connotation,NOM,B2,1.397,0.595,0.19137,konotasjɔ̃,noter,1-1-1,_con/not(er).ation,涵义,target_content_with_gloss,0.773622,1
3978,duel,duel,NOM,B2,1.3957,7.434,1.73913,dɥɛl,duel,0-1-0,/duel,决斗；对抗赛,target_content_with_gloss,0.773597,1
6789,initial,initial,ADJ,B2,1.395,4.778,1.81108,inisjal,initial,0-1-1,/initi(al).al,先发；初始,target_content_with_gloss,0.773584,1
7874,marié,marié,ADJ,B2,1.395,27.801,16.45591,maʁje,marier,0-1-1,/mari(er).é,已婚；结为,target_content_with_gloss,0.773584,1
3087,contrebandier,contrebandier,NOM,B2,1.3947,1.81,0.31231,kɔ̃tʁəbɑ̃dje,band(e),1-1-1,_contre/band(e).ier,枭,target_content_with_gloss,0.773578,1
1011,aubaine,aubaine,NOM,B2,1.3886,1.294,0.57869,obɛn,aubaine,0-1-0,/aubaine,机会,target_content_with_gloss,0.773461,1
4618,enclave,enclave,NOM,B2,1.387,0.772,0.10716,ɑ̃klav,clef,1-1-0,_en/clav(ette),飞地,target_content_with_gloss,0.773431,1
10654,raisin,raisin,NOM,B2,1.3864,8.522,1.67483,ʁɛzɛ̃,raisin,0-1-0,/raisin,葡萄,target_content_with_gloss,0.773419,1
5196,fervent,fervent,ADJ,B2,1.3848,1.396,0.36742,fɛʁvɑ̃,ferveur,0-1-1,/ferv(eur).ent,屁颠屁颠；慷慨,target_content_with_gloss,0.773388,1
14140,étendue,étendue,NOM,B2,1.3835,3.32,2.09277,etɑ̃dy,étendre,0-1-1,/étend(re).ue,广度；广袤,target_content_with_gloss,0.773363,1
9026,orphelin,orphelin,ADJ,B2,1.3814,4.668,1.67636,ɔʁfəlɛ̃,orphelin,0-1-0,/orphelin,孤儿；孤哀子,target_content_with_gloss,0.773323,1
3832,distributeur,distributeur,NOM,B2,1.3766,9.902,2.68983,distʁibytœʁ,tribut,1-1-1,_dis/tribut.eur,中盘商；分销商,target_content_with_gloss,0.773231,1
12637,tabouret,tabouret,NOM,B2,1.3728,2.722,0.78843,tabuʁɛ,tambour,0-1-1,/ta(m)bour.et,凳子,target_content_with_gloss,0.773157,1
8555,môme,môme,NOM,B2,1.371,12.687,2.41886,mom,môme,0-1-0,/môme,小伙子,target_content_with_gloss,0.773123,1
8560,nager,nager,VER,B2,1.3675,27.775,5.53276,naʒe,nager,0-1-1,/nag(er).er,凫水；泅水,target_content_with_gloss,0.773055,1
4750,entre-temps,entre-temps,ADV,B2,1.365,3.152,1.38396,ɑ̃tʁətɑ̃,temps,1-1-0,_entre/temps,与此；此事,target_content_with_gloss,0.773007,1
4393,désespéré,désespéré,ADJ,B2,1.3647,10.323,4.37385,dezɛspeʁe,espérer,1-1-1,_dés/espér(er).é,悲苦；情急,target_content_with_gloss,0.773001,1
6777,inhabituel,inhabituel,ADJ,B2,1.364,13.905,4.12278,inabitɥɛl,habitude,1-1-1,_in/habitu(de).el,不同寻常；凤毛麟角,target_content_with_gloss,0.772987,1
2057,cassette,cassette,NOM,B2,1.3638,23.671,3.96663,kasɛt,châsse,0-1-0,/cassette,磁带,target_content_with_gloss,0.772983,1
2335,chorale,chorale,NOM,B2,1.3638,5.025,1.28598,koʁal,choeur,0-1-1,/cho(eu)r.ale,合唱；合唱团,target_content_with_gloss,0.772983,1
4920,exclusivement,exclusivement,ADV,B2,1.3632,1.918,0.86497,ɛksklyzivəmɑ̃,{clu(re)},1-1-2,_ex/{clu(re)}/s.ive.ment,惟独；独有,target_content_with_gloss,0.772972,1
5310,flatter,flatter,VER,B2,1.3557,12.301,1.96418,flate,flatter,0-1-1,/flatt(er).er,吹嘘；吹捧,target_content_with_gloss,0.772826,1
3401,crue,crue,NOM,B2,1.3555,0.835,2.12952,kʁy,croître,0-1-0,/crue,山洪；洪水,target_content_with_gloss,0.772822,1
13467,verrou,verrou,NOM,B2,1.3545,5.832,1.37324,veʁu,verrou,0-1-0,/verrou,闭锁,target_content_with_gloss,0.772803,1
3482,curieux,curieux,NOM,B2,1.3542,4.307,9.38916,kyʁjø,curieux,0-1-0,/curieu(x)se,奇妙；奇异,target_content_with_gloss,0.772797,1
956,attache,attache,NOM,B2,1.3533,4.266,3.92682,ataʃ,attacher,0-1-1,/attach(er).e,卡,target_content_with_gloss,0.77278,1
1966,capture,capture,NOM,B2,1.3526,4.316,2.21525,kaptyʁ,{capt},0-1-1,/{capt}.ure,俘获,target_content_with_gloss,0.772766,1
10673,rame,rame,NOM,B2,1.3523,3.32,0.85885,ʁam,rame,0-1-1,/ram(e).e,楫；橹,target_content_with_gloss,0.77276,1
5605,fuser,fuser,VER,B2,1.3521,1.123,1.84323,fyze,fuser,0-1-1,/fus(er).er,迸发,target_content_with_gloss,0.772756,1
3636,design,design,NOM,B1,3.8936,5.323,1.45438,dizajn,,0-1-0,/§design§,图案；外观设计,target_content_with_gloss,0.772696,1
4263,démonter,démonter,VER,B2,1.3482,6.057,1.15738,demɔ̃te,monter,1-1-1,_dé/mont(er).er,不知所措；拆卸,target_content_with_gloss,0.77268,1
3444,cuiller,cuiller,NOM,B2,1.3481,8.329,0.37661,kɥijɛʁ,cuiller/ère,0-1-0,/cuiller,勺子,target_content_with_gloss,0.772678,1
8061,micro-ordinateur,micro-ordinateur,NOM,B2,1.3464,0.022,0.00919,mikʁoɔʁdinatœʁ,ordinateur,1-1-0,_micro/ordinateur,微机；微电脑,target_content_with_gloss,0.772645,1
11422,réfrigérateur,réfrigérateur,NOM,B2,1.3459,3.263,1.19259,ʁefʁiʒeʁatœʁ,frigorie,1-1-2,_re/frig(orie).ér.ateur,冰箱；电冰箱,target_content_with_gloss,0.772635,1
6008,génome,génome,NOM,B2,1.3453,1.206,0.35364,ʒenom,gène,0-1-1,/gèn(e).ome,基因组,target_content_with_gloss,0.772624,1
709,appréciation,appréciation,NOM,B2,1.3442,1.222,0.50214,apʁesjasjɔ̃,{préci},1-1-1,_a(d)/p/{préci}.ation,估价；评估,target_content_with_gloss,0.772602,1
1940,caoutchouc,caoutchouc,NOM,B2,1.3442,4.703,1.65952,kautʃu,caoutchouc,0-1-0,/caoutchouc,橡皮；橡胶,target_content_with_gloss,0.772602,1
2568,cogner,cogner,VER,B2,1.3441,20.791,2.62247,koɲe,cogner,0-1-1,/cogn(er).er,搕；撞,target_content_with_gloss,0.7726,1
5141,faufiler,faufiler,VER,B2,1.3441,7.883,1.57991,fofile,faux,0-2-1,/fau(x)/fil.er,绷,target_content_with_gloss,0.7726,1
10513,pétrir,pétrir,VER,B2,1.3441,0.57,0.15309,petʁiʁ,pétrir,0-1-1,/pétr(ir).ir,揉制；揉合,target_content_with_gloss,0.7726,1
7459,liquide,liquide,NOM,B2,1.3414,20.68,9.45805,likid,liquide,0-1-1,/liquid(e).e,液体,target_content_with_gloss,0.772548,1
9724,plongée,plongée,NOM,B2,1.3393,4.693,1.68249,plɔ̃ʒe,plomb,0-1-1,/plong(er).ée,俯视；跳水,target_content_with_gloss,0.772506,1
9970,poussin,poussin,NOM,B2,1.3387,4.965,1.35487,pusɛ̃,poussin,0-1-0,/poussin,小鸡；普桑,target_content_with_gloss,0.772495,1
4941,exhorter,exhorter,VER,B2,1.338,0.658,0.11482,ɛgzɔʁte,exhorter,0-1-1,/exhort(er).er,劝告；劝说,target_content_with_gloss,0.772481,1
9092,pagaille,pagaille,NOM,B2,1.338,4.88,2.06369,pagaj,pagaie,0-1-0,/pagai[ll]e,一塌糊涂；骚乱,target_content_with_gloss,0.772481,1
10955,remède,remède,NOM,B2,1.3352,17.294,4.37998,ʁəmɛd,remède,0-1-0,/remède,慰藉；药剂,target_content_with_gloss,0.772426,1
11524,réservé,réservé,ADJ,B2,1.334,3.623,6.95346,ʁezɛʁve,{serv},1-1-1,_ré/{serv}.é,内向；内敛,target_content_with_gloss,0.772403,1
1040,aura,aura,NOM,B2,1.333,13.051,56.3962,oʁa,aura,0-1-0,/aura,佛光；气场,target_content_with_gloss,0.772383,1
13876,écrouler,écrouler,VER,B2,1.3324,11.111,1.609,ekʁule,crouler,1-1-1,_é/croul(er).er,倒塌；倾倒,target_content_with_gloss,0.772371,1
11133,revers,revers,NOM,B2,1.3319,3.459,1.45591,ʁəvɛʁ,vers,1-1-0,_re/vers,反面；挫折,target_content_with_gloss,0.772361,1
281,agenda,agenda,NOM,B2,1.3317,7.32,2.64238,aʒɛ̃da,agir,0-1-0,/§agenda§,备忘录,target_content_with_gloss,0.772357,1
2462,clair,clair,NOM,B2,1.3301,11.332,30.32303,klɛʁ,clair,0-1-0,/clair,明了；明亮,target_content_with_gloss,0.772326,1
5831,gourmand,gourmand,NOM,B2,1.3292,0.614,0.74403,guʁmɑ̃,gourmand,0-1-0,/gourmand,贪吃；贪馋,target_content_with_gloss,0.772308,1
13323,usagé,usagé,ADJ,B2,1.3253,1.31,0.18983,yzaʒe,us,0-1-2,/us.ag(e).é,废旧,target_content_with_gloss,0.772232,1
2968,consoler,consoler,VER,B2,1.325,8.478,2.25352,kɔ̃sole,consoler,0-1-1,/consol(er).er,劝慰；安慰,target_content_with_gloss,0.772226,1
9345,patinage,patinage,NOM,B2,1.3249,1.266,0.3613,patinaʒ,patte,0-1-1,/patin.age,滑冰,target_content_with_gloss,0.772224,1
2866,confession,confession,NOM,B2,1.3232,10.674,3.26393,kɔ̃fesjɔ̃,confesse,0-1-1,/confess(e).ion,供述；告白,target_content_with_gloss,0.77219,1
12416,superficie,superficie,NOM,B2,1.3232,0.573,0.24495,sypɛʁfisi,superficie,0-1-1,/superfici(e).e,占地面积；广袤,target_content_with_gloss,0.77219,1
5780,gisement,gisement,NOM,B2,1.3165,1.117,0.20667,ʒizəmɑ̃,gésir,0-1-1,/gis(ant).ement,矿,target_content_with_gloss,0.772058,1
13850,économiser,économiser,VER,B1,3.8247,14.047,2.70055,ekonomize,,1-0-2,_éco.is.er,省去；节省,target_content_with_gloss,0.772047,1
11752,saveur,saveur,NOM,B2,1.3151,3.541,1.08849,savœʁ,saveur,0-1-0,/saveur,味道；情味,target_content_with_gloss,0.77203,1
4729,enthousiasmer,enthousiasmer,VER,B2,1.3093,1.228,2.73729,ɑ̃tuzjasme,enthousiasme,0-1-1,/enthousiasm(e).er,振奋；铆起来,target_content_with_gloss,0.771916,1
11875,septième,septième,ADJ,B2,1.3088,3.297,1.74066,sɛtjɛm,sept,0-1-1,/sept.ième,第七,target_content_with_gloss,0.771906,1
4365,désaccord,désaccord,NOM,B2,1.3081,5.525,1.97642,dezakɔʁ,accord,1-1-0,_dé/accord,不和；分歧,target_content_with_gloss,0.771892,1
10564,questionnaire,questionnaire,NOM,B2,1.3081,1.775,0.50061,kɛstjonɛʁ,quête,0-1-2,/qu(ê/es)t(e).ion[n].aire,小考；竞猜,target_content_with_gloss,0.771892,1
3683,dialecte,dialecte,NOM,B2,1.3074,1.386,0.44703,djalɛkt,dialecte,0-1-1,/dialect(e).e,方言,target_content_with_gloss,0.771878,1
5781,gitan,gitan,NOM,B2,1.3066,3.747,0.47765,ʒitɑ̃,gitan,0-1-0,/gitan,茨冈,target_content_with_gloss,0.771862,1
12462,surf,surf,NOM,B2,1.3029,4.899,1.21096,sœʁf,surf,0-1-0,/§surf§,冲浪,target_content_with_gloss,0.771788,1
5466,fourrure,fourrure,NOM,B2,1.2991,7.019,1.91825,fuʁyʁ,fourrer,0-1-1,/fourr(er).ure,毛皮；皮毛,target_content_with_gloss,0.771713,1
13497,vestibule,vestibule,NOM,B2,1.2972,0.835,0.30925,vɛstibyl,vestibule,0-1-0,/vestibule,套间；玄关,target_content_with_gloss,0.771675,1
5922,grincement,grincement,NOM,B2,1.2944,1.851,0.4899,gʁɛ̃səmɑ̃,grincer,0-1-1,/grinc(er).ement,吱吱,target_content_with_gloss,0.771619,1
85,acclamer,acclamer,VER,B2,1.2928,2.592,0.18677,aklame,clamer,1-1-1,_a(d)c/clam(er).er,喝彩；捧场,target_content_with_gloss,0.771587,1
11246,rondelle,rondelle,NOM,B2,1.2921,1.516,0.29547,ʁɔ̃dɛl,rond,0-1-1,/rond.elle,弹簧垫圈,target_content_with_gloss,0.771573,1
13179,truite,truite,NOM,B2,1.2918,2.633,0.56797,tʁɥit,truite,0-1-1,/truit(e).e,鳟,target_content_with_gloss,0.771567,1
10166,prononciation,prononciation,NOM,B2,1.2881,0.718,0.30312,pʁonɔ̃sjasjɔ̃,{nonc},1-1-1,_pro/{nonc}.iation,发音；口齿,target_content_with_gloss,0.771493,1
556,anesthésique,anesthésique,NOM,B2,1.2878,0.677,0.29241,anɛstezik,{esthésie},1-1-1,_an/{esthési(e)}.ique,麻醉药,target_content_with_gloss,0.771487,1
2708,commémorer,commémorer,VER,B2,1.2874,1.057,0.25107,komemoʁe,mémoire,1-1-1,_com/mémo(i)r(e).er,纪念；缅怀,target_content_with_gloss,0.771479,1
11177,rigoler,rigoler,VER,B2,1.2854,47.266,6.25383,ʁigole,rigoler,0-1-1,/rigol(er).er,嬉笑；打趣,target_content_with_gloss,0.771439,1
7141,japonais,japonais,NOM,B2,1.2845,11.965,4.18708,ʒaponɛ,Japon,0-1-1,/Japon.ais,东洋话；日文,target_content_with_gloss,0.771421,1
4446,déterminé,déterminé,ADJ,B2,1.2828,2.93,3.00521,detɛʁmine,terme,1-1-2,_dé/term(e).in.é,一定；决绝,target_content_with_gloss,0.771387,1
7754,malhonnête,malhonnête,ADJ,B2,1.2821,3.136,1.20943,malonɛt,mal,0-2-0,/mal/honnête,不正当；缺德,target_content_with_gloss,0.771373,1
6726,infidèle,infidèle,ADJ,B2,1.2814,3.633,1.46663,ɛ̃fidɛl,fidèle,1-1-1,_in/fidèl(e).e,花心,target_content_with_gloss,0.771359,1
5505,fraternité,fraternité,NOM,B2,1.2813,7.212,1.76363,fʁatɛʁnite,frère,0-1-1,/frater[n].ité,兄弟会；博爱,target_content_with_gloss,0.771357,1
2724,compatriote,compatriote,NOM,B2,1.2787,3.579,1.13288,kɔ̃patʁijɔt,patrie,1-1-1,_com/patri(e).ote,乡亲；同乡,target_content_with_gloss,0.771305,1
9645,piétiner,piétiner,VER,B2,1.2787,5.456,0.69963,pjetine,pied,0-1-2,/pie(d)/t.in.er,任人宰割；践踏,target_content_with_gloss,0.771305,1
5646,féodal,féodal,ADJ,B2,1.2749,0.421,0.07195,feodal,féodal,0-1-1,/féod(al).al,封建；诸侯,target_content_with_gloss,0.771228,1
13266,téter,téter,VER,B2,1.2739,2.146,1.49571,tete,téter,0-1-1,/tét(er).er,吃奶,target_content_with_gloss,0.771208,1
13675,volumineux,volumineux,ADJ,B2,1.273,0.335,0.11329,volyminø,volume,0-1-1,/volum(e).ineux,庞大；粗大,target_content_with_gloss,0.77119,1
11492,répertoire,répertoire,NOM,B1,3.7322,2.241,0.88641,ʁepɛʁtwaʁ,,0-1-0,/§répertoire§,剧目；文件夹,target_content_with_gloss,0.77116,1
900,associé,associé,NOM,B2,1.2557,26.804,6.53705,asosje,social,1-1-1,_a(d)/s/soci(al).é,合伙人；合作伙伴,target_content_with_gloss,0.77084,1
2,abaisser,abaisser,VER,B2,1.249,5.263,0.71647,abese,bas,1-1-1,_a(d)/baiss(er).er,下调；减低,target_content_with_gloss,0.770704,1
4456,détroit,détroit,NOM,B2,1.2473,3.263,0.84201,detʁwa,détroit,0-1-0,/détroit,底特律；海峡,target_content_with_gloss,0.77067,1
5075,faille,faille,NOM,B2,1.2458,8.082,2.90876,faj,faille,0-1-0,/faille,弱点；断层,target_content_with_gloss,0.770639,1
1259,banquet,banquet,NOM,B2,1.2437,4.472,1.22474,bɑ̃kɛ,banc,0-1-1,/ban(c)/qu.et,大餐；宴会,target_content_with_gloss,0.770596,1
6927,interagir,interagir,VER,B2,1.241,1.383,0.32762,ɛ̃tɛʁaʒiʁ,agir,1-1-1,_inter/ag(ir).ir,相互作用；相联,target_content_with_gloss,0.770541,1
9030,orthographe,orthographe,NOM,B1,3.6622,2.744,0.91549,ɔʁtogʁaf,,1-1-0,_ortho/graphe,写法；正词法,target_content_with_gloss,0.770478,1
6463,imperméable,imperméable,NOM,B2,1.2363,1.56,0.71953,ɛ̃pɛʁmeabl,perméable,1-1-1,_i(n)/m/permé(able).able,雨衣,target_content_with_gloss,0.770445,1
9860,porcelaine,porcelaine,NOM,B1,3.6579,2.987,1.08236,pɔʁsəlɛn,,0-1-0,/§porcelaine§,瓷器,target_content_with_gloss,0.770436,1
5403,forgeron,forgeron,NOM,B2,1.2344,2.693,0.63227,fɔʁʒəʁɔ̃,forger,0-1-1,/forger.on,铁匠,target_content_with_gloss,0.770406,1
8431,mythologie,mythologie,NOM,B2,1.2321,2.095,0.79302,mitoloʒi,mythe,0-1-2,/myth(e).ol.ogie,神话,target_content_with_gloss,0.770359,1
1510,bol,bol,NOM,B2,1.231,16.854,5.90325,bɔl,bol,0-1-0,/bol,饭碗,target_content_with_gloss,0.770336,1
2736,complice,complice,ADJ,B2,1.2274,5.763,4.79026,kɔ̃plis,complice,0-1-0,/complice,同伙；团伙,target_content_with_gloss,0.770262,1
7088,irrigation,irrigation,NOM,B2,1.2238,1.079,0.41029,iʁigasjɔ̃,irriguer,0-1-1,/irrig(uer).ation,灌溉,target_content_with_gloss,0.770188,1
8430,mythique,mythique,ADJ,B2,1.2172,1.405,0.47459,mitik,mythe,0-1-1,/myth(e).ique,神奇,target_content_with_gloss,0.770052,1
2796,comté,comté,NOM,B2,1.2171,16.484,4.30343,kɔ̃te,comte,0-1-1,/comt(e).é,县,target_content_with_gloss,0.77005,1
6458,impatienter,impatienter,VER,B2,1.217,1.972,2.81384,ɛ̃pasjɑ̃te,patience,1-1-2,_i(n)/m/pati(ence).ent.er,着急,target_content_with_gloss,0.770048,1
4353,dériver,dériver,VER,B2,1.2168,3.763,1.20024,deʁive,rive,1-1-1,_dé/riv(e).er,导出；得出,target_content_with_gloss,0.770044,1
5890,graver,graver,VER,B2,1.2159,8.402,34.40141,gʁave,graver,0-1-1,/grav(er).er,烧录；雕刻,target_content_with_gloss,0.770025,1
10323,préparatoire,préparatoire,ADJ,B2,1.2155,0.731,0.24801,pʁepaʁatwaʁ,parer,1-1-1,_pré/par(er).atoire,调制,target_content_with_gloss,0.770017,1
2205,chaotique,chaotique,ADJ,B2,1.2133,1.794,0.6338,kaotik,chaos,0-1-1,/chao(s)/t.ique,乱成一团,target_content_with_gloss,0.769972,1
2837,concret,concret,NOM,B2,1.2133,1.089,1.3564,kɔ̃kʁɛ,concret,0-1-0,/concret,具体；实际,target_content_with_gloss,0.769972,1
4094,décomposition,décomposition,NOM,B2,1.2133,2.927,1.12523,dekɔ̃pozisjɔ̃,composer,1-1-1,_dé/compos(er).ition,腐烂,target_content_with_gloss,0.769972,1
5330,florissant,florissant,ADJ,B2,1.2133,1.174,0.29394,floʁisɑ̃,fleur,0-1-2,/fl(eu)/or.iss.ant,兴盛；昌明,target_content_with_gloss,0.769972,1
8818,objection,objection,NOM,B2,1.2133,21.041,3.53797,ɔbʒɛksjɔ̃,objet,1-1-1,_ob/{ject}.ion,二话；别论,target_content_with_gloss,0.769972,1
9246,parlementaire,parlementaire,NOM,B2,1.2133,0.449,0.33987,paʁləmɑ̃tɛʁ,parler,0-1-2,/parl(er).ement.aire,议员,target_content_with_gloss,0.769972,1
9836,pomper,pomper,VER,B2,1.2133,4.845,3.52572,pɔ̃pe,pompe,0-1-1,/pomp(e).er,唧；抽,target_content_with_gloss,0.769972,1
11560,rétif,rétif,ADJ,B2,1.2133,0.165,0.02756,ʁetif,rétif,0-1-0,/rétif,拗,target_content_with_gloss,0.769972,1
11564,rétribution,rétribution,NOM,B2,1.2133,0.437,0.17759,ʁetʁibysjɔ̃,tribut,1-1-1,_ré/tribu(t).ion,回馈,target_content_with_gloss,0.769972,1
11969,simplifier,simplifier,VER,B2,1.2133,3.171,0.60012,sɛ̃plifje,simple,0-1-2,/simpl(e).ifi.er,简化；简单化,target_content_with_gloss,0.769972,1
13066,traumatisme,traumatisme,NOM,B2,1.2133,9.639,3.30527,tʁomatizm,traumatisme,0-1-1,/traumat(isme).isme,创伤；外伤,target_content_with_gloss,0.769972,1
13826,éclaircir,éclaircir,VER,B2,1.2108,7.604,1.86314,eklɛʁsiʁ,éclair,0-1-1,/éclair[c].ir,澄清,target_content_with_gloss,0.76992,1
9797,poli,poli,ADJ,B2,1.2055,5.149,3.5594,poli,polir,0-1-1,/pol(ir).i,光泽；光滑,target_content_with_gloss,0.76981,1
12024,sociologue,sociologue,NOM,B2,29.2876,0.253,0.0643,sosjolɔg,,1-0-1,_socio.logue,社会学家,target_content_with_gloss,0.769744,1
1278,baril,baril,NOM,B2,1.2004,4.421,0.84966,baʁil,baril,0-1-0,/baril,木桶,target_content_with_gloss,0.769704,1
5327,floral,floral,ADJ,B2,1.2004,0.959,0.14391,floʁal,fleur,0-1-1,/fl(eu)/or.al,花香,target_content_with_gloss,0.769704,1
5623,fève,fève,NOM,B2,1.2004,0.763,0.19749,fɛv,fève,0-1-0,/fève,蚕豆；豆子,target_content_with_gloss,0.769704,1
6781,inhiber,inhiber,VER,B2,1.2004,0.544,0.07655,inibe,{hib},1-1-1,_in/{hib}.er,阻抑,target_content_with_gloss,0.769704,1
7550,loterie,loterie,NOM,B2,1.1997,5.579,1.4008,lɔtəʁi,lot,0-1-1,/lot.erie,开奖；抽奖,target_content_with_gloss,0.76969,1
13091,tremblement,tremblement,NOM,B2,1.1997,7.487,1.609,tʁɑ̃bləmɑ̃,trembler,0-1-1,/trembl(er).ement,颤动,target_content_with_gloss,0.76969,1
2780,comptable,comptable,ADJ,B2,1.1967,3.506,2.90416,kɔ̃tabl,compter,0-1-1,/compt(er).able,会计；会计人员,target_content_with_gloss,0.769627,1
4131,décéder,décéder,VER,B2,1.1956,12.127,3.50122,desede,céder,1-1-1,_dé/{ced/(ss)}.er,上山；去世,target_content_with_gloss,0.769604,1
9021,originel,originel,ADJ,B2,1.1943,2.481,0.52817,oʁiʒinɛl,origine,0-1-1,/origin(e).el,原先；原初,target_content_with_gloss,0.769577,1
93,accomplissement,accomplissement,NOM,B2,1.1907,1.911,0.68892,akɔ̃plisəmɑ̃,complet,1-1-2,_a(d)c/compl(et).iss.ement,造,target_content_with_gloss,0.769502,1
3680,diagnostic,diagnostic,NOM,B2,1.1907,8.38,2.76791,djagnostik,gnose,1-1-1,_dia/gnos(e).tic,诊断,target_content_with_gloss,0.769502,1
13042,transiter,transiter,VER,B2,1.1907,0.699,0.09032,tʁɑ̃zite,transit,0-1-1,/transit.er,过境；过渡,target_content_with_gloss,0.769502,1
10592,rabais,rabais,NOM,B2,1.1885,2.256,0.95224,ʁabɛ,bas,1-1-0,_r(e)/abais(ser),折扣,target_content_with_gloss,0.769456,1
646,anéantir,anéantir,VER,B2,1.1838,14.547,2.20453,aneɑ̃tiʁ,néant,1-1-1,_a(d)/néant.ir,歼灭；毁灭,target_content_with_gloss,0.769357,1
3848,divertissant,divertissant,ADJ,B2,1.1807,1.62,0.58634,divɛʁtisɑ̃,vers,1-1-2,_di/ver(s)/t.iss.ant,笑料百出,target_content_with_gloss,0.769292,1
10240,provocation,provocation,NOM,B2,1.1807,2.509,0.84966,pʁovokasjɔ̃,vocation,1-1-1,_pro/voc(ation).ation,挑拨；教唆,target_content_with_gloss,0.769292,1
14152,étirer,étirer,VER,B2,1.1799,3.987,0.60931,etiʁe,tirer,1-1-1,_é/tir(er).er,伸长；懒腰,target_content_with_gloss,0.769276,1
12572,sécheresse,sécheresse,NOM,B2,1.1731,0.13,0.69504,seʃəʁɛs,sec,0-1-1,/sec[h].eresse,天旱；干旱,target_content_with_gloss,0.769133,1
5433,fossile,fossile,NOM,B2,1.173,1.614,0.38579,fosil,fosse,0-1-1,/foss(e).ile,化石,target_content_with_gloss,0.76913,1
11397,récupération,récupération,NOM,B2,1.173,3.019,1.13595,ʁekypeʁasjɔ̃,récupérer,0-1-1,/récupér(er).ation,中兴,target_content_with_gloss,0.76913,1
14088,épuration,épuration,NOM,B2,1.173,0.475,0.16993,epyʁasjɔ̃,pur,1-1-1,_é/pur.ation,升华；清洁,target_content_with_gloss,0.76913,1
7658,mac,mac,NOM,B1,3.5215,7.674,3.51041,mak,,0-1-0,/mac(/quereau)§Macintosh,三七仔,target_content_with_gloss,0.769075,1
3690,dictature,dictature,NOM,B2,1.1602,1.959,0.55879,diktatyʁ,dict(er),0-1-1,/dict(er)/a.ture,专制；专政,target_content_with_gloss,0.76886,1
4464,dévaster,dévaster,VER,B2,1.1602,4.484,1.07471,devaste,vaste,1-1-1,_dé/vast(e).er,摧残,target_content_with_gloss,0.76886,1
4624,encombrement,encombrement,NOM,B2,1.1602,0.174,0.05358,ɑ̃kɔ̃bʁəmɑ̃,encombrer,0-1-1,/encombr(er).ement,容积,target_content_with_gloss,0.76886,1
9221,parenté,parenté,NOM,B2,1.1602,1.741,0.61849,paʁɑ̃te,parent,0-1-1,/parent.é,亲属；亲眷,target_content_with_gloss,0.76886,1
74,acceptable,acceptable,ADJ,B2,1.1544,5.06,1.91672,aksɛptabl,{cept},1-1-1,_a(d)/c/{cept}.able,即可；可以,target_content_with_gloss,0.768737,1
12324,stupéfiant,stupéfiant,NOM,B2,1.1544,2.75,1.35946,stypefjɑ̃,stupeur,0-1-2,/stup(eur).éfi.ant,了不起；惊爆,target_content_with_gloss,0.768737,1
5077,faillite,faillite,NOM,B2,1.1482,8.032,2.797,fajit,faillir,0-1-1,/faill(ir).ité,崩盘,target_content_with_gloss,0.768605,1
6315,hâter,hâter,VER,B2,1.1476,3.133,12.03766,ate,hâte,0-1-1,/hât(e).er,加快,target_content_with_gloss,0.768592,1
4780,enviable,enviable,ADJ,B2,1.1456,0.37,0.16228,ɑ̃vjabl,envie,0-1-1,/envi(e).able,骄人,target_content_with_gloss,0.76855,1
10475,pénaliser,pénaliser,VER,B2,1.1455,0.753,0.09032,penalize,peine,0-1-2,/pénal.is.er,判罚；惩处,target_content_with_gloss,0.768547,1
1317,bateau-mouche,bateau-mouche,NOM,B2,1.1401,0.073,0.02756,batomuʃ,bateau,0-2-0,/bateau/mouche,游船,target_content_with_gloss,0.768432,1
1733,brusque,brusque,ADJ,B2,1.1372,2.842,1.03644,bʁysk,brusque,0-1-0,/brusqu(e),粗莽,target_content_with_gloss,0.76837,1
7945,maturité,maturité,NOM,B2,1.134,2.551,1.10533,matyʁite,maturer/mûrir,0-1-1,/matur(er).ité,火候,target_content_with_gloss,0.768301,1
11607,rôder,rôder,VER,B2,1.134,5.516,0.81139,ʁode,rôder,0-1-1,/rôd(er).er,闲逛,target_content_with_gloss,0.768301,1
8897,officier,officier,VER,B2,1.1293,8.649,12.63625,ofisje,office,0-1-1,/offici(er).er,军官；统领,target_content_with_gloss,0.7682,1
12190,souterrain,souterrain,NOM,B2,1.1225,1.155,1.13442,sutɛʁɛ̃,terre,1-1-1,_sou(s)/terr(e).ain,地下；地底,target_content_with_gloss,0.768054,1
4534,emblème,emblème,NOM,B2,1.1175,1.484,0.51898,ɑ̃blɛm,{blèm(e)},1-1-0,_em/{blèm(e)},象徵,target_content_with_gloss,0.767946,1
5546,froisser,froisser,VER,B2,1.1157,2.889,0.50674,fʁwase,froisser,0-1-1,/froiss(er).er,不快,target_content_with_gloss,0.767907,1
7745,malentendu,malentendu,NOM,B2,1.1151,12.465,4.67391,malɑ̃tɑ̃dy,mal,0-2-0,/mal/entendu,口舌；揪错,target_content_with_gloss,0.767894,1
11020,repli,repli,NOM,B2,1.1151,1.994,0.594,ʁəpli,pli,1-1-0,_re/pli,襞,target_content_with_gloss,0.767894,1
3742,diplomatie,diplomatie,NOM,B2,1.1145,2.073,0.81598,diplomasi,diplôme,0-1-1,/diplôm(e).atie,外交,target_content_with_gloss,0.767881,1
13063,traquer,traquer,VER,B2,1.114,20.475,3.02817,tʁake,traquer,0-1-1,/traqu(er).er,追寻,target_content_with_gloss,0.76787,1
12669,tangible,tangible,ADJ,B2,1.1126,1.902,0.56185,tɑ̃ʒibl,tangent,0-1-1,/tang(ent).ible,可触；摸得着,target_content_with_gloss,0.76784,1
12279,statut,statut,NOM,B2,28.0446,10.218,3.69871,staty,,0-1-0,/§status§,工作范围；章程,target_content_with_gloss,0.767826,1
480,amer,amer,ADJ,B2,1.11,7.117,1.74066,amɛʁ,amer,0-1-0,/amer,惨烈,target_content_with_gloss,0.767784,1
12907,tonnerre,tonnerre,NOM,B2,1.11,7.535,2.84446,tonɛʁ,tonner,0-1-1,/tonn(er).erre,迅雷；雷击,target_content_with_gloss,0.767784,1
9494,pesticide,pesticide,NOM,B2,1.1057,1.316,0.30772,pɛstisid,peste,0-1-1,/pest(e).icide,农药；杀虫剂,target_content_with_gloss,0.76769,1
11581,révision,révision,NOM,B2,1.1056,3.073,0.88181,ʁevizjɔ̃,viser,1-1-1,_ré/vis(er).ion,复习；大修,target_content_with_gloss,0.767688,1
8322,moto,moto,NOM,B1,3.3863,22.718,4.1932,moto,,0-1-0,/moto(cyclette),摩托；摩托车,target_content_with_gloss,0.767685,1
1527,bonne,bonne,NOM,B2,1.1007,62.136,85.76546,bɔn,bon,0-1-1,/bon[n].e,保姆；女佣,target_content_with_gloss,0.767581,1
5174,fente,fente,NOM,B2,1.0973,2.161,0.6338,fɑ̃t,fendre,0-1-1,/fen(dre).te,切口；夹缝,target_content_with_gloss,0.767507,1
5813,golf,golf,NOM,B1,3.3678,18.829,5.16687,gɔlf,,0-1-0,/§golf§,高尔夫；高尔夫球,target_content_with_gloss,0.767492,1
8970,oral,oral,ADJ,B2,1.0966,2.589,0.64452,oʁal,oral,0-1-1,/or(al).al,口头,target_content_with_gloss,0.767492,1
9897,positionner,positionner,VER,B2,1.0966,2.396,0.30618,pozisjone,position,0-1-1,/position[n].er,位列,target_content_with_gloss,0.767492,1
7365,lavabo,lavabo,NOM,B1,3.3642,2.636,0.85119,lavabo,,0-1-0,/§lavabo§,水池；水箱,target_content_with_gloss,0.767454,1
10284,prédiction,prédiction,NOM,B2,1.0898,2.361,0.43478,pʁediksjɔ̃,dire,1-1-1,_pré/di(re)[ct].ion,预估,target_content_with_gloss,0.767343,1
5221,ficher,ficher,VER,B2,1.0892,99.035,23.3466,fiʃe,ficher,0-1-1,/fich(er).er,嵌入,target_content_with_gloss,0.76733,1
13290,uni,uni,ADJ,B1,3.3488,11.0,3.48132,yni,,1-0-0,_uni,平坦；平整,target_content_with_gloss,0.767292,1
3647,dessus,dessus,NOM,B2,1.0863,68.396,50.28016,dəsy,sus/sur,1-1-0,_dés/sus,上边；上面,target_content_with_gloss,0.767266,1
8350,moutarde,moutarde,NOM,B2,1.0856,3.794,1.66718,mutaʁd,moût,0-1-1,/mo(û/u)t.arde,芥；葑,target_content_with_gloss,0.767251,1
11208,robinet,robinet,NOM,B2,1.0847,4.899,1.50796,ʁobinɛ,robe,0-1-2,/rob(e).in.et,放的水；水龙头,target_content_with_gloss,0.767231,1
9409,penseur,penseur,NOM,B2,1.0839,1.332,0.34293,pɑ̃sœʁ,penser,0-1-1,/pens(er).eur,思想家；沉思者,target_content_with_gloss,0.767214,1
2700,communiqué,communiqué,NOM,B2,1.0806,4.104,1.9902,komynike,unique,1-1-1,_com[m]/uniqu(e).é,公报,target_content_with_gloss,0.767141,1
13546,vigilant,vigilant,ADJ,B2,1.0806,4.563,0.91855,viʒilɑ̃,vigile,0-1-1,/vigil(e).ant,提防；机警,target_content_with_gloss,0.767141,1
6271,humidité,humidité,NOM,B2,1.0775,3.358,1.34262,ymidite,humide,0-1-1,/humid(e).ité,湿度；潮气,target_content_with_gloss,0.767073,1
7612,lys,lys,NOM,B2,1.07,1.655,0.59247,lis,lis,0-1-0,/lys,莉丝,target_content_with_gloss,0.766907,1
8671,noircir,noircir,VER,B2,1.0687,1.32,0.17606,nwaʁsiʁ,noir,0-1-1,/noir[c].ir,黩,target_content_with_gloss,0.766879,1
12733,tempe,tempe,NOM,B2,1.0607,3.111,1.07471,tɑ̃p,tempe,0-1-0,/tempe,太阳穴,target_content_with_gloss,0.766701,1
10970,renfermer,renfermer,VER,B2,1.0588,2.899,0.57257,ʁɑ̃fɛʁme,fermer,1-1-1,_re/ferm(er).er,蕴藏,target_content_with_gloss,0.766659,1
9270,parti,parti,ADJ,B2,1.057,15.18,55.27557,paʁti,part,0-1-1,/part(ir).i,党派,target_content_with_gloss,0.766619,1
1953,capitaliste,capitaliste,ADJ,B2,1.0479,1.275,0.55726,kapitalist,capital,0-1-1,/capital.iste,财主；资本家,target_content_with_gloss,0.766416,1
2473,clarté,clarté,NOM,B2,1.0475,2.595,1.05787,klaʁte,clair,0-1-1,/cla(i)r.té,光明；清晰度,target_content_with_gloss,0.766407,1
150,actif,actif,NOM,B2,1.0473,3.282,2.86742,aktif,acte,0-1-1,/act(e).if,从业；劳动人民,target_content_with_gloss,0.766403,1
8706,normal,normal,NOM,B2,1.0443,5.655,26.40692,nɔʁmal,norme,0-1-1,/norm(e).al,对头；普通,target_content_with_gloss,0.766335,1
2320,chiper,chiper,VER,B2,1.0388,0.927,0.14085,ʃipe,chiper/pie,0-1-1,/chip(er).er,偷,target_content_with_gloss,0.766212,1
8984,ordinaire,ordinaire,NOM,B2,1.0382,4.174,7.06522,ɔʁdinɛʁ,ordre,0-1-2,/ord(re).in.aire,一般；中常,target_content_with_gloss,0.766199,1
6038,géométrique,géométrique,ADJ,B2,1.0381,0.532,0.12707,ʒeometʁik,mètre,1-1-1,_géo/mètr(e).ique,等比,target_content_with_gloss,0.766196,1
6977,intestin,intestin,NOM,B2,1.0379,5.44,1.2278,ɛ̃tɛstɛ̃,intestin,0-1-0,/intestin,肠管；肠道,target_content_with_gloss,0.766192,1
9833,pommier,pommier,NOM,B2,1.037,1.047,0.22198,pomje,pomme,0-1-1,/pomm(e).ier,苹果树,target_content_with_gloss,0.766172,1
4646,endurance,endurance,NOM,B2,1.035,2.104,0.87722,ɑ̃dyʁɑ̃s,dur,1-1-1,_en/dur.ance,体能；后劲,target_content_with_gloss,0.766127,1
8889,offense,offense,NOM,B2,1.0342,3.826,1.49878,ofɑ̃s,offenser,0-1-1,/offens(er).e,犯罪；罪愆,target_content_with_gloss,0.766109,1
156,activer,activer,VER,B2,1.0334,17.06,3.18585,aktive,acte,0-1-1,/acti(f)/v.er,加快；加紧,target_content_with_gloss,0.766091,1
5626,fécondation,fécondation,NOM,B2,1.0322,0.478,0.18983,fekɔ̃dasjɔ̃,fécond,0-1-1,/fécond.ation,授精,target_content_with_gloss,0.766064,1
982,attester,attester,VER,B2,1.0311,2.06,0.297,atɛste,test,1-1-1,_a(d)/test.er,证,target_content_with_gloss,0.766039,1
4706,enrouler,enrouler,VER,B2,1.0299,4.171,0.49296,ɑ̃ʁule,rouler,1-1-1,_en/roul(er).er,打滚；缭绕,target_content_with_gloss,0.766012,1
5760,gentiment,gentiment,ADV,B2,1.029,10.101,4.41059,ʒɑ̃timɑ̃,gent,0-1-1,/genti(l).ment,和悦；温润,target_content_with_gloss,0.765992,1
3100,contribuable,contribuable,NOM,B2,1.0255,2.614,0.62921,kɔ̃tʁibɥabl,contribuer,0-1-1,/contribu(er).able,纳税人,target_content_with_gloss,0.765912,1
2348,christianisme,christianisme,NOM,B2,1.0245,1.212,0.37508,kʁistjanizm,Christ,0-1-2,/Christ.ian.isme,基督教,target_content_with_gloss,0.76589,1
2494,cligner,cligner,VER,B2,1.0231,4.032,0.46693,kliɲe,cligner,0-1-1,/clign(er).er,眯,target_content_with_gloss,0.765858,1
9600,pinceau,pinceau,NOM,B2,1.0226,3.139,0.67361,pɛ̃so,pénis,0-1-0,/pinceau,刷子；画笔,target_content_with_gloss,0.765847,1
2094,cavalerie,cavalerie,NOM,B2,1.0221,5.513,1.68555,kavaləʁi,cheval,0-1-2,/caval(e).er.ie,马队；骑兵,target_content_with_gloss,0.765836,1
9394,pelouse,pelouse,NOM,B2,1.0221,6.519,2.19075,pəluz,pelouse,0-1-0,/pelouse,草地；草坪,target_content_with_gloss,0.765836,1
12972,toutou,toutou,NOM,B2,1.0206,4.753,1.36252,tutu,tout,0-1-0,/toutou,走狗,target_content_with_gloss,0.765802,1
11238,romantisme,romantisme,NOM,B2,1.0198,2.282,0.84201,ʁomɑ̃tizm,Rome,0-1-1,/roman[t].isme,浪漫主义,target_content_with_gloss,0.765783,1
2529,clouer,clouer,VER,B2,1.0194,5.241,0.9308,klue,clou,0-1-1,/clou.er,楔；钉,target_content_with_gloss,0.765774,1
10493,péril,péril,NOM,B2,1.0191,6.468,2.3071,peʁil,péril,0-1-0,/péril,危险；险情,target_content_with_gloss,0.765768,1
12366,successeur,successeur,NOM,B2,1.0176,2.902,0.96295,syksesœʁ,céder,1-1-1,_su(b)/c/{ce(d)/ss}.seur,接棒人；接班人,target_content_with_gloss,0.765734,1
7586,luminosité,luminosité,NOM,B2,1.0174,0.503,0.21127,lyminozite,lumière,0-1-1,/lum(e/i)n.osité,亮度,target_content_with_gloss,0.765729,1
3465,culpabiliser,culpabiliser,VER,B2,1.0158,6.335,1.17116,kylpabilize,coupable,0-1-2,/culpabil(ité).is.er,自责,target_content_with_gloss,0.765693,1
13421,veilleur,veilleur,NOM,B2,1.0156,2.991,0.61084,vɛjœʁ,veille,0-1-1,/veill(e).eur,守护者；看守者,target_content_with_gloss,0.765688,1
7493,lièvre,lièvre,NOM,B2,1.0142,2.291,0.54807,ljɛvʁ,lièvre,0-1-0,/lièvre,野兔,target_content_with_gloss,0.765656,1
440,alpiniste,alpiniste,NOM,B2,1.0141,0.763,0.13625,alpinist,Alpes,0-1-2,/alp(e).in.iste,攀山家,target_content_with_gloss,0.765654,1
5471,fraction,fraction,NOM,B2,1.0141,2.193,0.76087,fʁaksjɔ̃,fraction,0-1-1,/fract(ion).ion,分数；分毫,target_content_with_gloss,0.765654,1
3318,cramponner,cramponner,VER,B2,1.0134,1.297,0.20821,kʁɑ̃pone,crampe,0-1-2,/cramp(e).on[n].er,绑住,target_content_with_gloss,0.765638,1
11044,repère,repère,NOM,B2,1.0134,4.285,2.04991,ʁəpɛʁ,repère,0-1-1,/repèr(e).e,窝子,target_content_with_gloss,0.765638,1
13794,éboueur,éboueur,NOM,B2,1.0134,2.063,0.36742,ebwœʁ,boue,1-1-1,_é/bou(e).eur,清洁工,target_content_with_gloss,0.765638,1
5086,fait,fait,ADJ,B2,1.0122,66.975,99.11359,fɛ,faire,0-1-1,/fai(re).t,事实；功绩,target_content_with_gloss,0.765611,1
4021,débiteur,débiteur,ADJ,B2,1.0113,0.127,0.1684,debitœʁ,débit,0-1-1,/débit.eur,债务人；债户,target_content_with_gloss,0.76559,1
7351,largeur,largeur,NOM,B2,1.0113,1.351,0.55573,laʁʒœʁ,large,0-1-1,/larg(e).eur,宽度,target_content_with_gloss,0.76559,1
741,arbitraire,arbitraire,ADJ,B2,1.0112,1.215,0.44091,aʁbitʁɛʁ,arbitre,0-1-1,/arbitr(e).aire,专制；擅断,target_content_with_gloss,0.765588,1
2100,caverne,caverne,NOM,B2,1.0101,6.525,1.00276,kavɛʁn,cave,0-1-1,/cav(e).erne,山洞；洞穴,target_content_with_gloss,0.765563,1
5447,foulard,foulard,NOM,B2,1.0096,3.734,1.00276,fulaʁ,fouler,0-1-1,/foul(er).ard,丝巾；围巾,target_content_with_gloss,0.765552,1
1371,betterave,betterave,NOM,B2,1.0089,1.639,0.30772,bɛtəʁav,b(l)ette,0-2-0,/bette/rave,菾菜,target_content_with_gloss,0.765536,1
1433,biotechnologie,biotechnologie,NOM,B2,1.0089,0.484,0.17146,bjotɛknoloʒi,technique,1-1-1,_bio/techn(ique)/o.logie,基因技术；生物技术,target_content_with_gloss,0.765536,1
9988,praticien,praticien,NOM,B2,1.0088,0.532,0.13625,pʁatisjɛ̃,pratique,0-1-1,/prati(que)/c.ien,执业,target_content_with_gloss,0.765533,1
2347,christ,christ,NOM,B2,1.0077,0.411,4.46418,kʁist,Christ,0-1-0,/Christ,基督,target_content_with_gloss,0.765508,1
5844,gouverneur,gouverneur,NOM,B2,1.0074,31.538,4.06001,guvɛʁnœʁ,gouverner,0-1-1,/gouvern(er).eur,州伯；省长,target_content_with_gloss,0.765502,1
8885,odieux,odieux,ADJ,B2,1.0074,5.421,1.65493,odjø,odieux,0-1-1,/odi(eux).eux,不像话；恶劣,target_content_with_gloss,0.765502,1
4082,déclencher,déclencher,VER,B2,1.007,25.278,3.18585,deklɑ̃ʃe,clenche,1-1-1,_dé/clench(e).er,发动；发起,target_content_with_gloss,0.765492,1
12263,stand,stand,NOM,B1,3.181,8.978,2.56736,stɑ̃d,,0-1-0,/§stand§,展台；排档,target_content_with_gloss,0.765491,1
10911,religieux,religieux,ADJ,B1,36.1397,12.415,2.75107,ʁəliʒjø,lier,1-1-1,_re/li(er)(g].ieux,,target_content_high_frequency_missing_gloss,0.765481,0
939,athlétisme,athlétisme,NOM,B2,1.0036,1.082,0.3812,atletizm,athlète,0-1-1,/athlèt(e).isme,田径；竞技,target_content_with_gloss,0.765415,1
5422,forteresse,forteresse,NOM,B2,1.0016,5.801,1.61972,fɔʁtəʁɛs,fort,0-1-1,/fort.eresse,堡垒；要塞,target_content_with_gloss,0.765369,1
9694,plasticité,plasticité,NOM,B2,1.0016,0.054,0.0199,plastisite,plastique,0-1-1,/plasti(que)/c.ité,适应性,target_content_with_gloss,0.765369,1
12067,solvant,solvant,NOM,B2,1.0016,0.623,0.15769,sɔlvɑ̃,{solv},0-1-1,/{solv}.ant,溶剂,target_content_with_gloss,0.765369,1
12259,stagiaire,stagiaire,NOM,B2,1.0016,4.608,1.33956,staʒjɛʁ,stage,0-1-1,/stag(e).iaire,实习生,target_content_with_gloss,0.765369,1
3342,criard,criard,ADJ,B2,1.0005,0.513,0.11176,kʁijaʁ,cri,0-1-1,/cri.ard,大红大绿；花哨,target_content_with_gloss,0.765344,1
7467,liseré,liseré,NOM,B2,0.9985,0.035,0.01684,lizəʁe,lisière,0-1-1,/lis(ière).éré,滚边；花边,target_content_with_gloss,0.765298,1
1302,basculer,basculer,VER,B2,0.9983,3.785,0.71341,baskyle,bas,0-2-1,/bas(se)/cul.er,切换；割接,target_content_with_gloss,0.765294,1
7646,léguer,léguer,VER,B2,0.9976,4.943,0.77312,lege,léguer,0-1-1,/légu(er).er,遗留,target_content_with_gloss,0.765277,1
13878,écumer,écumer,VER,B2,0.9963,0.756,0.50214,ekyme,écume,0-1-1,/écum(e).er,撇掉；点水,target_content_with_gloss,0.765248,1
3529,césar,césar,NOM,B2,0.9956,0.203,1.40386,sezaʁ,César,0-1-0,/César,凯撒,target_content_with_gloss,0.765232,1
4519,ellipse,ellipse,NOM,B2,0.9943,0.285,0.07808,elips,ellipse,0-1-1,/ellips(e).e,椭圆；椭圆形,target_content_with_gloss,0.765202,1
7226,juif,juif,ADJ,B2,0.9943,18.025,3.60686,ʒɥif,juif,0-1-0,/juif,犹太；犹太人,target_content_with_gloss,0.765202,1
22,abonner,abonner,VER,B2,0.9932,1.244,0.3812,abone,borne!!,0-1-1,/abonn(er).er,订购；认购,target_content_with_gloss,0.765177,1
6327,hémisphère,hémisphère,NOM,B2,0.9932,1.5,0.49908,emisfɛʁ,spère,1-1-0,_hemi/sphère,半球,target_content_with_gloss,0.765177,1
11218,rocher,rocher,VER,B2,0.9911,0.149,2.5,ʁoʃe,roc,0-1-1,/roch(e).er,石块,target_content_with_gloss,0.765128,1
14070,épopée,épopée,NOM,B2,0.99,0.671,0.24342,epope,épopée,0-1-0,/épopée,史诗,target_content_with_gloss,0.765103,1
3693,dicton,dicton,NOM,B2,0.9888,3.092,1.2278,diktɔ̃,dict(er),0-1-1,/dict(er).on,俗语；俗谚,target_content_with_gloss,0.765075,1
8576,narine,narine,NOM,B2,0.9885,1.937,0.65524,naʁin,narine,0-1-0,/narine,鼻孔,target_content_with_gloss,0.765068,1
11610,rôtir,rôtir,VER,B2,0.9864,2.459,1.91672,ʁotiʁ,rôtir,0-1-1,/rôt(ir),灴；炕,target_content_with_gloss,0.76502,1
2965,consister,consister,VER,B1,35.7476,7.924,2.59339,kɔ̃siste,{sister},1-1-1,_con/{sist(er)}.er,,target_content_high_frequency_missing_gloss,0.764995,0
2084,catégorique,catégorique,ADJ,B2,0.9843,1.278,0.52664,kategoʁik,catégorie,0-1-1,/catégor(ie).ique,断然；纯属,target_content_with_gloss,0.764972,1
2517,clocher,clocher,NOM,B2,0.9828,1.487,0.55419,kloʃe,cloche,0-1-1,/cloch(e).er,钟楼,target_content_with_gloss,0.764937,1
10760,rayonner,rayonner,VER,B2,0.9824,2.193,0.35364,ʁɛjone,rai,0-1-2,/ra(i)/y.on[n].er,发亮；发光,target_content_with_gloss,0.764928,1
14080,éprendre,éprendre,VER,B2,0.9819,2.06,0.55879,epʁɑ̃dʁ,prendre,1-1-1,_é/prend(re).re,爱上；迷恋,target_content_with_gloss,0.764916,1
7485,livide,livide,ADJ,B2,0.9814,0.465,0.17299,livid,livide,0-1-1,/livid(e).e,苍白；铁青,target_content_with_gloss,0.764905,1
369,alarmer,alarmer,VER,B2,0.9811,2.288,6.57379,alaʁme,arme,0-1-1,/alarm(e).er,惊动,target_content_with_gloss,0.764898,1
5777,girofle,girofle,NOM,B2,0.9811,0.354,0.13625,ʒiʁɔfl,girofle,0-1-1,/girofl(e).e,丁香,target_content_with_gloss,0.764898,1
5396,forcé,forcé,ADJ,B2,0.98,4.291,9.07838,fɔʁse,forcer,0-1-1,/forc(er).é,倒逼；牵强,target_content_with_gloss,0.764872,1
7929,maternité,maternité,NOM,B2,0.978,3.858,1.41917,matɛʁnite,§mater§/mère,0-1-1,/mater[n].ité,母性,target_content_with_gloss,0.764826,1
6076,hall,hall,NOM,B1,3.1204,12.5,6.45438,ol,,0-1-0,/§hall§,厅堂；大厅,target_content_with_gloss,0.764823,1
10467,pédaler,pédaler,VER,B2,0.9778,1.497,1.56001,pedale,pied,0-1-2,/p(i)ed.al.er,蹬,target_content_with_gloss,0.764821,1
12476,surnom,surnom,NOM,B2,0.9769,11.908,3.85334,syʁnɔ̃,nom,1-1-0,_sur/nom,别名；外号,target_content_with_gloss,0.764801,1
2443,citadin,citadin,NOM,B1,3.1082,1.263,0.30159,sitadɛ̃,,0-1-0,/§citadin§,城市居民；市民,target_content_with_gloss,0.764687,1
6440,immortalité,immortalité,NOM,B2,0.9711,3.013,0.99969,imɔʁtalite,mort,1-1-1,_i(n)/m/mort(e/a)l.ité,不死；长生,target_content_with_gloss,0.764666,1
5356,foin,foin,NOM,B2,0.9683,5.68,1.91825,fwɛ̃,foin,0-1-0,/foin,刍；茭,target_content_with_gloss,0.764601,1
5441,fouetter,fouetter,VER,B2,0.9683,6.991,1.07777,fwete,fouet,0-1-1,/fouet[t].er,击打；扬鞭,target_content_with_gloss,0.764601,1
9380,peigne,peigne,NOM,B2,0.9681,4.816,2.01317,pɛɲ,peigne,0-1-1,/peign(e).e,梳子,target_content_with_gloss,0.764596,1
3141,coordonner,coordonner,VER,B2,0.964,3.563,4.05848,koɔʁdone,ordonner,1-1-1,_co/ordonn(er).er,协调；照应,target_content_with_gloss,0.764501,1
9955,pourpoint,pourpoint,NOM,B2,0.9636,0.146,0.04593,puʁpwɛ̃,pour,0-2-0,/pour/point,马甲,target_content_with_gloss,0.764492,1
6086,hanche,hanche,NOM,B2,0.9621,9.383,1.88916,ɑ̃ʃ,hanche,0-1-0,/hanche,胯,target_content_with_gloss,0.764457,1
426,allusion,allusion,NOM,B2,0.9619,5.089,1.81874,alyzjɔ̃,ludique,1-1-0,_a(d)l/{lus},寓意,target_content_with_gloss,0.764452,1
9932,potier,potier,NOM,B2,0.9609,0.266,0.08879,potje,pot,0-1-1,/pot.ier,瓬,target_content_with_gloss,0.764429,1
9763,poignard,poignard,NOM,B2,0.9608,5.092,1.24464,pwaɲaʁ,poing,0-1-1,/poign(e).ard,尖刀；钢枪,target_content_with_gloss,0.764426,1
9052,ouest,ouest,ADJ,B1,3.0848,10.835,10.93693,wɛst,,0-1-0,/§ouest§,西方；西面,target_content_with_gloss,0.764425,1
5536,frisé,frisé,ADJ,B2,0.96,1.804,0.41029,fʁize,friser,0-1-1,/fris(er).é,虬；鬈,target_content_with_gloss,0.764408,1
5721,gaspiller,gaspiller,VER,B2,0.9589,12.579,1.99786,gaspije,gaspiller,0-1-1,/gaspill(er).er,挥霍浪费；浪费,target_content_with_gloss,0.764382,1
1944,cape,cape,NOM,B2,0.9581,7.31,1.94581,kap,cape,0-1-0,/cape,披肩；披风,target_content_with_gloss,0.764363,1
4521,emballer,emballer,VER,B2,0.9563,22.633,2.7771,ɑ̃bale,balle,1-1-1,_em/ball(e).er,包扎；封装,target_content_with_gloss,0.764321,1
6729,infiltrer,infiltrer,VER,B2,0.9563,14.313,2.0943,ɛ̃filtʁe,filtre,1-1-1,_in/filtr(e).er,混进；渗入,target_content_with_gloss,0.764321,1
10076,proclamer,proclamer,VER,B2,0.9523,3.472,0.41794,pʁoklame,clamer,1-1-1,_pro/clam(er).er,宣告；宣布,target_content_with_gloss,0.764227,1
9162,paquebot,paquebot,NOM,B1,3.0625,0.978,0.28475,pakəbo,,0-1-0,/§paquebot§,班轮；轮船,target_content_with_gloss,0.764175,1
11167,ride,ride,NOM,B2,0.9444,3.687,0.94305,ʁid,rider,0-1-1,/rid(er).e,波纹；皱纹,target_content_with_gloss,0.764042,1
2720,compartiment,compartiment,NOM,B2,0.9442,3.937,0.95377,kɔ̃paʁtimɑ̃,part,1-1-1,_com/part.iment,包房；包间,target_content_with_gloss,0.764037,1
14149,étinceler,étinceler,VER,B2,0.944,0.769,1.59216,etɛ̃səle,étincelle,0-1-1,/étincel(le).er,闪烁；闪耀,target_content_with_gloss,0.764032,1
107,accroissement,accroissement,NOM,B2,0.9426,0.313,0.13931,akʁwasəmɑ̃,croître,1-1-2,_a(d)c/croî(tre).ss.ement,增加,target_content_with_gloss,0.763999,1
12599,sénateur,sénateur,NOM,B2,0.9426,20.677,3.29302,senatœʁ,sénat,0-1-1,/sénat.eur,参议员,target_content_with_gloss,0.763999,1
14075,épouvantable,épouvantable,ADJ,B2,0.942,6.62,2.44029,epuvɑ̃tabl,épouvante,0-1-1,/épouvant(e).able,森然,target_content_with_gloss,0.763985,1
3359,cristal,cristal,NOM,B2,0.9385,11.196,2.34691,kʁistal,cristal,0-1-0,/cristal,明澈；晶体,target_content_with_gloss,0.763903,1
5462,fournisseur,fournisseur,NOM,B2,0.9385,6.69,1.68402,fuʁnisœʁ,fournir,0-1-2,/fourn(ir).iss.eur,供应商；供货商,target_content_with_gloss,0.763903,1
5641,féminiser,féminiser,VER,B2,0.9385,0.051,0.00459,feminize,femme,0-1-2,/féminin.is.er,女性化,target_content_with_gloss,0.763903,1
11091,restriction,restriction,NOM,B2,0.9385,3.399,0.82823,ʁɛstʁiksjɔ̃,restreindre,0-1-2,/restr(eindre).ic.tion,禁制,target_content_with_gloss,0.763903,1
7698,maigre,maigre,NOM,B2,0.9301,1.0,2.97612,mɛgʁ,maigre,0-1-1,/maigr(e).e,单薄；微薄,target_content_with_gloss,0.763704,1
10808,reconversion,reconversion,NOM,B2,0.9244,0.266,0.11635,ʁəkɔ̃vɛʁsjɔ̃,convertir,1-1-1,_re/conver(tir)/s.ion,转型,target_content_with_gloss,0.763568,1
14023,énumérer,énumérer,VER,B2,0.9238,0.81,0.16075,enymeʁe,nombre,1-1-1,_é/numération.er,列举；数一数二,target_content_with_gloss,0.763554,1
2887,confluent,confluent,NOM,B2,0.9209,0.06,0.02603,kɔ̃flyɑ̃,flux,1-1-1,_con/flu(x).ent,交汇,target_content_with_gloss,0.763485,1
4089,décollage,décollage,NOM,B2,0.9165,5.259,1.57073,dekolaʒ,colle,1-1-1,_dé/coll(e).age,升空,target_content_with_gloss,0.76338,1
2581,coiffure,coiffure,NOM,B2,0.916,9.358,3.25781,kwafyʁ,coiffer,0-1-1,/coiff(er).ure,发型；美发,target_content_with_gloss,0.763368,1
4617,enchère,enchère,NOM,B2,0.916,11.237,2.31323,ɑ̃ʃɛʁ,cher,1-1-1,_en/cher(ir).e,出价；拍卖,target_content_with_gloss,0.763368,1
5676,galette,galette,NOM,B2,0.9159,1.345,0.26179,galɛt,galet,0-1-1,/galet.ette,烧饼,target_content_with_gloss,0.763366,1
71,accaparer,accaparer,VER,B2,0.9132,1.763,0.26944,akapaʁe,accaparer,0-1-1,/accapar(er).er,包办；独吞,target_content_with_gloss,0.763301,1
7705,main-d'oeuvre,main-d'oeuvre,NOM,B2,0.9132,1.446,0.60165,mɛ̃dœvʁ,main,0-2-0,/main/oeuvre,人力；人手,target_content_with_gloss,0.763301,1
12093,sonorité,sonorité,NOM,B2,0.9121,0.37,0.124,sonoʁite,son,0-1-2,/son.or(e).ité,音响,target_content_with_gloss,0.763275,1
4827,espionner,espionner,VER,B2,0.911,16.646,2.67453,ɛspjone,épier,0-1-2,/e[s]pi(er).on[n].er,侦探；偷窥,target_content_with_gloss,0.763249,1
11799,scrupule,scrupule,NOM,B2,0.9108,3.503,1.02113,skʁypyl,scrupule,0-1-1,/scrupul(e).e,顾忌,target_content_with_gloss,0.763244,1
3024,contemporain,contemporain,NOM,B2,0.9047,0.446,0.34752,kɔ̃tɑ̃poʁɛ̃,temps,1-1-2,_con/temp(s).or.ain,当代；现代,target_content_with_gloss,0.763097,1
3661,devancer,devancer,VER,B2,0.8982,4.278,0.55419,dəvɑ̃se,devant,0-1-1,/devan(t)/[c].er,抢先；胜过,target_content_with_gloss,0.762941,1
1220,balance,balance,NOM,B2,0.8964,8.627,7.25352,balɑ̃s,balance,0-1-0,/balance,天平；天秤,target_content_with_gloss,0.762897,1
543,ancre,ancre,NOM,B2,0.8921,3.899,1.22168,ɑ̃kʁ,ancre,0-1-0,/ancre,椗；锚,target_content_with_gloss,0.762793,1
10615,radar,radar,NOM,B2,0.8921,9.848,2.55664,ʁadaʁ,RADAR,0-1-0,/RADAR,雷达,target_content_with_gloss,0.762793,1
9351,patrimoine,patrimoine,NOM,B2,24.9984,2.047,0.78077,patʁimwan,,0-1-1,/§patri§.moine,家产；家当,target_content_with_gloss,0.762754,1
4153,défectueux,défectueux,ADJ,B2,0.8899,3.747,0.95224,defɛktɥø,{fect},1-1-1,_dé/{fect}.eux,次品；缺损,target_content_with_gloss,0.76274,1
12986,tracé,tracé,NOM,B2,0.8882,1.171,1.86467,tʁase,tracer,0-1-1,/trac(er).é,划线；绘图,target_content_with_gloss,0.762699,1
1320,battement,battement,NOM,B2,0.8858,6.582,1.3365,batəmɑ̃,battre,0-1-1,/batt(re).ement,脉动,target_content_with_gloss,0.762641,1
6066,habité,habité,ADJ,B2,0.8843,0.864,1.2079,abite,habiter,0-1-1,/habit(er).é,载人,target_content_with_gloss,0.762604,1
7131,jade,jade,NOM,B2,0.8838,1.089,0.61084,ʒad,jade 2???,0-1-0,/jade,翠玉,target_content_with_gloss,0.762592,1
13285,unanime,unanime,ADJ,B2,0.8809,1.649,0.60165,ynanim,un,0-2-1,/un/anim(é).e,一致；一面倒,target_content_with_gloss,0.762522,1
14153,étoffe,étoffe,NOM,B2,0.8792,2.31,0.87569,etɔf,étoffe,0-1-1,/étoff(er).e,料,target_content_with_gloss,0.76248,1
10742,rauque,rauque,ADJ,B2,0.8791,0.576,0.20821,ʁok,rauque,0-1-0,/rauque,嘶哑；干涩,target_content_with_gloss,0.762478,1
2441,ciseau,ciseau,NOM,B2,0.8778,8.237,2.3959,sizo,{ci(re)},0-1-1,/{ci(re)}/s.eau,錾子,target_content_with_gloss,0.762446,1
1628,bourrer,bourrer,VER,B2,0.8776,19.228,5.6981,buʁe,bourre,0-1-1,/bourr(er).er,塞,target_content_with_gloss,0.762441,1
1866,calculateur,calculateur,ADJ,B2,0.8742,0.744,0.42866,kalkylatœʁ,calcul,0-1-1,/calcul.ateur,计算计,target_content_with_gloss,0.762358,1
9781,poinçon,poinçon,NOM,B2,0.8742,0.408,0.11788,pwɛ̃sɔ̃,poinçon,0-1-0,/poinçon,划；鑯,target_content_with_gloss,0.762358,1
3803,dissocier,dissocier,VER,B2,0.8708,0.703,0.14085,disosje,social,1-1-1,_dis/soci(al).er,分化；游离,target_content_with_gloss,0.762275,1
10900,relativité,relativité,NOM,B2,0.8708,0.725,0.2572,ʁəlativite,{lat},1-1-2,_re/{lat}.iv(e).ité,相对论,target_content_with_gloss,0.762275,1
9458,persil,persil,NOM,B2,0.8671,0.858,0.28934,pɛʁsi,persil,0-1-0,/persil,欧芹；洋芫荽,target_content_with_gloss,0.762185,1
2800,con,con,NOM,B2,0.8669,71.241,21.4008,kɔ̃,con,0-1-0,/con,傻B,target_content_with_gloss,0.76218,1
1617,bourg,bourg,NOM,B2,0.8607,0.554,0.15309,buʁ,bourg,0-1-0,/bourg,城镇；市镇,target_content_with_gloss,0.762027,1
10215,protocole,protocole,NOM,B2,0.8605,16.361,4.20392,pʁotokɔl,protocole,0-1-1,/protocol(e).e,协议；礼仪,target_content_with_gloss,0.762022,1
6721,infecter,infecter,VER,B2,0.8585,11.294,1.90294,ɛ̃fɛkte,{fect},1-1-1,_in/{fect}.er,感染,target_content_with_gloss,0.761973,1
9138,pandémie,pandémie,NOM,B2,0.8585,0.528,0.1684,pɑ̃demi,épidémie,1-1-0,_pan/(épi)démie,大流行；瘟疫,target_content_with_gloss,0.761973,1
10216,prototype,prototype,NOM,B2,0.8565,4.62,1.34109,pʁototip,type,1-1-0,_proto/type,原型；样板,target_content_with_gloss,0.761924,1
3247,coupler,coupler,VER,B2,0.8534,0.832,15.45775,kuple,couple,0-1-1,/coupl(e).er,联结；联轴器,target_content_with_gloss,0.761847,1
8606,navet,navet,NOM,B2,0.8522,2.209,0.39957,navɛ,navet,0-1-0,/navet,菜头,target_content_with_gloss,0.761818,1
14104,équitation,équitation,NOM,B2,0.8509,1.218,0.47152,ekitasjɔ̃,équestre,0-1-1,/équ(estre).itation,骑马,target_content_with_gloss,0.761786,1
8611,navire,navire,NOM,B2,0.8499,30.408,4.15799,naviʁ,navire,0-1-0,/navi(re)[gu],船只,target_content_with_gloss,0.761761,1
5622,fâcheux,fâcheux,ADJ,B2,0.8482,2.472,0.73484,faʃø,fâcher,0-1-1,/fâch(er).eux,尴尬,target_content_with_gloss,0.761719,1
2468,clan,clan,NOM,B2,0.8481,18.437,2.18616,klɑ̃,clan,0-1-0,/clan,一族；大族,target_content_with_gloss,0.761716,1
5703,garderie,garderie,NOM,B2,0.8475,2.883,0.87722,gaʁdəʁi,garde,0-1-1,/gard(e).erie,保育院；托儿所,target_content_with_gloss,0.761701,1
13031,transfert,transfert,NOM,B2,0.8475,16.212,4.91886,tʁɑ̃sfɛʁ,{fer},1-1-1,_trans/{fer}.t,中转；传输,target_content_with_gloss,0.761701,1
13416,vecteur,vecteur,NOM,B2,0.8475,1.222,0.35824,vɛktœʁ,vecteur,0-1-1,/vect(eur).eur,向量；媒介,target_content_with_gloss,0.761701,1
13483,vertical,vertical,NOM,B2,0.8475,0.272,0.34446,vɛʁtikal,vertical,0-1-0,/vertical,垂直；立式,target_content_with_gloss,0.761701,1
2861,conduit,conduit,NOM,B2,0.8371,7.861,14.24372,kɔ̃dɥi,{duire},1-1-1,_con/{dui(re)}.t,导管；管路,target_content_with_gloss,0.761443,1
12368,succession,succession,NOM,B2,0.8268,3.497,1.28138,syksesjɔ̃,{ces/d},1-1-1,_su(b)/c/cé(der)/s.sion,继承；连环,target_content_with_gloss,0.761186,1
8992,ordure,ordure,NOM,B2,0.8229,26.418,4.77189,ɔʁdyʁ,ord,0-1-1,/ord.ure,杂物,target_content_with_gloss,0.761088,1
9591,pilotage,pilotage,NOM,B2,0.8229,2.668,0.88181,pilotaʒ,pilote,0-1-1,/pilot(e).age,导航,target_content_with_gloss,0.761088,1
1364,berline,berline,NOM,B2,0.8206,1.693,0.57563,bɛʁlin,Berlin,0-1-1,/Berlin.e,三厢,target_content_with_gloss,0.76103,1
3454,cuisson,cuisson,NOM,B2,0.8192,1.437,0.57869,kɥisɔ̃,cuire,0-1-1,/cui(re)/[s].on,厨艺；烧煮,target_content_with_gloss,0.760995,1
2498,climatique,climatique,ADJ,B2,23.9896,2.972,0.65677,klimatik,,0-1-1,/climat.ique,气候,target_content_with_gloss,0.760942,1
9764,poignarder,poignarder,VER,B2,0.8108,22.282,3.38794,pwaɲaʁde,poing,0-1-2,/poign(e).ard.er,击刺；揘毕,target_content_with_gloss,0.760783,1
6483,importation,importation,NOM,B2,0.8064,1.073,0.3368,ɛ̃pɔʁtasjɔ̃,porter,1-1-1,_i(n)/m/port(er).ation,进口,target_content_with_gloss,0.760672,1
13899,éduquer,éduquer,VER,B2,0.8058,6.421,1.01806,edyke,éduquer,0-1-1,/éduqu(er).er,培养；培育,target_content_with_gloss,0.760656,1
2168,chalet,chalet,NOM,B2,0.805,5.259,1.27679,ʃalɛ,chalet,0-1-0,/chalet,小木屋；山庄,target_content_with_gloss,0.760636,1
277,agacement,agacement,NOM,B2,0.8013,0.161,0.06124,agasəmɑ̃,agacer,0-1-1,/agac(er).ement,不适,target_content_with_gloss,0.760542,1
3880,dogme,dogme,NOM,B2,0.8013,0.478,0.14238,dɔgm,dogme,0-1-1,/dogm(e).e,信条；教义,target_content_with_gloss,0.760542,1
10090,producteur,producteur,ADJ,B2,0.8013,1.513,3.54409,pʁodyktœʁ,{duire},1-1-1,_pro/{duct}.eur,制作人；制片人,target_content_with_gloss,0.760542,1
13631,vociférer,vociférer,VER,B2,0.796,0.196,0.03215,vosifeʁe,voix,0-1-2,/vo(i)x/c.ifér.er,大叫,target_content_with_gloss,0.760407,1
530,analyste,analyste,NOM,B2,0.7913,3.899,0.99357,analist,analyse,1-0-2,_ana.lys(e).(i)ste,分析家；分析师,target_content_with_gloss,0.760287,1
619,anticipation,anticipation,NOM,B2,0.7913,0.68,0.30465,ɑ̃tisipasjɔ̃,{ciper},1-1-1,_anti/{ciper}.ation,预期,target_content_with_gloss,0.760287,1
711,appréhender,appréhender,VER,B2,0.7913,4.18,0.70269,apʁeɑ̃de,préhension,1-1-1,_a(d)/p/préhen(sion)/d.er,擒获,target_content_with_gloss,0.760287,1
1935,cantonner,cantonner,VER,B2,0.7913,0.725,0.06889,kɑ̃tone,chant,0-1-2,/{cant}.on[n].er,驻扎,target_content_with_gloss,0.760287,1
2704,communément,communément,ADV,B2,0.7913,0.794,0.3613,komynemɑ̃,un,1-1-2,_com[m]/un.e.ment,普遍,target_content_with_gloss,0.760287,1
2859,conducteur,conducteur,ADJ,B2,0.7913,2.478,4.58818,kɔ̃dyktœʁ,{duire},1-1-1,_con/{duct}.eur,司机；导线,target_content_with_gloss,0.760287,1
3040,continent,continent,ADJ,B2,0.7913,0.301,1.97183,kɔ̃tinɑ̃,tenir,1-1-1,_con/t(e)/in(ir).ent,大陆,target_content_with_gloss,0.760287,1
3360,cristalliser,cristalliser,VER,B2,0.7913,0.313,0.06889,kʁistalize,cristal,0-1-2,/cristal[l].is.er,凝聚；结晶,target_content_with_gloss,0.760287,1
4019,débit,débit,NOM,B2,0.7913,1.972,0.76699,debi,débit,0-1-0,/débit,流量；码率,target_content_with_gloss,0.760287,1
4371,désagrégation,désagrégation,NOM,B2,0.7913,0.047,0.0199,dezagʁegasjɔ̃,agréger,1-1-1,_dés/agrég(er).ation,分列；剥蚀,target_content_with_gloss,0.760287,1
6401,imagerie,imagerie,NOM,B2,0.7913,1.108,0.44703,imaʒəʁi,image,0-1-1,/imag(e).erie,意象,target_content_with_gloss,0.760287,1
6586,incohérence,incohérence,NOM,B2,0.7913,1.044,0.30006,ɛ̃koeʁɑ̃s,{her},2-1-1,_in_co/{her}.ence,误区,target_content_with_gloss,0.760287,1
6772,ingénierie,ingénierie,NOM,B2,0.7913,3.522,1.13595,ɛ̃ʒeniʁi,ingénier,0-1-1,/ingéni(er).erie,工学；工科,target_content_with_gloss,0.760287,1
7417,libéralisme,libéralisme,NOM,B2,0.7913,0.215,0.07808,libeʁalizm,libre,0-1-2,/libér(er).al.isme,自由主义,target_content_with_gloss,0.760287,1
8498,méli-mélo,méli-mélo,NOM,B2,0.7913,0.193,0.08114,melimelo,mêler,0-2-0,/mêl(er)/i/mêl(er)/o,全家福；大杂烩,target_content_with_gloss,0.760287,1
9487,pervertir,pervertir,VER,B2,0.7913,1.013,0.2327,pɛʁvɛʁtiʁ,pervertir,0-1-1,/pervert(ir).ir,毒害,target_content_with_gloss,0.760287,1
10294,préface,préface,NOM,B2,0.7913,0.225,0.09186,pʁefas,face,1-1-1,_pré/fac(e).e,刊首语；前言,target_content_with_gloss,0.760287,1
10311,préliminaire,préliminaire,ADJ,B2,0.7913,4.722,1.58451,pʁeliminɛʁ,{limin},1-1-1,_pré/{limin}.aire,初步,target_content_with_gloss,0.760287,1
10847,redoutable,redoutable,ADJ,B2,0.7913,4.525,1.47122,ʁədutabl,douter,1-1-1,_re/dout(er).able,可恶；威猛,target_content_with_gloss,0.760287,1
11050,requérir,requérir,VER,B2,0.7913,8.275,1.66105,ʁəkeʁiʁ,question,1-1-1,_re/quér(ir).ir,要有；需要,target_content_with_gloss,0.760287,1
11968,simplification,simplification,NOM,B2,0.7913,0.117,0.05511,sɛ̃plifikasjɔ̃,simple,0-1-2,/simpl(e).ific.ation,简单化,target_content_with_gloss,0.760287,1
12188,soustraire,soustraire,VER,B2,0.7913,1.5,0.37814,sustʁɛʁ,traire,1-1-0,_sous/traire,减；抽,target_content_with_gloss,0.760287,1
12277,statuer,statuer,VER,B2,0.7913,1.5,3.17514,statɥe,statue,0-1-1,/statu(e).er,审理,target_content_with_gloss,0.760287,1
12619,sérénité,sérénité,NOM,B2,0.7913,2.244,0.88641,seʁenite,serein,0-1-1,/sere(i)n.ité,宁静；安详,target_content_with_gloss,0.760287,1
12718,techniquement,techniquement,ADV,B2,0.7913,14.668,6.11451,tɛknikəmɑ̃,technique,0-1-1,/technique.ment,技术上,target_content_with_gloss,0.760287,1
13489,vertueux,vertueux,ADJ,B2,0.7913,2.756,0.66442,vɛʁtɥø,vertu,0-1-1,/vertu.eux,酷毙,target_content_with_gloss,0.760287,1
14004,émotionnel,émotionnel,ADJ,B2,0.7913,10.532,2.05603,emosjonɛl,mouvoir,1-1-1,_é/mot(ion)[n].el,感情上,target_content_with_gloss,0.760287,1
14038,épauler,épauler,VER,B2,0.7913,1.503,6.85242,epole,épaule,0-1-1,/épaul(e).er,翊,target_content_with_gloss,0.760287,1
8056,mi-temps,mi-temps,NOM,B1,2.7233,4.943,1.78659,mitɑ̃,,,,半场,target_content_with_gloss,0.760183,1
11396,récréation,récréation,NOM,B2,0.7858,1.987,0.75015,ʁekʁeasjɔ̃,créer,1-1-1,_ré/cré(er).ation,游乐,target_content_with_gloss,0.760146,1
5308,flash,flash,NOM,B1,2.7191,14.772,3.26546,flaʃ,,0-1-0,/§flash§,掣电,target_content_with_gloss,0.760132,1
12258,stagiaire,stagiaire,ADJ,B2,0.7841,1.408,1.33956,staʒjɛʁ,stage,0-1-1,/stag(e).iaire,实习生,target_content_with_gloss,0.760103,1
13993,émeute,émeute,NOM,B2,0.78,7.396,1.40233,emøt,mouvoir,1-1-0,_é/meute,暴动；骚乱,target_content_with_gloss,0.759998,1
6163,high-tech,high-tech,ADJ,B1,2.6822,1.047,0.46999,ajtɛk,,0-2-0,/§high§/§tech§,高新技术,target_content_with_gloss,0.759675,1
3983,duo,duo,NOM,B2,0.7634,4.804,1.62737,dɥo,deux,0-1-0,/§duo§,一对,target_content_with_gloss,0.759569,1
4696,enquêteur,enquêteur,NOM,B2,0.7619,9.044,1.52174,ɑ̃kɛtœʁ,quête,1-1-1,_en/quêt(e).eur,侦察员；询问者,target_content_with_gloss,0.75953,1
7350,largement,largement,ADV,B1,31.5498,6.054,2.73423,laʁʒəmɑ̃,large,0-1-1,/large.ment,,target_content_high_frequency_missing_gloss,0.759442,0
11845,semestre,semestre,NOM,B2,0.7557,6.294,2.13258,səmɛstʁ,six,0-2-1,/s(ix/e)/{mestr(e)}.e,半年,target_content_with_gloss,0.759368,1
11920,short,short,NOM,B1,2.6426,6.133,1.61359,ʃɔʁt,,0-1-0,/§short§,短裤,target_content_with_gloss,0.75918,1
12361,subvenir,subvenir,VER,B2,0.744,2.203,0.68432,sybvəniʁ,venir,1-1-0,_sub/venir,包养,target_content_with_gloss,0.759062,1
13769,zéro,zéro,NOM,B1,2.622,32.114,9.83925,zeʁo,,0-1-0,/§zéro§,〇；零,target_content_with_gloss,0.75892,1
13370,vaisseau,vaisseau,NOM,B2,0.7373,90.142,6.22933,vɛso,vaisseau,0-1-0,/vaisseau,导管；盛器,target_content_with_gloss,0.758886,1
837,artisanat,artisanat,NOM,B2,0.7367,0.747,0.31537,aʁtizana,art,0-1-1,/artisan.at,手艺,target_content_with_gloss,0.75887,1
2595,collant,collant,ADJ,B2,0.7367,2.93,1.23239,kolɑ̃,coller,0-1-1,/coll(er).ant,紧身；黏答答,target_content_with_gloss,0.75887,1
13309,urbain,urbain,ADJ,B1,31.1299,4.177,0.82058,yʁbɛ̃,urbain,0-1-1,/urb(ain).ain,,target_content_high_frequency_missing_gloss,0.758848,0
1480,bloc-notes,bloc-notes,NOM,B2,0.7345,0.873,0.35058,blɔknɔt,bloc,0-2-0,/bloc/note,拍纸簿；记事,target_content_with_gloss,0.758812,1
1546,borner,borner,VER,B2,0.7262,1.389,3.19657,bɔʁne,borne,0-1-1,/born(e).er,限定,target_content_with_gloss,0.758592,1
1772,buter,buter,VER,B2,0.7262,22.044,3.25168,byte,but(t)er,0-1-1,/but(er).er,绊；踤,target_content_with_gloss,0.758592,1
1920,caniculaire,caniculaire,ADJ,B2,0.7262,0.07,0.02756,kanikylɛʁ,chienne,0-1-1,/canicul(e).aire,闷热,target_content_with_gloss,0.758592,1
2596,collatéral,collatéral,ADJ,B2,0.7262,2.443,0.54654,kolateʁal,latéral,2-1-0,_1_col/latéral,抵押物,target_content_with_gloss,0.758592,1
4123,décrier,décrier,VER,B2,0.7262,0.177,0.02449,dekʁije,cri,1-1-1,_dé/cri.er,贬低,target_content_with_gloss,0.758592,1
5610,fustiger,fustiger,VER,B2,0.7262,0.294,0.0398,fystiʒe,fustiger,0-1-1,/fustig(er).er,苛责,target_content_with_gloss,0.758592,1
6012,généralisation,généralisation,NOM,B2,0.7262,0.155,0.05818,ʒeneʁalizasjɔ̃,genre,0-1-2,/général.is.ation,主流化；使纳入主流,target_content_with_gloss,0.758592,1
6520,imprévu,imprévu,ADJ,B2,0.7262,2.184,1.08083,ɛ̃pʁevy,voir,2-1-1,_i(n)/m_pré/v(oir).u,不时之需；出乎意料,target_content_with_gloss,0.758592,1
6871,instaurer,instaurer,VER,B2,0.7262,1.981,0.34752,ɛ̃stoʁe,instaurer,0-1-1,/instaur(er).er,创立；树立,target_content_with_gloss,0.758592,1
6922,intentionnellement,intentionnellement,ADV,B2,0.7262,2.358,1.05175,ɛ̃tɑ̃sjonɛləmɑ̃,intention,0-1-2,/intention.elle.ment,存心；成心,target_content_with_gloss,0.758592,1
7097,irréductible,irréductible,ADJ,B2,0.7262,0.231,0.05205,iʁedyktibl,{duct},2-1-1,_ir_ré/{duct}.ible,死心塌地,target_content_with_gloss,0.758592,1
7451,linguistique,linguistique,NOM,B2,0.7262,0.222,0.2725,lɛ̃gɥistik,{lingu},0-1-2,/{lingu}.ist(e).ique,语言；语言学,target_content_with_gloss,0.758592,1
8103,millésime,millésime,NOM,B2,0.7262,0.449,0.17606,milezim,mille,0-1-1,/mill(e)/é.sime,年份；葡萄年份,target_content_with_gloss,0.758592,1
8129,minoritaire,minoritaire,ADJ,B2,0.7262,0.532,0.13625,minoʁitɛʁ,mineur,0-1-1,/min(eu/o)r.itaire,少数,target_content_with_gloss,0.758592,1
9485,pervers,pervers,ADJ,B2,0.7262,5.908,5.35364,pɛʁvɛʁ,pervertir,0-1-1,/perver(tir).s,死变态；淫魔,target_content_with_gloss,0.758592,1
13965,éloquent,éloquent,ADJ,B2,0.7262,1.244,0.3613,elokɑ̃,éloquent,0-1-1,/éloqu(ent)/m.ent,舌灿莲花,target_content_with_gloss,0.758592,1
225,adéquat,adéquat,ADJ,B2,0.725,3.373,0.67208,adekwa,adéquat,0-1-0,/adéquat,充分；够用,target_content_with_gloss,0.758561,1
4255,démocratisation,démocratisation,NOM,B2,0.725,0.06,0.0199,demokʁatizasjɔ̃,dème,0-1-2,/démocrat(e ).is.ation,民主化,target_content_with_gloss,0.758561,1
7415,libéral,libéral,NOM,B2,0.725,1.547,0.56644,libeʁal,libre,0-1-1,/libér(er).al,开通；慷慨,target_content_with_gloss,0.758561,1
9928,potentiel,potentiel,ADJ,B2,0.725,11.044,5.46234,potɑ̃sjɛl,{pot},0-1-2,/{pot}.ent.iel,有希望；潜力,target_content_with_gloss,0.758561,1
10495,périmètre,périmètre,NOM,B2,0.725,10.908,3.8564,peʁimɛtʁ,mètre,1-1-0,_péri/mètre,方圆,target_content_with_gloss,0.758561,1
12016,socialisme,socialisme,NOM,B2,0.7247,1.177,0.33987,sosjalizm,social,0-1-1,/social.isme,社会主义；社会主义制度,target_content_with_gloss,0.758553,1
13673,volubile,volubile,ADJ,B2,0.7235,0.063,0.02296,volybil,volubile,0-1-1,/volubil(e).e,犯贫,target_content_with_gloss,0.758521,1
677,appauvrissement,appauvrissement,NOM,B2,0.7219,0.051,0.02296,apovʁisəmɑ̃,pauvre,1-1-2,_a(d)/p/pauvr(e).iss.ement,贫乏,target_content_with_gloss,0.758478,1
2088,causalité,causalité,NOM,B2,0.7219,0.399,0.14238,kozalite,cause,0-1-2,/caus(e).al.ité,因果；因果关系,target_content_with_gloss,0.758478,1
3047,continuellement,continuellement,ADV,B2,0.7219,1.506,0.67514,kɔ̃tinɥɛləmɑ̃,continuer,0-1-2,/continu(er).elle.ment,一味；向来,target_content_with_gloss,0.758478,1
4470,déviance,déviance,NOM,B2,0.7219,0.339,0.09186,devjɑ̃s,via,1-1-1,_dé/vi(a).ance,不正常,target_content_with_gloss,0.758478,1
5322,flexibilité,flexibilité,NOM,B2,0.7219,0.427,0.18371,flɛksibilite,flexion,0-1-2,/flex(ion).ib[i]l(e).ité,柔性；灵活性,target_content_with_gloss,0.758478,1
5619,foetus,foetus,NOM,B2,0.7219,3.826,1.11451,fetys,foetus,0-1-0,/§foet(us)§,胎儿,target_content_with_gloss,0.758478,1
6796,initié,initié,NOM,B2,0.7219,1.592,0.81292,inisje,initial,0-1-1,/initi(al).é,知情人,target_content_with_gloss,0.758478,1
8218,momentanément,momentanément,ADV,B2,0.7219,0.896,0.40876,momɑ̃tanemɑ̃,moment,0-1-2,/moment.ané.ment,一时间,target_content_with_gloss,0.758478,1
9940,poudrer,poudrer,VER,B2,0.7219,0.598,5.2771,pudʁe,poudre,0-1-1,/poudr(e).er,擦,target_content_with_gloss,0.758478,1
10944,remplacement,remplacement,NOM,B2,0.7219,3.108,1.21249,ʁɑ̃plasəmɑ̃,place,2-1-1,_r_em/plac(e).ement,换人；置换,target_content_with_gloss,0.758478,1
12292,stipuler,stipuler,VER,B2,0.7219,2.598,0.6338,stipyle,stipuler,0-1-1,/stipul(er).er,规定；订定,target_content_with_gloss,0.758478,1
12574,sécrétion,sécrétion,NOM,B2,0.7219,0.896,0.23729,sekʁesjɔ̃,sécréter,0-1-1,/sécrét(er).ion,分泌物,target_content_with_gloss,0.758478,1
12917,tordre,tordre,VER,B2,0.7219,14.266,3.81506,tɔʁdʁ,tordre,0-1-1,/tord(re).re,扭曲；掰弯,target_content_with_gloss,0.758478,1
13261,ténu,ténu,ADJ,B2,0.7219,0.342,0.08114,teny,ténu,0-1-0,/ténu,修长,target_content_with_gloss,0.758478,1
1336,beau,beau,NOM,B2,0.7202,37.494,49.1335,bo,beau,0-1-0,/beau,优美；俊美,target_content_with_gloss,0.758433,1
3383,croquer,croquer,VER,B2,0.7202,3.88,0.90631,kʁoke,croquer,0-1-1,/croqu(er).er,龈,target_content_with_gloss,0.758433,1
3805,dissoudre,dissoudre,VER,B2,0.7202,4.139,0.64146,disudʁ,{soudre},1-1-1,_dis/{soud(re)}.re,化解；拆散,target_content_with_gloss,0.758433,1
4095,décompresser,décompresser,VER,B2,0.7202,2.111,0.60778,dekɔ̃pʁese,compresser,1-1-1,_dé/compress(er).er,解包；解压缩,target_content_with_gloss,0.758433,1
5384,fondu,fondu,ADJ,B2,0.7202,1.535,1.93662,fɔ̃dy,fond,0-1-0,/fond,融合的,target_content_with_gloss,0.758433,1
5850,gracieux,gracieux,ADJ,B2,0.7202,2.753,0.5496,gʁasjø,grâce,0-1-1,/grâc(e).ieux,优美；优雅,target_content_with_gloss,0.758433,1
6939,interférence,interférence,NOM,B2,0.7202,4.193,0.92162,ɛ̃tɛʁfeʁɑ̃s,{fer},1-1-1,_inter/{fer}.ence,干扰,target_content_with_gloss,0.758433,1
8962,opérationnel,opérationnel,ADJ,B2,0.7202,6.392,1.26607,opeʁasjonɛl,opérer,0-1-2,/opér(er).ation[n].el,营运,target_content_with_gloss,0.758433,1
10637,raffinerie,raffinerie,NOM,B2,0.7202,1.437,0.32456,ʁafinəʁi,fin,1-1-1,_ra[f]/fin.erie,炼油厂,target_content_with_gloss,0.758433,1
10771,rebut,rebut,NOM,B2,0.7202,1.465,0.39804,ʁəby,but,1-1-0,_re/but,废料；货色,target_content_with_gloss,0.758433,1
11264,rotation,rotation,NOM,B2,0.7202,3.297,1.06399,ʁotasjɔ̃,rotation,0-1-1,/rotat(ion).ion,周转；回旋,target_content_with_gloss,0.758433,1
11481,réorganisation,réorganisation,NOM,B2,0.7202,0.411,0.16993,ʁeɔʁganizasjɔ̃,organiser,1-1-1,_ré/organis(er).ation,改制,target_content_with_gloss,0.758433,1
12234,spécialisation,spécialisation,NOM,B2,0.7202,0.424,0.17606,spesjalizasjɔ̃,spécial,0-1-2,/spécial.is.ation,专业化,target_content_with_gloss,0.758433,1
12899,tonalité,tonalité,NOM,B2,0.7202,1.734,0.61696,tonalite,ton,0-1-2,/ton.al.ité,音调,target_content_with_gloss,0.758433,1
13044,transitoire,transitoire,ADJ,B2,0.7202,0.494,0.18371,tʁɑ̃zitwaʁ,transit,0-1-1,/transit.oire,一过性；浮云,target_content_with_gloss,0.758433,1
13768,zébrer,zébrer,VER,B2,0.7202,0.174,0.38579,zebʁe,zèbre,0-1-1,/zèbr(e).er,条纹,target_content_with_gloss,0.758433,1
13800,écarquiller,écarquiller,VER,B2,0.7202,0.316,0.09032,ekaʁkije,quart,0-1-1,/écarquill(er).er,盱,target_content_with_gloss,0.758433,1
13815,échelon,échelon,NOM,B2,0.7202,2.547,0.77924,eʃəlɔ̃,échelle,0-1-1,/échel(le).on,梯队,target_content_with_gloss,0.758433,1
14182,étroitement,étroitement,ADV,B2,0.7202,1.149,0.51286,etʁwatəmɑ̃,étroit,0-1-1,/étroite.ment,紧紧,target_content_with_gloss,0.758433,1
165,adage,adage,NOM,B2,0.7167,0.706,0.30772,adaʒ,adage,0-1-0,/adage,常言；格言,target_content_with_gloss,0.75834,1
419,allouer,allouer,VER,B2,0.7167,0.801,0.14544,alwe,louer,1-1-1,_a(d)l/lou(er).er,划定；划拨,target_content_with_gloss,0.75834,1
2118,censure,censure,NOM,B2,0.7167,1.889,0.64911,sɑ̃syʁ,cens,0-1-1,/cens.ure,督察,target_content_with_gloss,0.75834,1
2703,communiste,communiste,NOM,B2,0.7167,5.633,1.59829,komynist,un,1-1-1,_com[m]/un.iste,共产；共产党人,target_content_with_gloss,0.75834,1
11501,répression,répression,NOM,B2,0.7167,1.592,0.54654,ʁepʁesjɔ̃,pression,1-1-1,_re/press(ion).ion,痛击,target_content_with_gloss,0.75834,1
13964,éloquence,éloquence,NOM,B2,0.7167,0.778,0.33527,elokɑ̃s,éloquent,0-1-1,/éloqu(ent)/m.ence,口才,target_content_with_gloss,0.75834,1
13991,émetteur,émetteur,NOM,B2,0.7167,4.057,1.21249,emetœʁ,mettre,1-1-1,_é/mett(re).eur,发行人,target_content_with_gloss,0.75834,1
9134,pan,pan,NOM,B2,0.7161,1.661,1.78812,pɑ̃,pan,0-1-0,/pan,牧神,target_content_with_gloss,0.758324,1
555,anesthésique,anesthésique,ADJ,B2,0.7155,0.212,0.29241,anɛstezik,{esthésie},1-1-1,_an/{esthési(e)}.ique,麻醉药,target_content_with_gloss,0.758308,1
3717,digital,digital,ADJ,B2,0.7155,5.915,1.25995,diʒital,digital,0-1-1,/digit(al).al,数字化；数目字,target_content_with_gloss,0.758308,1
64,académicien,académicien,NOM,B2,0.7154,0.212,0.04746,akademisjɛ̃,académie,0-1-1,/académi(que)/c.ien,院士,target_content_with_gloss,0.758305,1
580,annexer,annexer,VER,B2,0.7154,0.462,0.92774,anɛkse,annexe,0-1-1,/annex(e).er,兼并；合并,target_content_with_gloss,0.758305,1
1999,cardio-vasculaire,cardio-vasculaire,ADJ,B2,0.7154,0.203,0.07042,kaʁdjovaskylɛʁ,{cardi},0-2-0,/{cardi}o/vasculaire,心血管,target_content_with_gloss,0.758305,1
5297,flacon,flacon,NOM,B2,0.7154,4.877,1.25995,flakɔ̃,flacon,0-1-0,/flacon,瓶,target_content_with_gloss,0.758305,1
5745,gelé,gelé,ADJ,B2,0.7154,2.418,2.19382,ʒəle,geler,0-1-1,/gel(er).é,冱；冽,target_content_with_gloss,0.758305,1
6594,incompréhensible,incompréhensible,ADJ,B2,0.7154,2.383,0.82823,ɛ̃kɔ̃pʁeɑ̃sibl,préhension,2-1-1,_in_com/préhens(ion).ible,不可思议；不知所谓,target_content_with_gloss,0.758305,1
8335,mouillé,mouillé,ADJ,B2,0.7154,10.712,3.14911,muje,mou,0-1-2,/mou.ill.é,湿透,target_content_with_gloss,0.758305,1
660,apogée,apogée,NOM,B2,0.7118,1.791,0.76852,apoʒe,Gé,1-0-1,_apo.{gée],巅峰；顶峰,target_content_with_gloss,0.758209,1
7942,matrice,matrice,NOM,B2,0.7118,0.655,0.75781,matʁis,§mater§/mère,0-1-1,/mat(e)r.ice,方阵；模具,target_content_with_gloss,0.758209,1
8370,multicolore,multicolore,ADJ,B2,0.7118,0.494,0.11635,myltikolɔʁ,couleur,1-1-1,_multi/coul(eu/o)r.e,七彩；五彩,target_content_with_gloss,0.758209,1
13545,vigilance,vigilance,NOM,B2,0.7118,1.421,0.57257,viʒilɑ̃s,vigile,0-1-1,/vigil(e).ance,戒心；监测,target_content_with_gloss,0.758209,1
38,abréger,abréger,VER,B2,0.7115,2.775,0.50674,abʁeʒe,bref,1-1-1,_a(d)/bre(f)/g.er,缩短,target_content_with_gloss,0.758201,1
288,aggraver,aggraver,VER,B2,0.7115,7.848,1.12064,agʁave,grave,1-1-1,_a(d)g/grav(e).er,加剧；变坏,target_content_with_gloss,0.758201,1
2394,ci-dessus,ci-dessus,ADV,B2,0.7115,0.31,0.13778,sidəsy,ci,0-2-0,/ci/dessus,上个；上头,target_content_with_gloss,0.758201,1
2838,concrètement,concrètement,ADV,B2,0.7115,0.782,0.34752,kɔ̃kʁɛtəmɑ̃,concret,0-1-1,/concrète.ment,实际上,target_content_with_gloss,0.758201,1
3049,continuité,continuité,NOM,B2,0.7115,0.918,0.37508,kɔ̃tinɥite,continuer,0-1-1,/continu(er).ité,连续性,target_content_with_gloss,0.758201,1
4018,débile,débile,ADJ,B2,0.7115,21.924,8.33895,debil,débile,0-1-0,/débile,低能的，弱智的（口语）,target_content_with_gloss,0.758201,1
4304,dépendant,dépendant,ADJ,B2,0.7115,2.671,0.77006,depɑ̃dɑ̃,pendre,1-1-1,_dé/pend(re).ant,扎扎实实,target_content_with_gloss,0.758201,1
5017,extinction,extinction,NOM,B2,0.7115,4.269,1.609,ɛkstɛ̃ksjɔ̃,extincteur,0-1-1,/extinct(eur).ion,灭绝,target_content_with_gloss,0.758201,1
5083,faisabilité,faisabilité,NOM,B2,0.7115,0.136,0.05818,fəzabilite,faire,0-2-1,/fai(re)/s/ab[i]l(e).ité,可做；可行性,target_content_with_gloss,0.758201,1
8510,ménager,ménager,VER,B2,0.7115,3.354,8.33129,menaʒe,ménage,0-1-1,/ménag(e).er,惜；措,target_content_with_gloss,0.758201,1
9637,pivot,pivot,NOM,B2,0.7115,0.785,0.26944,pivo,pivot,0-1-0,/pivot,轴；铰,target_content_with_gloss,0.758201,1
10521,pêle-mêle,pêle-mêle,ADV,B2,0.7115,0.142,0.06124,pɛlmɛl,mêler,0-2-0,/(m)/pêle/mêle,杂乱；纷乱,target_content_with_gloss,0.758201,1
11087,restitution,restitution,NOM,B2,0.7115,0.627,0.23729,ʁɛstitysjɔ̃,{stitu},1-1-1,_re/{stitu}.tion,回放；绘图,target_content_with_gloss,0.758201,1
12014,socialisation,socialisation,NOM,B2,0.7115,0.215,0.09032,sosjalizasjɔ̃,social,0-1-2,/social.is.ation,社会化,target_content_with_gloss,0.758201,1
4608,encenser,encenser,VER,B2,0.7094,0.516,0.06583,ɑ̃sɑ̃se,encens,0-1-1,/encens.er,抬举,target_content_with_gloss,0.758145,1
4992,expressif,expressif,ADJ,B2,0.7094,0.763,0.1684,ɛkspʁesif,presse,1-1-1,_ex/press(er).if,传神；有声有色,target_content_with_gloss,0.758145,1
6868,instantanément,instantanément,ADV,B2,0.7094,2.313,1.03491,ɛ̃stɑ̃tanemɑ̃,{sta},1-1-2,_in/instant.ané.ment,即刻,target_content_with_gloss,0.758145,1
6885,instruire,instruire,VER,B2,0.7094,3.136,0.6537,ɛ̃stʁɥiʁ,{struct},1-1-1,_in/{struct}.uire,开示；指授,target_content_with_gloss,0.758145,1
7219,judicieux,judicieux,ADJ,B2,0.7094,2.741,1.07012,ʒydisjø,judiciaire,0-1-1,/judici(aire).eux,中肯；识趣,target_content_with_gloss,0.758145,1
7280,kinésithérapeute,kinésithérapeute,NOM,B2,0.7094,0.225,0.08114,kineziteʁapøt,thérapeute,1-1-1,_kiné/thérap(eute).eute,物理治疗师,target_content_with_gloss,0.758145,1
7974,maçonnerie,maçonnerie,NOM,B2,0.7094,0.326,0.11941,masɔnəʁi,maçon,0-1-1,/maçon[n].erie,泥水,target_content_with_gloss,0.758145,1
13580,virilité,virilité,NOM,B2,0.7094,2.677,1.09767,viʁilite,viril,0-1-1,/viril.ité,阳刚,target_content_with_gloss,0.758145,1
340,aiguiser,aiguiser,VER,B2,0.7091,2.351,0.52205,egize,aigu,0-1-2,/aigu.is.er,削尖；加剧,target_content_with_gloss,0.758137,1
923,astrologue,astrologue,NOM,B2,0.7091,0.68,0.1684,astʁolɔg,astrologie,1-0-1,_astro.logue,星家；星相家,target_content_with_gloss,0.758137,1
2535,clément,clément,ADJ,B2,0.7091,2.389,0.81904,klemɑ̃,clément,0-1-1,/clémen(t).t,克莱门,target_content_with_gloss,0.758137,1
4610,enchantement,enchantement,NOM,B2,0.7091,1.408,0.50061,ɑ̃ʃɑ̃təmɑ̃,chant,1-1-1,_en/chant.ement,魔法,target_content_with_gloss,0.758137,1
7378,laïque,laïque,ADJ,B2,0.7091,0.332,0.11329,laik,laïque,0-1-0,/laïque,世俗；入世,target_content_with_gloss,0.758137,1
13727,vénérable,vénérable,ADJ,B2,0.7091,0.918,0.28781,veneʁabl,vénérer,0-1-1,/vénér(er).able,可敬,target_content_with_gloss,0.758137,1
704,approvisionner,approvisionner,VER,B2,0.7085,1.816,0.33527,apʁovizjone,vision,1-1-1,_a(d)/p/provision[n].er,供应；供给,target_content_with_gloss,0.758121,1
1765,bureaucratique,bureaucratique,ADJ,B2,0.7085,0.519,0.18065,byʁokʁatik,bure,0-2-1,/bureau/{crate}.ique,官僚,target_content_with_gloss,0.758121,1
1915,cancérigène,cancérigène,ADJ,B2,0.7085,0.301,0.0842,kɑ̃seʁiʒɛn,cancer,0-1-1,/cancer[i].gène,致癌；致癌物,target_content_with_gloss,0.758121,1
2562,coexistence,coexistence,NOM,B2,0.7085,0.231,0.09798,koɛgzistɑ̃s,exister,2-1-1,_1_co/exist(er).ence,两立；共处,target_content_with_gloss,0.758121,1
2757,composant,composant,NOM,B2,0.7085,4.047,0.90325,kɔ̃pozɑ̃,poser,1-1-1,_com/pos(er).ant,元件；元器件,target_content_with_gloss,0.758121,1
2820,conciliation,conciliation,NOM,B2,0.7085,0.348,0.13166,kɔ̃siljasjɔ̃,concile,0-1-1,/concili(er).ation,劝解,target_content_with_gloss,0.758121,1
2899,confrère,confrère,NOM,B2,0.7085,2.13,0.44856,kɔ̃fʁɛʁ,frère,1-1-0,_con/frère,会友；同业,target_content_with_gloss,0.758121,1
4490,effectif,effectif,ADJ,B2,0.7085,0.835,0.83435,efɛktif,{fect},0-1-1,/{fect}.if,名额；好用,target_content_with_gloss,0.758121,1
6386,illicite,illicite,ADJ,B2,0.7085,1.595,0.37201,ilisit,loi,1-1-0,_i(n)/l/licite,不法；非法,target_content_with_gloss,0.758121,1
6836,insecticide,insecticide,NOM,B2,0.7085,0.965,0.34905,ɛ̃sɛktisid,insecte,0-1-1,/insect(e).icide,杀虫；杀虫剂,target_content_with_gloss,0.758121,1
7654,léser,léser,VER,B2,0.7085,0.991,1.43295,leze,léser,0-1-1,/lès(er).er,触犯,target_content_with_gloss,0.758121,1
7765,malmener,malmener,VER,B2,0.7085,2.709,0.37508,malməne,mener,0-2-1,/mal/men(er).er,动粗；欺侮,target_content_with_gloss,0.758121,1
8469,médiation,médiation,NOM,B2,0.7085,1.165,0.27557,medjasjɔ̃,{médi},0-1-1,/{médi}.ation,劝解；调解,target_content_with_gloss,0.758121,1
11371,récepteur,récepteur,NOM,B2,0.7085,2.003,0.56338,ʁesɛptœʁ,{cept},1-1-1,_ré/{cept}.eur,受体；接收器,target_content_with_gloss,0.758121,1
12792,terrorisme,terrorisme,NOM,B2,0.7085,6.415,1.92284,tɛʁoʁizm,terreur,0-1-1,/terr(eu/o)r.isme,恐怖主义,target_content_with_gloss,0.758121,1
360,aisément,aisément,ADV,B2,0.7068,1.585,0.71188,ezemɑ̃,aise,0-1-1,/aisé.ment,容易,target_content_with_gloss,0.758075,1
1936,canular,canular,NOM,B2,0.7068,2.725,0.85426,kanylaʁ,canule,0-1-1,/canul(e).ar,骗局,target_content_with_gloss,0.758075,1
2561,coder,coder,VER,B2,0.7068,2.949,14.91733,kode,coder,0-1-1,/cod(er).er,编码,target_content_with_gloss,0.758075,1
2648,comble,comble,NOM,B2,0.7068,3.497,2.17851,kɔ̃bl,cumulus,0-1-0,/comble,极点；顶峰,target_content_with_gloss,0.758075,1
4350,dérision,dérision,NOM,B2,0.7068,0.608,0.26332,deʁizjɔ̃,rire,1-1-1,_dé/ri(re)/s.ion,嘲弄,target_content_with_gloss,0.758075,1
6786,inimaginable,inimaginable,ADJ,B2,0.7068,2.56,0.8466,inimaʒinabl,image,1-1-1,_in/imagin(er).able,不可思议；匪夷所思,target_content_with_gloss,0.758075,1
7260,juxtaposer,juxtaposer,VER,B2,0.7068,0.101,0.00919,ʒykstapoze,poser,1-1-1,_juxta/pos(er).er,并列,target_content_with_gloss,0.758075,1
10622,radin,radin,NOM,B2,0.7068,1.608,1.24005,ʁadɛ̃,radin,0-1-0,/radin,悭吝；手紧,target_content_with_gloss,0.758075,1
6214,honorable,honorable,ADJ,B2,0.7048,10.063,3.23331,onoʁabl,honneur,0-1-1,/hon(neu/o)r.able,体面；光彩,target_content_with_gloss,0.758021,1
6410,imbécile,imbécile,ADJ,B2,0.7048,12.456,13.07563,ɛ̃besil,imbécile,0-0-1,.e,低能；傻叉,target_content_with_gloss,0.758021,1
7164,jetée,jetée,NOM,B2,0.7048,2.797,4.04164,ʒəte,jeter,0-1-1,/jet(er).ée,埔,target_content_with_gloss,0.758021,1
1472,blessé,blessé,ADJ,B2,0.7046,18.861,21.86007,blese,blesser,0-1-1,/bless(er).é,伤员；伤感,target_content_with_gloss,0.758016,1
1744,brèche,brèche,NOM,B2,0.7046,5.994,1.61513,bʁɛʃ,brèche,0-1-0,/brèche,突破口；缺口,target_content_with_gloss,0.758016,1
5165,faïence,faïence,NOM,B2,0.7046,0.152,0.05971,fajɑ̃s,Faenza,0-1-1,/faïenc(e).e,坵,target_content_with_gloss,0.758016,1
8047,meurtrier,meurtrier,NOM,B2,0.7046,34.75,8.76914,mœʁtʁije,meurtre,0-1-1,/meurtr(e).ier,凶手,target_content_with_gloss,0.758016,1
12139,soulagement,soulagement,NOM,B2,0.7046,7.601,3.35426,sulaʒəmɑ̃,soulager,0-1-1,/soulag(er).ement,缓和,target_content_with_gloss,0.758016,1
11449,régulariser,régulariser,VER,B2,0.7031,0.329,0.06736,ʁegylaʁize,règle,0-1-3,/règ[u]l(e).ar.is.er,调节,target_content_with_gloss,0.757976,1
1411,bilatéral,bilatéral,ADJ,B2,0.7027,0.839,0.15615,bilateʁal,latéral,1-1-0,_bi/latéral,双边,target_content_with_gloss,0.757965,1
2377,châtier,châtier,VER,B2,0.7027,1.816,0.22352,ʃatje,chaste,0-1-0,/châtier,处分；处罚,target_content_with_gloss,0.757965,1
3453,cuisse,cuisse,NOM,B2,0.7027,9.509,2.11115,kɥis,cuisse,0-1-1,/cuiss(e).e,大腿,target_content_with_gloss,0.757965,1
6101,hardi,hardi,ADJ,B2,0.7027,0.908,0.22505,aʁdi,hardi,0-1-0,/hardi,冒昧；大胆,target_content_with_gloss,0.757965,1
6256,huitaine,huitaine,NOM,B2,0.7027,0.054,0.02603,ɥitɛn,huit,0-1-1,/huit.aine,一周,target_content_with_gloss,0.757965,1
6339,héroïque,héroïque,ADJ,B2,0.7027,4.415,1.44213,eʁoik,héros,0-1-1,/héro(s).ïque,壮烈；悲壮,target_content_with_gloss,0.757965,1
6459,impeccable,impeccable,ADJ,B2,0.7027,5.146,1.95805,ɛ̃pekabl,peccadille,1-1-1,_i(n)/m/pecca(dille).able,一尘不染；冰清玉洁,target_content_with_gloss,0.757965,1
8482,médire,médire,VER,B2,0.7027,0.449,0.1087,mediʁ,dire,1-1-0,_mé/dire,嘀；讪,target_content_with_gloss,0.757965,1
1151,aviser,aviser,VER,B2,0.7026,8.171,1.49724,avize,avis,0-1-1,/avis.er,关照；发觉,target_content_with_gloss,0.757962,1
3694,dictée,dictée,NOM,B2,0.7026,0.617,0.30772,dikte,dict(er),0-1-1,/dict(er).ée,口述,target_content_with_gloss,0.757962,1
3762,disciple,disciple,NOM,B2,0.7026,7.25,1.14207,disipl,disciple,0-1-1,/discipl(e).e,传人；信徒,target_content_with_gloss,0.757962,1
9956,pourpre,pourpre,NOM,B2,0.7026,0.399,0.51439,puʁpʁ,pour,0-1-0,/§pourpr(e)§,紫色,target_content_with_gloss,0.757962,1
9972,poussiéreux,poussiéreux,ADJ,B2,0.7026,1.703,0.48836,pusjeʁø,poussière,0-1-2,/pouss(ière).ièr(e).eux,尘封,target_content_with_gloss,0.757962,1
4183,dégainer,dégainer,VER,B2,0.7019,3.035,0.53276,degene,gaine,1-1-1,_dé/gain(e).er,出鞘,target_content_with_gloss,0.757943,1
4744,entraver,entraver,VER,B2,0.7014,2.975,0.96754,ɑ̃tʁave,entraver,0-1-1,/entrav(er).er,妨碍；束缚,target_content_with_gloss,0.75793,1
1111,avant-bras,avant-bras,NOM,B2,0.7013,1.294,0.54195,avɑ̃bʁa,bras,1-1-0,_avant/bras,前臂,target_content_with_gloss,0.757927,1
2725,compensation,compensation,NOM,B2,0.7013,3.364,1.18187,kɔ̃pɑ̃sasjɔ̃,peser,1-1-1,_com/pens(er).ation,回馈；补偿,target_content_with_gloss,0.757927,1
3438,cube,cube,NOM,B2,0.7013,4.487,0.82976,kyb,cube,0-1-0,/cub(e),方块；立方,target_content_with_gloss,0.757927,1
3484,curseur,curseur,NOM,B2,0.7013,0.142,0.05971,kyʁsœʁ,course,0-1-1,/c(o)urs(e).eur,光标；游标,target_content_with_gloss,0.757927,1
4133,dédaigner,dédaigner,VER,B2,0.7013,0.854,0.07502,dedeɲe,daigner,1-1-1,_dé/daign(er).er,傲视；回绝,target_content_with_gloss,0.757927,1
4698,enraciner,enraciner,VER,B2,0.7013,0.69,0.13625,ɑ̃ʁasine,racine,1-1-1,_en/racin(e).er,扎根；根深蒂固,target_content_with_gloss,0.757927,1
5004,expéditeur,expéditeur,NOM,B2,0.7013,1.399,0.56491,ɛkspeditœʁ,expédier,0-1-1,/expédi(er).iteur,写信人；寄信人,target_content_with_gloss,0.757927,1
5170,femelle,femelle,ADJ,B2,0.7013,1.883,1.88916,fəmɛl,femme,0-1-1,/fem(me).elle,雌性,target_content_with_gloss,0.757927,1
5878,gratin,gratin,NOM,B2,0.7013,1.816,0.64758,gʁatɛ̃,gratter,0-1-1,/grat(ter).in,奶汁烤,target_content_with_gloss,0.757927,1
5903,greffer,greffer,VER,B2,0.7013,1.497,1.42835,gʁefe,greffer,0-1-1,/greff(er).er,嫁接,target_content_with_gloss,0.757927,1
6605,inconscient,inconscient,NOM,B2,0.7013,2.228,3.61145,ɛ̃kɔ̃sjɑ̃,conscient,1-1-1,_in/consci(ent)/m.ent,不自觉；无意识,target_content_with_gloss,0.757927,1
6662,indissoluble,indissoluble,ADJ,B2,0.7013,0.06,0.02296,ɛ̃disolybl,soluble,2-1-0,_in_dis/soluble,不解,target_content_with_gloss,0.757927,1
6874,instinct,instinct,NOM,B2,0.7013,20.411,6.28291,ɛ̃stɛ̃,instinct,0-1-0,/instinct,本能,target_content_with_gloss,0.757927,1
7857,marginal,marginal,ADJ,B2,0.7013,0.756,0.38273,maʁʒinal,marge,0-1-2,/marg(e).in.al,边际,target_content_with_gloss,0.757927,1
9554,physicien,physicien,NOM,B2,0.7013,2.557,0.6537,fizisjɛ̃,physique,0-1-1,/physi(que)/c.ien,物理学家,target_content_with_gloss,0.757927,1
12620,sévir,sévir,VER,B2,0.7013,1.987,0.30312,seviʁ,sévir,0-1-1,/sév(ir).ir,横行；猖獗,target_content_with_gloss,0.757927,1
6442,immuable,immuable,ADJ,B2,0.7004,0.924,0.297,imɥabl,muer,1-1-1,_i(n)/m/mu(er).ab[i]l(e),一成不变；不变,target_content_with_gloss,0.757903,1
8159,mitiger,mitiger,VER,B2,0.7004,0.234,0.09032,mitiʒe,mitiger,0-1-1,/mitig(er).er,放宽,target_content_with_gloss,0.757903,1
430,alléger,alléger,VER,B2,0.6985,3.62,0.64605,aleʒe,léger,1-1-1,_a(d)/l/lég(er).er,减轻,target_content_with_gloss,0.757852,1
5139,faucher,faucher,VER,B2,0.6985,9.484,2.72198,foʃe,faux,0-1-1,/fau(x)/ch.er,偷走；打倒,target_content_with_gloss,0.757852,1
11117,retraité,retraité,ADJ,B2,0.6985,0.886,0.98132,ʁətʁete,traire,1-1-1,_re/trai(re).té,离休；退休人,target_content_with_gloss,0.757852,1
2934,connu,connu,ADJ,B2,0.6982,18.655,24.39528,kony,noter,1-1-0,_con/naîtr(re),所知；有名,target_content_with_gloss,0.757844,1
2995,constructif,constructif,ADJ,B2,0.698,1.835,0.35517,kɔ̃stʁyktif,{struct},1-1-1,_con/{struct}.if,建设性,target_content_with_gloss,0.757838,1
3859,dix,dix,NOM,B2,0.6978,13.272,27.95315,dis,dix,0-1-0,/dix,几个,target_content_with_gloss,0.757833,1
1446,bit,bit,NOM,B2,0.6976,1.845,0.30925,bit,§bi(nary§,0-1-0,/§bit§,位元；比特,target_content_with_gloss,0.757828,1
1907,canalisation,canalisation,NOM,B2,0.6976,1.924,0.43478,kanalizasjɔ̃,canal,0-1-2,/canal.is.ation,排污管,target_content_with_gloss,0.757828,1
5953,groupement,groupement,NOM,B2,0.6976,0.361,0.13625,gʁupəmɑ̃,grouper,0-1-1,/group(er).ement,党派；团体,target_content_with_gloss,0.757828,1
6558,incalculable,incalculable,ADJ,B2,0.6976,0.709,0.28016,ɛ̃kalkylabl,calcul,1-1-1,_in/calcul.able,数不清,target_content_with_gloss,0.757828,1
8257,monstruosité,monstruosité,NOM,B2,0.6976,0.778,0.26638,mɔ̃stʁyozite,monstre,0-1-2,/monstr(e).uos.ité,异物；鬼怪,target_content_with_gloss,0.757828,1
11144,revêtement,revêtement,NOM,B2,0.6976,1.199,0.3812,ʁəvɛtəmɑ̃,vêtir,1-1-1,_re/vêt(ir).ement,路面,target_content_with_gloss,0.757828,1
11744,sauvegarde,sauvegarde,NOM,B2,0.6976,2.759,0.94764,sovəgaʁd,sauf,0-2-1,/sauve/gard(er).e,养护；备份,target_content_with_gloss,0.757828,1
3936,douteux,douteux,ADJ,B2,0.6971,4.975,1.18034,dutø,douter,0-1-1,/dout(er).eux,不可靠；不明不白,target_content_with_gloss,0.757814,1
4469,déverser,déverser,VER,B2,0.6971,2.953,0.30618,devɛʁse,verser,1-1-1,_dé/vers(er).er,排入；注入,target_content_with_gloss,0.757814,1
12622,sévèrement,sévèrement,ADV,B2,0.6971,2.693,1.2477,sevɛʁəmɑ̃,sévère,0-1-1,/sévère.ment,从严；着实,target_content_with_gloss,0.757814,1
7439,lilas,lilas,NOM,B1,2.5354,0.943,0.37355,lila,,0-1-0,/§lilas§,紫丁香；芋头色,target_content_with_gloss,0.757813,1
2382,chèrement,chèrement,ADV,B2,0.6965,0.31,0.14238,ʃɛʁəmɑ̃,cher,0-1-1,/chère.ment,深深地,target_content_with_gloss,0.757798,1
2414,cinq,cinq,NOM,B2,0.6965,21.639,38.68647,sɛ̃k,cinq,0-1-0,/cinq,五；伍,target_content_with_gloss,0.757798,1
4215,délimiter,délimiter,VER,B2,0.6965,0.68,0.07195,delimite,limite,1-1-1,_dé/limit(e).er,划定；界定,target_content_with_gloss,0.757798,1
4281,dénicher,dénicher,VER,B2,0.6965,3.965,0.74403,deniʃe,niche,1-1-1,_dé/nich(e).er,查获,target_content_with_gloss,0.757798,1
5382,fondre,fondre,VER,B2,0.6965,15.633,29.91274,fɔ̃dʁ,fond,0-1-0,/fond,融化；熔解,target_content_with_gloss,0.757798,1
8180,moderne,moderne,NOM,B2,0.6965,0.75,5.10257,modɛʁn,moderne,0-1-1,/modern(e).e,摩登；新潮,target_content_with_gloss,0.757798,1
12223,spontané,spontané,ADJ,B2,0.6965,4.006,0.69351,spɔ̃tane,spontané,0-1-0,/spontané,主动；油然而生,target_content_with_gloss,0.757798,1
9152,pantoufle,pantoufle,NOM,B2,0.696,2.848,0.78077,pɑ̃tufl,pantoufle,0-1-1,/pantoufl(e).e,拖鞋；趿拉儿,target_content_with_gloss,0.757784,1
1688,brigand,brigand,NOM,B2,0.6951,3.237,0.45315,bʁigɑ̃,brigand,0-1-0,/brigand,土匪；山贼,target_content_with_gloss,0.75776,1
2056,casserole,casserole,NOM,B2,0.6951,4.085,1.00429,kasəʁɔl,casserole,0-1-0,/casserole,煲；铫,target_content_with_gloss,0.75776,1
3620,depuis,depuis,ADV,B2,0.6944,154.332,86.98102,dəpɥi,puis,0-2-0,/de/puis,以来；打从,target_content_with_gloss,0.757741,1
2633,colporteur,colporteur,NOM,B2,0.6943,0.519,0.12247,kɔlpɔʁtœʁ,colporter,0-1-1,/colport(er).eur,商贩；贩子,target_content_with_gloss,0.757739,1
7506,locomotive,locomotive,NOM,B2,0.6943,1.579,0.47306,lokomotiv,motive,1-1-0,_loco/motive,机车；火车头,target_content_with_gloss,0.757739,1
11852,sensationnel,sensationnel,ADJ,B2,0.6943,3.399,1.25842,sɑ̃sasjonɛl,sens,0-1-2,/sens.el,惊天动地,target_content_with_gloss,0.757739,1
6899,insurrection,insurrection,NOM,B2,0.6932,1.301,0.42866,ɛ̃syʁɛksjɔ̃,{rect},2-1-1,_in_sur/{rect}.ion,起义,target_content_with_gloss,0.757709,1
3781,disgrâce,disgrâce,NOM,B2,0.6921,1.358,0.57257,disgʁas,grâce,1-1-1,_dis/grâc(e).e,不幸,target_content_with_gloss,0.757679,1
10022,primaire,primaire,NOM,B2,0.6904,3.421,2.8812,pʁimɛʁ,prime,0-1-1,/prim(e).aire,主要；初次,target_content_with_gloss,0.757633,1
6952,interne,interne,ADJ,B2,0.6898,18.816,5.49755,ɛ̃tɛʁn,interne,0-1-1,/intern(e).e,内在；内置,target_content_with_gloss,0.757617,1
1457,blanc,blanc,NOM,B2,0.6897,34.949,20.67055,blɑ̃,blanc,0-1-0,/blanc,白人；白色,target_content_with_gloss,0.757614,1
772,arguer,arguer,VER,B2,0.6893,0.25,0.04746,aʁge,argument,0-1-1,/argu(er).er,推论,target_content_with_gloss,0.757603,1
2993,constructeur,constructeur,ADJ,B2,0.6893,0.408,0.4057,kɔ̃stʁyktœʁ,{struct},1-1-1,_con/{struct}.eur,制造者；建设者,target_content_with_gloss,0.757603,1
4401,désillusion,désillusion,NOM,B2,0.6893,0.658,0.18983,dezilyzjɔ̃,illusion,1-1-1,_dés/illus(ion).ion,幻灭,target_content_with_gloss,0.757603,1
6621,inculquer,inculquer,VER,B2,0.6893,1.228,0.26026,ɛ̃kylke,inculquer,0-1-1,/inculqu(er).er,灌注；灌输,target_content_with_gloss,0.757603,1
7006,intégral,intégral,ADJ,B2,0.6893,1.212,0.34293,ɛ̃tegʁal,intègre/entier??,0-1-1,/intégr(al).al,全盘；完整,target_content_with_gloss,0.757603,1
7082,irrationnel,irrationnel,ADJ,B2,0.6893,2.699,0.55419,iʁasjonɛl,raison??,1-1-1,_ir/rationn(el).el,无理,target_content_with_gloss,0.757603,1
12091,sonnette,sonnette,NOM,B2,0.6893,6.231,1.92131,sonɛt,son,0-1-1,/son[n].ette,门铃,target_content_with_gloss,0.757603,1
780,aristocratie,aristocratie,NOM,B2,0.6892,0.718,0.28781,aʁistokʁasi,aristocrate,0-1-1,/aristocrat(e).ie,上层；精英,target_content_with_gloss,0.757601,1
980,atterrissage,atterrissage,NOM,B2,0.6892,8.756,2.53521,ateʁisaʒ,terre,1-1-2,_a(d)/terr(e).iss.age,登陆,target_content_with_gloss,0.757601,1
5872,graphique,graphique,ADJ,B2,0.6892,1.177,0.72872,gʁafik,graphe,0-1-1,/graph(e).ique,图表；图解,target_content_with_gloss,0.757601,1
6624,indemnisation,indemnisation,NOM,B2,0.6892,0.544,0.18983,ɛ̃dɛmnizasjɔ̃,indemne,0-1-2,/indemn(e).is.ation,补偿费,target_content_with_gloss,0.757601,1
3210,coter,coter,VER,B2,0.6891,10.44,6.33956,kote,cote,0-1-1,/cot(e).er,报价,target_content_with_gloss,0.757598,1
5128,fastueux,fastueux,ADJ,B2,0.6891,0.218,0.05358,fastɥø,faste,0-1-1,/fast(e).ueux,奢华,target_content_with_gloss,0.757598,1
6681,indulgent,indulgent,ADJ,B2,0.6891,3.291,0.86038,ɛ̃dylʒɑ̃,indulgent,0-1-1,/indulg(ent).ent,从宽；宽容,target_content_with_gloss,0.757598,1
6715,infaillible,infaillible,ADJ,B2,0.6891,2.462,1.00122,ɛ̃fajibl,faillir,1-1-1,_in/faill(ir).ible,万全,target_content_with_gloss,0.757598,1
9615,pique,pique,NOM,B2,0.6891,5.611,4.1978,pik,piquer,0-1-1,/piqu(er).e,矛,target_content_with_gloss,0.757598,1
10236,provisoire,provisoire,ADJ,B2,0.6891,4.418,1.7131,pʁovizwaʁ,vision,1-1-1,_pro/vis(ion).oire,临时；初次,target_content_with_gloss,0.757598,1
6054,habillé,habillé,ADJ,B2,0.6889,10.032,5.4899,abije,bille,0-1-1,/habill(er).é,身着,target_content_with_gloss,0.757592,1
917,assèchement,assèchement,NOM,B2,0.688,0.085,0.03521,asɛʃəmɑ̃,sec,1-1-1,_a(d)/s/séch(er).ement,排水,target_content_with_gloss,0.757568,1
7840,marais,marais,NOM,B2,0.688,6.443,1.54623,maʁɛ,marais,0-1-0,/marais,沼泽,target_content_with_gloss,0.757568,1
3570,dauphin,dauphin,NOM,B2,0.6878,5.785,0.77312,dofɛ̃,dauphin/Dauphiné,0-1-0,/dauphin/Dauphin(é),海豚；皇太子,target_content_with_gloss,0.757563,1
4320,dépliant,dépliant,NOM,B2,0.6867,0.684,0.19902,deplijɑ̃,pli,1-1-1,_dé/pli(er).ant,说明书,target_content_with_gloss,0.757533,1
14085,épuisant,épuisant,ADJ,B2,0.6867,3.032,1.10992,epɥizɑ̃,puits,1-1-1,_é/pui(t)s.ant,费劲,target_content_with_gloss,0.757533,1
9213,pareil,pareil,ADV,B2,0.6866,7.234,28.55787,paʁɛj,pair,0-1-1,/pa(i)r.eil,一样；不相上下,target_content_with_gloss,0.75753,1
322,agrément,agrément,NOM,B2,0.6864,0.756,0.25566,agʁemɑ̃,agrès,0-1-1,/agrè(s).ment,情趣,target_content_with_gloss,0.757525,1
991,attrait,attrait,NOM,B2,0.6864,1.484,0.57103,atʁɛ,traire,1-1-1,_a(d)/trai(re).t,魅力,target_content_with_gloss,0.757525,1
2226,chargement,chargement,NOM,B2,0.6864,6.655,2.19535,ʃaʁʒəmɑ̃,charge,0-1-1,/charg(e).ement,上机；上船,target_content_with_gloss,0.757525,1
12272,stationnement,stationnement,NOM,B2,0.6864,2.797,1.02113,stasjɔnəmɑ̃,station,0-1-1,/station[n].ement,停车场,target_content_with_gloss,0.757525,1
5279,fini,fini,ADJ,B2,0.6861,22.633,66.45285,fini,fin,0-1-1,/fin.i,作好；精良,target_content_with_gloss,0.757516,1
12337,subir,subir,VER,B2,22.1838,33.674,5.4899,sybiʁ,,1-0-1,_sub.ir,受到；忍受,target_content_with_gloss,0.757508,1
5138,faubourg,faubourg,NOM,B2,0.6857,0.484,0.12247,fobuʁ,faux,0-2-0,/fau(x)/bourg,市郊；郊区,target_content_with_gloss,0.757506,1
13560,vinaigre,vinaigre,NOM,B2,0.6854,3.13,1.16963,vinɛgʁ,vin,0-2-0,/vin/aigre,醋,target_content_with_gloss,0.757497,1
3844,diversification,diversification,NOM,B2,0.6853,0.12,0.04899,divɛʁsifikasjɔ̃,vers,1-1-2,_di/vers.ific.ation,多样化,target_content_with_gloss,0.757495,1
8673,noix,noix,NOM,B2,0.6853,14.528,4.65095,nwa,noix,0-1-1,/noix.x,核桃；胡桃,target_content_with_gloss,0.757495,1
9785,pois,pois,NOM,B2,0.6853,5.883,1.98561,pwa,pois,0-1-0,/pois,豌豆,target_content_with_gloss,0.757495,1
10121,programmable,programmable,ADJ,B2,0.6853,0.18,0.04899,pʁogʁamabl,programme,0-2-0,/programm(e)/able,可编程,target_content_with_gloss,0.757495,1
12185,souscrire,souscrire,VER,B2,0.6853,0.991,0.15462,suskʁiʁ,script,1-1-1,_sous/scri(pt).re,承销；申请,target_content_with_gloss,0.757495,1
4572,emplir,emplir,VER,B2,0.6846,3.228,0.421,ɑ̃pliʁ,emplir,0-1-1,/empl(ir).ir,布满,target_content_with_gloss,0.757476,1
11606,rêvé,rêvé,ADJ,B2,0.6844,1.484,8.56093,ʁeve,rêve,0-1-1,/rêv(e).é,梦幻,target_content_with_gloss,0.75747,1
122,accélérateur,accélérateur,NOM,B2,0.684,3.161,1.03491,akseleʁatœʁ,célérité,1-1-1,_a(d)/c/célér(ité).ateur,加速器；油门,target_content_with_gloss,0.757459,1
644,anxieux,anxieux,ADJ,B2,0.684,4.63,1.38242,ɑ̃ksjø,anxieux,0-1-0,/anxieux,㤽㤽；急于,target_content_with_gloss,0.757459,1
776,argumenter,argumenter,VER,B2,0.684,1.934,0.54807,aʁgymɑ̃te,argument,0-1-1,/argument.er,争论；推论,target_content_with_gloss,0.757459,1
2411,cime,cime,NOM,B2,0.684,0.854,0.1929,sim,cime,0-1-0,/cime,尖峰；山顶,target_content_with_gloss,0.757459,1
2709,compact,compact,ADJ,B2,0.684,0.873,0.2327,kɔ̃pakt,compact,0-1-0,/compact,小巧；紧凑,target_content_with_gloss,0.757459,1
3435,crête,crête,NOM,B2,0.684,3.5,1.02572,kʁɛt,Crète,0-1-0,/Crète,埂子；峰顶,target_content_with_gloss,0.757459,1
3520,célébration,célébration,NOM,B2,0.684,3.633,1.28445,selebʁasjɔ̃,célèbre,0-1-1,/célèbr(e).ation,庆,target_content_with_gloss,0.757459,1
5211,fiabilité,fiabilité,NOM,B2,0.684,0.595,0.26485,fjabilite,(se) fier,0-1-2,/fi(er).ab[i]l.ité,信用；可信度,target_content_with_gloss,0.757459,1
5444,fougère,fougère,NOM,B2,0.684,0.244,0.13472,fuʒɛʁ,fougère,0-1-1,/fougèr(e).e,蕨,target_content_with_gloss,0.757459,1
5815,gomme,gomme,NOM,B2,0.684,3.196,1.0395,gɔm,gomme,0-1-1,/gomm(e).e,口香糖；擦子,target_content_with_gloss,0.757459,1
12737,temporairement,temporairement,ADV,B2,0.684,3.722,1.65799,tɑ̃poʁɛʁəmɑ̃,temps,0-1-2,/temp(s)[or].aire.ment,一时；权时,target_content_with_gloss,0.757459,1
13579,viril,viril,ADJ,B2,0.684,4.791,1.4008,viʁil,viril,0-1-0,/viril,洸,target_content_with_gloss,0.757459,1
13952,éleveur,éleveur,NOM,B2,0.684,2.0,0.35977,ɛləvœʁ,lever,1-1-1,_é/lev(er).eur,饲养员,target_content_with_gloss,0.757459,1
14148,étincelant,étincelant,ADJ,B2,0.684,1.541,0.30159,etɛ̃səlɑ̃,étincelle,0-1-1,/étincel(le).ant,亮晶晶；油光,target_content_with_gloss,0.757459,1
258,affluent,affluent,NOM,B2,0.6838,0.155,0.27097,aflyɑ̃,flux,1-1-1,_a(d)/f/flu(x).ent,支流,target_content_with_gloss,0.757454,1
6147,heureux,heureux,NOM,B2,0.6838,8.054,39.97857,øʁø,heur,0-1-1,/heur.eux,乐滋滋；可喜,target_content_with_gloss,0.757454,1
9603,ping-pong,ping-pong,NOM,B2,0.6838,2.408,0.66595,piŋpɔ̃ŋ,ping,0-2-0,/ping/pong,乒乓；乒乓球,target_content_with_gloss,0.757454,1
8496,mélangé,mélangé,ADJ,B2,0.6835,1.136,1.66718,melɑ̃ʒe,mêler,0-1-1,/mélang(er).é,均质层,target_content_with_gloss,0.757446,1
1400,bienveillance,bienveillance,NOM,B2,0.6825,1.468,0.60318,bjɛ̃vɛjɑ̃s,bien,0-2-1,/bien/veill(e).ance,仁爱；善心,target_content_with_gloss,0.757419,1
8517,méprisable,méprisable,ADJ,B2,0.6825,2.165,0.80986,mepʁizabl,prendre,1-1-1,_mé/pris.able,下三滥；卑鄙,target_content_with_gloss,0.757419,1
13585,vis,vis,NOM,B2,0.6825,7.801,19.33558,vis,vis,0-1-0,/vis,螺丝；螺杆,target_content_with_gloss,0.757419,1
10078,procuration,procuration,NOM,B2,0.6824,2.063,0.72719,pʁokyʁasjɔ̃,cure,1-1-1,_pro/cur(e).ation,委任；委托书,target_content_with_gloss,0.757416,1
13500,veuf,veuf,ADJ,B2,0.6824,4.744,4.18555,vœf,veuf,0-1-0,/veuf,寡,target_content_with_gloss,0.757416,1
4676,engueuler,engueuler,VER,B2,0.6817,10.013,1.68096,ɑ̃gøle,gueule,1-1-1,_en/gueul(e).er,结梁子；责骂,target_content_with_gloss,0.757397,1
7077,ironie,ironie,NOM,B2,0.6817,6.756,2.87355,iʁoni,ironie,0-1-1,/iron(ie).ie,讽刺,target_content_with_gloss,0.757397,1
5917,griller,griller,VER,B2,0.6815,16.816,3.77985,gʁije,griller,0-1-1,/grill(er).er,烘烤,target_content_with_gloss,0.757391,1
6866,instantané,instantané,NOM,B2,0.6813,0.345,0.58941,ɛ̃stɑ̃tane,{sta},1-1-2,_in/{st(a)}.ant.ané,快照；瞬时,target_content_with_gloss,0.757386,1
4045,décaler,décaler,VER,B2,0.6811,2.424,0.33527,dekale,caler,1-1-0,_dé/cal(er),移位,target_content_with_gloss,0.75738,1
9212,pare-brise,pare-brise,NOM,B2,0.6805,3.25,1.22015,paʁbʁiz,parer,0-2-0,/pare(r)/brise,风挡,target_content_with_gloss,0.757364,1
11212,roc,roc,NOM,B2,0.6805,3.358,1.08849,ʁɔk,roc,0-1-0,/roc,石块；磐石,target_content_with_gloss,0.757364,1
12887,tombant,tombant,ADJ,B2,0.6802,0.737,1.47428,tɔ̃bɑ̃,tomber,0-1-1,/tomb(er).ant,低垂,target_content_with_gloss,0.757356,1
1513,bombarder,bombarder,VER,B2,0.6796,6.424,0.72566,bɔ̃baʁde,bombe,0-1-2,/bomb(e).ard(er).er,炮轰；轰炸,target_content_with_gloss,0.75734,1
2519,clochette,clochette,NOM,B2,0.6796,3.642,0.58941,kloʃɛt,cloche,0-1-1,/cloch(e).ette,铃铛,target_content_with_gloss,0.75734,1
4612,enchanteur,enchanteur,NOM,B2,0.6796,0.927,0.2327,ɑ̃ʃɑ̃tœʁ,chant,1-1-0,_en/chant,妖娆；绮丽,target_content_with_gloss,0.75734,1
9196,parasite,parasite,NOM,B2,0.6793,7.858,1.6335,paʁazit,parasite,0-1-1,/parasit(e).e,寄生虫；寄生虫类,target_content_with_gloss,0.757331,1
9358,paupière,paupière,NOM,B2,0.6793,2.886,0.92927,popjɛʁ,paupière,0-1-0,/paupière,眼皮；眼睑,target_content_with_gloss,0.757331,1
229,affairer,affairer,VER,B2,0.6778,2.408,47.23821,afɛʁe,faire,1-1-1,_a(d)/f/fair(e).er,忙碌,target_content_with_gloss,0.757291,1
11007,reparler,reparler,VER,B2,0.6778,19.687,2.82609,ʁəpaʁle,parler,1-1-1,_re/parl(er).er,再说,target_content_with_gloss,0.757291,1
777,aride,aride,ADJ,B2,0.6777,1.047,0.28628,aʁid,aride,0-1-0,/aride,干旱；干燥,target_content_with_gloss,0.757288,1
4029,débouché,débouché,NOM,B2,0.6777,0.215,0.18218,debuʃe,bouche,1-1-1,_dé/bouch(er).é,出路；去路,target_content_with_gloss,0.757288,1
6132,hebdomadaire,hebdomadaire,NOM,B2,0.6772,0.282,0.76546,ɛbdomadɛʁ,hebdomadaire,0-1-1,/hebdomad (aire).aire,周刊；周报,target_content_with_gloss,0.757274,1
3814,distant,distant,ADJ,B2,0.6771,4.203,1.06552,distɑ̃,stable,1-1-1,_dis/st(able).ant,悠然；辽远,target_content_with_gloss,0.757271,1
4302,dépeindre,dépeindre,VER,B2,0.6771,1.092,0.2128,depɛ̃dʁ,peindre,1-1-0,_dé/peindre,刻画；描写,target_content_with_gloss,0.757271,1
7362,latitude,latitude,NOM,B2,0.6771,1.604,0.57563,latityd,latitude,0-1-0,/latitude,纬,target_content_with_gloss,0.757271,1
11847,semis,semis,NOM,B2,0.6771,0.149,0.0643,səmi,semer,0-1-1,/sem(er).is,苗木,target_content_with_gloss,0.757271,1
13242,télégraphe,télégraphe,NOM,B2,0.6771,1.006,0.31996,telegʁaf,télégraphe,1-0-2,_télé.graph(e).e,电报,target_content_with_gloss,0.757271,1
2507,clinique,clinique,NOM,B2,0.6764,18.75,5.37814,klinik,clinique,0-1-1,/clini(que)/c.que,临床；倩碧,target_content_with_gloss,0.757252,1
12433,suppléant,suppléant,ADJ,B2,0.6764,0.462,0.2572,sypleɑ̃,suppléer,0-1-1,/supplé(er).ant,替身,target_content_with_gloss,0.757252,1
2442,ciseler,ciseler,VER,B2,0.6763,0.146,0.05358,sizəle,{ci(re)},0-1-1,/cise(au)/l.er,雕琢,target_content_with_gloss,0.75725,1
10993,rente,rente,NOM,B2,0.6763,1.07,0.32456,ʁɑ̃t,rendre,0-1-1,/ren(dre)/t.e,年金,target_content_with_gloss,0.75725,1
14236,ôter,ôter,VER,B2,0.6763,13.674,1.95346,ote,ôter,0-1-1,/ôt(er).er,夺走；揭开,target_content_with_gloss,0.75725,1
1704,broche,broche,NOM,B2,0.6762,4.016,0.98592,bʁɔʃ,broche,0-1-1,/broch(e).e,钗,target_content_with_gloss,0.757247,1
12147,souper,souper,VER,B2,0.6762,4.478,7.34538,supe,soupe,0-1-1,/soup(e).er,夜宵；夜消,target_content_with_gloss,0.757247,1
4767,entrevue,entrevue,NOM,B2,0.6756,5.019,1.66105,ɑ̃tʁəvy,voir,1-1-1,_entre/v(oir).ue,会晤,target_content_with_gloss,0.75723,1
5849,gracieusement,gracieusement,ADV,B2,0.6755,0.835,0.38579,gʁasjøzəmɑ̃,grâce,0-1-2,/grâc(e).ieuse.ment,翩,target_content_with_gloss,0.757228,1
84,acclamation,acclamation,NOM,B2,0.675,2.636,0.60625,aklamasjɔ̃,clamer,1-1-1,_a(d)c/clam(er).ation,嗷；讙,target_content_with_gloss,0.757214,1
2771,comprimé,comprimé,NOM,B2,0.675,2.861,0.73484,kɔ̃pʁime,{prim},1-1-1,_com/{prim}.é,片剂,target_content_with_gloss,0.757214,1
3079,contre-courant,contre-courant,NOM,B2,0.675,0.44,0.16993,kɔ̃tʁəkuʁɑ̃,courant,1-1-0,_contre/courant,逆流,target_content_with_gloss,0.757214,1
4289,dénouement,dénouement,NOM,B2,0.675,1.241,0.50061,denumɑ̃,nouer,1-1-1,_dé/nou(er).ement,收场；结尾,target_content_with_gloss,0.757214,1
5012,expérimenté,expérimenté,ADJ,B2,0.675,3.288,1.49878,ɛkspeʁimɑ̃te,expérimenter,0-1-1,/expériment(er).é,历练；娴熟,target_content_with_gloss,0.757214,1
5063,faction,faction,NOM,B2,0.675,2.294,0.45468,faksjɔ̃,faire,0-1-1,/fact(eur).ion,帮派；派别,target_content_with_gloss,0.757214,1
12719,technocrate,technocrate,NOM,B2,0.675,0.117,0.02143,tɛknokʁat,technocrate,1-0-1,_techno.crate,技术官僚,target_content_with_gloss,0.757214,1
926,astronomie,astronomie,NOM,B2,0.6742,1.358,0.44244,astʁonomi,astronomie,1-0-2,_astro.nom(e).ie,天文；天文学,target_content_with_gloss,0.757192,1
7057,invoquer,invoquer,VER,B2,0.6742,6.962,0.83435,ɛ̃voke,voix,1-1-1,_in/vo(i)x/qu.er,援引,target_content_with_gloss,0.757192,1
224,adversité,adversité,NOM,B2,0.6741,1.339,0.58941,advɛʁsite,vers,1-1-1,_ad/vers.ité,不幸；厄运,target_content_with_gloss,0.757189,1
2745,complot,complot,NOM,B2,0.6741,9.889,3.02358,kɔ̃plo,complot,0-1-0,/complot,情节；阴谋,target_content_with_gloss,0.757189,1
5533,friser,friser,VER,B2,0.6741,1.652,0.41029,fʁize,friser,0-1-1,/fris(er).er,卷曲；掠过,target_content_with_gloss,0.757189,1
7952,maudire,maudire,VER,B2,0.6741,4.522,5.84201,modiʁ,mal,0-2-1,/ma(l/u)/di(re).re,诅咒；责骂,target_content_with_gloss,0.757189,1
8525,mésaventure,mésaventure,NOM,B2,0.6741,0.921,0.26485,mezavɑ̃tyʁ,aventure,1-1-0,_més/aventure,不测；差池,target_content_with_gloss,0.757189,1
578,annales,annales,NOM,B2,0.6734,0.791,0.35211,anal,an,0-1-1,/ann(ée).ales,大事记；年鉴,target_content_with_gloss,0.75717,1
11530,résignation,résignation,NOM,B2,0.6734,0.364,0.14697,ʁeziɲasjɔ̃,résigner,0-1-1,/résign(er).ation,顺从,target_content_with_gloss,0.75717,1
13795,ébranler,ébranler,VER,B2,0.6734,2.978,0.39651,ebʁɑ̃le,branler,1-1-1,_é/branl(er).er,动摇；哄动,target_content_with_gloss,0.75717,1
3576,dedans,dedans,NOM,B2,0.6726,5.184,29.90814,dədɑ̃,de,0-2-0,/de/dans,在内；里边,target_content_with_gloss,0.757148,1
256,affliger,affliger,VER,B2,0.6722,1.513,0.26944,afliʒe,affliger,0-1-1,/afflige(r).er,忧；瘅,target_content_with_gloss,0.757137,1
6704,inestimable,inestimable,ADJ,B2,0.6722,2.892,1.05021,inɛstimabl,estime,1-1-1,_in/estim(e).able,无价,target_content_with_gloss,0.757137,1
11111,retrait,retrait,NOM,B2,0.6722,6.835,2.43111,ʁətʁɛ,traire,1-1-1,_re/trai(re).t,取款；召回,target_content_with_gloss,0.757137,1
13394,vanité,vanité,NOM,B2,0.6722,3.218,1.1834,vanite,vain,0-1-1,/va(i)n.ité,虚荣；虚荣心,target_content_with_gloss,0.757137,1
290,agilité,agilité,NOM,B2,0.6721,0.744,0.30618,aʒilite,agile,0-1-1,/agil(e).ité,伶俐,target_content_with_gloss,0.757135,1
831,articuler,articuler,VER,B2,0.6721,1.199,0.18371,aʁtikyle,articuler,0-1-1,/articul(er).er,发音,target_content_with_gloss,0.757135,1
904,assortir,assortir,VER,B2,0.6721,1.804,0.5496,asɔʁtiʁ,sort(e),1-1-1,_a(d)/s/sort(ir).ir,搭配；相配,target_content_with_gloss,0.757135,1
979,atterrir,atterrir,VER,B2,0.6721,28.361,4.47795,ateʁiʁ,terre,1-1-1,_a(d)/terr(e).ir,上岸；着陆,target_content_with_gloss,0.757135,1
1318,battant,battant,ADJ,B2,0.6721,1.123,1.91366,batɑ̃,battre,0-1-1,/batt(re).ant,扇,target_content_with_gloss,0.757135,1
1577,boueux,boueux,ADJ,B2,0.6721,1.193,0.29088,bwø,boue,0-1-1,/bou(e).eux,泥泞,target_content_with_gloss,0.757135,1
2682,commode,commode,NOM,B2,0.6721,2.354,1.9305,komɔd,mode,1-1-0,_com/mode,五斗柜；便捷,target_content_with_gloss,0.757135,1
3736,dinosaure,dinosaure,NOM,B2,0.6721,6.832,1.07471,dinozoʁ,saurien,1-1-1,_dino/saur(ien).e,亚洲近颌龙；恐龙,target_content_with_gloss,0.757135,1
3946,drainer,drainer,VER,B2,0.6721,2.304,0.41029,dʁene,drain,0-1-1,/drain.er,宣泄；引入,target_content_with_gloss,0.757135,1
4461,dévaloriser,dévaloriser,VER,B2,0.6721,0.566,0.07502,devaloʁize,valeur,1-1-2,_dé/val(eu)/or.is.er,贬低,target_content_with_gloss,0.757135,1
6815,inné,inné,ADJ,B2,0.6721,1.769,0.5695,ine,naître,1-1-0,_in/né,与生俱来；先天,target_content_with_gloss,0.757135,1
10600,raccorder,raccorder,VER,B2,0.6721,0.981,0.13931,ʁakɔʁde,accord,1-1-1,_r/accord.er,胶接,target_content_with_gloss,0.757135,1
10695,ranimer,ranimer,VER,B2,0.6721,2.168,0.51592,ʁanime,âme,0-1-1,/anim(é).er,搞活,target_content_with_gloss,0.757135,1
11959,sillon,sillon,NOM,B2,0.6721,0.722,0.16687,sijɔ̃,sillon,0-1-0,/sillon,条纹,target_content_with_gloss,0.757135,1
13340,utilitaire,utilitaire,ADJ,B2,0.6721,0.231,0.11023,ytilitɛʁ,utile,0-1-1,/util(e).itaire,公用事业,target_content_with_gloss,0.757135,1
13349,vacant,vacant,ADJ,B2,0.6721,1.563,0.41947,vakɑ̃,vaquer,0-1-1,/vac(ant).ant,暂缺；空余,target_content_with_gloss,0.757135,1
13836,éclectique,éclectique,ADJ,B2,0.6721,0.326,0.10716,eklɛktik,éclectique,0-1-1,/éclect(ique).ique,折衷,target_content_with_gloss,0.757135,1
13945,électroménager,électroménager,ADJ,B2,0.6721,0.136,0.21586,elɛktʁomenaʒe,ménager,1-1-0,_électro/ménager,家用电器；家电,target_content_with_gloss,0.757135,1
14191,évacuation,évacuation,NOM,B2,0.6721,7.453,2.24434,evakɥasjɔ̃,vacuité,1-1-1,_é/vacu(ité).ation,撤出,target_content_with_gloss,0.757135,1
488,amidon,amidon,NOM,B2,0.6717,0.544,0.19749,amidɔ̃,amidon,0-1-0,/amidon,淀粉,target_content_with_gloss,0.757124,1
5079,fainéant,fainéant,NOM,B2,0.6717,2.06,0.93386,feneɑ̃,faire,0-2-0,/fai(t)/néant,懒惰,target_content_with_gloss,0.757124,1
6576,incinération,incinération,NOM,B2,0.6717,0.582,0.21433,ɛ̃sineʁasjɔ̃,incinérer,0-1-1,/incinér(er).ation,火化,target_content_with_gloss,0.757124,1
7127,ivresse,ivresse,NOM,B2,0.6717,4.456,1.72688,ivʁɛs,ivre,0-1-1,/ivr(e).esse,酒醉,target_content_with_gloss,0.757124,1
10887,rejaillir,rejaillir,VER,B2,0.6717,0.446,0.07042,ʁəʒajiʁ,jaillir,1-1-1,_re/jaill(ir).ir,湍,target_content_with_gloss,0.757124,1
4723,entasser,entasser,VER,B2,0.6701,2.769,0.3169,ɑ̃tase,tas,1-1-1,_en/tas[s].er,堆放；堆砌,target_content_with_gloss,0.75708,1
8755,nuageux,nuageux,ADJ,B2,0.6701,1.127,0.36283,nɥaʒø,nuage,0-1-2,/nu(ée).ag(e).eux,多云；阴晦,target_content_with_gloss,0.75708,1
13868,écrasé,écrasé,ADJ,B2,0.6701,2.345,4.48255,ekʁaze,écraser,0-1-1,/écras(er).é,挠败,target_content_with_gloss,0.75708,1
4428,détachement,détachement,NOM,B2,0.6699,3.032,0.99204,detaʃəmɑ̃,tache,1-1-1,_dé/tach(e).ement,支队,target_content_with_gloss,0.757074,1
5173,fendre,fendre,VER,B2,0.6699,4.788,0.53735,fɑ̃dʁ,fendre,0-1-1,/fend(re).re,劈开,target_content_with_gloss,0.757074,1
8776,nuque,nuque,NOM,B2,0.6699,6.104,2.34078,nyk,nuque,0-1-0,/nuque,项颈,target_content_with_gloss,0.757074,1
9590,piller,piller,VER,B2,0.6699,5.649,0.74403,pije,piller,0-1-1,/pill(er).er,打劫；抢劫,target_content_with_gloss,0.757074,1
9837,pompeux,pompeux,ADJ,B2,0.6699,1.364,0.49296,pɔ̃pø,pompe,0-1-1,/pomp(e).eux,奢华；虚夸,target_content_with_gloss,0.757074,1
12336,suave,suave,ADJ,B2,0.6699,0.687,0.24801,sɥav,suave,0-1-0,/suave,圆润；委婉,target_content_with_gloss,0.757074,1
13013,trame,trame,NOM,B2,0.6699,0.75,1.12064,tʁam,trame,0-1-1,/tram(e).e,线索；网点,target_content_with_gloss,0.757074,1
1956,capituler,capituler,VER,B2,0.6697,2.241,0.29394,kapityle,capital,0-1-2,/capit(al).ul(e).er,投诚,target_content_with_gloss,0.757069,1
5601,furie,furie,NOM,B2,0.6697,2.475,0.75628,fyʁi,furie,0-1-1,/furi(eux).e,狂暴,target_content_with_gloss,0.757069,1
6486,importuner,importuner,VER,B2,0.6697,3.354,0.75781,ɛ̃pɔʁtyne,importun,0-1-1,/importun.er,气人；烦人,target_content_with_gloss,0.757069,1
12343,subjuguer,subjuguer,VER,B2,0.6697,0.734,0.124,sybʒyge,joug,1-1-1,_sub/j(o)ug[u].er,制伏,target_content_with_gloss,0.757069,1
234,affectation,affectation,NOM,B2,0.6695,3.051,0.92009,afɛktasjɔ̃,{fect},1-1-1,_a(d)/f/{fect}.ation,友爱；委任,target_content_with_gloss,0.757063,1
1671,bravoure,bravoure,NOM,B2,0.6695,3.399,1.37171,bʁavuʁ,brave,0-1-1,/brav(e).oure,恿,target_content_with_gloss,0.757063,1
7915,massacrer,massacrer,VER,B2,0.6695,13.734,3.86558,masakʁe,massacr(er),0-1-1,/massacr(er).er,杀害；杀戮,target_content_with_gloss,0.757063,1
11644,saillant,saillant,ADJ,B2,0.6695,0.392,0.05818,sajɑ̃,saillir,0-1-1,/saill(ir).ant,突出；突出地,target_content_with_gloss,0.757063,1
12794,terroriste,terroriste,NOM,B2,0.6695,22.168,3.96816,tɛʁoʁist,terreur,0-1-1,/terr(eu/o)r.iste,恐怖分子,target_content_with_gloss,0.757063,1
13100,tressaillir,tressaillir,VER,B2,0.6695,0.481,0.06124,tʁesajiʁ,saillir,1-1-1,_tr(ans)/és/saill(ir).ir,战栗；望而却步,target_content_with_gloss,0.757063,1
2427,cinéphile,cinéphile,NOM,B2,0.6693,0.206,0.08879,sinefil,cinéma,0-1-1,/ciné(ma).phile,影迷,target_content_with_gloss,0.757058,1
2655,commandant,commandant,NOM,B2,0.6693,50.861,8.24862,komɑ̃dɑ̃,mander,1-1-1,_com/mand(er).ant,司令；指挥,target_content_with_gloss,0.757058,1
12145,soumission,soumission,NOM,B2,0.6693,1.37,0.5297,sumisjɔ̃,mettre,1-1-2,_sou(s)/m(ettre).iss.ion,归顺；顺从,target_content_with_gloss,0.757058,1
1242,bananier,bananier,NOM,B2,0.6689,0.25,0.05971,bananje,banane,0-1-1,/banan(e).ier,野蕉,target_content_with_gloss,0.757047,1
4036,débrouillard,débrouillard,ADJ,B2,0.6689,0.646,0.21433,debʁujaʁ,bouiller,1-1-1,_dé/brouill(er).ard,智多星；机伶,target_content_with_gloss,0.757047,1
5111,fantastique,fantastique,NOM,B2,0.6671,9.88,12.95009,fɑ̃tastik,fantasque,0-1-1,/fantas(que).tique,奇幻；奇异,target_content_with_gloss,0.756998,1
12318,stupeur,stupeur,NOM,B2,0.6671,0.462,0.19596,stypœʁ,stupeur,0-1-1,/stup(eur).eur,惊愕,target_content_with_gloss,0.756998,1
1583,bouffée,bouffée,NOM,B2,0.667,2.661,1.04103,bufe,bouffer,0-1-1,/bouf(fer).ée,一阵；突发,target_content_with_gloss,0.756995,1
2594,collant,collant,NOM,B2,0.6665,4.142,1.23239,kolɑ̃,coller,0-1-1,/coll(er).ant,紧身；黏答答,target_content_with_gloss,0.756981,1
4033,débraillé,débraillé,ADJ,B2,0.666,0.415,0.21433,debʁaje,braie,1-1-0,_dé/brai[llé],邋遢；邋里邋遢,target_content_with_gloss,0.756967,1
2156,cervelle,cervelle,NOM,B2,0.6659,0.392,4.12584,sɛʁvɛl,cerveau,0-1-1,/cerv(eau)/l.elle,脑,target_content_with_gloss,0.756965,1
13124,tripe,tripe,NOM,B2,0.6659,8.07,3.0496,tʁip,tripe,0-1-0,/trip(e),百叶,target_content_with_gloss,0.756965,1
997,attribution,attribution,NOM,B2,0.6658,1.085,0.25413,atʁibysjɔ̃,tribut,1-1-1,_a(d)/tribut.ion,归因,target_content_with_gloss,0.756962,1
1072,automatique,automatique,ADJ,B2,0.6658,9.234,3.24097,otomatik,automate,1-1-0,_aut(o)/{matique},自动,target_content_with_gloss,0.756962,1
1569,bouclé,bouclé,ADJ,B2,0.6658,1.693,1.63962,bukle,boucle,0-1-1,/boucl(e).é,鬈,target_content_with_gloss,0.756962,1
3179,correction,correction,NOM,B2,0.6658,12.43,3.82578,koʁɛksjɔ̃,correct,0-1-1,/correct.ion,修订,target_content_with_gloss,0.756962,1
9100,paillette,paillette,NOM,B2,0.6658,3.057,1.02419,pajɛt,paille,0-1-1,/paill(e).ette,金葱粉,target_content_with_gloss,0.756962,1
7746,malfaiteur,malfaiteur,NOM,B2,0.6657,1.541,0.39345,malfɛtœʁ,mal,0-2-0,/mal/faiteur,坏人；妖孽,target_content_with_gloss,0.756959,1
2657,commandement,commandement,NOM,B2,0.6656,16.816,4.52082,komɑ̃dəmɑ̃,mander,1-1-1,_com/mand(er).ement,号令；统帅,target_content_with_gloss,0.756956,1
9175,parader,parader,VER,B2,0.6653,1.778,1.84476,paʁade,parer,0-1-2,/par(er).ad(e).er,招摇,target_content_with_gloss,0.756948,1
13041,transit,transit,NOM,B2,0.6653,1.563,0.65064,tʁɑ̃zit,transit,0-1-0,/transit,过境,target_content_with_gloss,0.756948,1
1738,brutalité,brutalité,NOM,B2,0.6652,2.788,1.06399,bʁytalite,brut,0-1-2,/brut.al.ité,强暴；蛮横,target_content_with_gloss,0.756945,1
12149,soupir,soupir,NOM,B2,0.6652,14.763,1.50643,supiʁ,{pir},1-1-0,_sous/{pir},叹气,target_content_with_gloss,0.756945,1
12915,torche,torche,NOM,B2,0.6651,6.981,2.2428,tɔʁʃ,torche,0-1-1,/torch(e).e,火把；火炬,target_content_with_gloss,0.756943,1
4647,endurer,endurer,VER,B2,0.665,12.028,2.31935,ɑ̃dyʁe,dur,1-1-1,_en/dur.er,受到；忍耐,target_content_with_gloss,0.75694,1
5962,grêle,grêle,ADJ,B2,0.665,0.481,0.43631,gʁɛl,grêler,0-1-1,/grêl(er).e,冰雹,target_content_with_gloss,0.75694,1
6533,impératrice,impératrice,NOM,B2,0.6648,22.43,0.44244,ɛ̃peʁatʁis,impératif,0-1-1,/impera(tif).trice,女皇；娘娘,target_content_with_gloss,0.756934,1
13,aboiement,aboiement,NOM,B2,0.6647,2.228,0.48377,abwamɑ̃,aboi,0-1-1,/aboi.ement,汪,target_content_with_gloss,0.756932,1
11183,rime,rime,NOM,B2,0.6647,2.725,2.55052,ʁim,rime,0-1-1,/rim(e).e,压韵,target_content_with_gloss,0.756932,1
2940,consciencieusement,consciencieusement,ADV,B2,0.6645,0.31,0.13319,kɔ̃sjɑ̃sjøzəmɑ̃,science,1-1-2,_con/scienc(e).ieuse.ment,一秉虔诚,target_content_with_gloss,0.756926,1
7518,logistique,logistique,NOM,B2,0.6645,1.032,0.6537,loʒistik,logos,0-1-1,/log(ique).istique,后勤；物流,target_content_with_gloss,0.756926,1
238,affectionner,affectionner,VER,B2,0.6644,0.31,0.07655,afɛksjone,{fect},1-1-2,_a(d)/f/{fect}.ion[n].er,爱,target_content_with_gloss,0.756923,1
7630,légendaire,légendaire,ADJ,B2,0.6644,5.373,1.81261,leʒɑ̃dɛʁ,légende,0-1-1,/légend(e).aire,传奇,target_content_with_gloss,0.756923,1
2340,chou,chou,NOM,B2,0.664,26.158,6.86007,ʃu,chou,0-1-0,/chou,包菜；莲花白,target_content_with_gloss,0.756912,1
8128,ministériel,ministériel,ADJ,B2,0.6635,0.288,0.05511,ministeʁjɛl,ministre,0-1-2,/minist(re).èr(e).iel,部长,target_content_with_gloss,0.756899,1
8733,nounou,nounou,NOM,B2,0.6635,9.706,2.27648,nunu,nourrir,0-2-0,/nou(rrice)/nou(rrice),保姆；育儿嫂,target_content_with_gloss,0.756899,1
2317,chinois,chinois,NOM,B2,0.6634,18.152,7.84446,ʃinwa,chine,0-1-1,/chin(e).ois,中文；汉语,target_content_with_gloss,0.756896,1
2600,collectif,collectif,NOM,B2,0.6634,1.62,1.13288,kolɛktif,collecte,0-1-1,/collect(e).if,集体,target_content_with_gloss,0.756896,1
3939,doux,doux,NOM,B2,0.6634,5.405,13.33742,du,doux,0-1-0,/doux,优柔；和善,target_content_with_gloss,0.756896,1
4695,enquêter,enquêter,VER,B2,0.6634,33.959,18.55634,ɑ̃kete,quête,1-1-1,_en/quêt(e).er,勘测；探求,target_content_with_gloss,0.756896,1
6775,ingéniosité,ingéniosité,NOM,B2,0.6632,1.133,0.5098,ɛ̃ʒenjozite,ingénier,0-1-2,/ingéni(er).os.ité,心计；独创性,target_content_with_gloss,0.75689,1
7743,malchance,malchance,NOM,B2,0.6632,4.791,1.87998,malʃɑ̃s,chance,0-2-0,/mal/chance,倒运；厄运,target_content_with_gloss,0.75689,1
10625,radioactivité,radioactivité,NOM,B2,0.6632,0.924,0.29853,ʁadjoaktivite,activité,1-1-0,_radio/activité,放射性,target_content_with_gloss,0.75689,1
9441,permanent,permanent,ADJ,B2,21.8554,10.142,2.17697,pɛʁmanɑ̃,,1-1-1,_per/man(oir).ent,常任；常务,target_content_with_gloss,0.756855,1
8834,observatoire,observatoire,NOM,B2,0.6613,1.392,0.39345,opsɛʁvatwaʁ,observer,0-1-1,/observ(er).atoire,监测所,target_content_with_gloss,0.756838,1
10335,préservatif,préservatif,NOM,B2,0.6613,6.528,1.20178,pʁezɛʁvatif,{serv},1-1-1,_pré/{serv}.atif,如意套；安全套,target_content_with_gloss,0.756838,1
11842,semelle,semelle,NOM,B2,0.6609,3.396,0.81445,səmɛl,semelle,0-1-0,/semelle,鞋底,target_content_with_gloss,0.756827,1
4531,embaucher,embaucher,VER,B2,0.6605,19.187,2.74801,ɑ̃boʃe,bau,1-1-1,_em/bau[ch].er,招聘；租赁,target_content_with_gloss,0.756816,1
6599,inconditionnel,inconditionnel,NOM,B2,0.6605,0.101,0.37508,ɛ̃kɔ̃disjonɛl,condition,1-1-1,_in/condition[n].el,无条件,target_content_with_gloss,0.756816,1
7811,manne,manne,NOM,B2,0.6605,0.025,0.1485,man,manne,0-1-0,/§manne§,箩；篓,target_content_with_gloss,0.756816,1
8929,omniprésent,omniprésent,ADJ,B2,0.6605,0.737,0.15462,ɔmnipʁezɑ̃,présent,1-1-1,_omni/présen(t).t,无所不在,target_content_with_gloss,0.756816,1
4512,effroyable,effroyable,ADJ,B2,0.6597,2.212,0.78383,efʁwajabl,effroi,0-1-1,/effro(i)/y.able,可怕,target_content_with_gloss,0.756794,1
5155,favorablement,favorablement,ADV,B2,0.6597,0.209,0.09645,favoʁabləmɑ̃,faveur,0-1-2,/fav(eu/o)r.able.ment,顺利,target_content_with_gloss,0.756794,1
12085,sondeur,sondeur,NOM,B2,0.6597,0.288,0.05205,sɔ̃dœʁ,sonde,0-1-1,/sond(e).eur,探测器,target_content_with_gloss,0.756794,1
4090,décoller,décoller,VER,B2,0.6595,18.032,2.78169,dekole,cou,1-1-1,_dé/co(u)/l[l].er,升空；启航,target_content_with_gloss,0.756788,1
7744,malencontreux,malencontreux,ADJ,B2,0.6595,0.69,0.21433,malɑ̃kɔ̃tʁø,mal,0-2-0,/mal/encontreux,尴尬,target_content_with_gloss,0.756788,1
9403,pendule,pendule,NOM,B2,0.6595,2.81,0.71953,pɑ̃dyl,pendre,0-1-2,/pend(re).e,摆；钟,target_content_with_gloss,0.756788,1
9844,ponctuer,ponctuer,VER,B2,0.6595,0.206,0.03521,pɔ̃ktɥe,point,0-1-1,/ponctu(el).er,标点,target_content_with_gloss,0.756788,1
1378,bibelot,bibelot,NOM,B2,0.6593,1.108,0.30772,bibəlo,bibelot,0-1-0,/bibelot,古玩；古董,target_content_with_gloss,0.756783,1
4959,expansif,expansif,ADJ,B2,0.6593,0.241,0.05511,ɛkspɑ̃sif,épandre,1-1-1,_ex/(é)pan(dre)/s.if,粗放,target_content_with_gloss,0.756783,1
6530,impératif,impératif,ADJ,B2,0.6593,1.497,0.7823,ɛ̃peʁatif,impératif,0-1-0,/impératif,势在必行；急迫,target_content_with_gloss,0.756783,1
356,aire,aire,NOM,B2,0.6588,5.209,1.49112,ɛʁ,aire,0-1-0,/aire,场,target_content_with_gloss,0.756769,1
581,anniversaire,anniversaire,ADJ,B2,0.6567,18.342,18.33282,anivɛʁsɛʁ,an,0-2-1,/ann(ée)/vers(er).aire,周年；生日,target_content_with_gloss,0.756711,1
6712,inexpérimenté,inexpérimenté,ADJ,B2,0.6566,1.146,0.27404,inɛkspeʁimɑ̃te,expérimenté,1-1-1,_in/expériment(é).é,新手；涉世未深,target_content_with_gloss,0.756708,1
707,approximativement,approximativement,ADV,B2,0.6561,2.285,0.98438,apʁɔksimativəmɑ̃,proximité,1-1-1,_a(d)/p/approximative.ment,内外；大约,target_content_with_gloss,0.756695,1
996,attribut,attribut,NOM,B2,0.6561,0.915,0.32456,atʁiby,tribut,1-1-0,_a(d)/tribut,宾词,target_content_with_gloss,0.756695,1
1602,bouleversant,bouleversant,ADJ,B2,0.6561,1.525,0.51745,buləvɛʁsɑ̃,boule,0-2-1,/boule/vers(er).ant,惊天动地；惊心动魄,target_content_with_gloss,0.756695,1
8746,nouvellement,nouvellement,ADV,B2,0.6561,0.506,0.2327,nuvɛləmɑ̃,neuf,0-1-2,/n(e/o)u(f/v.elle.ment,新,target_content_with_gloss,0.756695,1
4899,exaspérer,exaspérer,VER,B2,0.6556,1.516,0.28628,ɛgzaspeʁe,exaspérer,0-1-1,/exaspér(er).er,激怒,target_content_with_gloss,0.756681,1
11197,rituel,rituel,ADJ,B2,0.6556,2.155,3.00521,ʁitɥɛl,rite,0-1-0,/ritu(el),仪式；法事,target_content_with_gloss,0.756681,1
879,asservir,asservir,VER,B2,0.6546,1.43,0.21586,asɛʁviʁ,serf,1-1-1,_a(d)/s/serv(ir).ir,伺服；奴役,target_content_with_gloss,0.756653,1
5465,fourrer,fourrer,VER,B2,0.6546,11.212,1.6335,fuʁe,fourrer,0-1-1,/fourr(er).er,填满；引入,target_content_with_gloss,0.756653,1
6840,insignifiant,insignifiant,ADJ,B2,0.6546,5.684,1.2477,ɛ̃siɲifjɑ̃,insigne,0-1-2,/insign(e).ifi.ance,不起眼；些许,target_content_with_gloss,0.756653,1
11550,résurrection,résurrection,NOM,B2,0.6544,3.228,1.14054,ʁezyʁɛksjɔ̃,surgir,1-1-1,_ré/sur(gir)[r].ection,复活；复生,target_content_with_gloss,0.756648,1
2141,cerf,cerf,NOM,B2,0.6543,7.184,1.32119,sɛʁ,cerf,0-1-0,/cerf,鹿,target_content_with_gloss,0.756645,1
10686,rancoeur,rancoeur,NOM,B2,0.6543,2.104,0.71953,ʁɑ̃kœʁ,rancoeur,0-1-0,/rancoeur,怨尤；怨恨,target_content_with_gloss,0.756645,1
9855,popularité,popularité,NOM,B2,0.6542,2.839,1.12064,popylaʁite,populaire,0-1-2,/popul(aire).ar.ité,人心；人气,target_content_with_gloss,0.756642,1
1130,aventurier,aventurier,ADJ,B2,0.6537,0.484,0.49449,avɑ̃tyʁje,venir,1-1-2,_a(d)/ven(ir)/t.ur(e).ier,冒险者,target_content_with_gloss,0.756628,1
5102,fanatique,fanatique,NOM,B2,0.6537,2.807,0.87722,fanatik,fanatique,0-1-1,/fan(atique).atique,狂热,target_content_with_gloss,0.756628,1
2319,chiot,chiot,NOM,B2,0.6533,9.557,1.8417,ʃjo,chien,0-1-1,/chi(en).ot,小狗,target_content_with_gloss,0.756617,1
3659,deux,deux,NOM,B2,0.6533,250.627,93.80282,dø,deux,0-1-0,/deux,两；二,target_content_with_gloss,0.756617,1
10761,rayure,rayure,NOM,B2,0.6531,3.146,0.9752,ʁejyʁ,rai,0-1-1,/ra(i)/y.ure,条纹,target_content_with_gloss,0.756612,1
13388,vampire,vampire,NOM,B2,0.6531,36.56,2.57502,vɑ̃piʁ,vampire,0-1-0,/§vampire§,吸血蝙蝠；吸血鬼,target_content_with_gloss,0.756612,1
2653,comique,comique,NOM,B2,0.6522,3.839,2.24587,komik,comédie,0-1-1,/com(édie).ique,喜感；好笑,target_content_with_gloss,0.756587,1
4587,emprisonnement,emprisonnement,NOM,B2,0.6519,1.997,0.8022,ɑ̃pʁizɔnəmɑ̃,prison,1-1-1,_em/prison[n].ement,有期徒刑；牢狱之灾,target_content_with_gloss,0.756578,1
6571,incessant,incessant,ADJ,B2,0.6519,1.661,0.23882,ɛ̃sesɑ̃,cesser,1-1-1,_in/cess(er).ant,不停,target_content_with_gloss,0.756578,1
13334,utile,utile,NOM,B2,0.6519,2.218,16.48653,ytil,utile,0-1-1,/util(e).e,好用；有助,target_content_with_gloss,0.756578,1
11160,riant,riant,ADJ,B2,0.6518,0.671,0.81445,ʁjɑ̃,rire,0-1-1,/ri(re).ant,明媚,target_content_with_gloss,0.756576,1
6597,inconcevable,inconcevable,ADJ,B2,0.6511,1.472,0.62156,ɛ̃kɔ̃səvabl,concevoir,1-1-1,_in/concev(oir).able,不可思议；不堪设想,target_content_with_gloss,0.756556,1
13557,villageois,villageois,ADJ,B2,0.6511,0.313,1.47275,vilaʒwa,ville,0-1-2,/vill(e).age.ois,村民,target_content_with_gloss,0.756556,1
2469,clandestin,clandestin,ADJ,B2,0.6508,6.07,1.32425,klɑ̃dɛstɛ̃,clandestin,0-1-0,/clandestin,地下；秘密,target_content_with_gloss,0.756548,1
4241,démasquer,démasquer,VER,B2,0.6508,5.801,0.93999,demaske,masque,1-1-1,_dé/masqu(e).er,东窗事发；揭破,target_content_with_gloss,0.756548,1
6095,hanté,hanté,ADJ,B2,0.6508,2.994,1.25995,ɑ̃te,hanter,0-1-1,/hant(er).é,不干净,target_content_with_gloss,0.756548,1
2260,chausson,chausson,NOM,B2,0.6502,2.696,0.73637,ʃosɔ̃,chausser,0-1-1,/chauss(er).on,布鞋；拖鞋,target_content_with_gloss,0.756531,1
4118,découvert,découvert,ADJ,B2,0.6502,2.703,22.56277,dekuvɛʁ,couvrir,1-1-0,_dé/couvert,敞,target_content_with_gloss,0.756531,1
6633,indicible,indicible,ADJ,B2,0.6502,0.566,0.18524,ɛ̃disibl,indice,0-1-1,/indic(e).ible,难言,target_content_with_gloss,0.756531,1
11273,rougeâtre,rougeâtre,ADJ,B2,0.6502,0.158,0.05664,ʁuʒatʁ,rouge,0-1-1,/rouge.âtre,彤,target_content_with_gloss,0.756531,1
10684,ramper,ramper,VER,B2,0.6499,9.066,2.0943,ʁɑ̃pe,ramper,0-1-1,/ramp(er).er,匍匐；爬行,target_content_with_gloss,0.756523,1
10753,ravissant,ravissant,ADJ,B2,0.6499,11.5,3.18432,ʁavisɑ̃,ravis,0-1-2,/rav(ir).iss.ant,引人入胜；明媚,target_content_with_gloss,0.756523,1
2943,conscrit,conscrit,NOM,B2,0.6485,0.282,0.05511,kɔ̃skʁi,écrire,1-1-0,_con/scri(p)t,新兵,target_content_with_gloss,0.756484,1
2966,consolation,consolation,NOM,B2,0.6485,2.769,1.1834,kɔ̃solasjɔ̃,consoler,0-1-1,/consol(er).ation,慰藉,target_content_with_gloss,0.756484,1
5559,frottement,frottement,NOM,B2,0.6485,0.788,0.24495,fʁɔtəmɑ̃,frotter,0-1-1,/frott(er).ement,不和；摩擦,target_content_with_gloss,0.756484,1
10110,profiler,profiler,VER,B2,0.6485,2.434,0.37355,pʁofile,profil,0-1-1,/profil.er,侧写,target_content_with_gloss,0.756484,1
4685,enlèvement,enlèvement,NOM,B2,0.6479,13.405,3.44152,ɑ̃lɛvəmɑ̃,lever,1-1-1,_en/lev(er).ement,除去,target_content_with_gloss,0.756467,1
6999,introuvable,introuvable,ADJ,B2,0.6479,4.592,1.72535,ɛ̃tʁuvabl,trouver,1-1-1,_in/trouv(er).able,未找到,target_content_with_gloss,0.756467,1
9500,petit-fils,petit-fils,NOM,B2,0.6479,9.972,2.96999,pətifis,petit,0-2-0,/petit/fils,孙子,target_content_with_gloss,0.756467,1
2239,charrier,charrier,VER,B2,0.6471,2.696,0.35824,ʃaʁje,charrier,0-1-1,/charri(er).er,吹牛；过分,target_content_with_gloss,0.756445,1
6494,imposteur,imposteur,NOM,B2,0.6471,6.756,1.94121,ɛ̃pɔstœʁ,imposteur,0-1-1,/impost(eur).eur,冒名,target_content_with_gloss,0.756445,1
7424,licenciement,licenciement,NOM,B2,0.6471,3.218,0.88334,lisɑ̃simɑ̃,licite,0-1-2,/licenc(e).i.ement,解雇,target_content_with_gloss,0.756445,1
8286,moral,moral,NOM,B2,0.6471,12.867,7.09584,moʁal,moral,0-1-0,/moral,军心；士气,target_content_with_gloss,0.756445,1
12380,sucrerie,sucrerie,NOM,B2,0.6471,2.794,0.85885,sykʁəʁi,sucre,0-1-1,/§sucr(e)§.erie,甜甜；糕点,target_content_with_gloss,0.756445,1
13086,traître,traître,ADJ,B2,0.6471,2.943,5.28781,tʁɛtʁ,traître,0-1-0,/traître,奸,target_content_with_gloss,0.756445,1
5404,formalité,formalité,NOM,B2,0.6469,4.953,1.18187,fɔʁmalite,former,0-1-2,/form(er).al.ité,手续；礼节,target_content_with_gloss,0.75644,1
14002,émotif,émotif,ADJ,B2,0.6469,3.373,0.72719,emotif,mouvoir,1-1-0,_é/mot(ion),多情；感情上,target_content_with_gloss,0.75644,1
4801,erroné,erroné,ADJ,B2,0.6465,2.25,0.35058,ɛʁone,errer,0-1-1,/err(er).oné,不对；不正确,target_content_with_gloss,0.756428,1
10207,protecteur,protecteur,ADJ,B2,0.6465,4.291,1.96111,pʁotɛktœʁ,{te(g)/ct},1-1-1,_pro/{te(g)/ct}.eur,卫士,target_content_with_gloss,0.756428,1
12868,tiède,tiède,ADJ,B2,0.6465,2.019,0.76546,tjɛd,tiède,0-1-0,/tiède,乌涂；暖和,target_content_with_gloss,0.756428,1
9609,pion,pion,NOM,B2,0.6463,5.557,1.31506,pjɔ̃,pion,0-1-0,/pion,小卒,target_content_with_gloss,0.756423,1
6108,haricot,haricot,NOM,B2,0.646,10.114,2.48316,aʁiko,haricot,0-1-0,/haricot,籽实,target_content_with_gloss,0.756415,1
2378,châtiment,châtiment,NOM,B2,0.6454,5.022,1.72076,ʃatimɑ̃,châtier,0-1-1,/châti(er).ement,刑罚；惩治,target_content_with_gloss,0.756398,1
3810,disséminer,disséminer,VER,B2,0.6454,0.443,0.08726,disemine,semence,1-1-2,_dis/sem(ence).in.er,流,target_content_with_gloss,0.756398,1
12882,tolérant,tolérant,ADJ,B2,0.6454,1.551,0.41947,toleʁɑ̃,tolérer,0-1-1,/tolér(er).ant,包容；大量,target_content_with_gloss,0.756398,1
7471,lisse,lisse,ADJ,B2,0.6453,2.737,1.01653,lis,lisse,0-1-1,/liss(e).e,光光；光滑,target_content_with_gloss,0.756395,1
11871,sept,sept,NOM,B2,0.6449,9.434,18.66197,sɛt,sept,0-1-0,/sept,七；柒,target_content_with_gloss,0.756384,1
4809,escarpin,escarpin,NOM,B2,0.6448,0.468,0.15615,ɛskaʁpɛ̃,escarpé,0-1-1,/escarp(é).in,高跟鞋,target_content_with_gloss,0.756381,1
7794,maniaque,maniaque,ADJ,B2,0.6448,1.636,1.94427,manjak,manie,0-1-0,/maniaque,怪人；狂人,target_content_with_gloss,0.756381,1
6263,humanisme,humanisme,NOM,B2,0.6428,0.215,0.09339,ymanizm,homme,0-1-1,/huma(i)n.isme,人本；人道主义,target_content_with_gloss,0.756325,1
6627,indescriptible,indescriptible,ADJ,B2,0.6412,1.098,0.44703,ɛ̃dɛskʁiptibl,script,2-1-1,_in_dé/=G24290scscript.ible,无法形容；莫名,target_content_with_gloss,0.756281,1
7953,maudit,maudit,ADJ,B2,0.6412,27.152,5.84201,modi,mal,0-2-1,/ma(l/u)/di(re).t,该死,target_content_with_gloss,0.756281,1
1718,brouillon,brouillon,ADJ,B2,0.6398,0.547,0.51592,bʁujɔ̃,brouiller,0-1-1,/brouill(er).on,底子；文稿,target_content_with_gloss,0.756242,1
1134,aversion,aversion,NOM,B2,0.6395,0.861,0.35671,avɛʁsjɔ̃,vers,1-1-1,_a(d)/ver(s)/t.ion,反感；看不惯,target_content_with_gloss,0.756233,1
8608,navigateur,navigateur,NOM,B2,0.6395,2.136,0.49908,navigatœʁ,navire,0-1-1,/navi(re)[g].ateur,浏览器,target_content_with_gloss,0.756233,1
5943,grosseur,grosseur,NOM,B2,0.6391,1.101,0.39192,gʁosœʁ,gros,0-1-1,/gros[s].eur,个头；粗细,target_content_with_gloss,0.756222,1
7873,maritime,maritime,ADJ,B2,0.6391,2.734,0.77465,maʁitim,mer,0-1-0,/maritime,海事,target_content_with_gloss,0.756222,1
2365,chut,chut,NOM,B2,0.6378,0.082,8.18585,ʃyt,chut,0-1-0,/chut,嘘,target_content_with_gloss,0.756186,1
6842,insinuer,insinuer,VER,B2,0.6378,10.801,1.7774,ɛ̃sinɥe,sinuer,1-1-1,_in/sinu(er).er,隐射,target_content_with_gloss,0.756186,1
6986,intonation,intonation,NOM,B2,0.6373,0.475,0.18065,ɛ̃tonasjɔ̃,ton,1-1-1,_in/ton.ation,声调,target_content_with_gloss,0.756172,1
3714,différer,différer,VER,B2,0.6367,2.579,0.39039,difeʁe,{fér},1-1-1,_di(s)/f/{fér}.er,延迟；挨延,target_content_with_gloss,0.756155,1
690,apposer,apposer,VER,B2,0.636,0.595,0.0842,apoze,poser,1-1-1,_a(d)/p/pos(er).er,盖,target_content_with_gloss,0.756136,1
1694,brin,brin,NOM,B2,0.636,3.927,1.43601,bʁɛ̃,brin,0-1-0,/brin,微量,target_content_with_gloss,0.756136,1
3014,contagion,contagion,NOM,B2,0.636,1.114,0.35977,kɔ̃taʒjɔ̃,contagion,0-1-1,/contagi(on).on,传染；感染,target_content_with_gloss,0.756136,1
4229,délégation,délégation,NOM,B2,0.636,2.522,0.77924,delegasjɔ̃,léguer,1-1-1,_dé/lég(uer).ation,一行；代表团,target_content_with_gloss,0.756136,1
8949,oppression,oppression,NOM,B2,0.636,1.785,0.69198,opʁesjɔ̃,presser,1-1-1,_o(b)/p/press(er).ion,压迫；迫害,target_content_with_gloss,0.756136,1
13496,vestiaire,vestiaire,NOM,B2,0.636,7.737,1.80802,vɛstjɛʁ,veste,0-1-1,/vest(e).iaire,更衣室,target_content_with_gloss,0.756136,1
14058,épinard,épinard,NOM,B2,0.6355,2.003,0.64452,epinaʁ,épinard,0-1-0,/épinard,菠菜,target_content_with_gloss,0.756122,1
12726,teint,teint,NOM,B2,0.6353,3.627,2.11574,tɛ̃,teindre,0-1-1,/tein(dre).t,容颜；肤色,target_content_with_gloss,0.756116,1
13423,veine,veine,NOM,B2,0.6353,16.035,3.2823,vɛn,veine,0-1-1,/vein(e).e,才气；青筋,target_content_with_gloss,0.756116,1
601,anormal,anormal,NOM,B2,0.6344,1.741,2.16779,anɔʁmal,norme,1-1-1,_a/norm(e).al,不正常；不规范,target_content_with_gloss,0.756091,1
11964,simple,simple,NOM,B2,0.6339,10.203,39.27587,sɛ̃pl,simple,0-1-1,/simpl(e).e,单打；单纯,target_content_with_gloss,0.756077,1
827,artichaut,artichaut,NOM,B2,0.6334,1.111,0.20667,aʁtiʃo,artichaut,0-1-0,/artichaut,法国百合,target_content_with_gloss,0.756063,1
5909,griffe,griffe,NOM,B2,0.6322,7.003,2.29792,gʁif,griffe,0-1-1,/griff(e).e,爪儿；爪子,target_content_with_gloss,0.756029,1
9401,pendant,pendant,NOM,B2,0.6322,1.269,72.55971,pɑ̃dɑ̃,pendre,0-1-1,/pend(re).ant,当儿,target_content_with_gloss,0.756029,1
1911,cancan,cancan,NOM,B2,0.6306,0.665,0.11482,kɑ̃kɑ̃,cancan,0-1-0,/cancan,闲话,target_content_with_gloss,0.755984,1
8459,mécontentement,mécontentement,NOM,B2,0.6306,0.902,0.40723,mekɔ̃tɑ̃təmɑ̃,content,1-1-1,_mé/content.ement,怨气,target_content_with_gloss,0.755984,1
8781,noeud,noeud,NOM,B2,0.6306,16.316,3.72933,nø,noeud,0-1-0,/noeud,交点；木节,target_content_with_gloss,0.755984,1
9060,outrage,outrage,NOM,B2,0.6306,3.316,1.19412,utʁaʒ,outre,0-1-1,/outr(e).age,诟,target_content_with_gloss,0.755984,1
3617,dentifrice,dentifrice,NOM,B2,0.6293,2.516,1.05787,dɑ̃tifʁis,dent,0-1-1,/dent.ifrice,牙膏,target_content_with_gloss,0.755948,1
1338,beau-père,beau-père,NOM,B2,0.6289,16.209,2.57961,bopɛʁ,beau,0-2-0,/beau/père,丈人；义父,target_content_with_gloss,0.755936,1
10688,randonneur,randonneur,NOM,B2,0.6287,1.006,0.21127,ʁɑ̃donœʁ,randonnée,0-1-1,/randonn(ée).eur,漫步者,target_content_with_gloss,0.755931,1
13855,écorcher,écorcher,VER,B2,0.6281,2.665,0.39498,ekɔʁʃe,écorce,0-1-1,/écorc(e)[h].er,剥皮,target_content_with_gloss,0.755914,1
12388,suer,suer,VER,B2,0.6279,4.503,1.94581,sɥe,suer,0-1-1,/su(er).er,出汗；流汗,target_content_with_gloss,0.755908,1
7561,loupe,loupe,NOM,B2,0.6276,1.389,1.20024,lup,loupe,0-1-0,/loupe,放大镜,target_content_with_gloss,0.7559,1
1952,capitalisme,capitalisme,NOM,B2,0.6275,2.108,0.68585,kapitalizm,capital,0-1-1,/capital.isme,资本主义,target_content_with_gloss,0.755897,1
12848,tir,tir,NOM,B2,0.6275,37.519,8.17055,tiʁ,tirer,0-1-0,/tir(er),射击,target_content_with_gloss,0.755897,1
1063,autocar,autocar,NOM,B2,0.6273,0.687,0.18371,otokaʁ,car,1-1-0,_aut(o)/car,客车；旅游车,target_content_with_gloss,0.755891,1
181,adjoint,adjoint,NOM,B2,0.6261,8.972,4.22535,adʒwɛ̃,joindre,1-1-0,_ad/join(dre),副手,target_content_with_gloss,0.755858,1
702,approuver,approuver,VER,B2,0.6261,19.959,2.46326,apʁuve,preuve,1-1-1,_a(d)/p/pr(e)/ouvé.er,准予；准许,target_content_with_gloss,0.755858,1
1023,audit,audit,NOM,B2,0.6261,1.43,0.4011,odit,audio,0-1-0,/audit,审核；审计,target_content_with_gloss,0.755858,1
3306,coïncider,coïncider,VER,B2,0.6261,1.968,0.45315,koɛ̃side,{cident},2-1-1,_co_in/{cid(ent)}.er,吻合；相符,target_content_with_gloss,0.755858,1
4668,engloutir,engloutir,VER,B2,0.6261,3.924,0.4899,ɑ̃glutiʁ,glouton,1-1-1,_en/glou(ton).ir,吃掉；吞下,target_content_with_gloss,0.755858,1
6747,influer,influer,VER,B2,0.6261,1.108,0.69963,ɛ̃flye,flux,1-1-1,_in/flu(ence).er,有影响,target_content_with_gloss,0.755858,1
1840,cadet,cadet,NOM,B2,0.623,4.038,1.48194,kadɛ,cadet,0-1-0,/cadet,么,target_content_with_gloss,0.75577,1
3735,dingue,dingue,ADJ,B2,0.623,62.506,20.80527,dɛ̃g,ding,0-1-1,/ding(uer).e,疯子,target_content_with_gloss,0.75577,1
13210,turbulent,turbulent,ADJ,B2,0.623,0.804,0.16381,tyʁbylɑ̃,tuerbulent,0-1-1,/turbul(ent).ent,沺,target_content_with_gloss,0.75577,1
3234,coulisse,coulisse,NOM,B2,0.6227,5.212,1.5692,kulis,couler,0-1-2,/coul(er).iss.e,内情；后台,target_content_with_gloss,0.755762,1
2801,con,con,ADJ,B2,0.6225,28.709,21.4008,kɔ̃,con,0-1-0,/con,傻B,target_content_with_gloss,0.755756,1
3442,cueillette,cueillette,NOM,B2,0.6225,0.709,0.27404,kœjɛt,cueillir,0-1-1,/cueill(ir).ette,采摘,target_content_with_gloss,0.755756,1
4217,délinquant,délinquant,ADJ,B2,0.6207,0.889,1.17116,delɛ̃kɑ̃,délinquant,0-1-1,/délinqu(ant).ant,犯人,target_content_with_gloss,0.755705,1
9027,orphelin,orphelin,NOM,B2,0.6205,7.313,1.67636,ɔʁfəlɛ̃,orphelin,0-1-0,/orphelin,孤儿；孤哀子,target_content_with_gloss,0.7557,1
3161,cordial,cordial,ADJ,B2,0.6202,0.513,0.17606,kɔʁdjal,coeur,0-1-1,/cordi(al).al,恳切；深切,target_content_with_gloss,0.755691,1
143,acquitter,acquitter,VER,B2,0.6194,4.146,0.71341,akite,quitte,1-1-1,_a(d)c/quit(te).er,缴纳,target_content_with_gloss,0.755669,1
1963,captif,captif,ADJ,B2,0.6194,1.348,0.36283,kaptif,{capt},0-1-1,/{capt}.if,俘虏,target_content_with_gloss,0.755669,1
5333,flotte,flotte,NOM,B2,0.6194,12.62,4.15493,flɔt,flot,0-1-1,/flot[t].e,舰队；船队,target_content_with_gloss,0.755669,1
6644,indigne,indigne,ADJ,B2,0.6194,4.981,1.8616,ɛ̃diɲ,digne,1-1-0,_in/dign(e),不正；不肖,target_content_with_gloss,0.755669,1
7796,manie,manie,NOM,B2,0.6194,3.108,1.27526,mani,manie,0-1-0,/manie,癖,target_content_with_gloss,0.755669,1
9125,palpiter,palpiter,VER,B2,0.6194,1.041,0.69504,palpite,palper,0-1-2,/palp(er).it.er,抽动；跳动,target_content_with_gloss,0.755669,1
12502,survivant,survivant,NOM,B2,0.6194,13.915,3.25781,syʁvivɑ̃,vivre,1-1-1,_sur/viv(re).ant,幸存者；残存,target_content_with_gloss,0.755669,1
13073,traverse,traverse,NOM,B2,0.6194,1.174,6.12523,tʁavɛʁs,travers,0-1-1,/travers.e,流过,target_content_with_gloss,0.755669,1
6971,intervalle,intervalle,NOM,B2,0.6191,2.671,0.87569,ɛ̃tɛʁval,intervalle,0-1-0,/intervalle,区间；间距,target_content_with_gloss,0.75566,1
7747,malformation,malformation,NOM,B2,0.6191,1.089,0.29547,malfɔʁmasjɔ̃,mal,0-2-0,/mal/formation,畸型,target_content_with_gloss,0.75566,1
8800,négociant,négociant,NOM,B2,0.6191,0.848,0.3368,negosjɑ̃,négoce,0-1-1,/négoc(e).iant,商户,target_content_with_gloss,0.75566,1
12493,surtout,surtout,NOM,B2,0.619,0.408,36.65646,syʁtu,tout,1-1-0,_sur/tout,切切；千万,target_content_with_gloss,0.755657,1
12634,tablier,tablier,NOM,B2,0.6189,3.161,1.10227,tablije,table,0-1-1,/tabl(e).ier,围裙,target_content_with_gloss,0.755654,1
3500,cylindre,cylindre,NOM,B2,0.6187,2.047,0.3613,silɛ̃dʁ,cylindre,0-1-1,/cylindr(e).e,圆柱；气缸,target_content_with_gloss,0.755649,1
8518,méprisant,méprisant,ADJ,B2,0.6185,0.775,0.27863,mepʁizɑ̃,prendre,1-1-1,_mé/pris.ant,白眼；眼高,target_content_with_gloss,0.755643,1
3156,corail,corail,ADJ,B2,0.6182,0.18,0.43172,koʁaj,corail,0-1-0,/corail,珊瑚；珊瑚虫,target_content_with_gloss,0.755635,1
5242,figurine,figurine,NOM,B2,0.618,2.737,0.51286,figyʁin,figurer,0-1-1,/figur(er).ine,人偶；人儿,target_content_with_gloss,0.755629,1
1562,boucherie,boucherie,NOM,B2,0.6179,2.877,1.08543,buʃəʁi,bouc,0-1-0,/bouc[h],肉贩,target_content_with_gloss,0.755626,1
9780,pointure,pointure,NOM,B2,0.6178,2.551,0.86038,pwɛ̃tyʁ,point,0-1-1,/point.ure,大小；尺码,target_content_with_gloss,0.755623,1
14066,éploré,éploré,ADJ,B2,0.6175,0.68,0.18983,eploʁe,pleur,1-1-1,_é/pl(eu)/or.é,汪汪,target_content_with_gloss,0.755615,1
10454,pâtissier,pâtissier,NOM,B2,0.6169,2.079,0.31078,patisje,pâte,0-1-2,/pât(e).iss.ier,糕点师,target_content_with_gloss,0.755598,1
8048,meurtrier,meurtrier,ADJ,B2,0.6162,6.364,8.76914,mœʁtʁije,meurtre,0-1-1,/meurtr(e).ier,凶手,target_content_with_gloss,0.755578,1
7972,maçon,maçon,NOM,B2,0.615,1.718,0.37201,masɔ̃,maçon,0-1-0,/maçon,房舍；泥水匠,target_content_with_gloss,0.755544,1
1328,bavardage,bavardage,NOM,B2,0.6149,4.608,1.01041,bavaʁdaʒ,bave,0-1-2,/bav(e).ard.age,调侃；闲谈,target_content_with_gloss,0.755541,1
5788,gladiateur,gladiateur,NOM,B2,0.6149,2.497,0.35977,gladjatœʁ,gladiateur,0-1-0,/gladiateur,斗剑者,target_content_with_gloss,0.755541,1
89,accommoder,accommoder,VER,B2,0.6143,1.199,0.26638,akomode,commode,1-1-1,_a(d)c/commod(e).er,凑合；烹调,target_content_with_gloss,0.755524,1
3002,consultant,consultant,NOM,B2,0.6143,4.165,1.67942,kɔ̃syltɑ̃,consulter,0-1-1,/consult(er).ant,咨询；咨询顾问,target_content_with_gloss,0.755524,1
7800,manifeste,manifeste,NOM,B2,0.6143,2.241,1.85854,manifɛst,manifester,0-1-1,/manifest(er).e,宣言；明显,target_content_with_gloss,0.755524,1
8785,néant,néant,NOM,B2,0.6143,4.212,1.51562,neɑ̃,néant,0-1-0,/néant,虚无,target_content_with_gloss,0.755524,1
2062,cassure,cassure,NOM,B2,0.6131,0.313,0.10563,kasyʁ,casser,0-1-1,/cass(er).ure,破裂,target_content_with_gloss,0.75549,1
2870,confident,confident,NOM,B2,0.6128,1.354,0.34752,kɔ̃fidɑ̃,confident,0-1-0,/confident,亲信；密友,target_content_with_gloss,0.755482,1
938,athlétique,athlétique,ADJ,B2,0.6114,1.462,0.52817,atletik,athlète,0-1-1,/athlèt(e).ique,擅长运动,target_content_with_gloss,0.755442,1
3264,courgette,courgette,NOM,B2,0.6114,0.728,0.19443,kuʁʒɛt,courge,0-1-1,/courg(e).ette,夏南瓜,target_content_with_gloss,0.755442,1
9389,pelle,pelle,NOM,B2,0.6094,8.75,2.51072,pɛl,pale,0-1-0,/pelle,刬；梩,target_content_with_gloss,0.755385,1
4196,dégustation,dégustation,NOM,B2,0.6066,1.775,0.56032,degystasjɔ̃,goût,1-1-1,_dé/g(o)û/st.ation,品味,target_content_with_gloss,0.755305,1
5299,flagrant,flagrant,ADJ,B2,0.6066,3.949,1.2921,flagʁɑ̃,flagrant,0-1-1,/flagr(ant).ant,刺目；现行,target_content_with_gloss,0.755305,1
1994,carcasse,carcasse,NOM,B2,0.6065,2.699,0.91396,kaʁkas,carcasse,0-1-0,/carcasse,尸首；构架,target_content_with_gloss,0.755302,1
405,aller,aller,NOM,B2,0.6063,24.782,91.53399,ale,aller,0-1-0,/all(er),出国；刚要,target_content_with_gloss,0.755297,1
11198,rivage,rivage,NOM,B2,0.6041,3.712,1.07471,ʁivaʒ,rive,0-1-1,/riv(e).age,岸边；河滩,target_content_with_gloss,0.755234,1
474,ambulance,ambulance,NOM,B2,0.6035,29.234,8.38641,ɑ̃bylɑ̃s,ambulant,0-1-1,/ambul(ant).ance,救护车,target_content_with_gloss,0.755217,1
13414,vautour,vautour,NOM,B2,0.6032,4.478,1.00276,votuʁ,vautour,0-1-0,/vautour,雕；鹫,target_content_with_gloss,0.755208,1
599,anonyme,anonyme,NOM,B2,0.6026,1.25,3.96509,anonim,anonyme,1-0-1,_an.{onym(e)},不记名；无名,target_content_with_gloss,0.755191,1
3862,dixième,dixième,ADJ,B2,0.6026,1.212,1.14666,dizjɛm,dix,0-1-1,/dix.ième,十位；第十,target_content_with_gloss,0.755191,1
14174,étrangeté,étrangeté,NOM,B2,0.6014,0.415,0.15922,etʁɑ̃ʒəte,étrange,0-1-1,/étrang(e).eté,奇特,target_content_with_gloss,0.755157,1
481,amertume,amertume,NOM,B2,0.6006,2.222,0.9507,amɛʁtym,amer,0-1-1,/amer.tume,恨意；苦处,target_content_with_gloss,0.755134,1
1137,aveu,aveu,NOM,B2,0.6006,11.297,2.24127,avø,avouer,0-1-0,/aveu,供,target_content_with_gloss,0.755134,1
10786,recherché,recherché,ADJ,B2,0.6006,4.975,4.07838,ʁəʃɛʁʃe,cherch(er),1-1-1,_re/cherch(er).é,抢手；讲究,target_content_with_gloss,0.755134,1
7663,machin,machin,NOM,B2,0.5982,12.383,3.73239,maʃɛ̃,machine,0-1-0,/machin(e),东西,target_content_with_gloss,0.755065,1
10014,prestataire,prestataire,NOM,B2,0.5979,0.212,0.06277,pʁɛstatɛʁ,stable,1-1-1,_pré/st(able)[t].aire,提供商,target_content_with_gloss,0.755057,1
11211,robuste,robuste,ADJ,B2,0.5979,2.81,0.93846,ʁobyst,robuste,0-1-1,/robust(e).e,健壮；厚实,target_content_with_gloss,0.755057,1
1776,butter,butter,VER,B2,0.5978,1.089,0.3169,byte,but(t)er,0-1-1,/but[t](er).er,培土,target_content_with_gloss,0.755054,1
2779,comptable,comptable,NOM,B2,0.5978,7.342,2.90416,kɔ̃tabl,compter,0-1-1,/compt(er).able,会计；会计人员,target_content_with_gloss,0.755054,1
4205,délaisser,délaisser,VER,B2,0.5978,1.725,0.32456,delese,laisser,1-1-1,_dé/lai(sser).er,摒弃,target_content_with_gloss,0.755054,1
4211,délicatesse,délicatesse,NOM,B2,0.5978,1.782,0.76699,delikatɛs,délicat,0-1-1,/délicat.esse,正直；纤细,target_content_with_gloss,0.755054,1
5345,flânerie,flânerie,NOM,B2,0.5978,0.044,0.01531,flanəʁi,flâner,0-1-1,/flân(er).erie,顸；颟,target_content_with_gloss,0.755054,1
5551,fronde,fronde,NOM,B2,0.5978,0.557,0.21739,fʁɔ̃d,fronde,0-1-1,/frond(e).e,吊带；暴动,target_content_with_gloss,0.755054,1
6511,improviser,improviser,VER,B2,0.5978,7.025,1.21096,ɛ̃pʁovize,viser,2-1-1,_i(n)/m_pro/vis(er).er,搭盖,target_content_with_gloss,0.755054,1
11282,roulotte,roulotte,NOM,B2,0.5978,1.022,0.23729,ʁulɔt,rouelle,0-1-0,/roul(er),房车,target_content_with_gloss,0.755054,1
12286,stimulant,stimulant,ADJ,B2,0.5978,2.104,1.00888,stimylɑ̃,stimuler,0-1-1,/stimul(er).ant,令人振奋；刺激性,target_content_with_gloss,0.755054,1
12926,tortueux,tortueux,ADJ,B2,0.5978,0.623,0.18065,tɔʁtɥø,tordre,0-1-1,/tor(dre)/t.ueux,迂；逦,target_content_with_gloss,0.755054,1
12933,totaliser,totaliser,VER,B2,0.5978,0.203,0.03368,totalize,total,0-1-2,/total.is.er,共计；总计,target_content_with_gloss,0.755054,1
6514,imprudent,imprudent,ADJ,B2,0.5962,4.244,1.36099,ɛ̃pʁydɑ̃,prudent,1-1-1,_i(n)/m/prud(ent).ent,不慎；疏率,target_content_with_gloss,0.755008,1
2027,cartable,cartable,NOM,B2,0.5955,1.089,0.35364,kaʁtabl,carte,0-1-1,/cart(e).able,书包,target_content_with_gloss,0.754988,1
2330,choléra,choléra,NOM,B2,0.5955,1.367,0.39192,koleʁa,choléra,0-1-0,/choléra,虎列拉；虎烈拉,target_content_with_gloss,0.754988,1
6393,illustre,illustre,ADJ,B2,0.5955,1.946,0.88947,ilystʁ,lustre,1-1-1,_i(n)/l/lustr(e).e,崋；炳,target_content_with_gloss,0.754988,1
1646,bracelet,bracelet,NOM,B2,0.5941,14.408,2.76638,bʁasəlɛ,bras,0-1-1,/bra(s)/c.elet,手环；手链,target_content_with_gloss,0.754948,1
3457,cuivre,cuivre,NOM,B2,0.5901,5.525,1.50337,kɥivʁ,cuivre,0-1-0,/cuivr(e),铜,target_content_with_gloss,0.754833,1
9124,palpable,palpable,ADJ,B2,0.5901,0.753,0.33374,palpabl,palper,0-1-1,/palp(er).able,可及,target_content_with_gloss,0.754833,1
9674,planer,planer,VER,B2,0.5901,7.282,1.09767,plane,planer,0-1-1,/plan(er).er,翀；翔,target_content_with_gloss,0.754833,1
11717,satin,satin,NOM,B2,0.5901,1.541,0.55419,satɛ̃,satin,0-1-0,/satin,色丁,target_content_with_gloss,0.754833,1
11730,saugrenu,saugrenu,ADJ,B2,0.5901,0.57,0.11329,sogʁəny,sel,0-1-0,/saugrenu,荒唐；荒谬,target_content_with_gloss,0.754833,1
12442,supposition,supposition,NOM,B2,0.5901,5.104,1.36865,sypozisjɔ̃,poser,1-1-1,_su(b)/p/pos(er).ition,假定；想象,target_content_with_gloss,0.754833,1
13358,vaciller,vaciller,VER,B2,0.5901,1.453,0.25566,vasije,vaciller,0-1-1,/vacill(er).er,动摇；摇动,target_content_with_gloss,0.754833,1
13854,écorce,écorce,NOM,B2,0.5876,1.519,0.50521,ekɔʁs,écorce,0-1-1,/écorc(e).e,树皮,target_content_with_gloss,0.754761,1
3227,coucou,coucou,NOM,B2,0.5874,17.294,5.97061,kuku,coucou,0-1-0,/coucou,杜鹃,target_content_with_gloss,0.754755,1
6074,haleine,haleine,NOM,B2,0.5853,6.263,2.55205,alɛn,haleine,0-1-0,/haleine,气息,target_content_with_gloss,0.754694,1
568,anglophone,anglophone,ADJ,B2,0.5848,0.161,0.06277,ɑ̃glofɔn,Angles,0-1-1,/angl(e)/o.phone,英语系,target_content_with_gloss,0.75468,1
1251,banderole,banderole,NOM,B2,0.5848,1.282,0.2725,bɑ̃dəʁɔl,bande,0-1-1,/band(e).erole,帘；旆,target_content_with_gloss,0.75468,1
1807,béquille,béquille,NOM,B2,0.5848,2.285,0.53889,bekij,béquille,0-1-1,/béquill(e).e,手杖；拐杖,target_content_with_gloss,0.75468,1
5032,extrême,extrême,NOM,B2,0.5848,1.889,3.74005,ɛkstʁɛm,extrême,0-1-0,/extrême,极度；极端,target_content_with_gloss,0.75468,1
6925,interaction,interaction,NOM,B2,0.5848,1.813,0.49602,ɛ̃tɛʁaksjɔ̃,acte,1-1-1,_inter/act(ion).ion,交流；相互作用,target_content_with_gloss,0.75468,1
13574,virage,virage,NOM,B2,0.5848,5.918,1.54317,viʁaʒ,virer,0-1-1,/vir(er).age,拐弯,target_content_with_gloss,0.75468,1
6475,implorer,implorer,VER,B2,0.584,6.563,1.18647,ɛ̃ploʁe,pleurer,1-1-1,_i(n)/m/pl(eu/o)r(er).er,哀求；央告,target_content_with_gloss,0.754657,1
13843,écologique,écologique,ADJ,B2,20.778,1.759,0.53735,ekoloʒik,,1-0-2,_éco.log(ie).ique,环保型,target_content_with_gloss,0.754644,1
10876,registre,registre,NOM,B2,0.5833,13.389,3.17973,ʁəʒistʁ,registre,0-1-0,/registre,寄存器；汇编,target_content_with_gloss,0.754637,1
8681,nomination,nomination,NOM,B2,0.5826,3.693,1.01194,nominasjɔ̃,nom,0-1-2,/nom.in.ation,名,target_content_with_gloss,0.754616,1
1611,bouquin,bouquin,NOM,B2,0.582,10.291,2.43264,bukɛ̃,bouquin,0-1-0,/bouquin,书籍,target_content_with_gloss,0.754599,1
846,as,as,NOM,B2,0.5805,14.193,95.84813,as,as,0-1-0,/as,幺,target_content_with_gloss,0.754556,1
2085,catégoriquement,catégoriquement,ADV,B2,0.5805,0.835,0.39039,kategoʁikəmɑ̃,catégorie,0-1-2,/catégor(ie).ique.ment,斩钉截铁；断然,target_content_with_gloss,0.754556,1
82,accidentel,accidentel,ADJ,B2,0.5795,3.608,0.86957,aksidɑ̃tɛl,{cident},1-1-1,_a(d)/c/{cident}.el,偶然；无名,target_content_with_gloss,0.754527,1
7879,marmonner,marmonner,VER,B2,0.5795,2.62,0.31231,maʁmone,marmonner,0-1-1,/marmonn(er).er,咕哝；喃喃,target_content_with_gloss,0.754527,1
7312,laissez-passer,laissez-passer,NOM,B2,0.5792,3.016,0.85273,lɛsepase,laisser,0-2-0,/laiss(er)/passer,通行证,target_content_with_gloss,0.754518,1
5912,grignoter,grignoter,VER,B2,0.5777,3.063,0.86803,gʁiɲote,grignoter,0-1-1,/grignot(er).er,蚕食,target_content_with_gloss,0.754474,1
8399,musculation,musculation,NOM,B2,0.5773,0.677,0.29088,myskylasjɔ̃,muscle,0-1-2,/muscl(e).ul.ation,负重训练,target_content_with_gloss,0.754463,1
8051,mexicain,mexicain,ADJ,B2,0.5751,10.025,2.29026,mɛksikɛ̃,Mexique,0-1-0,/Mexi(que)/c,老墨,target_content_with_gloss,0.754399,1
4558,emménager,emménager,VER,B2,0.5739,21.617,3.39559,ɑ̃menaʒe,ménage,1-1-1,_em/ménag(e).er,乔迁；移居,target_content_with_gloss,0.754364,1
13894,éducateur,éducateur,NOM,B2,0.5739,0.883,0.19443,edykatœʁ,éduquer,0-1-1,/édu(quer)/c.ateur,导师；教育家,target_content_with_gloss,0.754364,1
5924,grinçant,grinçant,ADJ,B2,0.5734,0.415,0.11788,gʁɛ̃sɑ̃,grincer,0-1-1,/grinc(er).ant,濇,target_content_with_gloss,0.754349,1
5339,fluide,fluide,ADJ,B2,0.5724,1.592,1.37324,flɥid,flux,0-1-1,/flu(x).ide,流体；流利,target_content_with_gloss,0.75432,1
10151,prometteur,prometteur,ADJ,B2,0.5724,5.57,1.63656,pʁomɛtœʁ,mettre,1-1-1,_pro/mett(re).eur,有为；有前途,target_content_with_gloss,0.75432,1
2448,citron,citron,NOM,B2,0.5705,9.576,3.20576,sitʁɔ̃,citron,0-1-1,/citr(on).on,柠檬,target_content_with_gloss,0.754265,1
5775,gilet,gilet,NOM,B2,0.5682,8.627,2.29179,ʒilɛ,gilet,0-1-0,/gilet,背心,target_content_with_gloss,0.754198,1
4097,déconcerter,déconcerter,VER,B2,0.5678,1.114,0.4057,dekɔ̃sɛʁte,concerter,1-1-1,_dé/concert(er).er,难住,target_content_with_gloss,0.754186,1
7830,manoeuvrer,manoeuvrer,VER,B2,0.5678,2.278,2.26424,manœvʁe,main,0-1-1,/manoeuvr(er).er,操作；运作,target_content_with_gloss,0.754186,1
8115,minerai,minerai,NOM,B2,0.5668,1.434,0.37048,minəʁɛ,miner,0-1-1,/miner.ai,矿石,target_content_with_gloss,0.754157,1
8844,obstruer,obstruer,VER,B2,0.5668,0.883,0.10563,ɔpstʁye,{struct},1-1-1,_ob/{stru(ct)}.er,受阻；堵住,target_content_with_gloss,0.754157,1
3337,crevette,crevette,NOM,B2,0.5652,7.921,1.79577,kʁəvɛt,crevette,0-1-1,/crevett(e).e,小虾；明虾,target_content_with_gloss,0.75411,1
12475,surnaturel,surnaturel,ADJ,B2,0.5651,3.712,0.9308,syʁnatyʁɛl,nature,1-1-1,_sur/natur(e).el,灵异,target_content_with_gloss,0.754107,1
4605,enceinte,enceinte,ADJ,B2,0.5634,61.782,15.43784,ɑ̃sɛ̃t,ceindre,1-1-1,_en/cein(dre)/t.e,大院；身孕,target_content_with_gloss,0.754058,1
5459,fourni,fourni,ADJ,B2,0.5634,0.908,2.99143,fuʁni,fournir,0-1-1,/fourn(ir).i,预装,target_content_with_gloss,0.754058,1
3159,corbeille,corbeille,NOM,B2,0.5628,1.902,0.61237,kɔʁbɛj,corbeille,0-1-0,/corbeille,篮子,target_content_with_gloss,0.75404,1
3546,dalle,dalle,NOM,B2,0.5584,10.658,4.32333,dal,dalle,0-1-1,/dall(e).e,石板,target_content_with_gloss,0.753911,1
10799,reconnaissable,reconnaissable,ADJ,B2,0.555,0.722,0.26485,ʁəkonɛsabl,naître,1-1-1,_re/conna(î/is)(tre)[s].able,耳熟,target_content_with_gloss,0.753811,1
7318,lamentation,lamentation,NOM,B2,0.5535,0.848,0.38885,lamɑ̃tasjɔ̃,lamenter,0-1-1,/lament(er).ation,哀号；哀叹,target_content_with_gloss,0.753767,1
5458,fourneau,fourneau,NOM,B2,0.5515,1.696,0.3812,fuʁno,four,0-1-1,/four.neau,火炉,target_content_with_gloss,0.753708,1
8019,merder,merder,VER,B2,0.5515,18.101,45.15309,mɛʁde,merde,0-1-1,/merd(e).er,机掰；鸡掰,target_content_with_gloss,0.753708,1
9919,posé,posé,ADJ,B2,0.5513,1.737,11.42682,poze,poser,0-1-1,/pos(er).é,安静；提提,target_content_with_gloss,0.753702,1
13440,ventilation,ventilation,NOM,B2,0.5513,3.437,1.24464,vɑ̃tilasjɔ̃,vent,0-1-2,/vent.il.ation,通风,target_content_with_gloss,0.753702,1
5149,fauve,fauve,NOM,B2,0.5504,1.541,0.39345,fov,fauve,0-1-0,/fauve,野兽,target_content_with_gloss,0.753675,1
7366,lavage,lavage,NOM,B2,0.5504,5.987,2.14329,lavaʒ,laver,0-1-1,/lav(er).age,冲洗；水洗,target_content_with_gloss,0.753675,1
7568,loyauté,loyauté,NOM,B2,0.5485,14.0,5.14238,lwajote,loi,0-1-2,/lo(i/y).a(l/u).té,义气；忠义,target_content_with_gloss,0.753619,1
8734,nourrice,nourrice,NOM,B2,0.5483,3.456,0.89712,nuʁis,nourrir,0-1-1,/nourr(ir).ice,保姆；保母,target_content_with_gloss,0.753613,1
14008,ému,ému,ADJ,B2,0.5465,1.839,1.30282,emy,mouvoir,1-1-1,_é/m(ouvoir).u,慷慨；激动,target_content_with_gloss,0.75356,1
5464,fourreau,fourreau,NOM,B2,0.546,0.709,0.25107,fuʁo,fourrer,0-1-1,/fourr(er).eau,刀鞘,target_content_with_gloss,0.753545,1
137,acide,acide,NOM,B2,0.5455,9.88,3.14605,asid,acide,0-1-0,/acide,痠；酸,target_content_with_gloss,0.75353,1
3320,crapaud,crapaud,NOM,B2,0.5455,3.959,0.91702,kʁapo,crapaud,0-1-0,/crapaud,蛤蟆,target_content_with_gloss,0.75353,1
8504,mémorable,mémorable,ADJ,B2,0.5455,2.864,1.09308,memoʁabl,mémoire,0-1-1,/mémo(i)r(e).able,可念；回味无穷,target_content_with_gloss,0.75353,1
12122,soudainement,soudainement,ADV,B2,0.5455,12.108,5.06277,sudɛnəmɑ̃,soudain,0-1-1,/soudaine.ment,刹那间；恍然,target_content_with_gloss,0.75353,1
6992,intransigeant,intransigeant,ADJ,B2,0.5441,0.671,0.16228,ɛ̃tʁɑ̃ziʒɑ̃,transiger,1-1-1,_in/transige(r).ant,倔强；强硬,target_content_with_gloss,0.753489,1
1669,braver,braver,VER,B2,0.5397,2.089,6.51715,bʁave,brave,0-1-1,/brav(e).er,冒着,target_content_with_gloss,0.753358,1
6464,imperméable,imperméable,ADJ,B2,0.5397,0.728,0.71953,ɛ̃pɛʁmeabl,perméable,1-1-1,_i(n)/m/permé(able).able,雨衣,target_content_with_gloss,0.753358,1
7885,marquant,marquant,ADJ,B2,0.5397,0.807,0.35671,maʁkɑ̃,marquer,0-1-1,/marqu(er).ant,突出,target_content_with_gloss,0.753358,1
587,annuaire,annuaire,NOM,B2,0.5389,4.272,1.52174,anɥɛʁ,an,0-1-1,/annu(el).aire,名录；年鉴,target_content_with_gloss,0.753334,1
13719,végétation,végétation,NOM,B2,0.5355,1.187,0.41641,veʒetasjɔ̃,végéter,0-1-2,/végét(er).at.ation,植物；植被,target_content_with_gloss,0.753233,1
5160,favorite,favorite,NOM,B2,0.5351,1.294,1.6534,favoʁit,faveur,0-1-1,/fav(eu/o)r.ite,嬖,target_content_with_gloss,0.753221,1
10043,priorité,priorité,NOM,B2,20.0456,18.57,5.85273,pʁijoʁite,,0-1-1,/§prior(ité)§.ité,优先；优先权,target_content_with_gloss,0.753078,1
2362,chuchotement,chuchotement,NOM,B2,0.5256,1.427,0.3613,ʃyʃɔtəmɑ̃,chuchoter,0-1-1,/chuchot(er).ement,低语；呢喃,target_content_with_gloss,0.752937,1
4142,déduire,déduire,VER,B2,0.5215,6.639,0.99663,dedɥiʁ,{duire},1-1-1,_dé/{dui(re)}.re,减去；减除,target_content_with_gloss,0.752814,1
10596,rabattre,rabattre,VER,B2,0.5215,2.003,0.33068,ʁabatʁ,bas,1-1-1,_r(e)/abat(tre).re,翻盖,target_content_with_gloss,0.752814,1
9269,parterre,parterre,NOM,B2,0.5199,1.013,0.35517,paʁtɛʁ,terre,1-1-0,_par/terre,花坛,target_content_with_gloss,0.752766,1
13798,écaille,écaille,NOM,B2,0.5199,1.405,0.39957,ekaj,écaille,0-1-1,/écaill(e).e,鳞片,target_content_with_gloss,0.752766,1
2429,circonscrire,circonscrire,VER,B2,0.5197,0.161,0.02909,siʁkɔ̃skʁiʁ,{script},2-1-0,_1_circon/{script},限定,target_content_with_gloss,0.75276,1
417,allongé,allongé,ADJ,B2,0.5168,2.006,2.71433,alɔ̃ʒe,long,1-1-1,_a(d)l/long.é,躺着,target_content_with_gloss,0.752672,1
7494,lié,lié,ADJ,B2,0.5168,5.718,7.48163,lje,lier,0-1-1,/li(er).é,相关,target_content_with_gloss,0.752672,1
8199,modérer,modérer,VER,B2,0.5168,1.136,0.31843,modeʁe,modérer,0-1-1,/modéré.er,收敛；节制,target_content_with_gloss,0.752672,1
10144,prolongé,prolongé,ADJ,B2,0.5168,1.326,0.54654,pʁolɔ̃ʒe,long,1-1-1,_pro/long.é,持久；经久,target_content_with_gloss,0.752672,1
5482,fraise,fraise,NOM,B2,0.516,7.551,1.38242,fʁɛz,fraise,0-1-1,/frais(e).e,士多啤梨；草莓,target_content_with_gloss,0.752648,1
7905,marécageux,marécageux,ADJ,B2,0.516,0.256,0.0643,maʁekaʒø,marais,0-1-2,/mar(ais/é)[c].ag(e).eux,洳,target_content_with_gloss,0.752648,1
13272,têtu,têtu,ADJ,B2,0.516,9.218,2.28108,tety,tête,0-1-1,/têt(e).u,偏执；固执,target_content_with_gloss,0.752648,1
5795,glissant,glissant,ADJ,B2,0.5142,2.756,0.9553,glisɑ̃,glisser,0-1-1,/gliss(er).ant,光滑,target_content_with_gloss,0.752594,1
12512,suspect,suspect,NOM,B2,0.5104,55.722,12.54593,syspɛ,{pect},1-1-0,_su(r)/s/{pect},可疑；嫌犯,target_content_with_gloss,0.752479,1
5580,frêle,frêle,ADJ,B2,0.508,0.956,0.33833,fʁɛl,frêle,0-1-0,/frêle,单薄,target_content_with_gloss,0.752406,1
4396,déshonneur,déshonneur,NOM,B2,0.5052,1.911,0.72719,dezonœʁ,honneur,1-1-1,_dés/honneur.eur,可耻；耻辱,target_content_with_gloss,0.752321,1
1343,bec,bec,NOM,B2,0.5039,6.408,2.2673,bɛk,bec,0-1-0,/bec,喷嘴,target_content_with_gloss,0.752281,1
1540,border,border,VER,B2,0.5039,3.282,0.61237,bɔʁde,bord,0-1-1,/bord.er,濒临,target_content_with_gloss,0.752281,1
11076,restant,restant,NOM,B2,0.5039,6.37,5.23423,ʁɛstɑ̃,rester,0-1-1,/rest(er).ant,余下；余额,target_content_with_gloss,0.752281,1
12356,substitution,substitution,NOM,B2,0.5039,1.06,0.40876,sypstitysjɔ̃,{stit},1-1-1,_sub/{stit}[u].tion,换人,target_content_with_gloss,0.752281,1
13030,transcrire,transcrire,VER,B2,0.5039,0.718,0.10104,tʁɑ̃skʁiʁ,écrire,1-1-0,_trans/(é)crire,誊,target_content_with_gloss,0.752281,1
769,argenté,argenté,ADJ,B2,0.4998,2.434,0.50214,aʁʒɑ̃te,argent,0-1-1,/argent.é,银色,target_content_with_gloss,0.752156,1
12770,terminal,terminal,ADJ,B2,0.4998,2.943,1.73454,tɛʁminal,terme,0-1-1,/term(e).al,客运站；端子,target_content_with_gloss,0.752156,1
1739,brute,brute,NOM,B2,0.4907,9.902,3.19657,bʁyt,brut,0-1-1,/brut.e,禽兽,target_content_with_gloss,0.751878,1
3842,divergent,divergent,ADJ,B2,0.4907,0.544,0.22505,divɛʁʒɑ̃,vergence,1-1-1,_di/verg(ence).ent,岐,target_content_with_gloss,0.751878,1
4602,encastrer,encastrer,VER,B2,0.4907,0.604,0.10716,ɑ̃kastʁe,encastrer,0-1-1,/encastr(er).er,嵌入,target_content_with_gloss,0.751878,1
8433,mâchoire,mâchoire,NOM,B2,0.4907,6.484,2.10043,maʃwaʁ,mâcher,0-1-1,/mâch(er).oire,下颌；暴牙,target_content_with_gloss,0.751878,1
10683,rampe,rampe,NOM,B2,0.4907,5.285,2.0943,ʁɑ̃p,ramper,0-1-1,/ramp(er).e,扶手,target_content_with_gloss,0.751878,1
2872,confidentiel,confidentiel,ADJ,B2,0.4902,12.563,2.93019,kɔ̃fidɑ̃sjɛl,confident,0-1-1,/confident.iel,心腹；机密,target_content_with_gloss,0.751862,1
9743,plâtre,plâtre,NOM,B2,0.4897,3.987,1.32425,platʁ,emplâtre,0-2-0,/plâtr(e)/e,止血贴；石膏,target_content_with_gloss,0.751847,1
11254,ronronner,ronronner,VER,B2,0.4897,1.016,0.21892,ʁɔ̃ʁone,ronron,0-1-1,/ronron[n].er,咕噜,target_content_with_gloss,0.751847,1
3138,coopérative,coopérative,NOM,B2,0.4877,1.307,0.63993,koopeʁativ,opérer,1-1-1,_co/opér(er).ative,信用社；合作社,target_content_with_gloss,0.751785,1
8002,menteur,menteur,ADJ,B2,0.4857,4.642,9.74587,mɑ̃tœʁ,mentir,0-1-1,/ment(ir).eur,爱说谎；说谎,target_content_with_gloss,0.751724,1
9473,perspicacité,perspicacité,NOM,B2,0.4846,1.146,0.5297,pɛʁspikasite,perspicace,0-1-1,/perspicac(e).ité,前瞻性；心计,target_content_with_gloss,0.75169,1
10788,recoin,recoin,NOM,B2,0.4846,3.047,0.93539,ʁəkwɛ̃,coin,1-1-0,_re/coin,旮旯,target_content_with_gloss,0.75169,1
10460,pèlerinage,pèlerinage,NOM,B2,0.4844,1.544,0.49143,pɛləʁinaʒ,pélerin,0-1-1,/pélerin.age,瞻仰,target_content_with_gloss,0.751684,1
11880,serment,serment,NOM,B2,0.4831,17.139,4.99388,sɛʁmɑ̃,serment,0-1-0,/serment,誓言,target_content_with_gloss,0.751644,1
1218,baladeur,baladeur,NOM,B2,0.481,0.263,0.12094,baladœʁ,balade,0-1-1,/balad(er).eur,随身听,target_content_with_gloss,0.751579,1
10134,projecteur,projecteur,NOM,B2,0.4797,5.639,1.26761,pʁoʒɛktœʁ,{ject},1-1-1,_pro/{ject}.eur,投光灯；投影,target_content_with_gloss,0.751539,1
4071,décidé,décidé,ADJ,B2,0.4789,2.392,31.66105,deside,{cid(er)},1-1-1,_dé/{cid(er)}.é,坚决；果断,target_content_with_gloss,0.751514,1
2483,clavier,clavier,NOM,B2,0.4766,3.535,1.28904,klavje,clef,0-1-1,/{clav}.ier,键盘,target_content_with_gloss,0.751442,1
2307,chiffon,chiffon,NOM,B2,0.4743,3.747,0.99051,ʃifɔ̃,chiffe,0-1-1,/chiff(e).on,雪纺,target_content_with_gloss,0.751371,1
5562,frugal,frugal,ADJ,B2,0.4743,0.244,0.07042,fʁygal,frugal,0-1-0,/frugal,节俭；节食,target_content_with_gloss,0.751371,1
13125,triple,triple,ADJ,B2,0.4743,6.984,2.86283,tʁipl,triple,1-0-1,_tri.ple,三倍；三合一,target_content_with_gloss,0.751371,1
918,assécher,assécher,VER,B2,0.4692,1.845,0.19902,aseʃe,sec,1-1-1,_a(d)/s/séch(er).er,吸干；排水,target_content_with_gloss,0.751212,1
10634,rafale,rafale,NOM,B2,0.4692,1.585,0.35671,ʁafal,rafale,0-1-0,/rafale,爆裂；突发,target_content_with_gloss,0.751212,1
12639,tacher,tacher,VER,B2,0.4692,3.877,3.65738,taʃe,tache,0-1-1,/tach(e).er,擩；浼,target_content_with_gloss,0.751212,1
10914,relique,relique,NOM,B1,2.06,3.092,0.52817,ʁəlik,,0-1-1,/§reliqu(e)§.e,文物；遗物,target_content_with_gloss,0.751201,1
2773,compromettre,compromettre,VER,B2,0.463,14.032,4.43662,kɔ̃pʁomɛtʁ,promettre,1-1-1,_com/promett(re).re,危害；株连,target_content_with_gloss,0.751019,1
4321,déplier,déplier,VER,B2,0.463,0.642,0.19902,deplije,pli,1-1-1,_dé/pli(er).er,打开；摊开,target_content_with_gloss,0.751019,1
6274,humilier,humilier,VER,B2,0.463,14.82,2.38824,ymilje,humilier,0-1-1,/humili(er).er,㧑损；丢脸,target_content_with_gloss,0.751019,1
11351,réagir,réagir,VER,B1,26.0556,34.168,4.31721,ʁeaʒiʁ,agir,1-1-0,_ré/agir,,target_content_high_frequency_missing_gloss,0.750978,0
11322,ruser,ruser,VER,B2,0.4606,2.699,2.56124,ʁyze,ruser,0-1-1,/rus(er).er,诈,target_content_with_gloss,0.750944,1
1782,bâillement,bâillement,NOM,B2,0.4602,0.282,0.08726,bajəmɑ̃,bâiller/béer,0-1-0,/bâill(er),呵欠；哈欠,target_content_with_gloss,0.750931,1
3852,divinité,divinité,NOM,B2,0.4587,1.744,0.47612,divinite,dieu,0-1-1,/divin.ité,天仙；天神,target_content_with_gloss,0.750884,1
6519,imprévu,imprévu,NOM,B2,0.4587,2.168,1.08083,ɛ̃pʁevy,voir,2-1-1,_i(n)/m_pré/v(oir).u,不时之需；出乎意料,target_content_with_gloss,0.750884,1
7210,joyau,joyau,NOM,B2,0.4478,2.94,0.51898,ʒwajo,joyau,0-1-0,/joyau,宝物,target_content_with_gloss,0.750541,1
342,ail,ail,NOM,B2,0.4465,4.911,1.59522,aj,ail,0-1-0,/ail,大蒜,target_content_with_gloss,0.7505,1
6114,harmoniser,harmoniser,VER,B2,0.4461,0.456,0.09032,aʁmonize,harmonie,0-1-2,/harmon(ie).is.er,协调；调协,target_content_with_gloss,0.750487,1
13935,électricien,électricien,NOM,B2,0.4461,2.123,0.65524,elɛktʁisjɛ̃,électron,0-1-2,/électr(on).ic.ien,电工,target_content_with_gloss,0.750487,1
6945,intermittent,intermittent,ADJ,B2,0.4379,0.604,0.10257,ɛ̃tɛʁmitɑ̃,mission,1-1-1,_inter/mi(ssion)/[tt].ent,间歇,target_content_with_gloss,0.750227,1
7990,mendiant,mendiant,NOM,B2,0.4379,3.889,0.76087,mɑ̃djɑ̃,mendier,0-1-1,/mendi(er).ant,乞丐,target_content_with_gloss,0.750227,1
3275,court,court,NOM,B1,1.9624,14.854,19.86681,kuʁ,,0-1-0,/§court§,短暂,target_content_with_gloss,0.749717,1
8347,moustache,moustache,NOM,B1,1.941,10.959,3.05879,mustaʃ,,0-1-0,/§moustache§,须；髭,target_content_with_gloss,0.749385,1
12264,standard,standard,NOM,B1,1.9175,4.858,3.56705,stɑ̃daʁ,,0-1-0,/§standard§,交换机；制式,target_content_with_gloss,0.749018,1
12305,stratégie,stratégie,NOM,B2,18.145,17.013,5.40723,stʁateʒi,,0-1-1,/§stratèg(e).ie,战法；战略,target_content_with_gloss,0.748745,1
14102,équitable,équitable,ADJ,B2,18.1282,5.206,2.07134,ekitabl,,1-0-2,_équi.t(é).able,公允；公正,target_content_with_gloss,0.748705,1
4664,engagement,engagement,NOM,B2,18.0065,15.332,4.99235,ɑ̃gaʒəmɑ̃,,1-1-1,_en/gag(e).ement,聘用；诺言,target_content_with_gloss,0.748413,1
394,alimentaire,alimentaire,ADJ,B1,24.4988,10.184,2.94703,alimɑ̃tɛʁ,aliment,0-1-1,/aliment.aire,,target_content_high_frequency_missing_gloss,0.748265,0
7823,manuel,manuel,ADJ,B1,1.8459,4.753,3.99724,manɥɛl,,1-0-1,_manu.el,手册；手动,target_content_with_gloss,0.747881,1
12819,théorie,théorie,NOM,B2,17.5254,40.247,10.71494,teoʁi,,0-0-1,.ie,一说；理念,target_content_with_gloss,0.747239,1
11529,résidu,résidu,NOM,B1,1.8007,5.203,1.32578,ʁezidy,,0-1-0,/§résidu§,子环；废渣,target_content_with_gloss,0.747148,1
9063,outre,outre,ADV,B2,16.8034,1.861,3.26546,utʁ,,0-1-0,/§outre§,以外；更远,target_content_with_gloss,0.745419,1
9851,pop,pop,ADJ,B1,1.666,7.671,2.30404,pɔp,,0-1-0,/pop,流行歌曲；流行音乐,target_content_with_gloss,0.744891,1
13097,trentaine,trentaine,NOM,B1,22.4011,3.785,1.66565,tʁɑ̃tɛn,trente,0-1-1,/trent(e).aine,,target_content_high_frequency_missing_gloss,0.744335,0
3029,contenter,contenter,VER,B1,21.4842,30.522,23.84262,kɔ̃tɑ̃te,content,0-1-1,/content.er,,target_content_high_frequency_missing_gloss,0.742505,0
10070,processus,processus,NOM,B2,14.9898,15.592,5.49602,pʁosesys,,0-1-0,/§processus§,制程；历程,target_content_with_gloss,0.740501,1
8380,multiplication,multiplication,NOM,B2,14.8321,0.611,0.20821,myltiplikasjɔ̃,,1-0-2,_multi.ation,乘以；乘法,target_content_with_gloss,0.740047,1
12061,solitude,solitude,NOM,B2,14.8075,10.896,3.99265,solityd,,1-0-1,_sol(i).itude,寂寞,target_content_with_gloss,0.739976,1
12240,spécifique,spécifique,ADJ,B2,14.7023,7.196,2.27189,spesifik,,0-1-1,/§species§.ifique,专用；固有,target_content_with_gloss,0.73967,1
7919,massif,massif,ADJ,B2,14.4749,7.535,1.69626,masif,,0-1-1,/mass(e).if,厚重；巨量,target_content_with_gloss,0.739002,1
8378,multiple,multiple,ADJ,B2,14.3557,8.617,3.21341,myltipl,,1-0-1,_multi.ple,倍式；倍数,target_content_with_gloss,0.738648,1
10834,redescendre,redescendre,VER,B1,19.6229,8.209,1.23393,ʁədesɑ̃dʁ,descendre,1-1-1,_re/descend(re).re,,target_content_high_frequency_missing_gloss,0.738549,0
13251,téléspectateur,téléspectateur,NOM,B1,18.8383,1.946,0.73484,telespɛktatœʁ,spectateur,1-1-0,_télé/spectateur,,target_content_high_frequency_missing_gloss,0.736774,0
11294,roux,roux,ADJ,B1,18.8067,2.547,1.61819,ʁu,roux,0-1-0,/roux,,target_content_high_frequency_missing_gloss,0.736701,0
12722,technologique,technologique,ADJ,B1,18.6769,2.522,0.7226,tɛknoloʒik,technocrate,1-0-2,_techno.log(ie).ique,,target_content_high_frequency_missing_gloss,0.7364,0
3947,dramatique,dramatique,ADJ,B1,18.4823,8.845,3.21188,dʁamatik,drame,0-1-1,/dram(e).atique,,target_content_high_frequency_missing_gloss,0.735945,0
13562,vingtaine,vingtaine,NOM,B1,18.3334,4.801,2.09277,vɛ̃tɛn,vingt,0-1-1,/vingt.aine,,target_content_high_frequency_missing_gloss,0.735594,0
11319,rural,rural,ADJ,B2,13.2673,1.263,0.21433,ʁyʁal,,0-1-0,/§rural§,乡郊；乡间,target_content_with_gloss,0.735283,1
7448,linge,linge,NOM,B1,17.9292,11.396,4.22229,lɛ̃ʒ,linge,0-1-1,/ling(e).e,,target_content_high_frequency_missing_gloss,0.734626,0
13630,vocation,vocation,NOM,B1,17.3809,4.12,1.53705,vokasjɔ̃,voix,0-1-1,/vo(i)x/c.ation,,target_content_high_frequency_missing_gloss,0.733281,0
7976,maîtrise,maîtrise,NOM,B1,17.2158,4.294,3.26546,metʁiz,maître,0-1-2,/maîtr(e).is.e,,target_content_high_frequency_missing_gloss,0.732868,0
10838,redevenir,redevenir,VER,B1,17.0452,19.646,2.97612,ʁədəvəniʁ,venir,2-1-1,_re_de/ven(ir).ir,,target_content_high_frequency_missing_gloss,0.732437,0
8432,moeurs,moeurs,NOM,B2,11.8153,3.744,1.34721,mœʁs,,0-1-0,/moeurs,风俗；风气,target_content_with_gloss,0.730369,1
11171,ridicule,ridicule,ADJ,B2,11.4242,59.915,21.46663,ʁidikyl,,0-1-0,/§ridicule§,可笑；可笑的,target_content_with_gloss,0.72895,1
13584,virus,virus,NOM,B2,11.3178,27.513,4.1932,viʁys,,0-1-0,/§virus§,病毒,target_content_with_gloss,0.728556,1
9838,pompier,pompier,NOM,B1,15.3655,14.867,3.26087,pɔ̃pje,pompe,0-1-1,/pomp(e).ier,,target_content_high_frequency_missing_gloss,0.727964,0
5591,fumeur,fumeur,NOM,B1,15.3253,3.63,0.74556,fymœʁ,fumée,0-1-1,/fum(ée).eur,,target_content_high_frequency_missing_gloss,0.727851,0
3486,curé,curé,NOM,B1,15.1698,5.835,1.19106,kyʁe,cure,0-1-1,/cur(e).é,,target_content_high_frequency_missing_gloss,0.727413,0
7538,longueur,longueur,NOM,B2,10.9894,11.244,4.13503,lɔ̃gœʁ,,0-1-1,/long[u].eur,篇幅；长度,target_content_with_gloss,0.727319,1
2081,catholique,catholique,ADJ,B1,14.6388,8.889,2.87048,katolik,catholique,0-1-1,/cathol(ique)/c.ique,,target_content_high_frequency_missing_gloss,0.725884,0
4014,débarrasser,débarrasser,VER,B1,14.2185,66.487,14.16565,debaʁase,{barras},1-1-1,_dé/{barras}.er,,target_content_high_frequency_missing_gloss,0.724637,0
6134,hectare,hectare,NOM,B2,10.2046,3.123,1.06399,ɛktaʁ,,1-0-1,_hect(o).are,公顷,target_content_with_gloss,0.72422,1
178,adieu,adieu,NOM,B1,13.9556,28.241,12.60716,adjø,dieu,0-2-0,/à/dieu,,target_content_high_frequency_missing_gloss,0.72384,0
12674,tantôt,tantôt,ADV,B1,13.9152,3.139,0.84966,tɑ̃to,tant,0-2-0,/tant/tôt,,target_content_high_frequency_missing_gloss,0.723716,0
10997,rentrée,rentrée,NOM,B1,13.6085,4.038,10.19137,ʁɑ̃tʁe,entrer,1-1-1,_r/entr(er).ée,,target_content_high_frequency_missing_gloss,0.722765,0
12593,sélection,sélection,NOM,B2,9.7388,5.354,1.5891,selɛksjɔ̃,,0-1-1,/§select§.ion,选择；选萃,target_content_with_gloss,0.722276,1
2109,celer,celer,VER,B1,13.1901,0.165,0.02296,sele,celer,0-1-1,/cel(er.er,,target_content_high_frequency_missing_gloss,0.721434,0
10353,prétexte,prétexte,NOM,B2,9.4131,8.259,3.17361,pʁetɛkst,,0-1-0,/§prétexte§,借口；幌子,target_content_with_gloss,0.720866,1
13526,vidéo,vidéo,NOM,B2,9.3463,56.383,14.44427,video,,1-0-0,_vidéo,视讯；视频,target_content_with_gloss,0.720571,1
6983,intituler,intituler,VER,B1,12.9235,3.494,0.77312,ɛ̃tityle,titulaire(/titre),1-1-1,_in/titul(aire).er,,target_content_high_frequency_missing_gloss,0.720566,0
13895,éducatif,éducatif,ADJ,B1,12.6497,2.392,0.56644,edykatif,éduquer,0-1-1,/édu(quer)/c.atif,,target_content_high_frequency_missing_gloss,0.719657,0
3129,convivialité,convivialité,NOM,B1,12.635,0.123,0.05511,kɔ̃vivjalite,convive,0-1-2,/conviv(e).ial.ité,,target_content_high_frequency_missing_gloss,0.719607,0
4262,démonstration,démonstration,NOM,B1,12.4786,8.057,2.91794,demɔ̃stʁasjɔ̃,montrer,1-1-1,_dé/mon[s]tr(er).ation,,target_content_high_frequency_missing_gloss,0.719079,0
396,alimenter,alimenter,VER,B2,9.0061,7.209,1.15432,alimɑ̃te,,0-1-1,/aliment.er,养活；喂食,target_content_with_gloss,0.719041,1
12004,slogan,slogan,NOM,B2,8.8581,4.915,1.31047,slogɑ̃,,0-1-0,/§slogan§,口号；标语,target_content_with_gloss,0.718359,1
10591,quête,quête,NOM,B1,12.0983,10.627,3.64666,kɛt,quête,0-1-1,/quêt(e).e,,target_content_high_frequency_missing_gloss,0.717769,0
7967,maximum,maximum,ADJ,B2,8.6514,5.747,7.7327,maksimɔm,,0-1-0,/§maximum§,最大,target_content_with_gloss,0.717389,1
10259,précaire,précaire,ADJ,B2,8.6322,0.959,0.37355,pʁekɛʁ,,0-1-0,/§précaire§,堪虞,target_content_with_gloss,0.717297,1
1725,bruire,bruire,VER,B1,11.8548,0.272,20.56185,bʁɥiʁ,bruire,0-1-1,/brui(re).re,,target_content_high_frequency_missing_gloss,0.71691,0
13662,volet,volet,NOM,B1,11.7981,3.728,0.74862,volɛ,vol,0-1-1,/vol.et,,target_content_high_frequency_missing_gloss,0.716707,0
6947,intermédiaire,intermédiaire,NOM,B2,8.4673,5.139,2.06675,ɛ̃tɛʁmedjɛʁ,,0-1-1,/§intermèd(e)§[i].aire,中人；中介,target_content_with_gloss,0.716507,1
1308,basque,basque,ADJ,B1,11.6598,0.835,0.44856,bask,basque,0-1-0,/basque,,target_content_high_frequency_missing_gloss,0.71621,0
1919,candidature,candidature,NOM,B1,11.6099,5.367,1.73301,kɑ̃didatyʁ,candeur,0-1-2,/cand(eur).idat.ure,,target_content_high_frequency_missing_gloss,0.716029,0
10297,préfet,préfet,NOM,B2,8.3568,5.133,0.8711,pʁefɛ,,0-1-0,/§préfet§,专员；州长,target_content_with_gloss,0.715969,1
13990,émerveiller,émerveiller,VER,B1,11.5352,1.614,0.20974,emɛʁveje,merveille,1-1-1,_é/merveill(e).er,,target_content_high_frequency_missing_gloss,0.715757,0
3701,difficilement,difficilement,ADV,B1,11.4647,3.959,1.78047,difisiləmɑ̃,facile,1-1-1,_di(s)/f/f(a)/icile.ment,,target_content_high_frequency_missing_gloss,0.715499,0
11719,satisfaction,satisfaction,NOM,B1,11.2028,5.861,2.4556,satisfaksjɔ̃,faire,1-1-0,_satis/faction,,target_content_high_frequency_missing_gloss,0.714527,0
6948,intermédiaire,intermédiaire,ADJ,B2,8.04,1.108,2.06675,ɛ̃tɛʁmedjɛʁ,,0-1-1,/§intermèd(e)§[i].aire,中人；中介,target_content_with_gloss,0.714393,1
12042,soja,soja,NOM,B2,7.9773,3.646,1.25536,soʒa,,0-1-0,/§soja§,大豆；黄豆,target_content_with_gloss,0.714074,1
10912,religieux,religieux,NOM,B1,11.0736,2.405,2.75107,ʁəliʒjø,lier,1-1-1,_re/li(er)(g].ieux,,target_content_high_frequency_missing_gloss,0.71404,0
8349,moustique,moustique,NOM,B2,7.7963,4.759,0.98132,mustik,,0-1-1,/§moustiqu(e)§.e,蚊子,target_content_with_gloss,0.713141,1
2893,confort,confort,NOM,B1,10.6994,6.839,2.8368,kɔ̃fɔʁ,force,1-1-0,_con/fort,,target_content_high_frequency_missing_gloss,0.712598,0
345,ailler,ailler,VER,B1,10.6133,0.642,0.13472,aje,ail,0-1-1,/ail[l].er,,target_content_high_frequency_missing_gloss,0.71226,0
9009,orgueil,orgueil,NOM,B2,7.5976,4.842,1.72688,ɔʁgœj,,0-1-0,/§orgueil§,骄傲,target_content_with_gloss,0.712095,1
11806,scénario,scénario,NOM,B2,7.5316,20.405,5.29088,senaʁjo,,0-1-0,/§scénario§,剧情；剧本,target_content_with_gloss,0.711743,1
6181,hiérarchie,hiérarchie,NOM,B2,7.502,3.209,1.28291,jeʁaʁʃi,,2-0-1,_hiér(o)_arch(i).ie,层级；级别,target_content_with_gloss,0.711584,1
11802,sculpteur,sculpteur,NOM,B1,10.249,1.5,0.41641,skyltœʁ,sculpter,0-1-1,/sculpt(er).eur,,target_content_high_frequency_missing_gloss,0.710801,0
10222,protéine,protéine,NOM,B2,7.3509,5.171,1.40386,pʁotein,,1-0-1,_proté.ine,蛋白质,target_content_with_gloss,0.710763,1
9528,philosophe,philosophe,NOM,B2,7.1998,2.69,1.06552,filozɔf,,1-0-2,_phil(o).soph(e).e,哲学家,target_content_with_gloss,0.709927,1
8215,molécule,molécule,NOM,B2,7.1766,3.399,0.69657,molekyl,,0-1-2,/{mole}.cul(e).e,分子,target_content_with_gloss,0.709797,1
5729,gaulois,gaulois,ADJ,B1,9.9268,0.345,0.15309,golwa,Gaule,0-0-1,.ois,,target_content_high_frequency_missing_gloss,0.709471,0
7825,manuscrit,manuscrit,NOM,B2,7.1108,4.953,0.93846,manyskʁi,,1-1-1,_manu/factur(e).scrit,原稿；手稿,target_content_with_gloss,0.709427,1
9814,polluer,polluer,VER,B2,7.0267,2.778,0.31078,polɥe,,0-1-1,/pollu(er).er,污染,target_content_with_gloss,0.70895,1
9992,pratiquement,pratiquement,ADV,B1,9.7516,15.956,6.75597,pʁatikəmɑ̃,pratique,0-1-1,/pratique.ment,,target_content_high_frequency_missing_gloss,0.708731,0
11850,senior,senior,NOM,B2,6.9878,1.636,0.94458,senjɔʁ,,0-1-1,/§sen(ior)§.ior,高职,target_content_with_gloss,0.708728,1
11025,reporter,reporter,NOM,B2,6.8981,5.275,3.62523,ʁəpoʁtɛʁ,,0-1-0,/§reporter§,延期；顺延,target_content_with_gloss,0.708211,1
11290,routier,routier,ADJ,B1,9.5687,4.924,0.95989,ʁutje,route,0-1-1,/rout(e).ier,,target_content_high_frequency_missing_gloss,0.707945,0
13248,téléphonique,téléphonique,ADJ,B1,9.4674,14.304,3.35119,telefonik,téléphone,1-0-2,_télé.phon(e).ique,,target_content_high_frequency_missing_gloss,0.707504,0
9484,perturber,perturber,VER,B2,6.6223,14.114,2.376,pɛʁtyʁbe,,1-0-2,_per.turb.er,打扰；扰乱,target_content_with_gloss,0.706583,1
7462,lire,lire,NOM,B2,6.6213,13.769,26.04562,liʁ,,0-1-0,/§lire§,念书；播报,target_content_with_gloss,0.706577,1
11024,reporter,reporter,VER,B2,6.4266,8.234,3.62523,ʁəpoʁte,,0-1-0,/§reporter§,延期；顺延,target_content_with_gloss,0.705393,1
13107,tribune,tribune,NOM,B2,6.4106,1.946,0.82517,tʁibyn,,0-1-0,/§tribune§,主席台；论坛报,target_content_with_gloss,0.705294,1
10578,quinzaine,quinzaine,NOM,B1,8.947,1.535,0.65524,kɛ̃zɛn,quinze,0-1-1,/quinz(e).aine,,target_content_high_frequency_missing_gloss,0.70517,0
11109,retracer,retracer,VER,B1,8.8895,3.56,0.79455,ʁətʁase,trace,1-1-1,_re/trac(er).er,,target_content_high_frequency_missing_gloss,0.704904,0
11716,satellite,satellite,NOM,B2,6.3357,17.203,3.27618,satelit,,0-1-1,/§satell(ite).ite,上星；卫星,target_content_with_gloss,0.704829,1
448,altitude,altitude,NOM,B2,6.3026,6.975,2.04532,altityd,,1-0-1,_{alti}.itude,海拔；高低,target_content_with_gloss,0.704622,1
3685,dialoguer,dialoguer,VER,B2,6.2502,0.614,1.39008,djaloge,,1-0-2,_dia.logu(e).er,对话,target_content_with_gloss,0.704292,1
12910,top,top,NOM,B2,6.2353,28.861,9.39222,tɔp,,0-1-0,/§top§,顶尖,target_content_with_gloss,0.704198,1
9081,oxygène,oxygène,NOM,B2,6.2051,16.155,4.52235,ɔksiʒɛn,,0-0-1,.e,氧,target_content_with_gloss,0.704006,1
11339,règne,règne,NOM,B1,8.669,5.316,3.68953,ʁɛɲ,règne,0-1-1,/règn(e).e,,target_content_high_frequency_missing_gloss,0.703872,0
12555,synonyme,synonyme,ADJ,B2,6.175,1.269,0.65064,sinonim,,1-0-1,_syn.onyme,代名词,target_content_with_gloss,0.703815,1
13094,tremper,tremper,VER,B2,6.1574,12.19,2.21066,tʁɑ̃pe,,0-1-1,/tremp(er).er,浸湿；锻炼,target_content_with_gloss,0.703702,1
1179,aîné,aîné,NOM,B1,8.6031,7.104,2.76179,ene,ains,0-2-0,/ai(ns)/né,,target_content_high_frequency_missing_gloss,0.703559,0
10619,radical,radical,ADJ,B2,6.1075,6.174,1.24617,ʁadikal,,0-1-1,/§radic(al)§.al,根本；激进,target_content_with_gloss,0.703382,1
358,aise,aise,NOM,B1,8.5523,1.095,14.65248,ɛz,aise,0-1-0,/ais(e),,target_content_high_frequency_missing_gloss,0.703316,0
13817,écho,écho,NOM,B2,5.956,6.538,2.13105,eko,,0-1-0,/Echo,共鸣；反响,target_content_with_gloss,0.702396,1
6266,humanitaire,humanitaire,ADJ,B1,8.355,2.19,0.81751,ymanitɛʁ,homme,0-1-1,/huma(i)n.itaire,,target_content_high_frequency_missing_gloss,0.702361,0
2552,cocktail,cocktail,NOM,B2,5.9069,13.845,3.55634,kɔktɛl,,0-1-0,/§cocktail§,酒会；鸡尾酒,target_content_with_gloss,0.702071,1
9587,pile,pile,NOM,B2,5.8529,22.791,7.67453,pil,,0-0-0,,一堆,target_content_with_gloss,0.701712,1
318,agréer,agréer,VER,B1,8.1286,0.611,0.14391,agʁee,gré,1-1-1,_a(d)/gré.er,,target_content_high_frequency_missing_gloss,0.701239,0
9598,pin,pin,NOM,B2,5.7667,4.009,1.11298,pɛ̃,,0-1-0,/pin,松树；青松,target_content_with_gloss,0.701132,1
9594,pilule,pilule,NOM,B2,5.7327,24.617,4.51929,pilyl,,0-1-0,/§pilule§,药丸；避孕药,target_content_with_gloss,0.700902,1
11317,rumeur,rumeur,NOM,B2,5.7294,31.563,6.12217,ʁymœʁ,,0-1-0,/§rumeur§,传言；坊间传言,target_content_with_gloss,0.700879,1
10277,préconiser,préconiser,VER,B2,5.7035,1.177,0.2526,pʁekonize,,0-1-1,/§préconis(er)§.er,主张；倡导,target_content_with_gloss,0.700703,1
10989,renseignement,renseignement,NOM,B1,8.0066,21.747,5.01378,ʁɑ̃sɛɲəmɑ̃,enseigner,1-1-1,_r/enseign(er).ement,,target_content_high_frequency_missing_gloss,0.700623,0
12306,stratégique,stratégique,ADJ,B2,5.6711,3.829,1.13442,stʁateʒik,,0-1-1,/§stratèg(e).ique,形胜；战略性,target_content_with_gloss,0.700481,1
12601,sénéchal,sénéchal,NOM,B1,7.9643,0.079,0.01684,seneʃal,sénéchal,0-1-0,/sénéchal,,target_content_high_frequency_missing_gloss,0.700408,0
6957,interpeller,interpeller,VER,B1,7.9511,2.139,0.29088,ɛ̃tɛʁpɛle,appel,1-1-1,_inter/(ap)pel[l].er,,target_content_high_frequency_missing_gloss,0.70034,0
13622,vivement,vivement,ADV,B1,7.9186,3.415,1.54623,vivəmɑ̃,vif,0-1-1,/vive.ment,,target_content_high_frequency_missing_gloss,0.700174,0
7999,mental,mental,ADJ,B2,5.5717,17.725,3.04501,mɑ̃tal,,0-1-1,/§men(s)/t§.al,心理；心窍,target_content_with_gloss,0.699794,1
12439,supporter,supporter,NOM,B2,5.5689,6.747,13.43846,sypoʁtœʁ,,0-1-0,/§supporter§,力挺；受到,target_content_with_gloss,0.699774,1
10273,précoce,précoce,ADJ,B2,5.5203,2.582,0.98592,pʁekɔs,,0-1-0,/§précoce§,早熟,target_content_with_gloss,0.699434,1
12112,sou,sou,NOM,B1,7.7687,22.415,65.53735,su,sou,0-1-0,/sou,,target_content_high_frequency_missing_gloss,0.699398,0
11390,récolter,récolter,VER,B2,5.415,10.769,2.57348,ʁekɔlte,,0-1-1,/§récolt(e)§.er,收获；采收,target_content_with_gloss,0.698689,1
444,alternative,alternative,NOM,B2,5.3971,5.87,2.70974,altɛʁnativ,,1-0-1,_alter[n].ative,替代品,target_content_with_gloss,0.698561,1
4958,exotisme,exotisme,NOM,B1,7.5621,0.253,0.1087,ɛgzotizm,exotique,0-1-1,/exot(ique).isme,,target_content_high_frequency_missing_gloss,0.698306,0
7918,massif,massif,NOM,B2,5.3458,0.377,1.04868,masif,,0-1-1,/mass(e).if,厚重；巨量,target_content_with_gloss,0.698192,1
2710,compagne,compagne,NOM,B2,5.3057,18.332,1.59522,kɔ̃paɲ,,,,伴侣；同伴,target_content_with_gloss,0.697902,1
10052,privilège,privilège,NOM,B2,5.2896,10.598,2.95315,pʁivilɛʒ,,0-1-1,/§privilèg(e)§.e,优待；特权,target_content_with_gloss,0.697785,1
12331,stylo,stylo,NOM,B2,5.2626,16.959,4.77036,stilo,,0-1-0,/§stylo(graphe)§,笔杆子,target_content_with_gloss,0.697588,1
5783,glacer,glacer,VER,B1,7.4109,6.025,15.07502,glase,glacer,0-1-1,/glac(er).er,,target_content_high_frequency_missing_gloss,0.69749,0
1816,bûcheron,bûcheron,NOM,B1,7.2216,2.127,0.45622,byʃəʁɔ̃,bûche,0-1-2,/bûch(e).er.on,,target_content_high_frequency_missing_gloss,0.696448,0
6378,idéologie,idéologie,NOM,B2,5.0283,1.478,0.50674,ideoloʒi,,1-0-1,_idéo.logie,主义；思想,target_content_with_gloss,0.695843,1
10381,psychiatre,psychiatre,NOM,B2,4.9576,10.237,2.81078,psikjatʁ,,1-0-1,_psych.iatre,心理医生；精神科医生,target_content_with_gloss,0.695303,1
11685,sandwich,sandwich,NOM,B1,6.9951,26.161,7.16626,sɑ̃dwitʃ,Sandwich,0-1-0,/Sandwich,,target_content_high_frequency_missing_gloss,0.695169,0
6030,géographie,géographie,NOM,B2,4.8853,1.785,0.70882,ʒeogʁafi,,1-0-2,_géo.graph(e).ie,地理；舆地,target_content_with_gloss,0.694744,1
9010,orgueilleux,orgueilleux,ADJ,B2,4.8643,0.826,0.39957,ɔʁgœjø,,0-1-1,/§orgueil§.eux,骄傲,target_content_with_gloss,0.69458,1
11496,répliquer,répliquer,VER,B2,4.8503,2.791,2.70974,ʁeplike,,1-1-1,_re/§répliqu(er)§.er,回答；应对,target_content_with_gloss,0.694471,1
7615,là-dedans,là-dedans,ADV,B1,6.8735,72.908,24.97244,ladədɑ̃,là,0-2-0,/là/dedans,,target_content_high_frequency_missing_gloss,0.694468,0
5842,gouvernemental,gouvernemental,ADJ,B1,6.8598,4.434,0.60472,guvɛʁnəmɑ̃tal,gouverner,0-1-2,/gouvern(er).ement.al,,target_content_high_frequency_missing_gloss,0.694388,0
5052,fabuleux,fabuleux,ADJ,B1,6.8514,15.718,4.2131,fabylø,fable,0-1-1,/fab[u]l(e).eux,,target_content_high_frequency_missing_gloss,0.694339,0
5492,francophone,francophone,NOM,B2,4.7199,0.038,0.0398,fʁɑ̃kofɔn,,1-0-1,_franco.phone,法语国家,target_content_with_gloss,0.693439,1
9631,pistolet,pistolet,NOM,B2,4.6722,33.386,7.85517,pistolɛ,,0-1-1,/§pistol(e)§.et,手枪,target_content_with_gloss,0.693055,1
443,alternatif,alternatif,ADJ,B2,4.6189,3.741,2.70974,altɛʁnatif,,1-0-1,_alter[n].atif,交流；另类,target_content_with_gloss,0.692623,1
12951,tournage,tournage,NOM,C1,0.4328,11.519,2.47551,tuʁnaʒ,tourner,0-1-1,/tourn(er).age,拍摄；摄制,target_content_with_gloss,0.692464,1
176,adhésif,adhésif,ADJ,C1,0.4293,1.636,0.8466,adezif,{hér},1-1-1,_ad/{hé(r/s)}.if,粘合剂；胶粘剂,target_content_with_gloss,0.692352,1
3466,culpabilité,culpabilité,NOM,C1,0.4293,15.756,5.8022,kylpabilite,coupable,0-1-1,/culpabil(ité).ité,有罪；罪名,target_content_with_gloss,0.692352,1
3815,distillation,distillation,NOM,C1,0.4293,0.146,0.0643,distilasjɔ̃,{stiller},1-1-1,_dis/{still(er)}.ation,升华,target_content_with_gloss,0.692352,1
4326,déployer,déployer,VER,C1,0.4293,8.402,0.76852,deplwaje,ployer,1-1-0,_dé/ploy/i(er),发扬；发挥,target_content_with_gloss,0.692352,1
5848,gracier,gracier,VER,C1,0.4293,5.066,0.83895,gʁasje,grâce,0-1-1,/grâc(e).ier,赦,target_content_with_gloss,0.692352,1
7102,irréparable,irréparable,ADJ,C1,0.4293,1.38,0.43784,iʁepaʁabl,parer,2-1-1,_ir_ré/par(er).able,不可收拾,target_content_with_gloss,0.692352,1
8563,naissant,naissant,ADJ,C1,0.4293,0.842,0.25566,nɛsɑ̃,naître,0-1-1,/na(ît/is)(re)[s].ant,初生,target_content_with_gloss,0.692352,1
11541,résonance,résonance,NOM,C1,0.4293,1.051,0.36742,ʁezonɑ̃s,son,1-1-1,_ré/son.ance,共振；共鸣,target_content_with_gloss,0.692352,1
11579,réversible,réversible,ADJ,C1,0.4293,0.459,0.1485,ʁevɛʁsibl,vers,1-1-1,_re/vers.ible,可逆性,target_content_with_gloss,0.692352,1
12956,tournesol,tournesol,NOM,C1,0.4293,1.491,0.3169,tuʁnəsɔl,tourner,0-2-0,/tourn(er)/sol(eil),向日葵；葵花,target_content_with_gloss,0.692352,1
8134,minutieusement,minutieusement,ADV,C1,0.4253,0.953,0.43938,minysjøzəmɑ̃,minutie,0-1-2,/minutie.euse.ment,彻底；精心,target_content_with_gloss,0.692224,1
11747,sauvetage,sauvetage,NOM,C1,0.4227,10.665,3.44611,sovətaʒ,sauf,0-1-1,/sauve.tage,救助；救援,target_content_with_gloss,0.69214,1
104,accroche,accroche,NOM,C1,0.4224,1.348,7.36069,akʁɔʃ,croc,1-1-1,_a(d)c/croch(et).e,口头禅,target_content_with_gloss,0.69213,1
3090,contredire,contredire,VER,C1,0.4171,6.165,1.21402,kɔ̃tʁədiʁ,di(re),1-1-1,_contre/di(re).re,反驳；与…矛盾,target_content_with_gloss,0.69196,1
4671,engouffrer,engouffrer,VER,C1,0.4134,0.646,0.08114,ɑ̃gufʁe,gouffre,1-1-1,_en/gouffre.er,吞食,target_content_with_gloss,0.69184,1
9931,poterie,poterie,NOM,C1,0.4123,1.472,0.3812,pɔtəʁi,pot,0-1-1,/pot.erie,陶器；陶瓷,target_content_with_gloss,0.691804,1
9,abbaye,abbaye,NOM,B1,6.4078,1.37,0.3169,abei,abbé,0-1-1,/abba.ie,,target_content_high_frequency_missing_gloss,0.691677,0
8548,météorite,météorite,NOM,C1,0.404,4.459,0.54042,meteoʁit,météore,0-1-1,/météor(e).ite,陨石,target_content_with_gloss,0.691534,1
1722,broyer,broyer,VER,C1,0.4016,3.503,0.60472,bʁwaje,broyer,0-1-1,/broy(er).er,研磨；破碎,target_content_with_gloss,0.691456,1
7367,lavande,lavande,NOM,C1,0.4016,1.965,0.67055,lavɑ̃d,laver,0-1-1,/lav(er).ande,熏衣草；薰衣草,target_content_with_gloss,0.691456,1
1960,capsule,capsule,NOM,C1,0.4015,7.142,1.1038,kapsyl,capsule,0-1-0,/capsule,蒴,target_content_with_gloss,0.691453,1
7980,maïs,maïs,NOM,B2,4.4685,8.972,2.64697,mais,,0-1-0,/§maïs§,棒子；玉米,target_content_with_gloss,0.691381,1
6628,index,index,NOM,B2,4.451,2.177,0.90784,ɛ̃dɛks,,0-1-0,/§index§,二拇指；二指,target_content_with_gloss,0.691234,1
6917,intensifier,intensifier,VER,C1,0.3933,2.728,0.35364,ɛ̃tɑ̃sifje,intense,0-1-2,/intens(e).ifi.er,加紧；强化,target_content_with_gloss,0.691184,1
12056,solidement,solidement,ADV,C1,0.3913,0.611,0.28628,solidəmɑ̃,solide,0-1-1,/solide.ment,牢牢,target_content_with_gloss,0.691118,1
4502,effondrement,effondrement,NOM,C1,0.3902,2.937,0.90784,efɔ̃dʁəmɑ̃,fond,1-1-1,_e(x)/f/fond[r}.ement,獘,target_content_with_gloss,0.691082,1
1842,cadran,cadran,NOM,C1,0.3899,1.589,0.45468,kadʁɑ̃,quart,0-1-0,/cadran,闹钟,target_content_with_gloss,0.691072,1
2572,cohabitation,cohabitation,NOM,B1,6.282,0.44,0.18371,koabitasjɔ̃,habiter,2-1-1,_1_co/habit(er).ation,,target_content_high_frequency_missing_gloss,0.690892,0
4977,exploration,exploration,NOM,B1,6.2784,3.585,1.07165,ɛksploʁasjɔ̃,explorer,0-1-1,/explor(er).ation,,target_content_high_frequency_missing_gloss,0.69087,0
3929,douer,douer,VER,B1,6.2579,30.152,9.20392,dwe,douer,0-1-1,/dou(er).er,,target_content_high_frequency_missing_gloss,0.690741,0
10814,recouper,recouper,VER,C1,0.3721,1.402,0.17912,ʁəkupe,couper,1-1-1,_re/coup(er).er,交叉,target_content_with_gloss,0.690482,1
12994,trafic,trafic,NOM,B1,6.2142,18.335,5.91549,tʁafik,trafiquer,0-1-0,/trafi(quer)/c,,target_content_high_frequency_missing_gloss,0.690464,0
9829,polémique,polémique,NOM,B2,4.3456,0.601,0.30618,polemik,,0-1-1,/§polémiqu(e)§.e,争议,target_content_with_gloss,0.69034,1
9636,pittoresque,pittoresque,ADJ,B2,4.3347,1.373,0.57257,pitoʁɛsk,,0-1-0,/§pittoresque§,如画,target_content_with_gloss,0.690247,1
13998,éminence,éminence,NOM,C1,0.3609,1.782,0.31843,eminɑ̃s,éminent,0-1-1,/émin(ence).ence,高地,target_content_with_gloss,0.690107,1
14086,épuisement,épuisement,NOM,C1,0.3568,1.801,0.77159,epɥizəmɑ̃,puits,1-1-1,_é/pui(t)s.ement,衰竭,target_content_with_gloss,0.689969,1
6098,harceler,harceler,VER,C1,0.3547,16.845,2.28873,aʁsəle,harceler,0-1-1,/harcel(er).er,搔扰；死缠烂打,target_content_with_gloss,0.689898,1
8979,orbite,orbite,NOM,C1,0.3523,10.146,2.34691,ɔʁbit,orbe,0-1-2,/orb(e).e,眼眶；轨道,target_content_with_gloss,0.689817,1
729,apôtre,apôtre,NOM,C1,0.3519,1.744,0.32609,apotʁ,apôtre,0-1-0,/apôtre,门徒,target_content_with_gloss,0.689803,1
7588,lunaire,lunaire,ADJ,C1,0.351,2.956,0.55113,lynɛʁ,lune,0-1-1,/lun(e).aire,阴,target_content_with_gloss,0.689773,1
5429,forum,forum,NOM,B2,4.2465,2.674,0.89559,foʁɔm,,0-1-0,/§forum§,讨论会；讨论区,target_content_with_gloss,0.689484,1
2353,chronique,chronique,NOM,B2,4.2457,2.418,1.3962,kʁonik,,1-0-1,_chron(o).ique,专栏；慢性,target_content_with_gloss,0.689477,1
3052,contour,contour,NOM,C1,0.342,1.085,0.2526,kɔ̃tuʁ,tour,1-1-0,_con/tour,外形；方圆,target_content_with_gloss,0.689467,1
11566,rétrécir,rétrécir,VER,C1,0.3402,3.389,0.41335,ʁetʁesiʁ,étroit,1-1-1,_r/étréc(ir).ir,变窄；收缩,target_content_with_gloss,0.689405,1
5347,flèche,flèche,NOM,C1,0.3399,13.259,2.69137,flɛʃ,flèche,0-1-0,/flèch(e),树梢；箭头,target_content_with_gloss,0.689395,1
3941,douzième,douzième,ADJ,C1,0.3391,0.462,0.31078,duzjɛm,douze,0-1-1,/douz(e).ième,第十二,target_content_with_gloss,0.689368,1
6855,inspecter,inspecter,VER,C1,0.3366,8.171,1.62125,ɛ̃spɛkte,spectateur,1-1-1,_in/spect(ateur).er,审核；排查,target_content_with_gloss,0.689282,1
11423,réfugier,réfugier,VER,B2,4.223,4.528,1.46816,ʁefyʒje,,0-1-1,/§refug(e)/[i]§.er,躲藏,target_content_with_gloss,0.689278,1
3086,contrebande,contrebande,NOM,C1,0.3347,4.899,1.74525,kɔ̃tʁəbɑ̃d,band(e),1-1-0,_contre/band(e),海贼版；走私,target_content_with_gloss,0.689217,1
11436,régiment,régiment,NOM,C1,0.3347,6.582,1.6289,ʁeʒimɑ̃,régiment,0-1-0,/régiment,中队,target_content_with_gloss,0.689217,1
9449,perpétuel,perpétuel,ADJ,B2,4.1942,1.87,0.41794,pɛʁpetɥɛl,,1-0-2,_per.pétu.el,永久；永恒,target_content_with_gloss,0.689025,1
9102,pair,pair,NOM,B1,5.9843,4.842,1.37783,pɛʁ,pair,0-1-0,/pair,,target_content_high_frequency_missing_gloss,0.688981,0
9268,partenariat,partenariat,NOM,B2,4.1838,3.861,1.36099,paʁtənaʁja,,0-1-1,/§parten(aire).ariat,伙伴关系,target_content_with_gloss,0.688933,1
3169,cornichon,cornichon,NOM,C1,0.3192,4.386,0.84813,kɔʁniʃɔ̃,corne,0-1-2,/corn(e).ich(e).on,傻瓜,target_content_with_gloss,0.688682,1
9524,phase,phase,NOM,B2,4.1508,17.095,5.33068,faz,,0-1-0,/§phase§,相位；过程,target_content_with_gloss,0.688641,1
3489,cuvette,cuvette,NOM,C1,0.3167,2.161,0.8022,kyvɛt,cuve,0-1-1,/cuv(e).ette,脸盆,target_content_with_gloss,0.688595,1
11588,révolutionner,révolutionner,VER,B1,5.9246,1.297,0.32609,ʁevolysjone,volte,1-1-2,_ré/vol(te).ution[n.er,,target_content_high_frequency_missing_gloss,0.688588,0
8000,mentalité,mentalité,NOM,B2,4.1295,1.889,0.73178,mɑ̃talite,,0-1-2,/§men(s)/t§.al.ité,品行；精神状态,target_content_with_gloss,0.688451,1
5791,gland,gland,NOM,C1,0.3083,4.285,0.72872,glɑ̃,gland,0-1-0,/gland,流苏；龟头,target_content_with_gloss,0.688302,1
389,algérien,algérien,ADJ,B1,5.8255,0.487,0.10563,alʒeʁjɛ̃,Algérie,0-1-1,/Algér(ie).ien,,target_content_high_frequency_missing_gloss,0.687929,0
399,aliénation,aliénation,NOM,C1,0.2926,0.598,0.24189,aljenasjɔ̃,autre,0-1-1,/alién(er).ation,异化；疏离,target_content_with_gloss,0.68775,1
616,antibiotique,antibiotique,ADJ,C1,0.2926,0.434,1.51562,ɑ̃tibjotik,bio,1-1-1,_anti/bio.tique,抗生素,target_content_with_gloss,0.68775,1
4299,dépassement,dépassement,NOM,C1,0.2926,0.5,0.17912,depasəmɑ̃,pas,1-1-1,_dé/pas[s].ement,超车,target_content_with_gloss,0.68775,1
10003,prescrire,prescrire,VER,C1,0.2926,7.598,1.41457,pʁɛskʁiʁ,{scrire},1-1-0,_pré/{scrire},规定；配药,target_content_with_gloss,0.68775,1
526,analogique,analogique,ADJ,C1,0.2862,0.446,0.15615,analoʒik,logos,1-1-1,_ana/log(ie).ique,模拟,target_content_with_gloss,0.687523,1
590,annulaire,annulaire,NOM,C1,0.2862,0.481,0.21586,anylɛʁ,anneau,0-1-1,/ann(ea)u[l].aire,无名指；环状,target_content_with_gloss,0.687523,1
902,assommer,assommer,VER,C1,0.2862,10.579,1.49265,asome,sommeil,1-1-1,_a(d)/s/somm(e).er,打死；撞倒,target_content_with_gloss,0.687523,1
1002,atypique,atypique,ADJ,C1,0.2862,0.706,0.23576,atipik,type,1-1-1,_a/typ(e).ique,异形,target_content_with_gloss,0.687523,1
1054,authentification,authentification,NOM,C1,0.2862,0.383,0.1286,otɑ̃tifikasjɔ̃,authentique,0-1-2,/authenti(que)/c.ific.ation,认证；身份验证,target_content_with_gloss,0.687523,1
1447,bitume,bitume,NOM,C1,0.2862,0.699,0.25566,bitym,bitume,0-1-0,/bitume,沥青,target_content_with_gloss,0.687523,1
2849,condenser,condenser,VER,C1,0.2862,0.38,0.10104,kɔ̃dɑ̃se,dense,1-1-1,_con/dens(e).er,凝结；压缩,target_content_with_gloss,0.687523,1
3018,contaminer,contaminer,VER,C1,0.2862,9.047,1.24005,kɔ̃tamine,contaminer,0-1-1,/contamin(er).er,传染；感染,target_content_with_gloss,0.687523,1
3092,contrefaçon,contrefaçon,NOM,C1,0.2862,2.557,0.68279,kɔ̃tʁəfasɔ̃,faire,1-1-0,_contre/façon,假币；山寨,target_content_with_gloss,0.687523,1
3460,culbute,culbute,NOM,C1,0.2862,0.43,0.15922,kylbyt,cul,0-2-1,/cul/but(er).e,空翻；跟头,target_content_with_gloss,0.687523,1
3488,cuve,cuve,NOM,C1,0.2862,2.228,0.62615,kyv,cuve,0-1-1,/cuv(e).e,杅；缸,target_content_with_gloss,0.687523,1
3650,destinataire,destinataire,NOM,C1,0.2862,0.994,0.35977,destinatɛʁ,destiner,0-1-1,/destin(er).ataire,收件人；收信人,target_content_with_gloss,0.687523,1
3751,direct,direct,NOM,C1,0.2862,16.981,12.28873,diʁɛkt,direct,0-1-0,/direct,实况；直截了当,target_content_with_gloss,0.687523,1
4228,déluge,déluge,NOM,C1,0.2862,2.066,0.70423,delyʒ,déluge,0-1-0,/déluge,暴雨；洪水,target_content_with_gloss,0.687523,1
5084,faisceau,faisceau,NOM,C1,0.2862,1.93,0.50214,fɛso,faix,0-1-0,/faisceau,簇,target_content_with_gloss,0.687523,1
5323,flexible,flexible,ADJ,C1,0.2862,1.747,0.55879,flɛksibl,flexion,0-1-1,/flex(ion).ible,伸缩；动L,target_content_with_gloss,0.687523,1
6563,incarcérer,incarcérer,VER,C1,0.2862,2.364,0.71341,ɛ̃kaʁseʁe,carcéral,1-1-1,_in/carcér(al).er,囚禁；禁闭,target_content_with_gloss,0.687523,1
6935,interdit,interdit,ADJ,C1,0.2862,9.63,12.22596,ɛ̃tɛʁdi,dire,1-1-1,_inter/di(re).t,被禁；被禁止,target_content_with_gloss,0.687523,1
7346,laquer,laquer,VER,C1,0.2862,0.171,0.35058,lake,laquer,0-1-1,/laqu(er).er,髹,target_content_with_gloss,0.687523,1
7655,lésion,lésion,NOM,C1,0.2862,6.339,1.43295,lezjɔ̃,lésion,0-1-0,/lésion,损伤；损害,target_content_with_gloss,0.687523,1
8771,numériser,numériser,VER,C1,0.2862,0.633,0.09186,nymeʁize,numérique,0-1-2,/numér(ique).is.er,数位化；数字化,target_content_with_gloss,0.687523,1
9153,paon,paon,NOM,C1,0.2862,1.943,0.4011,pɑ̃,paon,0-1-0,/paon,孔雀,target_content_with_gloss,0.687523,1
9170,parabole,parabole,NOM,C1,0.2862,1.244,0.33987,paʁabɔl,parabole,0-1-1,/parabol(e).e,比喻；讽喻,target_content_with_gloss,0.687523,1
9672,plancher,plancher,VER,C1,0.2862,1.038,3.08022,plɑ̃ʃe,planche,0-1-1,/planch(e).er,地板；地面,target_content_with_gloss,0.687523,1
11563,rétribuer,rétribuer,VER,C1,0.2862,0.146,0.03368,ʁetʁibɥe,tribut,1-1-1,_ré/tribu(t).er,报,target_content_with_gloss,0.687523,1
12209,spectre,spectre,NOM,C1,0.2862,4.37,1.26454,spɛktʁ,spectre,0-1-1,/spectr(e).e,亡灵；光谱,target_content_with_gloss,0.687523,1
12327,stylet,stylet,NOM,C1,0.2862,0.177,0.05358,stilɛ,style,0-1-1,/styl(e).et,肀,target_content_with_gloss,0.687523,1
12347,submerger,submerger,VER,C1,0.2862,4.335,0.77771,sybmɛʁʒe,{merg},1-1-1,_sub/{merg}.er,吞没；淹没,target_content_with_gloss,0.687523,1
12666,tampon,tampon,NOM,C1,0.2862,5.684,1.30282,tɑ̃pɔ̃,tampon,0-1-0,/tampon,缓冲；邮花,target_content_with_gloss,0.687523,1
13441,ventiler,ventiler,VER,C1,0.2862,1.25,0.19749,vɑ̃tile,vent,0-1-1,/vent.er,换气；排气,target_content_with_gloss,0.687523,1
13789,ébauche,ébauche,NOM,C1,0.2862,1.104,0.3812,eboʃ,bau,1-1-1,_é/bau[ch].e,草案；草稿,target_content_with_gloss,0.687523,1
14059,épineux,épineux,ADJ,C1,0.2862,1.006,0.25873,epinø,épine,0-1-1,/épin(e).eux,棘手；疑难,target_content_with_gloss,0.687523,1
2426,cinématographique,cinématographique,ADJ,B1,5.7606,1.206,0.34905,sinematogʁafik,cinéma,0-1-2,/cinéma[to].graph(e).ique,,target_content_high_frequency_missing_gloss,0.687491,0
9783,poireau,poireau,NOM,C1,0.2802,0.858,0.20667,pwaʁo,poireau,0-1-0,/poireau,韭,target_content_with_gloss,0.687308,1
182,adjudant,adjudant,NOM,C1,0.2791,1.93,0.29547,adʒydɑ̃,adjudant,0-1-0,/adjudant,军士,target_content_with_gloss,0.687269,1
7596,luth,luth,NOM,C1,0.2786,0.5,0.13472,lyt,Lutécia,0-1-1,/§Lutéci(a)§.luth,琉特琴,target_content_with_gloss,0.687251,1
43,absentéisme,absentéisme,NOM,C1,0.272,0.297,0.12554,apsɑ̃teizm,{sent},0-1-1,/absent.éisme,缺席,target_content_with_gloss,0.687014,1
8453,mécher,mécher,VER,B1,5.69,1.127,14.05695,meʃe,mèche,0-1-1,/mèch(e).er,,target_content_high_frequency_missing_gloss,0.687011,0
10441,purée,purée,NOM,C1,0.2552,7.604,2.78322,pyʁe,pur,0-1-1,/pur.ée,泥；酱,target_content_with_gloss,0.686406,1
8005,mentionner,mentionner,VER,B2,3.9032,29.028,6.12982,mɑ̃sjone,,0-1-2,/§men(s)/t§.ion[n].er,提到；提及,target_content_with_gloss,0.686385,1
9567,piano,piano,NOM,B2,3.8763,19.696,4.46724,pjano,,0-1-0,/§piano§,钢琴,target_content_with_gloss,0.686134,1
2715,comparaison,comparaison,NOM,B1,5.5232,4.778,1.94121,kɔ̃paʁɛzɔ̃,parer,1-1-1,_com/par(er).aison,,target_content_high_frequency_missing_gloss,0.685855,0
1203,baignade,baignade,NOM,C1,0.228,1.082,0.41182,bɛɲad,bain,0-1-1,/bai[g]n.ade,浴场,target_content_with_gloss,0.685403,1
7440,lime,lime,NOM,C1,0.2231,1.304,0.41488,lim,lime,0-1-1,/lim(e).e,青柠檬,target_content_with_gloss,0.68522,1
7206,joute,joute,NOM,C1,0.2176,0.892,0.20514,ʒut,jouter,0-1-1,/jout(er).e,比赛,target_content_with_gloss,0.685013,1
13510,vice,vice,NOM,B2,3.7401,9.592,2.75566,vis,,0-1-0,/vice,弊病；恶习,target_content_with_gloss,0.684837,1
6736,infirmerie,infirmerie,NOM,C1,0.206,9.462,2.55205,ɛ̃fiʁməʁi,ferme,1-1-1,_in/f(e/i)rm(e).erie,病室,target_content_with_gloss,0.684575,1
12935,totalité,totalité,NOM,C1,0.1972,3.592,1.62431,totalite,total,0-1-1,/total.ité,一体；总体,target_content_with_gloss,0.68424,1
5027,extraterrestre,extraterrestre,NOM,C1,0.1955,7.661,1.36099,ɛkstʁatɛʁɛstʁ,terre,1-1-1,_extra/terr(e).estre,外星；外星人,target_content_with_gloss,0.684175,1
48,absorption,absorption,NOM,C1,0.1951,0.687,0.27404,apsɔʁpsjɔ̃,{sorber},1-1-1,_ab/absorb(er).tion,吞并；吸水,target_content_with_gloss,0.684159,1
58,abusif,abusif,ADJ,C1,0.1951,1.848,0.44091,abyzif,abus,0-1-1,/abus.if,失格,target_content_with_gloss,0.684159,1
1176,aérosol,aérosol,NOM,C1,0.1951,0.718,0.22658,aeʁosɔl,soleil,1-1-0,_aéro/sol(eil),气胶,target_content_with_gloss,0.684159,1
1891,camouflage,camouflage,NOM,C1,0.1951,2.484,0.94152,kamuflaʒ,camoufler,0-1-1,/camoufl(er).age,保护色,target_content_with_gloss,0.684159,1
2000,carence,carence,NOM,C1,0.1951,0.674,0.22045,kaʁɑ̃s,carence,0-1-0,/carence,缺失,target_content_with_gloss,0.684159,1
2543,cobaye,cobaye,NOM,C1,0.1951,3.453,0.84201,kobaj,cobaye,0-1-0,/cobaye,天竺鼠；葵鼠,target_content_with_gloss,0.684159,1
4140,dédramatiser,dédramatiser,VER,C1,0.1951,0.13,0.03368,dedʁamatize,drame,1-1-3,_dé/dram(e).at.is.er,缓和；除去,target_content_with_gloss,0.684159,1
4363,dérèglement,dérèglement,NOM,C1,0.1951,0.373,0.11788,deʁɛgləmɑ̃,règle,1-1-1,_dé/règl(e).ement,不规则,target_content_with_gloss,0.684159,1
4375,désapprobation,désapprobation,NOM,C1,0.1951,0.43,0.19902,dezapʁobasjɔ̃,preuve,2-1-1,_dés_ap/prob(ation).ation,不赞成；非议,target_content_with_gloss,0.684159,1
5852,graduellement,graduellement,ADV,C1,0.1951,0.472,0.21433,gʁadɥɛləmɑ̃,grade,0-1-2,/grad(e).uelle.ment,垂垂；慢慢,target_content_with_gloss,0.684159,1
6247,hostilité,hostilité,NOM,C1,0.1951,3.184,0.97061,ɔstilite,hostile,0-1-1,/hostil(e).ité,仇恨；敌意,target_content_with_gloss,0.684159,1
7898,marteler,marteler,VER,C1,0.1951,1.307,0.18524,maʁtəle,marteau,0-1-1,/marte(au/l).er,敲击,target_content_with_gloss,0.684159,1
8114,miner,miner,VER,C1,0.1951,4.184,8.46142,mine,miner,0-1-1,/min(er).er,布雷,target_content_with_gloss,0.684159,1
8201,modéré,modéré,ADJ,C1,0.1951,0.962,0.31843,modeʁe,modérer,0-1-1,/modér(er).é,中常；温和,target_content_with_gloss,0.684159,1
8644,neuvième,neuvième,ADJ,C1,0.1951,1.468,0.88641,nœvjɛm,neuf,0-1-1,/neu(f)/v.iène,第九,target_content_with_gloss,0.684159,1
8764,nuisible,nuisible,ADJ,C1,0.1951,1.101,0.33833,nɥizibl,nuire,0-1-1,/nui(re)/s.ible,不良；有害,target_content_with_gloss,0.684159,1
10601,raccourcir,raccourcir,VER,C1,0.1951,2.402,1.91672,ʁakuʁsiʁ,court,1-1-1,_ra/cour(t)[c].ir,缩短,target_content_with_gloss,0.684159,1
11549,résurgence,résurgence,NOM,C1,0.1951,0.095,0.04133,ʁezyʁʒɑ̃s,surgir,1-1-1,_ré/surg(ir).ence,中兴；再起,target_content_with_gloss,0.684159,1
12303,strate,strate,NOM,C1,0.1951,0.32,0.06736,stʁat,strate,0-1-0,/strate,地层,target_content_with_gloss,0.684159,1
10194,prose,prose,NOM,B2,3.6434,0.791,0.33527,pʁoz,,0-1-0,/prose,散文；笔调,target_content_with_gloss,0.683893,1
11380,réciproque,réciproque,ADJ,B2,3.6419,3.804,1.63043,ʁesipʁɔk,,0-1-0,/§réciproque§,互相；相互,target_content_with_gloss,0.683878,1
5747,gemme,gemme,NOM,C1,0.1861,0.769,0.10257,ʒɛm,gemme,0-1-1,/gemm(e).e,宝石,target_content_with_gloss,0.683813,1
305,agressivité,agressivité,NOM,C1,0.1842,2.212,0.93386,agʁesivite,agresser,0-1-1,/agressiv(e).ité,霸气,target_content_with_gloss,0.68374,1
2116,cendrier,cendrier,NOM,C1,0.1842,2.658,0.86191,sɑ̃dʁije,cendre,0-1-1,/cendr(e).ier,烟灰缸,target_content_with_gloss,0.68374,1
2206,chaparder,chaparder,VER,C1,0.1842,0.396,0.05358,ʃapaʁde,chapard(er),0-1-1,/chapard(er).er,偷走,target_content_with_gloss,0.68374,1
6780,inhaler,inhaler,VER,C1,0.1842,2.291,0.33221,inale,haleine,1-1-1,_in/hal(eine).er,吸入；吸进,target_content_with_gloss,0.68374,1
12039,soit,soit,ADV,C1,0.1842,5.75,82.55052,swa,être,0-1-0,/soit,算了,target_content_with_gloss,0.68374,1
14224,évocation,évocation,NOM,C1,0.1842,0.285,0.11482,evokasjɔ̃,voix,1-1-1,_é/voc(al).ation,展现,target_content_with_gloss,0.68374,1
1205,baignoire,baignoire,NOM,C1,0.1824,10.402,3.36191,bɛɲwaʁ,bain,0-1-1,/bai[g]n.oire,浴缸,target_content_with_gloss,0.68367,1
5118,farcir,farcir,VER,C1,0.1824,2.449,0.42866,faʁsiʁ,farce,0-1-1,/farc(e).ir,填满,target_content_with_gloss,0.68367,1
10738,rattacher,rattacher,VER,B1,5.2143,2.168,0.25413,ʁataʃe,attacher,1-1-1,_r/attach(er).er,,target_content_high_frequency_missing_gloss,0.683634,0
11353,réalisable,réalisable,ADJ,C1,0.1777,0.516,0.18677,ʁealizabl,réel,0-1-2,/ré(e/a)l.is.able,使得；可以达到,target_content_with_gloss,0.683488,1
11389,récolte,récolte,NOM,B2,3.5462,7.244,2.57348,ʁekɔlt,,0-1-1,/§récolt(e)§.e,作物；农作物,target_content_with_gloss,0.682925,1
7078,ironique,ironique,ADJ,B1,5.1175,6.019,2.53827,iʁonik,ironie,0-1-1,/iron(ie).ique,,target_content_high_frequency_missing_gloss,0.682915,0
12312,strident,strident,ADJ,C1,0.1525,0.658,0.13166,stʁidɑ̃,strident,0-1-1,/strid(ent).ent,刺耳；尖厉,target_content_with_gloss,0.682498,1
1680,bricolage,bricolage,NOM,B1,5.0597,1.275,0.51898,bʁikolaʒ,bricole,0-1-1,/bricol(e).age,,target_content_high_frequency_missing_gloss,0.68248,0
8903,ogre,ogre,NOM,B1,5.0364,2.282,0.40263,ɔgʁ,ogre,0-1-1,/ogre.e,,target_content_high_frequency_missing_gloss,0.682304,0
2450,citrouille,citrouille,NOM,C1,0.1473,4.554,1.10227,sitʁuj,citron,0-1-1,/citr(on).ouille,南瓜；金瓜,target_content_with_gloss,0.682291,1
98,accouchement,accouchement,NOM,C1,0.1431,6.595,2.01929,akuʃəmɑ̃,couche,1-1-1,_a(d)c/couch(e).ement,分娩,target_content_with_gloss,0.682123,1
141,acoustique,acoustique,NOM,C1,0.1431,0.63,0.52817,akustik,acoustique,0-1-1,/acou[s].tique,传音；音响,target_content_with_gloss,0.682123,1
169,additif,additif,NOM,C1,0.1431,0.37,0.10104,aditif,{dit},1-1-1,_ad/{dit}.if,助剂；添加剂,target_content_with_gloss,0.682123,1
220,adultère,adultère,ADJ,C1,0.1431,1.184,1.29669,adyltɛʁ,adultère,0-1-0,/adultèr(e),婚外恋；暗渡陈仓,target_content_with_gloss,0.682123,1
319,agrégat,agrégat,NOM,C1,0.1431,0.104,0.03215,agʁega,agréger,0-1-1,/agrég(er).at,集群,target_content_with_gloss,0.682123,1
355,airbus,airbus,NOM,C1,0.1431,0.009,0.04133,ɛʁbys,air,0-2-0,/air/bus,空中客车,target_content_with_gloss,0.682123,1
382,aldéhyde,aldéhyde,NOM,C1,0.1431,0.032,0.00612,aldeid,alcool,0-1-0,/aldéhyde,醛,target_content_with_gloss,0.682123,1
542,ancrage,ancrage,NOM,C1,0.1431,0.585,0.1929,ɑ̃kʁaʒ,ancre,0-1-1,/ancr(e).age,盯住,target_content_with_gloss,0.682123,1
639,antiviral,antiviral,ADJ,C1,0.1431,0.136,0.08726,ɑ̃tiviʁal,virus,1-1-1,_anti/vir(us).al,抗病毒,target_content_with_gloss,0.682123,1
643,anus,anus,NOM,C1,0.1431,2.247,0.82517,anys,anus,0-1-0,/anus,屁股眼；肛门,target_content_with_gloss,0.682123,1
742,arbitraire,arbitraire,NOM,C1,0.1431,0.095,0.44091,aʁbitʁɛʁ,arbitre,0-1-1,/arbitr(e).aire,专制；擅断,target_content_with_gloss,0.682123,1
770,argile,argile,NOM,C1,0.1431,2.858,0.88181,aʁʒil,argile,0-1-0,/argile,泥土；粘土,target_content_with_gloss,0.682123,1
807,arrière-garde,arrière-garde,NOM,C1,0.1431,0.272,0.09645,aʁjɛʁgaʁd,arrière,0-2-0,/arrière/garde,后卫,target_content_with_gloss,0.682123,1
890,assis,assis,ADJ,C1,0.1431,21.092,23.54103,asi,{seoir},1-1-1,_a(d)/s/{seoir}.is,稳妥,target_content_with_gloss,0.682123,1
959,attaquant,attaquant,ADJ,C1,0.1431,0.259,0.98745,atakɑ̃,attaque,0-1-1,/attaqu(er).ant,攻击者,target_content_with_gloss,0.682123,1
987,attiser,attiser,VER,C1,0.1431,1.316,0.21892,atize,attiser,0-1-1,/attis(er).er,煽,target_content_with_gloss,0.682123,1
1055,authentifier,authentifier,VER,C1,0.1431,1.212,0.20974,otɑ̃tifje,authentique,0-1-2,/authent(ique)/c.ifi.er,验证,target_content_with_gloss,0.682123,1
1060,autobiographie,autobiographie,NOM,C1,0.1431,1.139,0.4256,otobjogʁafi,biographie,1-1-0,_aut(o)/biographie,自传；自述,target_content_with_gloss,0.682123,1
1119,avare,avare,NOM,C1,0.1431,0.494,0.58634,avaʁ,avare,0-1-0,/avare,一钱如命；吝啬,target_content_with_gloss,0.682123,1
1146,avidité,avidité,NOM,C1,0.1431,1.715,0.68279,avidite,avide,0-1-1,/avid(e).ité,贪婪,target_content_with_gloss,0.682123,1
1292,barrette,barrette,NOM,C1,0.1431,1.051,0.22658,baʁɛt,barre,0-1-1,/barr(e).ette,发卡,target_content_with_gloss,0.682123,1
1353,belvédère,belvédère,NOM,C1,0.1431,0.44,0.16993,bɛlvedɛʁ,§belvedere§,0-1-0,/§belvedere§,榭,target_content_with_gloss,0.682123,1
1404,bigarré,bigarré,ADJ,C1,0.1431,0.079,0.01684,bigaʁe,bigarré,0-1-1,/bigarr(er).é,五花八门；斑驳,target_content_with_gloss,0.682123,1
1460,blanchiment,blanchiment,NOM,C1,0.1431,1.87,0.6384,blɑ̃ʃimɑ̃,blanc,0-1-1,/blanchi.ment,漂白,target_content_with_gloss,0.682123,1
1572,bouder,bouder,VER,C1,0.1431,3.699,0.59706,bude,bouder,0-1-1,/boud(er).er,撅嘴；生气,target_content_with_gloss,0.682123,1
1598,bouleau,bouleau,NOM,C1,0.1431,0.585,0.15462,bulo,bouleau,0-1-0,/bouleau,桦,target_content_with_gloss,0.682123,1
1615,bourdonnement,bourdonnement,NOM,C1,0.1431,2.139,0.64758,buʁdɔnəmɑ̃,bourdon,0-1-0,/bourdon[n],嗡嗡,target_content_with_gloss,0.682123,1
1637,bouter,bouter,VER,C1,0.1431,0.259,3.56705,bute,bouter,0-1-1,/bout(er).er,驱逐,target_content_with_gloss,0.682123,1
1649,brailler,brailler,VER,C1,0.1431,2.054,0.41947,bʁaje,brailler,0-1-0,/braill(er),鬼叫,target_content_with_gloss,0.682123,1
1658,branlant,branlant,ADJ,C1,0.1431,0.478,0.15309,bʁɑ̃lɑ̃,branler,0-1-1,/branl(er).ant,松动,target_content_with_gloss,0.682123,1
1661,braqueur,braqueur,NOM,C1,0.1431,2.968,0.44091,bʁakœʁ,braquer,0-1-1,/braqu(er).eur,强盗,target_content_with_gloss,0.682123,1
1663,brasier,brasier,NOM,C1,0.1431,0.715,0.26332,bʁazje,braise,0-1-1,/bra(i)s(e).ier,火光,target_content_with_gloss,0.682123,1
1764,bureaucrate,bureaucrate,NOM,C1,0.1431,1.766,0.43019,byʁokʁat,bure,0-2-0,/bureau/{crate},官僚；官吏,target_content_with_gloss,0.682123,1
1863,calciner,calciner,VER,C1,0.1431,0.383,0.13625,kalsine,chaux,0-1-2,/{calc}.in(er).er,煅成末；煅烧,target_content_with_gloss,0.682123,1
1868,cale,cale,NOM,C1,0.1431,2.978,1.10992,kal,cale,0-1-0,/cale,楔子,target_content_with_gloss,0.682123,1
2264,chauve-souris,chauve-souris,NOM,C1,0.1431,5.899,1.07165,ʃovsuʁi,chauve,0-2-0,/chauve/souris,翼手目；蝙蝠,target_content_with_gloss,0.682123,1
2455,civiliser,civiliser,VER,C1,0.1431,1.775,1.03644,sivilize,civil,0-1-2,/civil.is.er,教化,target_content_with_gloss,0.682123,1
2470,claquement,claquement,NOM,C1,0.1431,2.589,0.77771,klakəmɑ̃,clac,0-1-1,/claqu(er).ement,咔嚓；砰砰,target_content_with_gloss,0.682123,1
2480,classiquement,classiquement,ADV,C1,0.1431,0.06,0.02909,klasikəmɑ̃,classe,0-1-2,/class(e).ique.ment,照例,target_content_with_gloss,0.682123,1
2522,cloisonner,cloisonner,VER,C1,0.1431,0.142,0.02603,klwazone,cloison,0-1-1,/cloison[n].er,隔开,target_content_with_gloss,0.682123,1
2524,clone,clone,NOM,C1,0.1431,5.383,0.69351,klon,clone,0-1-1,/clon(e).e,克隆,target_content_with_gloss,0.682123,1
2534,clémence,clémence,NOM,C1,0.1431,2.551,0.98898,klemɑ̃s,clément,0-1-1,/clémen(t).ce,宽大；宽恕,target_content_with_gloss,0.682123,1
2539,coaguler,coaguler,VER,C1,0.1431,1.073,0.14697,koagyle,coaguler,0-1-1,/coagul(er).er,凝结,target_content_with_gloss,0.682123,1
2598,collecte,collecte,NOM,C1,0.1431,6.19,2.55205,kolɛkt,collecte,0-1-1,/collect(e).e,僎,target_content_with_gloss,0.682123,1
2674,commercialisation,commercialisation,NOM,C1,0.1431,0.196,0.08114,komɛʁsjalizasjɔ̃,commerce,0-1-1,/commercialis(er).ation,商业化；市场推广,target_content_with_gloss,0.682123,1
2722,compatibilité,compatibilité,NOM,C1,0.1431,0.965,0.33833,kɔ̃patibilite,compatible,0-1-1,/compat(ible).ibilité,兼容性,target_content_with_gloss,0.682123,1
2803,concavité,concavité,NOM,C1,0.1431,0.019,0.00765,kɔ̃kavite,cavité,1-1-1,_con/cav(e).ité,凹凸性,target_content_with_gloss,0.682123,1
2845,concurrent,concurrent,ADJ,C1,0.1431,1.788,1.36405,kɔ̃kyʁɑ̃,courir,1-1-1,_con/{curr(ent)}.ent,参赛者；对手,target_content_with_gloss,0.682123,1
2852,conditionnel,conditionnel,ADJ,C1,0.1431,7.937,2.2673,kɔ̃disjɔnɛl,condition,0-1-1,/condition[n].el,有条件,target_content_with_gloss,0.682123,1
2876,confinement,confinement,NOM,C1,0.1431,2.614,0.75781,kɔ̃finəmɑ̃,fin,1-1-1,_con/fin.ement,樊笼,target_content_with_gloss,0.682123,1
2941,conscient,conscient,NOM,C1,0.1431,0.829,5.0444,kɔ̃sjɑ̃,science,1-1-1,_con/scien(ce).t,有意识；睡醒,target_content_with_gloss,0.682123,1
3021,contemplation,contemplation,NOM,C1,0.1431,0.354,0.13778,kɔ̃tɑ̃plasjɔ̃,contempler,0-1-1,/contempl(er).ation,凝视；静修,target_content_with_gloss,0.682123,1
3139,coopérer,coopérer,VER,C1,0.1431,16.184,3.18585,koopeʁe,opérer,1-1-1,_co/opér(er).er,协力；合作,target_content_with_gloss,0.682123,1
3154,coquetterie,coquetterie,NOM,C1,0.1431,0.234,0.09492,kokɛtəʁi,coq,0-1-2,/coq(u].ette.erie,风情,target_content_with_gloss,0.682123,1
3202,cosmétique,cosmétique,ADJ,C1,0.1431,0.541,0.39498,kɔsmetik,cosmétique,0-1-1,/cosmét(ique).ique,化妆品；美容,target_content_with_gloss,0.682123,1
3203,cossu,cossu,ADJ,C1,0.1431,0.158,0.03827,kosy,cosse,0-1-1,/coss(e).u,富足,target_content_with_gloss,0.682123,1
3260,courbe,courbe,ADJ,C1,0.1431,0.785,1.13288,kuʁb,courber,0-1-1,/courb(er).e,弧形；曲线,target_content_with_gloss,0.682123,1
3282,courtoisie,courtoisie,NOM,C1,0.1431,5.193,2.19841,kuʁtwazi,cour,0-1-2,/cour[t].ois.ie,礼节；礼貌,target_content_with_gloss,0.682123,1
3425,crémation,crémation,NOM,C1,0.1431,0.848,0.28475,kʁemasjɔ̃,crematorium,0-1-1,/crém(atorium).ation,火化,target_content_with_gloss,0.682123,1
3499,cygne,cygne,NOM,C1,0.1431,3.915,0.70882,siɲ,cygne,0-1-0,/cygne,天鹅,target_content_with_gloss,0.682123,1
3525,céramique,céramique,NOM,C1,0.1431,1.203,0.42713,seʁamik,céramique,0-1-1,/céram(ique).ique,陶瓷,target_content_with_gloss,0.682123,1
3765,discipliner,discipliner,VER,C1,0.1431,1.047,3.13993,disipline,disciple,0-1-1,/discipl(e).er,调理,target_content_with_gloss,0.682123,1
3836,diurne,diurne,ADJ,C1,0.1431,0.184,0.04899,djyʁn,diurne,0-1-1,/diurn(e).e,周日；白日,target_content_with_gloss,0.682123,1
4004,dysenterie,dysenterie,NOM,C1,0.1431,0.579,0.21892,disɑ̃təʁi,dysenterie,0-1-1,/dysenter(ie).ie,泻；疶,target_content_with_gloss,0.682123,1
4087,décodeur,décodeur,NOM,C1,0.1431,0.728,0.17146,dekodœʁ,code,1-1-1,_dé/cod(e).eur,解码器,target_content_with_gloss,0.682123,1
4313,dépister,dépister,VER,C1,0.1431,0.557,0.13472,depiste,piste,1-1-1,_dé/pist(e).er,查获；清查,target_content_with_gloss,0.682123,1
4434,détecteur,détecteur,NOM,C1,0.1431,12.785,2.40355,detɛktœʁ,§detect§,0-1-1,/§detect§.eur,报警器；探测器,target_content_with_gloss,0.682123,1
4440,détenteur,détenteur,NOM,C1,0.1431,0.858,0.2526,detɑ̃tœʁ,tenir,1-1-1,_dé/ten(ir)[t].eur,持有人；持有者,target_content_with_gloss,0.682123,1
4629,encourageant,encourageant,ADJ,C1,0.1431,2.225,0.88794,ɑ̃kuʁaʒɑ̃,courage,1-1-1,_en/courage.ant,可喜,target_content_with_gloss,0.682123,1
4680,enjoindre,enjoindre,VER,C1,0.1431,0.396,0.08726,ɑ̃ʒwɛ̃dʁ,joind(re),1-1-1,_en/joind(re).re,吩咐,target_content_with_gloss,0.682123,1
4686,enneigement,enneigement,NOM,C1,0.1431,0.009,0.00306,ɑ̃nɛʒəmɑ̃,neige,1-1-1,_en/neig(e).ement,积雪,target_content_with_gloss,0.682123,1
4752,entrecroiser,entrecroiser,VER,C1,0.1431,0.285,0.04133,ɑ̃tʁəkʁwaze,croix,1-1-1,_entre/croi(x)/s.er,交错,target_content_with_gloss,0.682123,1
4776,envergure,envergure,NOM,C1,0.1431,2.057,0.89253,ɑ̃vɛʁgyʁ,vergue,1-1-1,_en/verg(ue).ure,声势；展翅,target_content_with_gloss,0.682123,1
4813,escompter,escompter,VER,C1,0.1431,0.646,0.1286,ɛskɔ̃te,compter,1-1-1,_es/compt(er).er,指望；预期,target_content_with_gloss,0.682123,1
4847,essorer,essorer,VER,C1,0.1431,0.399,0.07195,esoʁe,essorer,0-1-1,/essor(er).er,拧,target_content_with_gloss,0.682123,1
4911,excitant,excitant,ADJ,C1,0.1431,19.37,7.21372,ɛksitɑ̃,exciter,0-1-0,/excit(er),刺激性；鸡冻,target_content_with_gloss,0.682123,1
5018,extirper,extirper,VER,C1,0.1431,1.563,0.4057,ɛkstiʁpe,extirper,0-1-1,/extirp(er).er,扫荡；根除,target_content_with_gloss,0.682123,1
5184,fermentation,fermentation,NOM,C1,0.1431,0.354,0.10563,fɛʁmɑ̃tasjɔ̃,ferment,0-1-1,/ferment.ation,发酵,target_content_with_gloss,0.682123,1
5244,filage,filage,NOM,C1,0.1431,0.114,0.03827,filaʒ,fil,0-1-1,/fil.age,纺丝,target_content_with_gloss,0.682123,1
5285,firmament,firmament,NOM,C1,0.1431,0.744,0.2771,fiʁmamɑ̃,firmament,0-1-0,/firmament,苍天；苍穹,target_content_with_gloss,0.682123,1
5338,fluide,fluide,NOM,C1,0.1431,4.766,1.37324,flɥid,flux,0-1-1,/flu(x).ide,流体；流利,target_content_with_gloss,0.682123,1
5507,fraude,fraude,NOM,C1,0.1431,9.263,2.85364,fʁod,fraude,0-1-1,/fraud(e).e,诈骗；骗术,target_content_with_gloss,0.682123,1
5636,féerique,féerique,ADJ,C1,0.1431,0.446,0.15769,feʁik,fée,0-1-1,/fé(e).erique,绮丽,target_content_with_gloss,0.682123,1
5673,galant,galant,NOM,C1,0.1431,0.655,1.28751,galɑ̃,galant,0-1-0,/galant,温存,target_content_with_gloss,0.682123,1
5742,geindre,geindre,VER,C1,0.1431,0.642,0.51592,ʒɛ̃dʁ,geindre,0-1-1,/geind(re).re,哀怨,target_content_with_gloss,0.682123,1
5876,gratification,gratification,NOM,C1,0.1431,0.228,0.09186,gʁatifikasjɔ̃,grâce,0-1-2,/grâ(ce)/t.ific.ation,奖金；赏金,target_content_with_gloss,0.682123,1
5886,gravats,gravats,NOM,C1,0.1431,0.411,0.17606,gʁava,gravier,0-1-1,/grav(ier).ats,乱石,target_content_with_gloss,0.682123,1
5910,griffer,griffer,VER,C1,0.1431,2.759,2.29792,gʁife,griffe,0-1-1,/griff(e).er,抓,target_content_with_gloss,0.682123,1
5960,grégaire,grégaire,ADJ,C1,0.1431,0.085,0.03215,gʁegɛʁ,agréger,0-1-1,/(a)grég(er).aire,喜群游,target_content_with_gloss,0.682123,1
6072,haineux,haineux,ADJ,C1,0.1431,2.184,0.66901,ɛnø,haïr,0-1-1,/hain(e).eux,反星族,target_content_with_gloss,0.682123,1
6254,huileux,huileux,ADJ,C1,0.1431,0.5,0.11788,ɥilø,huile,0-1-1,/huil(e).eux,油乎乎；油光,target_content_with_gloss,0.682123,1
6288,hybride,hybride,ADJ,C1,0.1431,1.867,0.89559,ibʁid,hybride,0-1-1,/hybrid(e).e,杂种；混血,target_content_with_gloss,0.682123,1
6395,illustré,illustré,ADJ,C1,0.1431,0.44,0.20208,ilystʁe,lustre,1-1-1,_i(n)/l/lustr(e).é,图文并茂,target_content_with_gloss,0.682123,1
6407,imbattable,imbattable,ADJ,C1,0.1431,1.87,0.62309,ɛ̃batabl,battre,1-1-1,_i(n)/m/batt(re).able,不敌,target_content_with_gloss,0.682123,1
6417,immatriculer,immatriculer,VER,C1,0.1431,0.997,0.421,imatʁikyle,matricule,1-1-1,_i(n)/m/matricul(e).er,注册,target_content_with_gloss,0.682123,1
6518,imprévisible,imprévisible,ADJ,C1,0.1431,6.047,2.00398,ɛ̃pʁevizibl,voir,2-1-1,_i(n)/m_pré/vis(ible).ible,谁知,target_content_with_gloss,0.682123,1
6582,incliné,incliné,ADJ,C1,0.1431,0.294,0.20667,ɛ̃kline,{cliner},1-1-1,_in/{clin(er)}.é,仄；伛,target_content_with_gloss,0.682123,1
6680,indulgence,indulgence,NOM,C1,0.1431,1.706,0.68585,ɛ̃dylʒɑ̃s,indulgent,0-1-1,/indulg(ent).ence,裕度,target_content_with_gloss,0.682123,1
6703,inertie,inertie,NOM,C1,0.1431,0.772,0.3169,inɛʁsi,inerte,0-1-1,/inert(e).ie,响应时间；惯性,target_content_with_gloss,0.682123,1
6764,infuser,infuser,VER,C1,0.1431,0.642,0.11176,ɛ̃fyze,fuser,1-1-1,_in/fus(er).er,灌输,target_content_with_gloss,0.682123,1
6809,innocence,innocence,NOM,C1,0.1431,9.329,3.37875,inosɑ̃s,innocent,0-2-0,/innoce(nt)/m/ence,无辜,target_content_with_gloss,0.682123,1
6817,inoffensif,inoffensif,ADJ,C1,0.1431,7.187,1.86007,inofɑ̃sif,offense,1-1-1,_in/offens(e).if,无毒,target_content_with_gloss,0.682123,1
6838,insensé,insensé,ADJ,C1,0.1431,11.288,3.96663,ɛ̃sɑ̃se,sens,1-1-1,_in/sens.é,呆傻,target_content_with_gloss,0.682123,1
6968,interrupteur,interrupteur,NOM,C1,0.1431,3.839,1.24617,ɛ̃tɛʁyptœʁ,rompre,1-1-1,_inter/{rupt}.eur,开关；电闸,target_content_with_gloss,0.682123,1
7000,introverti,introverti,ADJ,C1,0.1431,0.38,0.14544,ɛ̃tʁovɛʁti,vers,1-1-1,_intro/ver(s)/t.i,内向；内敛,target_content_with_gloss,0.682123,1
7008,intégralement,intégralement,ADV,C1,0.1431,0.532,0.25107,ɛ̃tegʁaləmɑ̃,intègre/entier??,0-1-2,/intégr(al).ale.ment,不折不扣,target_content_with_gloss,0.682123,1
7202,journalier,journalier,ADJ,C1,0.1431,0.994,0.1883,ʒuʁnalje,jour,0-1-2,/jour[n].al.ier,散工；每一天,target_content_with_gloss,0.682123,1
7225,juif,juif,NOM,C1,0.1431,22.699,3.60686,ʒɥif,juif,0-1-0,/juif,犹太；犹太人,target_content_with_gloss,0.682123,1
7358,lassitude,lassitude,NOM,C1,0.1431,0.323,0.14544,lasityd,las,0-1-1,/las[s].itude,疲乏；疲劳,target_content_with_gloss,0.682123,1
7359,latex,latex,NOM,C1,0.1431,1.693,0.55113,latɛks,latex,0-1-0,/latex,乳胶,target_content_with_gloss,0.682123,1
7449,lingerie,lingerie,NOM,C1,0.1431,3.402,1.21096,lɛ̃ʒəʁi,linge,0-1-1,/ling(e).erie,亵服,target_content_with_gloss,0.682123,1
7461,liquéfier,liquéfier,VER,C1,0.1431,0.797,0.09032,likefje,liquide,0-1-2,/liqu(ide).éfi.er,液化,target_content_with_gloss,0.682123,1
7499,localisation,localisation,NOM,C1,0.1431,6.165,2.30404,lokalizasjɔ̃,local,0-1-2,/local.is.ation,国产化；外景,target_content_with_gloss,0.682123,1
7551,lotion,lotion,NOM,C1,0.1431,2.256,0.69198,losjɔ̃,lotion,0-1-0,/lotion,乳液；化妆水,target_content_with_gloss,0.682123,1
7572,lubrifiant,lubrifiant,NOM,C1,0.1431,1.63,0.59553,lybʁifjɑ̃,{lubr},0-1-2,/{lubr}.ifi.ant,机油；润滑剂,target_content_with_gloss,0.682123,1
8120,miniature,miniature,NOM,C1,0.1431,2.661,0.70423,minjatyʁ,miniature,0-1-1,/miniatur(e).ature,微型；缩影,target_content_with_gloss,0.682123,1
8124,minimiser,minimiser,VER,C1,0.1431,2.275,0.60318,minimize,minime,0-1-2,/minim(e).is.er,最小化,target_content_with_gloss,0.682123,1
8202,moelle,moelle,NOM,C1,0.1431,5.247,1.60288,mwal,moelle,0-1-1,/moell(e).e,精髓,target_content_with_gloss,0.682123,1
8318,moteur,moteur,ADJ,C1,0.1431,4.848,8.1139,motœʁ,{mot},0-1-0,/{mot},发动机；引擎,target_content_with_gloss,0.682123,1
8333,mouillage,mouillage,NOM,C1,0.1431,0.174,0.07502,mujaʒ,mou,0-1-2,/mou.ill.age,浸润,target_content_with_gloss,0.682123,1
8415,muter,muter,VER,C1,0.1431,5.206,1.00735,myte,muter,0-1-1,/mut(er).er,调动,target_content_with_gloss,0.682123,1
8483,méditation,méditation,NOM,C1,0.1431,2.886,0.9951,meditasjɔ̃,méditer,0-1-1,/médit(er).ation,冥想；静修,target_content_with_gloss,0.682123,1
8556,mûr,mûr,ADJ,C1,0.1431,7.066,1.28751,myʁ,mûrir,0-1-0,/mûr(ir),成熟,target_content_with_gloss,0.682123,1
8649,niais,niais,ADJ,C1,0.1431,1.0,0.43172,njɛ,niais,0-1-0,/niais,天真犯傻的，傻乎乎的,target_content_with_gloss,0.682123,1
8651,nicher,nicher,VER,C1,0.1431,0.997,2.87661,niʃe,nicher,0-1-1,/nich(er).er,栖身,target_content_with_gloss,0.682123,1
8726,notifier,notifier,VER,C1,0.1431,0.994,0.17759,notifje,noter,0-1-2,/not(er).ifi.er,告知；知会,target_content_with_gloss,0.682123,1
8886,odorant,odorant,ADJ,C1,0.1431,0.5,0.07042,odoʁɑ̃,odeur,0-1-1,/od(eu/o)r.ant,芬芳；香的,target_content_with_gloss,0.682123,1
8910,oisiveté,oisiveté,NOM,C1,0.1431,0.424,0.18524,wazivəte,{ois},0-1-2,/{ois}.té,清闲,target_content_with_gloss,0.682123,1
8926,omettre,omettre,VER,C1,0.1431,3.161,0.9752,omɛtʁ,mettre,1-1-0,_o(b)/mettre,漏掉；省去,target_content_with_gloss,0.682123,1
8995,oreillette,oreillette,NOM,C1,0.1431,1.953,0.50367,oʁɛjɛt,oreille,0-1-1,/oreill(e).ette,心房,target_content_with_gloss,0.682123,1
9012,oriental,oriental,NOM,C1,0.1431,0.674,0.58175,oʁjɑ̃tal,orient,0-1-1,/orient.al,东方；东方人,target_content_with_gloss,0.682123,1
9203,parchemin,parchemin,NOM,C1,0.1431,2.608,0.41641,paʁʃəmɛ̃,parchemin,0-1-0,/parchemin,文稿,target_content_with_gloss,0.682123,1
9575,picotement,picotement,NOM,C1,0.1431,0.962,0.21892,pikɔtəmɑ̃,pic,0-1-2,/pic.ement,麻,target_content_with_gloss,0.682123,1
9578,pie,pie,ADJ,C1,0.1431,1.503,0.79455,pi,pie,0-1-0,/pie,骐；鹊,target_content_with_gloss,0.682123,1
9728,plumer,plumer,VER,C1,0.1431,2.566,2.19688,plyme,plume,0-1-1,/plum(e).er,脧,target_content_with_gloss,0.682123,1
9863,pore,pore,NOM,C1,0.1431,1.149,0.42713,pɔʁ,pore,0-1-0,/por(e),毛孔,target_content_with_gloss,0.682123,1
9947,poupe,poupe,NOM,C1,0.1431,1.028,0.41182,pup,poupée,0-1-0,/poup(ée),尾；舳,target_content_with_gloss,0.682123,1
10028,primitif,primitif,NOM,C1,0.1431,0.636,0.96601,pʁimitif,prime,0-1-1,/prim(e).itif,原始；原来,target_content_with_gloss,0.682123,1
10044,pris,pris,ADJ,C1,0.1431,11.225,75.24801,pʁi,prendre,0-1-1,/pr(endre).is,抓到,target_content_with_gloss,0.682123,1
10060,probabilité,probabilité,NOM,C1,0.1431,5.478,1.31047,pʁobabilite,probable,0-1-2,/prob(able).ab[i]l(e).ité,几率；可能性,target_content_with_gloss,0.682123,1
10283,prédateur,prédateur,ADJ,C1,0.1431,0.956,1.23699,pʁedatœʁ,prédateur(proie),0-1-1,/§préd(ateur)§.ateur,天敌,target_content_with_gloss,0.682123,1
10427,pulvériser,pulvériser,VER,C1,0.1431,3.367,0.43325,pylveʁize,pulvériser,0-0-2,.is.er,喷射；喷洒,target_content_with_gloss,0.682123,1
10503,périr,périr,VER,C1,0.1431,6.326,0.98438,peʁiʁ,périr,0-1-0,/pér(ir),殒；泯,target_content_with_gloss,0.682123,1
10638,raffiné,raffiné,ADJ,C1,0.1431,3.146,0.86344,ʁafine,fin,1-1-1,_ra[f]/fin.é,儒雅；典雅,target_content_with_gloss,0.682123,1
10674,rameau,rameau,NOM,C1,0.1431,0.709,0.16993,ʁamo,rame,0-1-1,/ram(e).eau,派系,target_content_with_gloss,0.682123,1
10682,rampant,rampant,NOM,C1,0.1431,0.532,0.77465,ʁɑ̃pɑ̃,ramper,0-1-1,/ramp(er).ant,低三下四；屁颠屁颠,target_content_with_gloss,0.682123,1
10765,rebeller,rebeller,VER,C1,0.1431,3.285,2.56277,ʁəbɛle,rebelle,0-1-1,/rebell(er).er,造反,target_content_with_gloss,0.682123,1
10803,reconquérir,reconquérir,VER,C1,0.1431,1.804,0.67361,ʁəkɔ̃keʁiʁ,quête,2-1-0,_re_con/quér(ir),夺回,target_content_with_gloss,0.682123,1
10904,relent,relent,NOM,C1,0.1431,0.358,0.1041,ʁəlɑ̃,relent,0-1-0,/relent,臭味,target_content_with_gloss,0.682123,1
11184,rincer,rincer,VER,C1,0.1431,3.525,0.73178,ʁɛ̃se,rincer,0-1-1,/rinc(er).er,冲洗；清洗,target_content_with_gloss,0.682123,1
11186,riposte,riposte,NOM,C1,0.1431,1.187,0.71647,ʁipɔst,riposte,0-1-1,/ripost(e).e,回击,target_content_with_gloss,0.682123,1
11460,réhabiliter,réhabiliter,VER,C1,0.1431,1.259,0.26791,ʁeabilite,habiliter,1-1-1,_ré/habilit(er).er,平反；起用,target_content_with_gloss,0.682123,1
11473,rémanence,rémanence,NOM,C1,0.1431,0.044,0.01378,ʁemanɑ̃s,{man},1-1-1,_re/{man(ent}.ence,余晖,target_content_with_gloss,0.682123,1
11724,saturer,saturer,VER,C1,0.1431,1.484,0.28016,satyʁe,saturer,0-1-1,/satur(er).er,浸湿,target_content_with_gloss,0.682123,1
11831,seizième,seizième,NOM,C1,0.1431,0.161,0.14085,sɛzjɛm,seize,0-1-1,/seiz(e).ième,第七十；第十六,target_content_with_gloss,0.682123,1
11859,sensitif,sensitif,ADJ,C1,0.1431,0.247,0.03674,sɑ̃sitif,sens,0-1-1,/sens.itif,含羞草,target_content_with_gloss,0.682123,1
11863,sente,sente,NOM,C1,0.1431,0.174,2.74036,sɑ̃t,sente,0-1-1,/sent(e).e,小径,target_content_with_gloss,0.682123,1
12019,socio-économique,socio-économique,ADJ,C1,0.1431,0.234,0.0643,sosjoekonomik,économie,1-1-1,_socio/économ(ie).ique,社会经济,target_content_with_gloss,0.682123,1
12057,solidifier,solidifier,VER,C1,0.1431,0.462,0.08267,solidifje,solide,0-1-2,/solid(e).ifi.er,固化,target_content_with_gloss,0.682123,1
12099,sordide,sordide,ADJ,C1,0.1431,3.997,1.29976,sɔʁdid,sordide,0-1-0,/sordide,卑鄙；污糟,target_content_with_gloss,0.682123,1
12169,sous-ensemble,sous-ensemble,NOM,C1,0.1431,0.104,0.03215,suzɑ̃sɑ̃bl,ensemble,1-1-0,_sous/ensemble,一部分,target_content_with_gloss,0.682123,1
12253,stabiliser,stabiliser,VER,C1,0.1431,6.715,1.13748,stabilize,{stat},0-1-3,/{st(at)}.ab[i]l(e).is.er,安定；稳住,target_content_with_gloss,0.682123,1
12260,stagnant,stagnant,ADJ,C1,0.1431,0.266,0.07195,stagnɑ̃,stagner,0-1-1,/stagn(er).ant,停滞不前,target_content_with_gloss,0.682123,1
12351,subsistance,subsistance,NOM,C1,0.1431,0.446,0.18524,sybzistɑ̃s,{sist},1-1-1,_sub/{sist}.ance,生计,target_content_with_gloss,0.682123,1
12454,surcharge,surcharge,NOM,C1,0.1431,2.006,0.80374,syʁʃaʁʒ,charge,1-1-0,_sur/charge,超载；过多,target_content_with_gloss,0.682123,1
12657,talentueux,talentueux,ADJ,C1,0.1431,7.405,1.94581,talɑ̃tɥø,talent,0-1-1,/talent[u].eux,有才华；油菜,target_content_with_gloss,0.682123,1
12756,tentacule,tentacule,NOM,C1,0.1431,1.519,0.38885,tɑ̃takyl,tentacule,0-1-1,/tentacul(e).e,触手；触腕,target_content_with_gloss,0.682123,1
12837,tige,tige,NOM,C1,0.1431,3.139,0.75015,tiʒ,tige,0-1-0,/tige,本；柄,target_content_with_gloss,0.682123,1
12991,traducteur,traducteur,NOM,C1,0.1431,2.984,0.66442,tʁadyktœʁ,{duire},1-1-1,_tra(ns)/[duct}.teur,翻译；译者,target_content_with_gloss,0.682123,1
13059,transposer,transposer,VER,C1,0.1431,0.434,0.06736,tʁɑ̃spoze,poser,1-1-1,_trans/pos(er).er,移动；移调,target_content_with_gloss,0.682123,1
13203,tumeur,tumeur,NOM,C1,0.1431,13.491,2.25658,tymœʁ,tumeur,0-1-1,/tum(eur).eur,肿瘤,target_content_with_gloss,0.682123,1
13209,turbulence,turbulence,NOM,C1,0.1431,2.098,0.56338,tyʁbylɑ̃s,turbulent,0-1-1,/turbul(ent).ence,气流,target_content_with_gloss,0.682123,1
13330,usurpation,usurpation,NOM,C1,0.1431,0.592,0.25566,yzyʁpasjɔ̃,usurper,0-1-1,/usurp(er).ation,越权,target_content_with_gloss,0.682123,1
13335,utilisable,utilisable,ADJ,C1,0.1431,1.247,0.41182,ytilizabl,utile,0-1-2,/util(e).is.able,中用；使得,target_content_with_gloss,0.682123,1
13397,vaporiser,vaporiser,VER,C1,0.1431,1.962,0.24954,vapoʁize,vapeur,0-1-2,/vap(eu/o)r.is.er,喷射；喷洒,target_content_with_gloss,0.682123,1
13401,variabilité,variabilité,NOM,C1,0.1431,0.054,0.02296,vaʁjabilite,varier,0-1-2,/vari(er).ab[i]l(e).ité,多变,target_content_with_gloss,0.682123,1
13490,vertèbre,vertèbre,NOM,C1,0.1431,2.259,0.49602,vɛʁtɛbʁ,vertèbre,0-1-1,/vertèbr(e).e,脊椎,target_content_with_gloss,0.682123,1
13715,vécu,vécu,ADJ,C1,0.1431,0.867,17.93478,veky,vivre,0-1-1,/v(ivre).écu,经历,target_content_with_gloss,0.682123,1
13799,écarlate,écarlate,ADJ,C1,0.1431,0.915,0.33374,ekaʁlat,écarlate,0-1-0,/écarlate,绯红；鲜红,target_content_with_gloss,0.682123,1
13808,échappement,échappement,NOM,C1,0.1431,1.949,0.69657,eʃapəmɑ̃,chappe,1-1-1,_é/chapp(e).ement,用尽,target_content_with_gloss,0.682123,1
13928,élasticité,élasticité,NOM,C1,0.1431,0.358,0.16228,elastisite,élastique,0-1-1,/élasti(que)/c.ité,弹力；弹性,target_content_with_gloss,0.682123,1
13982,émanciper,émanciper,VER,C1,0.1431,0.782,0.11482,emɑ̃sipe,émanciper,0-1-1,/émancip(er).er,翻身,target_content_with_gloss,0.682123,1
14117,érotisme,érotisme,NOM,C1,0.1431,0.646,0.25413,eʁotizm,Eros,0-1-1,/Ero(s)/t.isme,性感；情色,target_content_with_gloss,0.682123,1
14144,éthanol,éthanol,NOM,C1,0.1431,0.636,0.18218,etanɔl,éther,0-1-2,/éth(er).an(e).ol,乙醇,target_content_with_gloss,0.682123,1
14166,étourdissant,étourdissant,ADJ,C1,0.1431,0.272,0.06736,etuʁdisɑ̃,étourdir,0-1-2,/étourd(ir).iss.ant,绝色,target_content_with_gloss,0.682123,1
14202,évaporation,évaporation,NOM,C1,0.1431,0.288,0.10257,evapoʁasjɔ̃,vapeur,1-1-1,_é/vap(eu)/or.ation,气化；蒸发,target_content_with_gloss,0.682123,1
14203,évaporer,évaporer,VER,C1,0.1431,2.383,0.32456,evapoʁe,vapeur,1-1-1,_é/vap(eu)/or.er,挥发；破灭,target_content_with_gloss,0.682123,1
7160,jetable,jetable,ADJ,C1,0.1416,2.522,0.66748,ʒətabl,jeter,0-1-1,/jet(er).able,一次性,target_content_with_gloss,0.682063,1
13277,ulcère,ulcère,NOM,C1,0.1416,2.848,0.71035,ylsɛʁ,ulcère,0-1-1,/ulcèr(e).e,溃疡,target_content_with_gloss,0.682063,1
11310,ruelle,ruelle,NOM,B2,3.4598,6.829,1.93356,ʁɥɛl,,0-1-1,/ru(e).elle,小巷；巷子,target_content_with_gloss,0.682046,1
8953,optimiste,optimiste,ADJ,B2,3.4554,5.639,2.49694,ɔptimist,,0-1-1,/§optim(us)§.iste,乐观；看好,target_content_with_gloss,0.682001,1
8561,nain,nain,NOM,C1,0.1379,8.797,1.62125,nɛ̃,nain,0-1-0,/nain,侏儒；矮人,target_content_with_gloss,0.681914,1
2345,chouette,chouette,NOM,C1,0.1357,3.354,8.6038,ʃwɛt,chouette,0-1-0,/chouette,鵩,target_content_with_gloss,0.681826,1
5401,forge,forge,NOM,C1,0.1357,3.003,0.82058,fɔʁʒ,forger,0-1-1,/forg(er).e,熔炉,target_content_with_gloss,0.681826,1
10597,rabot,rabot,NOM,C1,0.1357,0.028,0.01072,ʁabo,rabot,0-1-0,/rabot,刨,target_content_with_gloss,0.681826,1
1676,breton,breton,ADJ,B1,4.9731,0.576,0.14085,bʁətɔ̃,Bretagne,0-1-1,/Bret(agne).on,,target_content_high_frequency_missing_gloss,0.681822,0
11245,ronde,ronde,NOM,B1,4.9515,1.174,2.94091,ʁɔ̃d,rond,0-1-1,/rond.e,,target_content_high_frequency_missing_gloss,0.681656,0
2741,complimenter,complimenter,VER,C1,0.1315,2.345,0.38885,kɔ̃plimɑ̃te,compliment,0-1-1,/compliment.er,恭维；称赞,target_content_with_gloss,0.681656,1
4966,expiration,expiration,NOM,C1,0.1315,1.475,0.58175,ɛkspiʁasjɔ̃,{spir},1-1-1,_ex/{(s)pir(er)}.ation,届满,target_content_with_gloss,0.681656,1
5640,féminisation,féminisation,NOM,C1,0.1315,0.028,0.01225,feminizasjɔ̃,femme,0-1-2,/féminin.is.ation,女性化,target_content_with_gloss,0.681656,1
6850,insomnie,insomnie,NOM,C1,0.1315,2.614,0.69504,ɛ̃sɔmni,{somni},1-1-1,_in/{somni}.ie,失眠,target_content_with_gloss,0.681656,1
6984,intitulé,intitulé,NOM,C1,0.1315,0.554,0.77312,ɛ̃tityle,titulaire(/titre),1-1-1,_in/titul(aire).é,头衔,target_content_with_gloss,0.681656,1
10333,présentement,présentement,ADV,C1,0.1315,1.304,0.4654,pʁezɑ̃təmɑ̃,présenter,0-1-1,/présente.ment,现在,target_content_with_gloss,0.681656,1
10837,redevance,redevance,NOM,C1,0.1315,0.367,0.08879,ʁədəvɑ̃s,devoir,1-1-1,_re/dev(oir).ance,版税,target_content_with_gloss,0.681656,1
11452,régulation,régulation,NOM,C1,0.1315,0.785,0.26638,ʁegylasjɔ̃,règle,0-1-1,/règ[u]l(e).ation,管理,target_content_with_gloss,0.681656,1
12083,sonde,sonde,NOM,C1,0.1315,6.5,1.50337,sɔ̃d,sonde,0-1-1,/sond(e).e,探子；探测器,target_content_with_gloss,0.681656,1
12769,terminaison,terminaison,NOM,C1,0.1315,0.358,0.12554,tɛʁminɛzɔ̃,terme,0-1-2,/term(e).in.aison,结尾,target_content_with_gloss,0.681656,1
12856,tireur,tireur,NOM,C1,0.1315,23.171,4.44581,tiʁœʁ,tirer,0-1-1,/tir(er).eur,枪手,target_content_with_gloss,0.681656,1
13454,vergogne,vergogne,NOM,C1,0.1315,0.532,0.22352,vɛʁgɔɲ,vergogne,0-1-0,/vergogne,羞耻,target_content_with_gloss,0.681656,1
212,adoucir,adoucir,VER,C1,0.1304,2.753,0.55573,adusiʁ,doux,1-1-1,_a(d)/dou(x)/c.ir,缓和；缓解,target_content_with_gloss,0.681611,1
3166,cormoran,cormoran,NOM,C1,0.1304,0.206,0.03368,kɔʁmoʁɑ̃,cormoran,0-1-0,/cormoran,鸬,target_content_with_gloss,0.681611,1
3393,croyant,croyant,NOM,C1,0.1304,2.696,2.39437,kʁwajɑ̃,croire,0-1-1,/croi(re)/y.ant,教徒,target_content_with_gloss,0.681611,1
3504,cyprès,cyprès,NOM,C1,0.1304,0.358,0.12707,sipʁɛ,cyprès,0-1-0,/cyprès,柏；桧,target_content_with_gloss,0.681611,1
4389,désertique,désertique,ADJ,C1,0.1304,0.456,0.15922,dezɛʁtik,désert,0-1-1,/désert.ique,惸,target_content_with_gloss,0.681611,1
5660,gaffe,gaffe,NOM,C1,0.1304,24.209,8.6436,gaf,gaffe,0-1-1,/gaff(e).e,大错；挠钩,target_content_with_gloss,0.681611,1
5808,gnome,gnome,NOM,C1,0.1304,1.256,0.22352,gnom,gnome,0-1-0,/gnome,地精,target_content_with_gloss,0.681611,1
5991,guérison,guérison,NOM,C1,0.1304,7.231,2.7128,geʁizɔ̃,guérir,0-1-1,/guér(ir).ison,治好；治愈,target_content_with_gloss,0.681611,1
6913,intendant,intendant,NOM,C1,0.1304,2.383,0.4256,ɛ̃tɑ̃dɑ̃,intendant,0-1-1,/intend(ant).ant,管事；管家,target_content_with_gloss,0.681611,1
8029,messager,messager,NOM,C1,0.1304,8.37,2.31782,mesaʒe,message,0-1-1,/messag(e).er,使者；信使,target_content_with_gloss,0.681611,1
10325,prépondérance,prépondérance,NOM,C1,0.1304,0.079,0.03215,pʁepɔ̃deʁɑ̃s,pondérer,1-1-1,_pré/pondér(er).ance,燽,target_content_with_gloss,0.681611,1
12197,souveraineté,souveraineté,NOM,C1,0.1304,0.731,0.28475,suvəʁɛnəte,souverain,0-1-1,/souverain.eté,主权；王权,target_content_with_gloss,0.681611,1
6153,hexagonal,hexagonal,ADJ,B2,3.4056,0.114,0.02449,ɛgzagonal,,1-0-2,_hexa.gon(e).al,六方,target_content_with_gloss,0.681486,1
9184,parallèle,parallèle,ADJ,B2,3.393,3.959,1.37171,paʁalɛl,,0-1-0,/§parallèle§,平行,target_content_with_gloss,0.681355,1
251,affirmation,affirmation,NOM,C1,0.1228,2.095,0.63993,afiʁmasjɔ̃,ferme,1-1-1,_a(d)/f/f(e/i)rm(e).ation,诉求,target_content_with_gloss,0.681303,1
561,anglais,anglais,NOM,C1,0.1228,42.582,14.66626,ɑ̃glɛ,Angleterre,0-1-1,/Angl(es).ais,英国人；英文,target_content_with_gloss,0.681303,1
1267,barbare,barbare,ADJ,C1,0.1228,2.557,1.15126,baʁbaʁ,barbare,0-1-0,/barbare,胡人；蒙昧,target_content_with_gloss,0.681303,1
2399,cicatrice,cicatrice,NOM,C1,0.1228,15.212,3.2226,sikatʁis,cicatrice,0-1-1,/cicatric(e).e,伤疤；伤痕,target_content_with_gloss,0.681303,1
3780,disgracieux,disgracieux,ADJ,C1,0.1228,0.275,0.09186,disgʁasjø,grâce,1-1-1,_dis/grâc(e).ieux,不雅观,target_content_with_gloss,0.681303,1
6779,inhalation,inhalation,NOM,C1,0.1228,0.889,0.32149,inalasjɔ̃,haleine,1-1-1,_in/hal(eine).ation,吸入,target_content_with_gloss,0.681303,1
7149,jargon,jargon,NOM,C1,0.1228,2.054,0.93233,ʒaʁgɔ̃,jargon,0-1-0,/jargon,哤,target_content_with_gloss,0.681303,1
10282,prédateur,prédateur,NOM,C1,0.1228,5.538,1.23699,pʁedatœʁ,prédateur(proie),0-1-1,/§préd(ateur)§.ateur,天敌,target_content_with_gloss,0.681303,1
10476,pénalité,pénalité,NOM,C1,0.1228,1.44,0.34446,penalite,peine,0-1-1,/pénal.ité,罚则；违约金,target_content_with_gloss,0.681303,1
11652,saisissant,saisissant,ADJ,C1,0.1228,0.595,0.23117,sezisɑ̃,saisir,0-1-2,/sais(ir).iss.ant,惊险,target_content_with_gloss,0.681303,1
12392,suffisance,suffisance,NOM,C1,0.1228,0.614,0.2725,syfizɑ̃s,suffire,0-1-1,/§suffisa(nt)/m.ance,自满,target_content_with_gloss,0.681303,1
12544,synchronisation,synchronisation,NOM,C1,0.1228,2.443,0.97979,sɛ̃kʁonizasjɔ̃,synchronie,1-0-3,_syn.chron(e).is.ation,同期；同步,target_content_with_gloss,0.681303,1
14115,érection,érection,NOM,C1,0.1228,4.339,1.34874,eʁɛksjɔ̃,rectitude,1-1-1,_é/{rect(ion)}.ion,勃起,target_content_with_gloss,0.681303,1
1245,bancal,bancal,ADJ,C1,0.1223,1.12,0.24036,bɑ̃kal,banc,0-1-1,/banc.al,半桶水；狗崽子,target_content_with_gloss,0.681282,1
1459,blancheur,blancheur,NOM,C1,0.1223,0.358,0.15615,blɑ̃ʃœʁ,blanc,0-1-1,/blanc[h].eur,皑,target_content_with_gloss,0.681282,1
7155,javel,javel,NOM,C1,0.1223,2.149,0.71953,ʒavɛl,Javel,0-1-0,/Javel,澼,target_content_with_gloss,0.681282,1
4814,escorte,escorte,NOM,C1,0.1203,7.013,2.61635,ɛskɔʁt,escorte,0-1-1,/escort(e).e,伴舞；卫队,target_content_with_gloss,0.6812,1
13375,valet,valet,NOM,C1,0.1203,7.373,1.54623,valɛ,valet,0-1-0,/valet,仆人,target_content_with_gloss,0.6812,1
1452,bizutage,bizutage,NOM,C1,0.1185,1.307,0.40876,bizytaʒ,bizut,0-1-1,/bizut.age,捉弄,target_content_with_gloss,0.681127,1
1570,bouddhisme,bouddhisme,NOM,C1,0.1185,0.68,0.26026,budizm,Bouddha,0-1-1,/bouddh(a).isme,佛学；佛教,target_content_with_gloss,0.681127,1
1605,boulon,boulon,NOM,C1,0.1185,2.259,0.4899,bulɔ̃,boule,0-1-1,/boul(e).on,螺栓,target_content_with_gloss,0.681127,1
2511,cliquer,cliquer,VER,C1,0.1185,3.066,0.88641,klike,clique,0-1-1,/cliqu(e).er,点击,target_content_with_gloss,0.681127,1
3816,distiller,distiller,VER,C1,0.1185,0.987,0.11329,distile,{stiller},1-1-1,_dis/{still(er)}.er,馏,target_content_with_gloss,0.681127,1
8098,millimètre,millimètre,NOM,C1,0.1185,3.063,0.78383,milimɛtʁ,mètre,1-1-0,_milli/mètre,毫米,target_content_with_gloss,0.681127,1
12160,sourd,sourd,NOM,C1,0.1185,1.835,4.17636,suʁ,sourd,0-1-0,/sourd,聋；聩,target_content_with_gloss,0.681127,1
13381,validité,validité,NOM,C1,0.1185,0.5,0.22198,validite,valide,0-1-1,/valid(e).ité,有效性；真实性,target_content_with_gloss,0.681127,1
4386,déserter,déserter,VER,B1,4.8774,3.873,1.19871,dezɛʁte,désert,0-1-1,/désert.er,,target_content_high_frequency_missing_gloss,0.681082,0
2181,championnat,championnat,NOM,B1,4.8655,9.187,2.08053,ʃɑ̃pjona,champ/camp,0-1-2,/champ.ion[n].at,,target_content_high_frequency_missing_gloss,0.680989,0
11740,sauterelle,sauterelle,NOM,C1,0.1137,0.968,0.39192,sotəʁɛl,sauter,0-1-1,/sauter.elle,蚂；蚱,target_content_with_gloss,0.68093,1
1544,borgne,borgne,NOM,C1,0.1116,0.722,0.50367,bɔʁɲ,borgne,0-1-0,/borgne,眇,target_content_with_gloss,0.680844,1
2822,concis,concis,ADJ,C1,0.1116,0.769,0.2327,kɔ̃si,{cis},1-1-0,_con/{cis},简洁；简短,target_content_with_gloss,0.680844,1
3390,croupe,croupe,NOM,C1,0.1116,0.668,0.24036,kʁup,croupe,0-1-1,/croup(e).e,屁股,target_content_with_gloss,0.680844,1
7357,lasser,lasser,VER,C1,0.1116,6.722,1.4207,lase,las,0-1-1,/las[s].er,累,target_content_with_gloss,0.680844,1
332,aigre,aigre,ADJ,C1,0.1089,0.741,0.29853,ɛgʁ,aigre,0-1-0,/aigre,酸；餲,target_content_with_gloss,0.680732,1
2369,châssis,châssis,NOM,C1,0.1089,1.101,0.40723,ʃasi,châsse,0-1-1,/châss(e).is,底盘,target_content_with_gloss,0.680732,1
3982,dune,dune,NOM,C1,0.1088,1.934,0.37355,dyn,dune,0-1-0,/dune,沙丘,target_content_with_gloss,0.680728,1
5598,funéraire,funéraire,ADJ,C1,0.1088,2.513,0.73178,fyneʁɛʁ,funérailles,0-1-1,/funér(ailles).aire,随葬,target_content_with_gloss,0.680728,1
11049,requin,requin,NOM,C1,0.1088,18.402,2.13564,ʁəkɛ̃,requin,0-1-0,/requin,奸商；鲨鱼,target_content_with_gloss,0.680728,1
9460,persister,persister,VER,B2,3.3284,4.203,0.73331,pɛʁsiste,,1-1-1,_per/{sist}.er,坚持；持续,target_content_with_gloss,0.680677,1
12589,séisme,séisme,NOM,B2,3.319,2.759,0.53889,seizm,,0-1-0,/§séisme§,地震,target_content_with_gloss,0.680578,1
2293,chevet,chevet,NOM,C1,0.105,2.544,1.10073,ʃəvɛ,chevet,0-1-0,/chevet,床头；床沿,target_content_with_gloss,0.680571,1
535,anatomie,anatomie,NOM,C1,0.1028,2.706,1.05481,anatomi,anatomie,1-0-1,_ana.{tomie},解析,target_content_with_gloss,0.68048,1
5701,garde-robe,garde-robe,NOM,C1,0.1028,3.057,1.28904,gaʁdəʁɔb,garde,0-2-0,/garde/robe,衣橱,target_content_with_gloss,0.68048,1
11299,royauté,royauté,NOM,C1,0.1028,1.348,0.52358,ʁwajote,roi,0-1-0,/roy,王权,target_content_with_gloss,0.68048,1
12803,texto,texto,ADV,C1,0.1028,7.839,2.76944,tɛksto,texte,0-1-0,/text(e)/o,短信,target_content_with_gloss,0.68048,1
13118,tringle,tringle,NOM,C1,0.1028,0.335,0.09645,tʁɛ̃gl,tringle,0-1-1,/tringl(e).e,竿,target_content_with_gloss,0.68048,1
7151,jasmin,jasmin,NOM,B2,3.3059,1.013,0.41488,ʒasmɛ̃,,0-1-0,/§jasmin§,佳丝明；茉莉,target_content_with_gloss,0.680439,1
10586,quota,quota,NOM,B2,3.3058,2.557,0.67208,kota,,0-1-0,/§quota§,定数；配额,target_content_with_gloss,0.680437,1
2017,carreau,carreau,NOM,C1,0.1005,5.623,1.28445,kaʁo,carreau,0-1-1,/carreau.eau,方块；方格,target_content_with_gloss,0.680384,1
25,abordable,abordable,ADJ,C1,0.0975,1.098,0.35824,abɔʁdabl,bord,1-1-1,_a(d)/bord.able,不贵,target_content_with_gloss,0.680259,1
35,abroger,abroger,VER,C1,0.0975,0.434,0.06124,abʁoʒe,{rog(er)},1-1-1,_ab/{rog}.er,撤消,target_content_with_gloss,0.680259,1
125,accéléré,accéléré,NOM,C1,0.0975,0.323,0.91702,akseleʁe,célérité,1-1-1,_a(d)/c/célér(ité).é,急促；速成,target_content_with_gloss,0.680259,1
302,agresseur,agresseur,NOM,C1,0.0975,8.509,2.35303,agʁɛsœʁ,agresser,0-1-1,/agress(er).eur,侵略者；施虐者,target_content_with_gloss,0.680259,1
339,aiguiller,aiguiller,VER,C1,0.0975,1.313,3.9605,egɥije,aigu,0-1-2,/aigu.ill(e).er,带动,target_content_with_gloss,0.680259,1
454,amadouer,amadouer,VER,C1,0.0975,1.741,0.62156,amadwe,amadou,0-1-1,/amadou.er,拉拢,target_content_with_gloss,0.680259,1
503,amplificateur,amplificateur,NOM,C1,0.0975,0.576,0.21892,ɑ̃plifikatœʁ,ample,0-1-1,/ampl(e).ficateur,功放；音箱,target_content_with_gloss,0.680259,1
585,annonceur,annonceur,NOM,C1,0.0975,0.946,0.17146,anɔ̃sœʁ,nonce,1-1-1,_a(d)n/nonc(e).eur,广告商；播音员,target_content_with_gloss,0.680259,1
615,antibactérien,antibactérien,ADJ,C1,0.0975,0.206,0.06889,ɑ̃tibakteʁjɛ̃,bactérie,1-1-1,_anti/bactér(ie).ien,抗菌,target_content_with_gloss,0.680259,1
670,apparier,apparier,VER,C1,0.0975,0.095,0.01378,apaʁje,pair,1-1-1,_a(d)/p/pa(i)r.ier,匹；逑,target_content_with_gloss,0.680259,1
793,arpenter,arpenter,VER,C1,0.0975,1.636,0.2327,aʁpɑ̃te,arpent,0-1-0,/arpent,测量；踱方步,target_content_with_gloss,0.680259,1
797,arrangement,arrangement,NOM,C1,0.0975,15.196,4.63564,aʁɑ̃ʒəmɑ̃,rang,1-1-1,_a(d)/r/rang.ement,事宜；布局,target_content_with_gloss,0.680259,1
887,assigner,assigner,VER,C1,0.0975,7.864,1.51408,asiɲe,signe,1-1-1,_a(d)/s/sign(e).er,交办；传讯,target_content_with_gloss,0.680259,1
933,asymétrique,asymétrique,ADJ,C1,0.0975,0.595,0.15156,asimetʁik,mètre,2-1-1,_a_sy(n)/m/mètr(e).ique,不对称,target_content_with_gloss,0.680259,1
1101,aval,aval,NOM,C1,0.0975,1.804,0.77159,aval,val,1-1-0,_à/val,下游,target_content_with_gloss,0.680259,1
1113,avant-gardiste,avant-gardiste,ADJ,C1,0.0975,0.509,0.2128,avɑ̃gaʁdist,garde,1-1-1,_avant/gard(e).iste,潮人,target_content_with_gloss,0.680259,1
1708,bronchite,bronchite,NOM,C1,0.0975,0.547,0.20361,bʁɔ̃ʃit,bronche,0-1-1,/bronch(e).ite,支气管炎,target_content_with_gloss,0.680259,1
1800,bénéficiaire,bénéficiaire,NOM,C1,0.0975,1.453,0.52051,benefisjɛʁ,bénéfice,0-1-2,/béné.fic(e).iaire,受益人；受益者,target_content_with_gloss,0.680259,1
1809,bétail,bétail,NOM,C1,0.0975,9.475,2.15095,betaj,bête,0-1-1,/bêt(e).ail,家畜；牛羊,target_content_with_gloss,0.680259,1
1837,cadenasser,cadenasser,VER,C1,0.0975,0.418,0.07502,kadənase,cadenas,0-1-1,/cadenas[s].er,加锁,target_content_with_gloss,0.680259,1
2012,carnivore,carnivore,ADJ,C1,0.0975,0.883,0.3368,kaʁnivɔʁ,carne,0-1-1,/carn(e).ivore,肉食,target_content_with_gloss,0.680259,1
2472,clarifier,clarifier,VER,C1,0.0975,4.851,1.58757,klaʁifje,clair,0-1-2,/cla(i)r.if.er,查清；澄清,target_content_with_gloss,0.680259,1
2577,cohésion,cohésion,NOM,C1,0.0975,0.604,0.23729,koezjɔ̃,{hérent},2-1-1,_1_co/{hé(rent)}.sion,凝聚力,target_content_with_gloss,0.680259,1
2599,collecter,collecter,VER,C1,0.0975,6.32,2.55205,kolɛkte,collecte,0-1-1,/collect(e).er,搜罗；收取,target_content_with_gloss,0.680259,1
2854,conditionnement,conditionnement,NOM,C1,0.0975,0.592,0.21739,kɔ̃disjɔnəmɑ̃,condition,0-1-2,/condition[n].elle.ment,外包装,target_content_with_gloss,0.680259,1
2897,confrontation,confrontation,NOM,C1,0.0975,3.215,1.19718,kɔ̃fʁɔ̃tasjɔ̃,front,1-1-1,_con/front.ation,交锋；对抗,target_content_with_gloss,0.680259,1
2979,constance,constance,NOM,C1,0.0975,0.544,0.59859,kɔ̃stɑ̃s,{stant},1-1-1,_con/{st(ant}.ance,坚韧；孔斯当丝,target_content_with_gloss,0.680259,1
3089,contrecarrer,contrecarrer,VER,C1,0.0975,1.158,0.31996,kɔ̃tʁəkaʁe,carr(er),1-1-1,_contre/carr(er).er,阻拦；阻挠,target_content_with_gloss,0.680259,1
3091,contrefait,contrefait,ADJ,C1,0.0975,0.509,0.19902,kɔ̃tʁəfɛ,fai(re),1-1-1,_contre/fai(re).t,模仿品,target_content_with_gloss,0.680259,1
3153,coqueluche,coqueluche,NOM,C1,0.0975,0.839,0.30925,kɔkəlyʃ,coqueluche,0-1-0,/coqueluche,偶像,target_content_with_gloss,0.680259,1
3408,crâne,crâne,ADJ,C1,0.0975,0.905,8.74923,kʁan,crâne,0-1-0,/crâne,头颅；头骨,target_content_with_gloss,0.680259,1
3511,cécité,cécité,NOM,C1,0.0975,1.18,0.4256,sesite,cécité,0-1-0,/cécité,失明；失明症,target_content_with_gloss,0.680259,1
3671,deviser,deviser,VER,C1,0.0975,0.13,1.906,dəvize,deviser,0-1-0,/devis(er),作出,target_content_with_gloss,0.680259,1
3804,dissolution,dissolution,NOM,C1,0.0975,0.832,0.3414,disolysjɔ̃,{soudre},1-2-0,_dis/{solu}/ution,溶解,target_content_with_gloss,0.680259,1
3855,divisionnaire,divisionnaire,ADJ,C1,0.0975,0.472,0.21739,divizjonɛʁ,voir,1-1-2,_di/vis(eur).ision[n].aire,少将,target_content_with_gloss,0.680259,1
4057,décevant,décevant,ADJ,C1,0.0975,3.655,1.31506,dɛsəvɑ̃,{cev},1-1-1,_dé/{cev}.ant,差劲；扫兴,target_content_with_gloss,0.680259,1
4159,défiance,défiance,NOM,C1,0.0975,0.462,0.16993,defjɑ̃s,(se) fier,1-1-1,_dé/fi(er).ance,不信任,target_content_with_gloss,0.680259,1
4208,délibérément,délibérément,ADV,C1,0.0975,4.361,1.90294,delibeʁemɑ̃,libre,0-1-2,/libér(er).é.ment,偏偏；成心,target_content_with_gloss,0.680259,1
4233,démagogie,démagogie,NOM,C1,0.0975,0.146,0.06583,demagoʒi,dème,0-1-1,/dém(e).agogie,蛊惑,target_content_with_gloss,0.680259,1
4248,déminage,déminage,NOM,C1,0.0975,1.139,0.35824,deminaʒ,mine,1-1-1,_dé/min(e).age,排雷,target_content_with_gloss,0.680259,1
4275,démêler,démêler,VER,C1,0.0975,1.604,0.48836,demele,mêler,1-1-1,_dé/mêl(er).er,绎,target_content_with_gloss,0.680259,1
4322,déploiement,déploiement,NOM,C1,0.0975,2.339,0.82976,deplwamɑ̃,ployer,1-1-1,_dé/ploy/i(er).ement,发扬,target_content_with_gloss,0.680259,1
4660,enfler,enfler,VER,C1,0.0975,2.801,0.52205,ɑ̃fle,enfler,0-1-1,/enfl(er).er,涨；肿,target_content_with_gloss,0.680259,1
4675,engrenage,engrenage,NOM,C1,0.0975,0.889,0.2327,ɑ̃gʁənaʒ,graine,1-1-1,_en/gr(ai/e)ne.age,排档；齿轮,target_content_with_gloss,0.680259,1
4715,ensemencement,ensemencement,NOM,C1,0.0975,0.111,0.01531,ɑ̃səmɑ̃səmɑ̃,semence,1-1-1,_en/semenc(e).ement,接种,target_content_with_gloss,0.680259,1
4895,examinateur,examinateur,NOM,C1,0.0975,0.715,0.1485,ɛgzaminatœʁ,examen,0-1-1,/exam(e)/in.ateur,考官,target_content_with_gloss,0.680259,1
4968,explicite,explicite,ADJ,C1,0.0975,1.601,0.54348,ɛksplisit,{plic},1-1-1,_ex/{plic}.ite,明确；清楚,target_content_with_gloss,0.680259,1
5001,expédient,expédient,NOM,C1,0.0975,0.146,0.11941,ɛkspedjɑ̃,expédier,0-1-1,/expédi(er).ent,可行,target_content_with_gloss,0.680259,1
5002,expédient,expédient,ADJ,C1,0.0975,0.041,0.11941,ekspedjɑ̃,expédier,0-1-1,/expédi(er).ent,可行,target_content_with_gloss,0.680259,1
5166,feignant,feignant,NOM,C1,0.0975,0.525,0.35977,fɛɲɑ̃,feindre,0-1-1,/fei(ndre).ant,懒人；懒惰,target_content_with_gloss,0.680259,1
5197,ferveur,ferveur,NOM,C1,0.0975,1.06,0.44397,fɛʁvœʁ,ferveur,0-1-1,/ferv(eur).eur,热忱；热诚,target_content_with_gloss,0.680259,1
5223,fictif,fictif,ADJ,C1,0.0975,2.737,0.39192,fiktif,fictif,0-1-1,/fict(if).if,虚拟,target_content_with_gloss,0.680259,1
5307,flanquer,flanquer,VER,C1,0.0975,3.203,0.39498,flɑ̃ke,flanc,0-1-1,/flan(c)/qu.er,带来,target_content_with_gloss,0.680259,1
5625,fécond,fécond,ADJ,C1,0.0975,0.487,0.124,fekɔ̃,fécond,0-1-0,/fécond,肥沃,target_content_with_gloss,0.680259,1
5767,gestionnaire,gestionnaire,NOM,C1,0.0975,1.301,0.5098,ʒɛstjonɛʁ,gérer,0-1-1,/gestion[n].aire,处理者；店长,target_content_with_gloss,0.680259,1
6113,harmonisation,harmonisation,NOM,C1,0.0975,0.057,0.01684,aʁmonizasjɔ̃,harmonie,0-1-2,/harmon(ie).is.ation,调和,target_content_with_gloss,0.680259,1
6287,hybridation,hybridation,NOM,C1,0.0975,0.123,0.04593,ibʁidasjɔ̃,hybride,0-1-1,/hybrid(e).ation,杂交,target_content_with_gloss,0.680259,1
6396,illustré,illustré,NOM,C1,0.0975,0.082,0.20208,ilystʁe,lustre,1-1-1,_i(n)/l/lustr(e).é,图文并茂,target_content_with_gloss,0.680259,1
6428,immigrant,immigrant,ADJ,C1,0.0975,0.358,0.61849,imigʁɑ̃,migrer,1-1-1,_i(n)/m/migr(er).ant,移民,target_content_with_gloss,0.680259,1
6636,indifféremment,indifféremment,ADV,C1,0.0975,0.063,0.03062,ɛ̃difeʁamɑ̃,différent,1-1-1,_in/différe(nt)/m.ment,漠然,target_content_with_gloss,0.680259,1
6670,individualité,individualité,NOM,C1,0.0975,0.68,0.23117,ɛ̃dividɥalite,individu,0-1-2,/individu.al.ité,个性,target_content_with_gloss,0.680259,1
6682,industrialisation,industrialisation,NOM,C1,0.0975,0.098,0.0444,ɛ̃dystʁijalizasjɔ̃,industrie,0-1-2,/industri(e).alis.ation,产业化；工业化,target_content_with_gloss,0.680259,1
6700,inefficace,inefficace,ADJ,C1,0.0975,1.687,0.52817,inefikas,efficace,1-1-0,_in/efficac(e),低效,target_content_with_gloss,0.680259,1
6738,inflammation,inflammation,NOM,C1,0.0975,1.598,0.5496,ɛ̃flamasjɔ̃,flamme,1-1-1,_in/flamm(e).ation,发炎；炎症,target_content_with_gloss,0.680259,1
6761,infrarouge,infrarouge,ADJ,C1,0.0975,1.525,0.6981,ɛ̃fʁaʁuʒ,rouge,1-1-0,_infra/rouge,红外；红外线,target_content_with_gloss,0.680259,1
6791,initiateur,initiateur,NOM,C1,0.0975,0.139,0.04593,inisjatœʁ,initial,0-1-1,/initi(al).ateur,创始人；发起人,target_content_with_gloss,0.680259,1
6937,interdépendant,interdépendant,ADJ,C1,0.0975,0.089,0.01531,ɛ̃tɛʁdepɑ̃dɑ̃,dépendant,1-1-1,_inter/dépend(ant).ant,相联,target_content_with_gloss,0.680259,1
7188,jongler,jongler,VER,C1,0.0975,2.427,0.5496,ʒɔ̃gle,jongler,0-1-1,/jongl(er).er,玩弄,target_content_with_gloss,0.680259,1
7541,loquace,loquace,ADJ,C1,0.0975,0.5,0.20514,lokas,éloquence,0-1-1,/loquac(e).e,啕,target_content_with_gloss,0.680259,1
7958,mauvais,mauvais,ADV,C1,0.0975,2.525,45.78536,movɛ,mal,0-1-0,/ma(l/u)vais,不佳；不善,target_content_with_gloss,0.680259,1
8152,missionnaire,missionnaire,NOM,C1,0.0975,1.972,0.63533,misjonɛʁ,{miss},0-1-2,/{miss}.ion[n].aire,传教士,target_content_with_gloss,0.680259,1
8181,modernisation,modernisation,NOM,C1,0.0975,0.218,0.09032,modɛʁnizasjɔ̃,moderne,0-1-2,/modern(e).is.ation,现代化,target_content_with_gloss,0.680259,1
8539,métis,métis,ADJ,C1,0.0975,0.386,0.35671,metis,métis,0-1-0,/métis,杂种,target_content_with_gloss,0.680259,1
8777,nutriment,nutriment,NOM,C1,0.0975,0.959,0.28322,nytʁimɑ̃,nutrition,0-1-1,/nutri(tion).ment,营养,target_content_with_gloss,0.680259,1
8797,négligent,négligent,ADJ,C1,0.0975,2.649,0.86803,negliʒɑ̃,négliger,0-1-1,/néglig(er).ent,不在意；含糊,target_content_with_gloss,0.680259,1
8943,opportun,opportun,ADJ,C1,0.0975,1.813,0.69351,opɔʁtœ̃,port,1-1-1,_o(b)/p/port.un,恰当；正好,target_content_with_gloss,0.680259,1
9327,pastoral,pastoral,ADJ,C1,0.0975,0.212,0.06124,pastoʁal,pasteur,0-1-1,/past(eur).oral,乡间,target_content_with_gloss,0.680259,1
9445,pernicieux,pernicieux,ADJ,C1,0.0975,0.427,0.10257,pɛʁnisjø,pernicieux,0-1-0,/pernicieux,害人；恶性,target_content_with_gloss,0.680259,1
9488,pesant,pesant,ADJ,C1,0.0975,1.449,0.718,pøzɑ̃,peser,0-1-1,/pes(er).ant,沉甸甸；沉重,target_content_with_gloss,0.680259,1
10008,pressentir,pressentir,VER,C1,0.0975,1.769,0.2572,pʁesɑ̃tiʁ,sentir,1-1-1,_pré[s]/sent(ir).ir,试探；预感,target_content_with_gloss,0.680259,1
10118,profusion,profusion,NOM,C1,0.0975,0.361,0.15615,pʁofyzjɔ̃,fusion,1-1-1,_pro/fus(ion).ion,充沛,target_content_with_gloss,0.680259,1
10201,prostate,prostate,NOM,C1,0.0975,2.079,0.72413,pʁɔstat,sta(ble),1-1-1,_pro/sta(ble).te,前列腺,target_content_with_gloss,0.680259,1
10436,purgatoire,purgatoire,NOM,C1,0.0975,2.139,0.54195,pyʁgatwaʁ,purger,0-1-1,/purg(er).atoire,炼狱,target_content_with_gloss,0.680259,1
10737,rattachement,rattachement,NOM,C1,0.0975,0.076,0.03062,ʁataʃəmɑ̃,attacher,1-1-1,_r/attach(er).ement,盯住；连结,target_content_with_gloss,0.680259,1
10775,recensement,recensement,NOM,C1,0.0975,0.994,0.30772,ʁəsɑ̃səmɑ̃,cens,1-1-1,_re/cens.ement,普查,target_content_with_gloss,0.680259,1
10903,relecture,relecture,NOM,C1,0.0975,10.839,4.5989,ʁəlɛktyʁ,lecture,1-1-0,_re/lecture,校对,target_content_with_gloss,0.680259,1
10982,renoncement,renoncement,NOM,C1,0.0975,0.237,0.09645,ʁənɔ̃səmɑ̃,{noncer},1-1-1,_re/{nonc(er)}.ement,出世,target_content_with_gloss,0.680259,1
11119,retransmettre,retransmettre,VER,C1,0.0975,0.915,0.16381,ʁətʁɑ̃smɛtʁ,mettre,2-1-0,_re_trans/mett(re),转播,target_content_with_gloss,0.680259,1
11418,réfléchi,réfléchi,ADJ,C1,0.0975,15.953,12.04685,ʁefleʃi,fléchir,1-1-1,_ré/fléch(ir).i,懃,target_content_with_gloss,0.680259,1
11464,réinstaller,réinstaller,VER,C1,0.0975,0.516,0.1041,ʁeɛ̃stale,stalle,1-1-1,_ré/stall(e).er,重新安装,target_content_with_gloss,0.680259,1
11468,réintégrer,réintégrer,VER,C1,0.0975,3.187,0.6338,ʁeɛ̃tegʁe,intègre,1-1-1,_ré/intégr(er).er,重回,target_content_with_gloss,0.680259,1
11482,réorganiser,réorganiser,VER,C1,0.0975,1.655,0.36895,ʁeɔʁganize,organiser,1-1-1,_ré/organis(er).er,改编；整顿,target_content_with_gloss,0.680259,1
11558,réticent,réticent,ADJ,C1,0.0975,1.839,0.45468,ʁetisɑ̃,réticence,0-1-1,/rétic(ence).ent,沉默寡言,target_content_with_gloss,0.680259,1
12504,survol,survol,NOM,C1,0.0975,0.405,0.16228,syʁvɔl,vol,1-1-0,_sur/vol,浏览；空中分列,target_content_with_gloss,0.680259,1
12582,sédiment,sédiment,NOM,C1,0.0975,0.329,0.07808,sedimɑ̃,sédiment,0-1-0,/sédiment,沉淀,target_content_with_gloss,0.680259,1
12901,tonique,tonique,ADJ,C1,0.0975,0.411,0.26179,tonik,tonique,0-1-0,/tonique,滋补；补品,target_content_with_gloss,0.680259,1
12980,tracas,tracas,NOM,C1,0.0975,1.449,0.62002,tʁaka,traquer,0-1-0,/tracas,烦恼,target_content_with_gloss,0.680259,1
13058,transporteur,transporteur,NOM,C1,0.0975,2.575,0.60012,tʁɑ̃spɔʁtœʁ,porter,1-1-1,_trans/port(er).eur,承运人；携带者,target_content_with_gloss,0.680259,1
13156,trop-plein,trop-plein,NOM,C1,0.0975,0.161,0.06889,tʁoplɛ̃,trop,0-2-0,/trop/plein,过多,target_content_with_gloss,0.680259,1
13259,téméraire,téméraire,ADJ,C1,0.0975,2.19,0.78383,temeʁɛʁ,téméraire,0-1-0,/téméraire,冒昧；鲁莽,target_content_with_gloss,0.680259,1
13298,unilatéral,unilatéral,ADJ,C1,0.0975,0.516,0.1087,ynilateʁal,latéral,1-1-0,_uni/latéral,一面倒；单方,target_content_with_gloss,0.680259,1
13318,urètre,urètre,NOM,C1,0.0975,0.348,0.13472,yʁɛtʁ,urine,0-1-1,/ur(ine).ètre,尿道,target_content_with_gloss,0.680259,1
13473,versatile,versatile,ADJ,C1,0.0975,0.342,0.1286,vɛʁsatil,vers,0-1-1,/vers.atile,反复,target_content_with_gloss,0.680259,1
13494,vessie,vessie,NOM,C1,0.0975,3.032,1.11298,vesi,vessie,0-1-0,/vessie,尿泡；膀胱,target_content_with_gloss,0.680259,1
14061,épingler,épingler,VER,C1,0.0975,2.88,1.13595,epɛ̃gle,épingle,0-1-1,/épingl(e).er,置顶,target_content_with_gloss,0.680259,1
9220,parenthèse,parenthèse,NOM,B2,3.2864,1.133,0.25873,paʁɑ̃tɛz,,0-1-0,/§parenthèse§,括号,target_content_with_gloss,0.680231,1
5189,fermé,fermé,ADJ,C1,0.0964,19.595,14.6188,fɛʁme,fermer,0-1-1,/ferm(er).é,细密；闭着,target_content_with_gloss,0.680213,1
14195,évadé,évadé,NOM,C1,0.0964,1.323,1.2523,evade,évader,0-1-1,/évad(er).é,逃亡者,target_content_with_gloss,0.680213,1
11021,replier,replier,VER,B1,4.761,6.199,0.60165,ʁəplije,pli,1-1-1,_re/pli.er,,target_content_high_frequency_missing_gloss,0.680166,0
565,anglo-américain,anglo-américain,ADJ,C1,0.0944,0.123,0.02296,ɑ̃gloameʁikɛ̃,Angles,0-2-0,/angl(e)/o/américain,美英；英美,target_content_with_gloss,0.68013,1
2069,castor,castor,NOM,C1,0.0944,4.013,0.58941,kastɔʁ,castor,0-1-0,/castor,海狸,target_content_with_gloss,0.68013,1
4339,déprime,déprime,NOM,C1,0.0944,1.136,1.44519,depʁim,prime,1-1-1,_dé/prim(e).e,忧郁,target_content_with_gloss,0.68013,1
4757,entreprenant,entreprenant,ADJ,C1,0.0944,0.684,0.19749,ɑ̃tʁəpʁənɑ̃,prendre,1-1-1,_entre/pren(dre).ant,泼辣,target_content_with_gloss,0.68013,1
8175,moche,moche,ADJ,C1,0.0944,19.801,6.55389,mɔʃ,moche,0-1-1,/moch(e).e,难看,target_content_with_gloss,0.68013,1
10462,pédagogie,pédagogie,NOM,B2,3.2723,0.225,0.0842,pedagoʒi,,1-0-1,_péd.agogue,学法；教学法,target_content_with_gloss,0.68008,1
372,albinos,albinos,NOM,C1,0.0912,0.905,0.34599,albinos,albinos,0-1-0,/§albinos§,天老儿；白子,target_content_with_gloss,0.679996,1
532,ananas,ananas,NOM,C1,0.0912,3.003,0.94152,anana,ananas,0-1-0,/ananas,菠萝,target_content_with_gloss,0.679996,1
1574,boudin,boudin,NOM,C1,0.0912,1.494,0.49296,budɛ̃,boudin,0-1-0,/boudin,猪血糕,target_content_with_gloss,0.679996,1
2255,chauffe-eau,chauffe-eau,NOM,C1,0.0912,0.712,0.24036,ʃofo,chaleur,0-2-1,/chaud/f[f]/eau.e,热水器,target_content_with_gloss,0.679996,1
2370,châtaigne,châtaigne,NOM,C1,0.0912,0.712,0.16534,ʃatɛɲ,châtaigne,0-1-0,/châtaigne,板栗；栗子,target_content_with_gloss,0.679996,1
2638,combativité,combativité,NOM,C1,0.0912,0.241,0.10716,kɔ̃bativite,combat,0-1-2,/combat.i(f)/v.ité,斗志,target_content_with_gloss,0.679996,1
5645,féminité,féminité,NOM,C1,0.0912,1.035,0.43784,feminite,femme,0-1-1,/féminin.ité,女色,target_content_with_gloss,0.679996,1
5865,grand-tante,grand-tante,NOM,C1,0.0912,0.756,0.24648,gʁɑ̃tɑ̃t,grand,0-2-0,/grand/tante,祖姑母,target_content_with_gloss,0.679996,1
6180,hivernal,hivernal,ADJ,C1,0.0912,0.532,0.1041,ivɛʁnal,hiver,0-1-1,/hiver[n].al,寒冬,target_content_with_gloss,0.679996,1
6845,insolation,insolation,NOM,C1,0.0912,0.456,0.19137,ɛ̃solasjɔ̃,soleil,1-1-1,_in/sol(eil).ation,中暑,target_content_with_gloss,0.679996,1
7927,matelot,matelot,NOM,C1,0.0912,3.75,0.70882,matəlo,matelot,0-1-0,/matelot,水手,target_content_with_gloss,0.679996,1
8074,mie,mie,NOM,C1,0.0912,0.943,0.27404,mi,miette,0-1-0,/mie,面包瓤,target_content_with_gloss,0.679996,1
9393,peloton,peloton,NOM,C1,0.0912,4.133,1.13748,pəlotɔ̃,pelote,0-1-1,/pelot(e).on,排长；舰艇,target_content_with_gloss,0.679996,1
12271,station-service,station-service,NOM,C1,0.0912,3.301,1.07318,stasjɔ̃sɛʁvis,station,0-2-0,/station[n]/service,加油站,target_content_with_gloss,0.679996,1
13908,églantine,églantine,NOM,C1,0.0912,0.028,0.00919,eglɑ̃tin,églantier,0-1-1,/églant(ier).ine,蔷,target_content_with_gloss,0.679996,1
2279,chenille,chenille,NOM,C1,0.0905,2.073,0.43631,ʃənij,chien,0-1-1,/ch(i)en.ille,毛毛虫；链轨,target_content_with_gloss,0.679966,1
4674,engraisser,engraisser,VER,C1,0.0905,1.722,0.29088,ɑ̃gʁese,graisser,1-1-1,_en/graiss(er).er,肥,target_content_with_gloss,0.679966,1
7761,malin,malin,NOM,C1,0.0905,15.934,13.41396,malɛ̃,malin,0-1-0,/malin,刁钻；圆滑,target_content_with_gloss,0.679966,1
2186,chanceux,chanceux,ADJ,C1,0.0867,29.123,8.59155,ʃɑ̃sø,chance,0-1-1,/chance.eux,好命；幸运,target_content_with_gloss,0.679806,1
2515,clochard,clochard,NOM,C1,0.0867,4.715,1.14513,kloʃaʁ,cloche,0-1-1,/cloch(e).ard,流浪汉,target_content_with_gloss,0.679806,1
3099,contrevenir,contrevenir,VER,C1,0.0867,0.291,0.07961,kɔ̃tʁəvəniʁ,ven(ir),1-1-1,_contre/ven(ir).ir,违反,target_content_with_gloss,0.679806,1
3201,cosmétique,cosmétique,NOM,C1,0.0867,0.978,0.39498,kɔsmetik,cosmétique,0-1-1,/cosmét(ique).ique,化妆品；美容,target_content_with_gloss,0.679806,1
6821,inopinément,inopinément,ADV,C1,0.0867,0.291,0.12554,inopinemɑ̃,opinion,1-1-1,_in/opiné.ment,不料,target_content_with_gloss,0.679806,1
10081,procès-verbal,procès-verbal,NOM,C1,0.0867,1.057,0.32762,pʁosɛvɛʁbal,{ces/d},0-2-0,/procés/verbal,报告书,target_content_with_gloss,0.679806,1
10205,protagoniste,protagoniste,NOM,B2,3.2457,0.788,0.17453,pʁotagonist,,0-1-0,/§protagoniste§,主角；人物,target_content_with_gloss,0.679794,1
1102,avalanche,avalanche,NOM,C1,0.0815,1.997,0.50827,avalɑ̃ʃ,val,1-1-1,_à/val.anche,雪崩,target_content_with_gloss,0.679587,1
4640,endommager,endommager,VER,C1,0.0815,8.487,2.23668,ɑ̃domaʒe,dommage,1-1-1,_en/dommag(e).er,妨害；损伤,target_content_with_gloss,0.679587,1
5324,flic,flic,NOM,C1,0.0815,155.968,18.29149,flik,flic,0-1-0,/flic,条子；雷子,target_content_with_gloss,0.679587,1
6083,hameau,hameau,NOM,C1,0.0815,0.642,0.18677,amo,hameau,0-1-0,/hameau,小村；村庄,target_content_with_gloss,0.679587,1
6495,impraticable,impraticable,ADJ,C1,0.0815,0.285,0.08879,ɛ̃pʁatikabl,pratique,1-1-1,_i(n)/m/prati(que)/c.able,不切实际,target_content_with_gloss,0.679587,1
501,ample,ample,ADJ,C1,0.0802,1.383,0.37508,ɑ̃pl,ample,0-1-0,/ampl(e),宽裕；广泛,target_content_with_gloss,0.679532,1
1707,broderie,broderie,NOM,C1,0.0802,0.962,0.2572,bʁɔdəʁi,broder,0-1-1,/brod(er).erie,刺绣；针头线脑,target_content_with_gloss,0.679532,1
2096,cavalier,cavalier,ADJ,C1,0.0802,2.158,2.45713,kavalje,cheval,0-1-1,/caval(e).ier,跳线；骑兵,target_content_with_gloss,0.679532,1
8225,monarque,monarque,NOM,C1,0.0802,1.316,0.33527,monaʁk,monarque,0-1-1,/monar(qu/ch).que,君主；君王,target_content_with_gloss,0.679532,1
11778,schizophrénie,schizophrénie,NOM,B2,3.2116,1.573,0.5695,skizofʁeni,,1-0-2,_schiz(o).phrèn(e).ie,精分,target_content_with_gloss,0.679425,1
2331,chope,chope,NOM,C1,0.0731,0.943,1.80649,ʃɔp,chope,0-1-0,/chop(e),茶缸,target_content_with_gloss,0.67923,1
3324,craquement,craquement,NOM,C1,0.0731,1.247,0.34905,kʁakəmɑ̃,crac,0-1-1,/craqu(er).ement,咔嚓；嘎吱,target_content_with_gloss,0.67923,1
11665,salaud,salaud,NOM,C1,0.0731,99.43,11.74525,salo,sale,0-1-1,/sal(e).aud,混帐；混蛋,target_content_with_gloss,0.67923,1
1735,brut,brut,ADJ,C1,0.0726,4.535,3.19657,bʁyt,brut,0-1-0,/brut,生的；粗野的；未加工的,target_content_with_gloss,0.679209,1
2728,complaisance,complaisance,NOM,C1,0.0726,0.519,0.22198,kɔ̃plɛzɑ̃s,plaire,1-1-1,_com/plais(ant).ance,自满,target_content_with_gloss,0.679209,1
6630,indicateur,indicateur,ADJ,C1,0.0726,0.348,0.4853,ɛ̃dikatœʁ,indiquer,0-1-1,/indiqu(er)/c.ateur,迹象,target_content_with_gloss,0.679209,1
7653,léopard,léopard,NOM,C1,0.0726,3.006,0.63686,leopaʁ,lion,0-1-1,/l(i/é)o(n).pard,山猫；豹子,target_content_with_gloss,0.679209,1
8297,morgue,morgue,NOM,C1,0.0726,12.114,3.76454,mɔʁg,morgue,0-1-0,/morgue,停尸间,target_content_with_gloss,0.679209,1
12333,stérilité,stérilité,NOM,C1,0.0726,0.418,0.16687,steʁilite,stérile,0-1-1,/stéril(e).ité,贫乏,target_content_with_gloss,0.679209,1
13976,éléphant,éléphant,NOM,C1,0.0726,12.823,2.35303,elefɑ̃,élément,0-1-0,/éléphant,大笨象；大象,target_content_with_gloss,0.679209,1
2499,climatisation,climatisation,NOM,B2,3.1904,1.671,0.66289,klimatizasjɔ̃,,0-1-2,/climat.is.ation,冷气；空调系统,target_content_with_gloss,0.679194,1
5892,gravier,gravier,NOM,C1,0.07,1.323,0.37661,gʁavje,gravier,0-1-1,/grav(ier).ier,砂；砾,target_content_with_gloss,0.679097,1
7579,lugubre,lugubre,ADJ,C1,0.07,1.772,0.67667,lygybʁ,lugubre,0-1-0,/lugubre,凄惨；堪忧,target_content_with_gloss,0.679097,1
8137,minéral,minéral,NOM,C1,0.0698,1.37,0.23729,mineʁal,miner,0-1-1,/miner.al,矿物,target_content_with_gloss,0.679089,1
11301,rubis,rubis,NOM,C1,0.0698,2.063,0.71035,ʁybi,rubis,0-1-1,/rub(is).is,红宝石,target_content_with_gloss,0.679089,1
2160,cesse,cesse,NOM,B2,36.1402,17.864,10.31078,sɛs,{ces/d},0-1-1,/{ce(d)/ss}.e,,target_content_high_frequency_missing_gloss,0.679082,0
6105,hareng,hareng,NOM,C1,0.0683,1.775,0.35977,aʁɑ̃,hareng,0-1-0,/hareng,鰽,target_content_with_gloss,0.679025,1
8586,natif,natif,NOM,C1,0.0683,1.076,0.30925,natif,natif,0-1-0,/natif,土生土长,target_content_with_gloss,0.679025,1
13902,égaler,égaler,VER,C1,0.0683,16.896,2.27495,egale,égal,0-1-1,/égal.er,匹敌；媲美,target_content_with_gloss,0.679025,1
11362,réapparaître,réapparaître,VER,B1,4.6077,5.025,0.58634,ʁeapaʁɛtʁ,apparaître,1-1-0,_ré/apparaître,,target_content_high_frequency_missing_gloss,0.678932,0
1486,blouse,blouse,NOM,B1,4.6068,5.044,1.6534,bluz,blouse,0-1-1,/blous(e).(e),,target_content_high_frequency_missing_gloss,0.678924,0
140,acompte,acompte,NOM,C1,0.0657,3.297,1.28291,akɔ̃t,compte,1-1-0,_a(d)/compte,分期付款；定金,target_content_with_gloss,0.678913,1
255,affligeant,affligeant,ADJ,C1,0.0657,0.573,0.18524,afliʒɑ̃,affliger,0-1-1,/afflig(er).ant,凄然,target_content_with_gloss,0.678913,1
407,allergie,allergie,NOM,C1,0.0657,6.206,1.1834,alɛʁʒi,{ergo},1-1-1,_all(o)/erg(o).ie,过敏；过敏性,target_content_with_gloss,0.678913,1
603,antagonisme,antagonisme,NOM,C1,0.0657,0.203,0.07655,ɑ̃tagonizm,{agon},1-1-1,_ant(i)/{agon}.isme,对抗,target_content_with_gloss,0.678913,1
637,antistatique,antistatique,ADJ,C1,0.0657,0.016,0.00459,ɑ̃tistatik,{stat},1-1-1,_anti/{stat}.ique,防静电,target_content_with_gloss,0.678913,1
682,appelé,appelé,NOM,C1,0.0657,5.642,46.78659,apəle,appel,0-1-1,/appel.é,称为,target_content_with_gloss,0.678913,1
881,asservissement,asservissement,NOM,C1,0.0657,0.218,0.09798,asɛʁvisəmɑ̃,serf,1-1-2,_a(d)/s/serv(ir).iss.ement,伺服；顺从,target_content_with_gloss,0.678913,1
901,assombrir,assombrir,VER,C1,0.0657,1.532,0.22198,asɔ̃bʁiʁ,sombre,1-1-1,_a(d)/s/sombr(e).ir,发黑,target_content_with_gloss,0.678913,1
922,astrologie,astrologie,NOM,C1,0.0657,0.842,0.28475,astʁoloʒi,astrologie,1-0-1,_astro.logie,星术,target_content_with_gloss,0.678913,1
931,astéroïde,astéroïde,NOM,C1,0.0657,3.225,0.43478,asteʁoid,astre,0-1-1,/aster.oïde,小行星；爆破彗星,target_content_with_gloss,0.678913,1
952,atroce,atroce,ADJ,C1,0.0657,8.585,2.8368,atʁɔs,atroce,0-1-0,/atroce,苦不堪言,target_content_with_gloss,0.678913,1
1208,baise,baise,NOM,C1,0.0657,5.453,5.72107,bɛz,baiser,0-1-1,/bais(er).e,百色；百色市,target_content_with_gloss,0.678913,1
1741,bruyamment,bruyamment,ADV,C1,0.0657,1.044,0.45622,bʁɥijamɑ̃,bruire,0-1-2,/bru(ire)/y.a(nt)/m.ment,大声；轰然,target_content_with_gloss,0.678913,1
1753,buis,buis,NOM,C1,0.0657,0.035,0.01378,bɥi,buis,0-1-0,/buis,黄杨,target_content_with_gloss,0.678913,1
1864,calcium,calcium,NOM,C1,0.0657,2.022,0.66901,kalsjɔm,chaux,0-1-1,/{calc}.ium,钙,target_content_with_gloss,0.678913,1
1951,capitalisation,capitalisation,NOM,C1,0.0657,0.101,0.04287,kapitalizasjɔ̃,capital,0-1-2,/capital.is.ation,融资,target_content_with_gloss,0.678913,1
2013,carotte,carotte,ADJ,C1,0.0657,0.37,1.11298,kaʁɔt,carotte,0-1-1,/carott(e).e,胡萝卜,target_content_with_gloss,0.678913,1
2016,carpe,carpe,NOM,C1,0.0657,2.161,0.62002,kaʁp,carpe,0-1-1,/carp(e).e,鲤鱼；鲫鱼,target_content_with_gloss,0.678913,1
2070,castration,castration,NOM,C1,0.0657,0.557,0.20055,kastʁasjɔ̃,castrer,0-1-1,/castr(er).ation,腐刑,target_content_with_gloss,0.678913,1
2140,cercler,cercler,VER,C1,0.0657,0.222,5.47612,sɛʁkle,cercle,0-1-1,/cercl(e).er,箍,target_content_with_gloss,0.678913,1
2204,chaos,chaos,NOM,C1,0.0657,13.456,4.79179,kao,chaos,0-1-0,/chaos,混乱；混沌,target_content_with_gloss,0.678913,1
2228,chariot,chariot,NOM,C1,0.0657,12.965,3.02817,ʃaʁjo,char,0-1-1,/char.iot,推车；斗车,target_content_with_gloss,0.678913,1
2518,clocher,clocher,VER,C1,0.0657,12.832,9.05542,kloʃe,cloche,0-1-1,/cloch(e).er,钟楼,target_content_with_gloss,0.678913,1
2526,cloporte,cloporte,NOM,C1,0.0657,0.307,0.05664,klopɔʁt,cloporte,0-1-0,/cloporte,蛜蝛；鼠妇,target_content_with_gloss,0.678913,1
2550,cochonnet,cochonnet,NOM,C1,0.0657,0.266,0.05664,koʃonɛ,cochon,0-1-1,/cochon[n].et,小猪,target_content_with_gloss,0.678913,1
2683,commode,commode,ADJ,C1,0.0657,2.715,1.9305,komɔd,mode,1-1-0,_com/mode,五斗柜；便捷,target_content_with_gloss,0.678913,1
2729,complaisant,complaisant,ADJ,C1,0.0657,0.604,0.15769,kɔ̃plɛzɑ̃,plaire,1-1-1,_com/plaisan(t).ant,娓；娩,target_content_with_gloss,0.678913,1
2930,connerie,connerie,NOM,C1,0.0657,73.775,17.12186,kɔnəʁi,con,0-1-0,/con[n],黑屁,target_content_with_gloss,0.678913,1
2949,consentement,consentement,NOM,C1,0.0657,4.975,1.74066,kɔ̃sɑ̃təmɑ̃,sentir,1-1-1,_con/sent(ir).ement,允诺,target_content_with_gloss,0.678913,1
3152,coque,coque,NOM,C1,0.0657,6.006,1.66412,kɔk,coque,0-1-0,/coque,鸟尾蛤；鸟蛤,target_content_with_gloss,0.678913,1
3396,croûte,croûte,NOM,C1,0.0657,4.174,1.4207,kʁut,croûte,0-1-1,/croût(e).e,结壳,target_content_with_gloss,0.678913,1
3531,cône,cône,NOM,C1,0.0657,1.943,0.39957,kon,"cô,e",0-1-0,/cône,圆锥,target_content_with_gloss,0.678913,1
3552,damer,damer,VER,C1,0.0657,11.358,19.24066,dame,dame,0-1-1,/dam(e).er,夯,target_content_with_gloss,0.678913,1
3688,diapo,diapo,NOM,C1,0.0657,0.997,0.22658,djapo,positif,0-1-0,/diapo(sitive),幻灯,target_content_with_gloss,0.678913,1
3808,dissymétrique,dissymétrique,ADJ,C1,0.0657,0.013,0.00306,disimetʁik,mètre,2-1-1,_dis_sym/métr(e).ique,不对称,target_content_with_gloss,0.678913,1
3897,dompter,dompter,VER,C1,0.0657,1.601,0.37201,dɔ̃pte,dompter,0-1-1,/dompt(er).er,制伏；制服,target_content_with_gloss,0.678913,1
4008,déambulation,déambulation,NOM,C1,0.0657,0.028,0.00765,deɑ̃bylasjɔ̃,ambulant,1-1-1,_dé/ambul(ant).ation,行走,target_content_with_gloss,0.678913,1
4132,décédé,décédé,ADJ,C1,0.0657,5.636,3.50122,desede,céder,1-1-1,_dé/{ced/(ss)}.é,死于,target_content_with_gloss,0.678913,1
4372,désagrément,désagrément,NOM,C1,0.0657,1.627,0.42407,dezagʁemɑ̃,gré,1-1-0,_dés/agrément,烦恼,target_content_with_gloss,0.678913,1
4426,déséquilibre,déséquilibre,NOM,C1,0.0657,1.193,0.52205,dezekilibʁ,équilibre,1-1-0,_dés/équilibre,不平衡；失衡,target_content_with_gloss,0.678913,1
4433,détecteur,détecteur,ADJ,C1,0.0657,1.285,2.40355,detɛktœʁ,§detect§,0-1-1,/§detect§.eur,报警器；探测器,target_content_with_gloss,0.678913,1
4471,dévisser,dévisser,VER,C1,0.0657,1.111,0.16993,devise,vis,1-1-1,_dé/vis[s].er,拧开,target_content_with_gloss,0.678913,1
4622,encombrant,encombrant,ADJ,C1,0.0657,0.734,0.21127,ɑ̃kɔ̃bʁɑ̃,encombrer,0-1-1,/encombr(er).ant,臃肿,target_content_with_gloss,0.678913,1
4749,entre-deux,entre-deux,NOM,C1,0.0657,0.323,0.12707,ɑ̃tʁədø,deux,1-1-0,_entre/deux,间隙,target_content_with_gloss,0.678913,1
4998,exprès,exprès,ADJ,C1,0.0657,16.63,7.51225,ɛkspʁɛ,presser,1-1-0,_ex/pres(ser),成心；故意,target_content_with_gloss,0.678913,1
5383,fondu,fondu,NOM,C1,0.0657,0.655,1.93662,fɔ̃dy,fond,0-1-0,/fond,融合的,target_content_with_gloss,0.678913,1
5426,fortuit,fortuit,ADJ,C1,0.0657,1.275,0.26179,fɔʁtɥi,fortuit,0-1-0,/fortuit,偶然,target_content_with_gloss,0.678913,1
5621,fâcherie,fâcherie,NOM,C1,0.0657,0.022,0.00765,faʃəʁi,fâcher,0-1-1,/fâch(er).erie,不和,target_content_with_gloss,0.678913,1
5628,fécule,fécule,NOM,C1,0.0657,0.136,0.04133,fekyl,fécule,0-1-0,/fécul(e),芡,target_content_with_gloss,0.678913,1
5896,gravure,gravure,NOM,C1,0.0657,1.506,0.37355,gʁavyʁ,grave,0-1-1,/grav(er).ure,凹版；版画,target_content_with_gloss,0.678913,1
6078,halo,halo,NOM,C1,0.0657,1.63,0.38579,alo,halo,0-1-0,/halo,光晕；光环,target_content_with_gloss,0.678913,1
6255,huissier,huissier,NOM,C1,0.0657,2.832,0.68432,ɥisje,huis,0-1-1,/huis[s].ier,镇长,target_content_with_gloss,0.678913,1
6606,inconsidéré,inconsidéré,ADJ,C1,0.0657,0.671,0.15615,ɛ̃kɔ̃sideʁe,considérer,1-1-1,_in/considér(er).é,不周；冒失,target_content_with_gloss,0.678913,1
6640,indigent,indigent,ADJ,C1,0.0657,0.222,0.14238,ɛ̃diʒɑ̃,indigence,0-1-1,/indig(ence).ent,困苦；贫寒,target_content_with_gloss,0.678913,1
6763,infructueux,infructueux,ADJ,C1,0.0657,0.361,0.06124,ɛ̃fʁyktɥø,fruit,1-1-1,_in/fru(i)[c]t.ueux,不利；未果,target_content_with_gloss,0.678913,1
6940,interférer,interférer,VER,C1,0.0657,6.006,1.35487,ɛ̃tɛʁfeʁe,{fer},1-1-1,_inter/{fer}.er,插手,target_content_with_gloss,0.678913,1
7060,inébranlablement,inébranlablement,ADV,C1,0.0657,0.013,0.00612,inebʁɑ̃labləmɑ̃,branler,2-1-2,_in_é/branl(e).able.ment,傲然,target_content_with_gloss,0.678913,1
7150,jaser,jaser,VER,C1,0.0657,2.098,0.53123,ʒaze,jaser,0-1-1,/jas(er).er,喋喋不休；聊天,target_content_with_gloss,0.678913,1
7173,jeûne,jeûne,NOM,C1,0.0657,0.88,0.40723,ʒøn,jeun,0-1-0,/jeun,断绝；空心,target_content_with_gloss,0.678913,1
7183,joint,joint,NOM,C1,0.0657,6.981,3.48592,ʒwɛ̃,joindre,0-1-1,/join(dre).t,连带,target_content_with_gloss,0.678913,1
7325,lancer,lancer,NOM,C1,0.0657,5.902,12.06062,lɑ̃se,lancer,0-1-1,/lanc(er).er,发动；发射,target_content_with_gloss,0.678913,1
7364,lauréat,lauréat,NOM,C1,0.0657,0.627,0.26791,loʁea,laurier,0-1-1,/laur(ier).éat,获奖者,target_content_with_gloss,0.678913,1
7475,literie,literie,NOM,C1,0.0657,0.437,0.16534,litəʁi,lit,0-1-1,/lit.erie,寝具；床上用品,target_content_with_gloss,0.678913,1
7771,malveillant,malveillant,ADJ,C1,0.0657,1.778,0.4011,malvɛjɑ̃,mal,0-2-1,/mal/veill(er).ant,阴鸷,target_content_with_gloss,0.678913,1
7805,manipulateur,manipulateur,NOM,C1,0.0657,3.047,0.68892,manipylatœʁ,main,0-1-1,/manipul(er).ateur,后台,target_content_with_gloss,0.678913,1
7877,marmaille,marmaille,NOM,C1,0.0657,0.12,0.05664,maʁmaj,marmot,0-1-1,/marm(ot).aille,小朋友,target_content_with_gloss,0.678913,1
8402,museler,museler,VER,C1,0.0657,0.509,0.10257,myzəle,museau,0-1-1,/muse(au)/l.er,口吻,target_content_with_gloss,0.678913,1
8725,notice,notice,NOM,C1,0.0657,1.642,0.52511,notis,noter,0-1-1,/not(er).ice,通告,target_content_with_gloss,0.678913,1
8751,noyau,noyau,NOM,C1,0.0657,4.927,1.1436,nwajo,noyau,0-1-0,/noyau,中枢；核心,target_content_with_gloss,0.678913,1
8840,obstination,obstination,NOM,C1,0.0657,0.829,0.37355,ɔpstinasjɔ̃,obstiner,0-1-1,/obstin(er).ation,牛心；牛性,target_content_with_gloss,0.678913,1
8875,octroyer,octroyer,VER,C1,0.0657,0.994,0.11176,ɔktʁwaje,octroyer,0-1-1,/octro(yer)/i.er,赏赐；赐予,target_content_with_gloss,0.678913,1
8945,opportunément,opportunément,ADV,C1,0.0657,0.07,0.03368,opɔʁtynemɑ̃,port,1-1-2,_o(b)/p/port.uné.ment,巧,target_content_with_gloss,0.678913,1
9018,original,original,NOM,C1,0.0657,8.519,6.90141,oʁiʒinal,origine,0-1-1,/origin(e).al,不俗；创意,target_content_with_gloss,0.678913,1
9160,papoter,papoter,VER,C1,0.0657,2.987,0.80374,papote,papoter,0-1-1,/papot(er).er,打瓜,target_content_with_gloss,0.678913,1
9206,pardessus,pardessus,NOM,C1,0.0657,0.759,0.24801,paʁdəsy,par,0-2-0,/par/dessus,外套；大衣,target_content_with_gloss,0.678913,1
9313,passeur,passeur,NOM,C1,0.0657,2.136,0.43019,pasœʁ,pas,0-1-1,/pas[s].eur,船夫,target_content_with_gloss,0.678913,1
9314,passif,passif,NOM,C1,0.0657,0.937,0.95683,pasif,passion,0-1-1,/pass(ion).if,外向；消极,target_content_with_gloss,0.678913,1
9644,piétinement,piétinement,NOM,C1,0.0657,0.111,0.0444,pjetinəmɑ̃,pied,0-1-2,/pie(d)/t.in.ement,蹀,target_content_with_gloss,0.678913,1
9690,plaquer,plaquer,VER,C1,0.0657,9.06,6.44979,plake,plaque,0-1-1,/plaqu(e).er,鋈,target_content_with_gloss,0.678913,1
9740,plutonium,plutonium,NOM,C1,0.0657,1.775,0.35364,plytonjɔm,Pluton,0-1-1,/Pluton.§ium§,钚；钸,target_content_with_gloss,0.678913,1
9941,poudrière,poudrière,NOM,C1,0.0657,0.335,0.14544,pudʁijɛʁ,poudre,0-1-1,/poudr(e).ière,闪点,target_content_with_gloss,0.678913,1
10098,profanation,profanation,NOM,C1,0.0657,0.462,0.17453,pʁofanasjɔ̃,profane,0-1-1,/profan(e).ation,糟蹋,target_content_with_gloss,0.678913,1
10199,prospérer,prospérer,VER,C1,0.0657,2.627,1.20943,pʁɔspeʁe,prospère,0-1-1,/prospèr(e).er,兴起,target_content_with_gloss,0.678913,1
10366,prêcher,prêcher,VER,C1,0.0657,4.503,0.56185,pʁeʃe,prêcher,0-1-1,/prêch(er).er,传教；传道,target_content_with_gloss,0.678913,1
10442,putain,putain,NOM,C1,0.0657,291.794,29.13962,pytɛ̃,pute,0-1-1,/put(e).ain,他妈；妈了个巴子,target_content_with_gloss,0.678913,1
10653,railler,railler,VER,C1,0.0657,1.098,0.11329,ʁaje,railler,0-1-1,/raill(er).er,挖苦,target_content_with_gloss,0.678913,1
10739,rattrapage,rattrapage,NOM,C1,0.0657,1.222,0.44244,ʁatʁapaʒ,attraper,1-1-1,_r/attrap(er).age,赶工；追上,target_content_with_gloss,0.678913,1
10748,ravi,ravi,ADJ,C1,0.0657,6.345,19.27893,ʁavi,ravir,0-1-1,/rav(ir).i,兴奋；愉悦,target_content_with_gloss,0.678913,1
10806,reconstruction,reconstruction,NOM,C1,0.0657,2.873,1.06552,ʁəkɔ̃stʁyksjɔ̃,construire,1-1-1,_re/constru(ire)/ct.ion,重构,target_content_with_gloss,0.678913,1
10831,reculé,reculé,ADJ,C1,0.0657,0.889,0.85732,ʁəkyle,cul,1-1-1,_re/cul.é,偏僻；偏远,target_content_with_gloss,0.678913,1
10901,relaxation,relaxation,NOM,C1,0.0657,1.06,0.43019,ʁəlaksasjɔ̃,{lax},1-1-1,_re/{lax}.ation,走扁带,target_content_with_gloss,0.678913,1
10920,relâchement,relâchement,NOM,C1,0.0657,0.396,0.17912,ʁəlaʃəmɑ̃,lâche,1-1-1,_re/lâch(e).ement,走扁带,target_content_with_gloss,0.678913,1
11093,resurgir,resurgir,VER,C1,0.0657,0.737,0.15462,ʁəsyʁʒiʁ,surgir,1-1-1,_re/surg(ir).ir,再起,target_content_with_gloss,0.678913,1
11453,réguler,réguler,VER,C1,0.0657,1.351,0.24801,ʁegyle,règle,0-1-1,/rég[u]l(e).er,调控；调节,target_content_with_gloss,0.678913,1
11567,rétrécissement,rétrécissement,NOM,C1,0.0657,0.237,0.09951,ʁetʁesisəmɑ̃,étroit,1-0-2,_r.iss.ement,局限性,target_content_with_gloss,0.678913,1
12321,stupidité,stupidité,NOM,C1,0.0657,3.222,1.26914,stypidite,stupeur,0-1-2,/stup(eur).id(e).ité,傻劲儿；惊愕,target_content_with_gloss,0.678913,1
12406,suivi,suivi,ADJ,C1,0.0657,2.475,17.34691,sɥivi,suivre,0-1-1,/suiv(re).i,后续；心理咨询,target_content_with_gloss,0.678913,1
12662,tam-tam,tam-tam,NOM,C1,0.0657,0.604,0.12554,tamtam,tam,0-2-0,/tam/tam,锣,target_content_with_gloss,0.678913,1
12725,teindre,teindre,VER,C1,0.0657,2.873,2.11574,tɛ̃dʁ,teindre,0-1-1,/tein(dre).dre,擩；染,target_content_with_gloss,0.678913,1
12764,tenture,tenture,NOM,C1,0.0657,0.348,0.09492,tɑ̃tyʁ,tendre,0-1-1,/ten(dre).ture,帷幕,target_content_with_gloss,0.678913,1
12928,torturer,torturer,VER,C1,0.0657,22.025,5.1041,tɔʁtyʁe,torture,0-1-1,/tortur(e).er,折腾；揉搓,target_content_with_gloss,0.678913,1
13148,tromperie,tromperie,NOM,C1,0.0657,2.788,0.95224,tʁɔ̃pəʁi,tromper,0-1-1,/tromp(er).erie,花活；虚谎,target_content_with_gloss,0.678913,1
13204,tumultueux,tumultueux,ADJ,C1,0.0657,0.623,0.12094,tymyltɥø,tumulte,0-1-1,/tumult(e).ueux,哗然；嘈杂,target_content_with_gloss,0.678913,1
13286,unanimement,unanimement,ADV,C1,0.0657,0.152,0.07195,ynaniməmɑ̃,un,0-2-1,/un/anime.ment,一致,target_content_with_gloss,0.678913,1
13317,uriner,uriner,VER,C1,0.0657,2.984,2.47704,yʁine,urine,0-1-1,/urin(e).er,便溺；小便,target_content_with_gloss,0.678913,1
13549,vigoureusement,vigoureusement,ADV,C1,0.0657,0.491,0.22198,viguʁøzəmɑ̃,vigueur,0-1-2,/vig(ueu/ou)r.euse.ment,可劲；大力,target_content_with_gloss,0.678913,1
13601,visser,visser,VER,C1,0.0657,1.648,0.17453,vise,vis,0-1-1,/vis[s].er,拧,target_content_with_gloss,0.678913,1
13699,voûte,voûte,NOM,C1,0.0657,1.889,0.4899,vut,voûte,0-1-0,/voûte,拱状,target_content_with_gloss,0.678913,1
13953,élevé,élevé,ADJ,C1,0.0657,25.411,10.56491,ɛləve,lever,1-1-1,_é/lev(er).é,高昂；高架,target_content_with_gloss,0.678913,1
13969,éluder,éluder,VER,C1,0.0657,0.703,0.09798,elyde,ludothèque,1-1-1,_é/lud(othèque).er,规避,target_content_with_gloss,0.678913,1
14176,étreindre,étreindre,VER,C1,0.0657,2.282,0.72413,etʁɛ̃dʁ,étreindre,0-1-1,/étreind(re).re,抱紧；拥抱,target_content_with_gloss,0.678913,1
14219,évider,évider,VER,C1,0.0657,0.278,12.12645,evide,vider,1-1-1,_é/vid(er).er,开挖；掏空,target_content_with_gloss,0.678913,1
14220,évier,évier,NOM,C1,0.0657,5.241,1.92897,evje,eau,0-1-0,/évier,水池,target_content_with_gloss,0.678913,1
4486,ecchymose,ecchymose,NOM,C1,0.0654,1.677,0.50367,ekimoz,ecchymose,0-1-0,/ecchymose,撞伤；皮外伤,target_content_with_gloss,0.6789,1
5649,férocité,férocité,NOM,C1,0.0654,0.491,0.20974,feʁosite,féroce,0-1-1,/féroc(e).ité,凶恶,target_content_with_gloss,0.6789,1
7768,maltais,maltais,ADJ,C1,0.0654,0.203,0.08114,maltɛ,Malte,0-1-1,/Malt(e).ais,马尔他人,target_content_with_gloss,0.6789,1
36,abruti,abruti,NOM,C1,0.0652,22.782,7.6929,abʁyti,brute,1-1-1,_a(d)/brut(e).i,笨伯,target_content_with_gloss,0.678892,1
197,admission,admission,NOM,C1,0.0652,4.94,1.29976,admisjɔ̃,mission,1-1-1,_ad/miss(ion).sion,准入,target_content_with_gloss,0.678892,1
285,agglutiner,agglutiner,VER,C1,0.0652,0.269,0.03521,aglytine,gluten,1-1-1,_a(d)g/glut(e/i)n.er,胶着,target_content_with_gloss,0.678892,1
655,apeuré,apeuré,ADJ,C1,0.0652,1.297,0.41182,apœʁe,peur,1-1-1,_a(d)/peur.é,惊魂,target_content_with_gloss,0.678892,1
657,apocalypse,apocalypse,NOM,C1,0.0652,5.997,1.8019,apokalips,apocalypse,0-1-0,/apocalypse,启示录,target_content_with_gloss,0.678892,1
696,approbation,approbation,NOM,C1,0.0652,4.899,2.00398,apʁobasjɔ̃,preuve,1-1-0,_a(d)/p/probat(ion),准许,target_content_with_gloss,0.678892,1
749,arc-en-ciel,arc-en-ciel,NOM,C1,0.0652,3.661,1.27067,aʁkɑ̃sjɛl,arc,0-2-0,/arc-en/ciel,䗖蝀；五色,target_content_with_gloss,0.678892,1
905,assoupir,assoupir,VER,C1,0.0652,1.788,0.37355,asupiʁ,assoupi,0-1-1,/assoup(ir).ir,打瞌睡；缓和,target_content_with_gloss,0.678892,1
960,attaquant,attaquant,NOM,C1,0.0652,1.389,0.98745,atakɑ̃,attaque,0-1-1,/attaqu(er).ant,攻击者,target_content_with_gloss,0.678892,1
998,attrister,attrister,VER,C1,0.0652,2.421,0.60165,atʁiste,triste,1-1-1,_a(d)/trist(e).er,难受,target_content_with_gloss,0.678892,1
1066,autochtone,autochtone,ADJ,C1,0.0652,0.326,0.36589,otoktɔn,{chtone},1-1-0,_aut(o)/{chtone},乡土；土着,target_content_with_gloss,0.678892,1
1196,bagatelle,bagatelle,NOM,C1,0.0652,0.845,0.29241,bagatɛl,bagatelle,0-1-0,/bagatelle,小事；小节,target_content_with_gloss,0.678892,1
1235,balustrade,balustrade,NOM,C1,0.0652,0.601,0.19137,balystʁad,balustre,0-1-1,/balustr(e).ade,扶手；栏杆,target_content_with_gloss,0.678892,1
1438,biscuit,biscuit,NOM,C1,0.0652,14.921,3.10318,biskɥi,cuit,1-1-0,_bis/cuit,饼干,target_content_with_gloss,0.678892,1
1550,bosse,bosse,NOM,C1,0.0652,6.858,9.78873,bɔs,bosse,0-1-1,/boss(e).e,包,target_content_with_gloss,0.678892,1
1699,brise,brise,NOM,C1,0.0652,5.006,5.35824,bʁiz,brise,0-1-0,/brise,和风；微风,target_content_with_gloss,0.678892,1
1717,brouiller,brouiller,VER,C1,0.0652,7.108,1.00888,bʁuje,brouiller,0-1-1,/brouill(er).er,混淆,target_content_with_gloss,0.678892,1
1773,butin,butin,NOM,C1,0.0652,5.823,1.95958,bytɛ̃,but(t)er,0-1-0,/butin,成果；战利品,target_content_with_gloss,0.678892,1
1781,bâcler,bâcler,VER,C1,0.0652,2.133,0.53276,bakle,bâcler,0-1-1,/bâcl(er).er,搪塞；敷衍,target_content_with_gloss,0.678892,1
2212,chapelet,chapelet,NOM,C1,0.0652,1.155,0.32149,ʃapəlɛ,cape,0-1-1,/chape(au)/l.et,玫瑰念珠,target_content_with_gloss,0.678892,1
2297,chevron,chevron,NOM,C1,0.0652,0.737,0.17453,ʃəvʁɔ̃,chèvre,0-1-1,/chèvr(e).on,人字形,target_content_with_gloss,0.678892,1
2430,circonspect,circonspect,ADJ,C1,0.0652,0.171,0.04899,siʁkɔ̃spɛ,spect(ateur),2-1-0,_1_circon/spect(ateur),翼翼,target_content_with_gloss,0.678892,1
2702,communiste,communiste,ADJ,C1,0.0652,5.924,1.59829,komynist,un,1-1-1,_com[m]/un.iste,共产；共产党人,target_content_with_gloss,0.678892,1
2792,compétitif,compétitif,ADJ,C1,0.0652,2.367,0.49908,kɔ̃petitif,{pét},1-1-1,_com/{pét}.itif,争强好胜,target_content_with_gloss,0.678892,1
2831,concordance,concordance,NOM,C1,0.0652,0.741,0.28016,kɔ̃kɔʁdɑ̃s,{cord}/coeur,1-1-1,_con/{cord}.ance,相符,target_content_with_gloss,0.678892,1
3278,courtier,courtier,NOM,C1,0.0652,3.168,0.81751,kuʁtje,court,0-1-1,/court(ier).ier,仲介；牙人,target_content_with_gloss,0.678892,1
3315,craintif,craintif,ADJ,C1,0.0652,0.722,0.1485,kʁɛ̃tif,craindre,0-1-1,/craind(re)/[t].if,心惊；忐忑不安,target_content_with_gloss,0.678892,1
3326,crasseux,crasseux,ADJ,C1,0.0652,1.93,0.594,kʁasø,crasse,0-1-1,/cras(se).eux,污糟,target_content_with_gloss,0.678892,1
3331,cresson,cresson,NOM,C1,0.0652,0.231,0.09186,kʁesɔ̃,cresson,0-1-0,/cresson,芹,target_content_with_gloss,0.678892,1
3353,crinière,crinière,NOM,C1,0.0652,0.845,0.31384,kʁinjɛʁ,crin,0-1-1,/crin.ière,鬣毛,target_content_with_gloss,0.678892,1
3648,dessécher,dessécher,VER,C1,0.0652,2.171,0.26179,deseʃe,sec,1-1-1,_dés/sec[h].er,干燥,target_content_with_gloss,0.678892,1
3812,distancer,distancer,VER,C1,0.0652,1.918,10.64605,distɑ̃se,stable,1-1-2,_dis/sta(ble).anc(e).er,隔,target_content_with_gloss,0.678892,1
3921,douane,douane,NOM,C1,0.0652,5.636,1.06705,dwan,douane,0-1-0,/douan(e),海关；海关总署,target_content_with_gloss,0.678892,1
4042,décadence,décadence,NOM,C1,0.0652,0.883,0.37661,dekadɑ̃s,décadence,0-1-1,/décad(ence).ence,没落；雕谢,target_content_with_gloss,0.678892,1
4047,décapiter,décapiter,VER,C1,0.0652,5.826,0.88487,dekapite,capitale,1-1-1,_dé/capit(ale).er,刭；斩,target_content_with_gloss,0.678892,1
4179,défunt,défunt,NOM,C1,0.0652,4.111,2.09584,defœ̃,défunt,0-1-0,/défunt,已故；死者,target_content_with_gloss,0.678892,1
4243,démence,démence,NOM,C1,0.0652,2.915,1.08236,demɑ̃s,dément,0-1-1,/dém(ent).ence,痴呆,target_content_with_gloss,0.678892,1
4261,démoniaque,démoniaque,ADJ,C1,0.0652,4.633,1.28291,demonjak,démon,0-1-1,/démon.iaque,天魔,target_content_with_gloss,0.678892,1
4277,dénaturer,dénaturer,VER,C1,0.0652,0.358,0.09951,denatyʁe,nature,1-1-1,_dé/natur(e).er,歪曲,target_content_with_gloss,0.678892,1
4334,dépouille,dépouille,NOM,C1,0.0652,1.899,0.77924,depuj,dépouiller,0-1-1,/dépouill(er).e,遗体,target_content_with_gloss,0.678892,1
4621,enclos,enclos,NOM,C1,0.0652,1.804,0.61237,ɑ̃klo,clore,1-1-1,_en/clo(re).s,囗；圈,target_content_with_gloss,0.678892,1
4766,entrevoir,entrevoir,VER,C1,0.0652,1.535,1.66105,ɑ̃tʁəvwaʁ,voir,1-1-0,_entre/voir,隐约看见；隐约预感,target_content_with_gloss,0.678892,1
4810,escarpé,escarpé,ADJ,C1,0.0652,0.323,0.07961,ɛskaʁpe,escarpé,0-1-1,/escarp(é).é,陡峭,target_content_with_gloss,0.678892,1
5014,extasier,extasier,VER,C1,0.0652,0.791,0.11023,ɛkstazje,stase,1-1-1,_ex/(s)tas(e).ier,出神；赞叹,target_content_with_gloss,0.678892,1
5029,extrémiste,extrémiste,NOM,C1,0.0652,1.389,0.57257,ɛkstʁemist,extrême,0-1-1,/extrêm(e).iste,偏激；极端,target_content_with_gloss,0.678892,1
5304,flambée,flambée,NOM,C1,0.0652,0.405,0.19596,flɑ̃be,flamme,0-1-1,/flamb(er).ée,熛,target_content_with_gloss,0.678892,1
5320,fleuron,fleuron,NOM,C1,0.0652,0.263,0.09951,flœʁɔ̃,fleur,0-1-1,/fleur.on,小花；花边,target_content_with_gloss,0.678892,1
5336,flouer,flouer,VER,C1,0.0652,0.478,0.80067,flue,flou,0-1-1,/flou.er,骗取,target_content_with_gloss,0.678892,1
5424,fortification,fortification,NOM,C1,0.0652,0.421,0.12094,fɔʁtifikasjɔ̃,fort,0-1-2,/fort.ifi.cation,要塞,target_content_with_gloss,0.678892,1
5470,fracasser,fracasser,VER,C1,0.0652,3.291,0.6139,fʁakase,fracasser,0-1-1,/fracass(er).er,猛力击碎,target_content_with_gloss,0.678892,1
5561,fructifier,fructifier,VER,C1,0.0652,0.453,0.18677,fʁyktifje,fruit,0-1-2,/fruct(ueux).ifi.er,出产,target_content_with_gloss,0.678892,1
5713,garnison,garnison,NOM,C1,0.0652,2.184,0.57563,gaʁnizɔ̃,garnir,0-1-1,/garn(ir).ison,警备；驻军,target_content_with_gloss,0.678892,1
5778,giroflée,giroflée,NOM,C1,0.0652,0.07,0.01531,ʒiʁofle,girofle,0-1-1,/girofl(e).ée,紫罗兰,target_content_with_gloss,0.678892,1
5923,grincer,grincer,VER,C1,0.0652,2.506,0.49449,gʁɛ̃se,grincer,0-1-1,/grinc(er).er,咿,target_content_with_gloss,0.678892,1
6092,hangar,hangar,NOM,C1,0.0652,7.089,1.89069,ɑ̃gaʁ,hangar,0-1-0,/hangar,小屋；库房,target_content_with_gloss,0.678892,1
6276,humoriste,humoriste,NOM,C1,0.0652,0.535,0.18371,ymoʁist,humeur,0-1-1,/hum(eu/o)r.iste,诙谐,target_content_with_gloss,0.678892,1
6415,immaculé,immaculé,ADJ,C1,0.0652,1.873,0.32609,imakyle,maculer,1-1-1,_i(n)/m/macul(er).é,洁白,target_content_with_gloss,0.678892,1
6547,inaltérable,inaltérable,ADJ,C1,0.0652,0.155,0.06124,inalteʁabl,autre,1-1-1,_in/altér(er).able,铁定,target_content_with_gloss,0.678892,1
6739,inflation,inflation,NOM,C1,0.0652,1.184,0.41335,ɛ̃flasjɔ̃,{flation},1-1-0,_in/{flation},通胀；通货膨胀,target_content_with_gloss,0.678892,1
6765,infusion,infusion,NOM,C1,0.0652,0.905,0.32456,ɛ̃fyzjɔ̃,fuser,1-1-1,_in/fus(er).ion,浸剂,target_content_with_gloss,0.678892,1
6768,infériorité,infériorité,NOM,C1,0.0652,0.953,0.41488,ɛ̃feʁjoʁite,inférieur,0-1-2,/inféri(eur).or.ité,低等；劣质,target_content_with_gloss,0.678892,1
6853,insouciant,insouciant,ADJ,C1,0.0652,2.275,0.46234,ɛ̃susjɑ̃,souci,1-1-1,_in/souci.ant,优柔；大大咧咧,target_content_with_gloss,0.678892,1
6873,instigation,instigation,NOM,C1,0.0652,0.098,0.04593,ɛ̃stigasjɔ̃,instiguer,0-1-1,/instig(uer).ation,旨意,target_content_with_gloss,0.678892,1
6929,interconnexion,interconnexion,NOM,C1,0.0652,0.149,0.02909,ɛ̃tɛʁkɔnɛksjɔ̃,connexion,1-1-0,_inter/connexion,互连；相接,target_content_with_gloss,0.678892,1
7047,investisseur,investisseur,NOM,C1,0.0652,6.816,1.53552,ɛ̃vɛstisœʁ,veste,1-1-2,_in/vest(e).iss.eur,投资人；投资者,target_content_with_gloss,0.678892,1
7070,iode,iode,NOM,C1,0.0652,0.851,0.31996,jɔd,iode,0-1-1,/iod(e).e,碘,target_content_with_gloss,0.678892,1
7100,irrémédiable,irrémédiable,ADJ,C1,0.0652,0.364,0.14391,iʁemedjabl,remède,1-1-1,_ir/remèd(e).iable,不可收拾,target_content_with_gloss,0.678892,1
7379,laïque,laïque,NOM,C1,0.0652,0.066,0.11329,laik,laïque,0-1-0,/laïque,世俗；入世,target_content_with_gloss,0.678892,1
7400,lever,lever,NOM,C1,0.0652,5.269,14.96938,ləve,lever,0-1-1,/lev(er).er,初升；提起,target_content_with_gloss,0.678892,1
7447,limpidité,limpidité,NOM,C1,0.0652,0.035,0.01378,lɛ̃pidite,limpide,0-1-1,/limpid(e).ité,透彻；透明度,target_content_with_gloss,0.678892,1
7457,liqueur,liqueur,NOM,C1,0.0652,2.753,0.89406,likœʁ,liqueur,0-1-0,/liqueur,力娇酒；杯中物,target_content_with_gloss,0.678892,1
7460,liquider,liquider,VER,C1,0.0652,5.604,9.45805,likide,liquide,0-1-1,/liquid(e).er,卖掉；吃完,target_content_with_gloss,0.678892,1
7478,littoral,littoral,ADJ,C1,0.0652,0.088,0.26332,litoʁal,littoral,0-1-0,/littoral,沿岸；沿海,target_content_with_gloss,0.678892,1
8015,mercenaire,mercenaire,NOM,C1,0.0652,4.335,1.05175,mɛʁsənɛʁ,{merc},0-1-1,/{merc}.enaire,佣兵；兵痞,target_content_with_gloss,0.678892,1
8018,merde,merde,NOM,C1,0.0652,176.028,45.15309,mɛʁd,merde,0-1-1,/merd(e).e,卧槽；卧草,target_content_with_gloss,0.678892,1
8141,miraculeux,miraculeux,ADJ,C1,0.0652,2.927,0.6981,miʁakylø,miracle,0-1-1,/mirac[u]l(er).eux,神奇,target_content_with_gloss,0.678892,1
8143,mirifique,mirifique,ADJ,C1,0.0652,0.054,0.0199,miʁifik,mirifique,0-1-0,/mirifique,神妙,target_content_with_gloss,0.678892,1
8209,moisir,moisir,VER,C1,0.0652,2.31,0.58941,mwaziʁ,moisir,0-1-1,/mois(ir).ir,发霉,target_content_with_gloss,0.678892,1
8310,mortellement,mortellement,ADV,C1,0.0652,1.089,0.50061,mɔʁtɛləmɑ̃,mort,0-1-2,/mort.elle.ment,要命,target_content_with_gloss,0.678892,1
8326,mou,mou,NOM,C1,0.0652,2.079,2.4158,mu,mou,0-1-0,/mou,松软；柔弱的,target_content_with_gloss,0.678892,1
8330,moue,moue,NOM,C1,0.0652,0.991,0.37814,mu,moue,0-1-0,/moue,噘,target_content_with_gloss,0.678892,1
8345,mousser,mousser,VER,C1,0.0652,0.911,2.34997,muse,mousse,0-1-1,/mouss(e).er,起泡,target_content_with_gloss,0.678892,1
8505,mémorisation,mémorisation,NOM,C1,0.0652,0.133,0.06124,memoʁizasjɔ̃,mémoire,0-1-2,/mémo(i)r(e).is.ation,记忆化,target_content_with_gloss,0.678892,1
8967,oracle,oracle,NOM,C1,0.0652,2.69,0.37967,oʁakl,oracle,0-1-0,/oracle,天启,target_content_with_gloss,0.678892,1
9397,penchant,penchant,NOM,C1,0.0652,2.475,1.00429,pɑ̃ʃɑ̃,pencher,0-1-1,/pench(er).ant,癖好,target_content_with_gloss,0.678892,1
9419,perche,perche,NOM,C1,0.0652,2.424,0.76699,pɛʁʃ,perche,0-1-1,/perch(e).e,撑杆,target_content_with_gloss,0.678892,1
9517,pharaon,pharaon,NOM,C1,0.0652,3.275,0.34905,faʁaɔ̃,Pharaon,0-1-0,/Pharaon,法老,target_content_with_gloss,0.678892,1
9540,phosphate,phosphate,NOM,C1,0.0652,0.297,0.09492,fɔsfat,phosphore,0-1-1,/phosph(ore).ate,磷,target_content_with_gloss,0.678892,1
9589,pilier,pilier,NOM,C1,0.0652,3.997,0.93386,pilje,pile,0-1-1,/pil(e).ier,支柱；柱子,target_content_with_gloss,0.678892,1
9614,piquant,piquant,NOM,C1,0.0652,0.763,0.66748,pikɑ̃,piquer,0-1-1,/piqu(er).ant,刺激性；刺骨,target_content_with_gloss,0.678892,1
9709,pleurnicher,pleurnicher,VER,C1,0.0652,4.364,1.1834,plœʁniʃe,pleur,0-1-2,/pleur[n].ich.er,呜；哭,target_content_with_gloss,0.678892,1
10204,prostitué,prostitué,NOM,C1,0.0652,17.791,3.40171,pʁɔstitɥe,{stitu},1-1-1,_pro/{stitu}.é,相公,target_content_with_gloss,0.678892,1
10672,rambarde,rambarde,NOM,C1,0.0652,0.532,0.1883,ʁɑ̃baʁd,rambarde,0-1-0,/rambarde,栏杆；铁栏,target_content_with_gloss,0.678892,1
10734,rationalité,rationalité,NOM,C1,0.0652,0.231,0.09798,ʁasjonalite,ration,0-1-2,/ration.ité,理性,target_content_with_gloss,0.678892,1
10741,raté,raté,NOM,C1,0.0652,9.554,16.60594,ʁate,rat,0-1-1,/rat.é,未遂,target_content_with_gloss,0.678892,1
11072,resserrer,resserrer,VER,C1,0.0652,2.902,0.50061,ʁəseʁe,serrer,1-1-1,_re[s]/serr(er).er,收紧；紧缩,target_content_with_gloss,0.678892,1
11121,retrousser,retrousser,VER,C1,0.0652,0.835,0.12247,ʁətʁuse,trousser,1-1-1,_re/trouss(er).er,卷起,target_content_with_gloss,0.678892,1
11266,roturier,roturier,ADJ,C1,0.0652,0.149,0.11788,ʁotyʁje,roture,0-1-1,/rotur(e).ier,小民；屁民,target_content_with_gloss,0.678892,1
11275,rouille,rouille,NOM,C1,0.0652,1.491,0.71953,ʁuj,rouille,0-1-1,/rouill(e).e,迟钝,target_content_with_gloss,0.678892,1
11315,ruiné,ruiné,ADJ,C1,0.0652,1.57,5.19749,ʁɥine,ruine,0-1-1,/ruin(e).é,坏掉；颓然,target_content_with_gloss,0.678892,1
11414,réfectoire,réfectoire,NOM,C1,0.0652,0.93,0.32456,ʁefɛktwaʁ,faire,1-1-1,_ré/f(aire).ectoire,餐厅,target_content_with_gloss,0.678892,1
11562,rétracter,rétracter,VER,C1,0.0652,2.709,0.33833,ʁetʁakte,traction,1-1-1,_ré/tract(ion).er,撤回；缩回,target_content_with_gloss,0.678892,1
11594,réécrire,réécrire,VER,C1,0.0652,3.949,0.78077,ʁeekʁiʁ,écrire,1-1-0,_ré/écrire,改写,target_content_with_gloss,0.678892,1
11640,sage-femme,sage-femme,NOM,C1,0.0652,2.209,0.52205,saʒfam,sage,0-2-0,/sage/femme,老娘,target_content_with_gloss,0.678892,1
11704,saoul,saoul,ADJ,C1,0.0652,11.987,2.87967,su,soûl,0-1-0,/§saoûl§,喝醉；醉酒,target_content_with_gloss,0.678892,1
11745,sauvegarder,sauvegarder,VER,C1,0.0652,2.437,0.94764,sovəgaʁde,sauf,0-2-1,/sauve/gard(er).er,保卫；保存,target_content_with_gloss,0.678892,1
11779,schéma,schéma,NOM,C1,0.0652,6.342,1.68708,ʃema,schéma,0-1-0,/schéma,图样；图表,target_content_with_gloss,0.678892,1
11824,secte,secte,NOM,C1,0.0652,5.839,1.25077,sɛkt,secte,0-1-1,/sect(e).e,党派；帮派,target_content_with_gloss,0.678892,1
11904,sevrer,sevrer,VER,C1,0.0652,0.994,0.17912,səvʁe,sevrer,0-1-1,/sevr(er).er,断奶,target_content_with_gloss,0.678892,1
11936,sifflet,sifflet,NOM,C1,0.0652,5.244,1.36405,siflɛ,siffler,0-1-1,/siffl(er).et,哨,target_content_with_gloss,0.678892,1
12196,souverain,souverain,ADJ,C1,0.0652,1.813,0.95989,suvəʁɛ̃,souverain,0-1-0,/souverain,君王；帝王,target_content_with_gloss,0.678892,1
12424,superstition,superstition,NOM,C1,0.0652,3.576,0.87569,sypɛʁstisjɔ̃,{stat},1-1-1,_super/{st(a/i)t}.ition,迷信,target_content_with_gloss,0.678892,1
12846,tinter,tinter,VER,C1,0.0652,1.171,0.13931,tɛ̃te,tinter,0-1-1,/tint(er).er,璆,target_content_with_gloss,0.678892,1
12852,tire-au-flanc,tire-au-flanc,NOM,C1,0.0652,0.453,0.19137,tiʁoflɑ̃,tirer,0-2-0,/tire/flanc,懒蛋,target_content_with_gloss,0.678892,1
12977,toxique,toxique,NOM,C1,0.0652,0.687,2.0545,tɔksik,toxique,0-1-1,/toxi(que).ique,有害；有毒,target_content_with_gloss,0.678892,1
13200,tuile,tuile,NOM,C1,0.0652,1.902,0.3368,tɥil,tuile,0-1-0,/tuile,瓦；瓴,target_content_with_gloss,0.678892,1
13293,uniforme,uniforme,ADJ,C1,0.0652,1.633,8.02817,ynifɔʁm,forme,1-1-0,_uni/forme,一律；一色,target_content_with_gloss,0.678892,1
13460,vernis,vernis,NOM,C1,0.0652,2.867,1.26914,vɛʁni,vernir,0-1-1,/vern(ir).is,琉璃,target_content_with_gloss,0.678892,1
13812,échauffer,échauffer,VER,C1,0.0652,3.339,0.57869,eʃofe,chaud,1-1-1,_é/chau(d)/ff.er,发怒；热身,target_content_with_gloss,0.678892,1
13978,élévation,élévation,NOM,C1,0.0652,0.763,0.28781,elevasjɔ̃,lever,1-1-1,_é/lev(er).ation,举起；升高,target_content_with_gloss,0.678892,1
13980,émanation,émanation,NOM,C1,0.0652,0.57,0.17453,emanasjɔ̃,émaner,0-1-1,/éman(er).ation,反映,target_content_with_gloss,0.678892,1
14198,évangéliser,évangéliser,VER,C1,0.0652,0.066,0.01684,evɑ̃ʒelize,Evangile,0-1-2,/Evangil(e).is.er,传教,target_content_with_gloss,0.678892,1
2223,chardon,chardon,NOM,C1,0.0648,0.307,0.08879,ʃaʁdɔ̃,chardon,0-1-0,/c[h]ardon,蓟,target_content_with_gloss,0.678874,1
8383,multitude,multitude,NOM,B2,3.1528,1.44,0.60318,myltityd,,1-0-1,_multi.tude,万众；人海,target_content_with_gloss,0.678781,1
12295,stocker,stocker,VER,B2,3.1514,5.867,0.78383,stoke,,0-1-1,/§stock§.er,囤积；存储,target_content_with_gloss,0.678766,1
12448,suprême,suprême,ADJ,B2,3.1512,11.968,3.20423,sypʁɛm,,0-1-0,/§suprême§,无上；最高,target_content_with_gloss,0.678764,1
45,absolu,absolu,NOM,C1,0.0614,0.56,1.96418,apsoly,{soudre},1-1-0,_ab/{solu},专制；纯属,target_content_with_gloss,0.678728,1
114,accumulation,accumulation,NOM,C1,0.0614,1.003,0.41947,akymylasjɔ̃,cumul,1-1-1,_a(d)c/cumul(er).ation,堆积；积累,target_content_with_gloss,0.678728,1
159,actualiser,actualiser,VER,C1,0.0614,0.503,0.08267,aktɥalize,actuel,0-1-2,/actu(e)/al.is.ation,更新,target_content_with_gloss,0.678728,1
187,administrateur,administrateur,NOM,C1,0.0614,3.684,0.84813,administʁatœʁ,ministr(e),1-1-1,_ad/ministr(e).ateur,干事；理事,target_content_with_gloss,0.678728,1
401,allaitement,allaitement,NOM,C1,0.0614,0.611,0.22964,alɛtəmɑ̃,lait,1-1-0,_a(d)/l/lait,哺乳,target_content_with_gloss,0.678728,1
432,allégresse,allégresse,NOM,C1,0.0614,0.699,0.29853,alegʁɛs,allègre,0-1-1,/allègr(e).esse,兴高采烈,target_content_with_gloss,0.678728,1
845,arête,arête,NOM,C1,0.0614,0.984,0.23729,aʁɛt,arête,0-1-0,/arête,刺儿；棱角,target_content_with_gloss,0.678728,1
1173,aéronautique,aéronautique,ADJ,C1,0.0614,0.478,0.26638,aeʁonotik,naute,1-1-1,_aéro/naut(e).ique,航空工程,target_content_with_gloss,0.678728,1
1285,baroque,baroque,NOM,C1,0.0614,0.13,0.16993,baʁɔk,baroque,0-1-0,/baroque,巴洛克,target_content_with_gloss,0.678728,1
1560,boucher,boucher,NOM,C1,0.0614,5.12,2.83068,buʃe,bouchon,0-1-0,/bouch(on),堵住；堵塞,target_content_with_gloss,0.678728,1
2280,cheptel,cheptel,NOM,C1,0.0614,0.155,0.06124,ʃɛptɛl,cheptel,0-1-0,/cheptel,畜,target_content_with_gloss,0.678728,1
2390,chômer,chômer,VER,C1,0.0614,0.801,0.19596,ʃome,chômer,0-1-1,/chôm(er).er,停产,target_content_with_gloss,0.678728,1
2919,conjoint,conjoint,ADJ,C1,0.0614,1.152,0.53582,kɔ̃ʒwɛ̃,joindre,1-1-1,_con/joind(re).t,联合；配偶,target_content_with_gloss,0.678728,1
3118,convenu,convenu,ADJ,C1,0.0614,2.38,2.63778,kɔ̃vəny,venir,1-1-1,_con/ven(ir).u,旧调重弹,target_content_with_gloss,0.678728,1
3344,cribler,cribler,VER,C1,0.0614,1.37,0.40263,kʁible,cribler,0-1-1,/cribl(er).er,筛,target_content_with_gloss,0.678728,1
3863,dixième,dixième,NOM,C1,0.0614,1.797,1.14666,dizjɛm,dix,0-1-1,/dix.ième,十位；第十,target_content_with_gloss,0.678728,1
3930,douillet,douillet,ADJ,C1,0.0614,2.484,0.891,dujɛ,douillet,0-1-1,/douill(et).et,娇气；温馨,target_content_with_gloss,0.678728,1
4282,dénigrer,dénigrer,VER,C1,0.0614,2.339,0.43631,denigʁe,dénigrer,0-1-1,/dénigr(er).er,诋毁；贬低,target_content_with_gloss,0.678728,1
4354,dérivé,dérivé,NOM,C1,0.0614,1.025,0.69657,deʁive,rive,1-1-1,_dé/riv(e).é,导出,target_content_with_gloss,0.678728,1
4362,dérouter,dérouter,VER,C1,0.0614,2.003,0.83435,deʁute,route,1-1-1,_dé/rout(e).er,难倒,target_content_with_gloss,0.678728,1
4892,exaltation,exaltation,NOM,C1,0.0614,0.459,0.19902,ɛgzaltasjɔ̃,haut,1-1-1,_ex/alt(ier).ation,兴高采烈,target_content_with_gloss,0.678728,1
4940,exhibitionnisme,exhibitionnisme,NOM,C1,0.0614,0.38,0.15922,ɛgzibisjonizm,{hib},1-1-2,_ex/{hib}.ition[n].isme,裸露狂；野战,target_content_with_gloss,0.678728,1
5311,flatteur,flatteur,ADJ,C1,0.0614,3.753,1.48347,flatœʁ,flatter,0-1-1,/flatt(er).eur,溢美；走狗,target_content_with_gloss,0.678728,1
5335,flou,flou,ADJ,C1,0.0614,6.582,1.89528,flu,flou,0-1-0,/flou,模糊；淡漠,target_content_with_gloss,0.678728,1
5572,frémissement,frémissement,NOM,C1,0.0614,0.225,0.07808,fʁemisəmɑ̃,frémir,0-1-1,/frém(ir).iss,战栗,target_content_with_gloss,0.678728,1
6139,herbivore,herbivore,ADJ,C1,0.0614,0.13,0.08267,ɛʁbivɔʁ,herbe,0-1-1,/herb(e)/i.vore,草食,target_content_with_gloss,0.678728,1
6140,herculéen,herculéen,ADJ,C1,0.0614,0.095,0.02449,ɛʁkyleɛ̃,Hercule,0-1-1,/Hercul(e).éen,大力士,target_content_with_gloss,0.678728,1
6159,hideux,hideux,ADJ,C1,0.0614,3.313,0.82517,idø,hideux,0-1-1,/hid(eux).eux,丑恶；可恶,target_content_with_gloss,0.678728,1
6275,humilié,humilié,ADJ,C1,0.0614,1.421,2.10655,ymilje,humilier,0-1-1,/humili(er).é,受辱,target_content_with_gloss,0.678728,1
6423,immerger,immerger,VER,C1,0.0614,1.386,0.21892,imɛʁʒe,{merg},1-1-1,_i(n)/m/{merg}.er,沉浸；浸泡,target_content_with_gloss,0.678728,1
6549,inanité,inanité,NOM,C1,0.0614,0.032,0.01531,inanite,inane,0-1-1,/inan(e).ité,无用；无益,target_content_with_gloss,0.678728,1
6619,incrustation,incrustation,NOM,C1,0.0614,0.152,0.05052,ɛ̃kʁystasjɔ̃,croûte,0-1-1,/incrust(er).ation,结壳；镶嵌,target_content_with_gloss,0.678728,1
6629,indicateur,indicateur,NOM,C1,0.0614,1.661,0.4853,ɛ̃dikatœʁ,indiquer,0-1-1,/indiqu(er)/c.ateur,迹象,target_content_with_gloss,0.678728,1
6646,indigène,indigène,NOM,C1,0.0614,2.383,0.83588,ɛ̃diʒɛn,indigène,0-1-0,/indigène,原住民；原地,target_content_with_gloss,0.678728,1
6657,indiscutable,indiscutable,ADJ,C1,0.0614,0.741,0.26179,ɛ̃diskytabl,discuter,1-1-1,_in/discut(er).able,不容置疑,target_content_with_gloss,0.678728,1
6730,infime,infime,ADJ,C1,0.0614,2.237,0.79608,ɛ̃fim,infime,0-1-0,/infime,渺,target_content_with_gloss,0.678728,1
6778,inhabité,inhabité,ADJ,C1,0.0614,1.149,0.25873,inabite,habiter,0-1-1,/habit(er).é,无人,target_content_with_gloss,0.678728,1
7109,islandais,islandais,ADJ,C1,0.0614,0.538,0.14391,islɑ̃dɛ,Islande,0-1-1,/Island(e).ais,冰岛语,target_content_with_gloss,0.678728,1
7174,jeûner,jeûner,VER,C1,0.0614,1.247,0.40723,ʒøne,jeun,0-1-0,/jeun,斋,target_content_with_gloss,0.678728,1
7214,jubilation,jubilation,NOM,C1,0.0614,0.218,0.09492,ʒybilasjɔ̃,jubiler,0-1-1,/jubil(é).ation,兴高采烈；喜庆,target_content_with_gloss,0.678728,1
7257,justification,justification,NOM,C1,0.0614,1.203,0.42866,ʒystifikasjɔ̃,juste,0-1-2,/just(e).ific.ation,单据；行长,target_content_with_gloss,0.678728,1
7262,jérémiade,jérémiade,NOM,C1,0.0614,0.772,0.33374,ʒeʁemjad,Jérémie,0-1-1,/Jérémi(e).ade,哀叹,target_content_with_gloss,0.678728,1
7426,licencieux,licencieux,ADJ,C1,0.0614,0.177,0.0444,lisɑ̃sjø,licite,0-1-2,/licenc(e).i.eux,婬；宕,target_content_with_gloss,0.678728,1
7718,maisonnée,maisonnée,NOM,C1,0.0614,0.329,0.13472,mɛzone,maison,0-1-1,/maison[n].ée,住户,target_content_with_gloss,0.678728,1
7725,majoration,majoration,NOM,C1,0.0614,0.123,0.05052,maʒoʁasjɔ̃,§maj§,0-1-2,/§maj§.or.ation,增加；附加费,target_content_with_gloss,0.678728,1
7808,manivelle,manivelle,NOM,C1,0.0614,0.066,0.33221,manivɛl,main,0-1-1,/mani(er)[v].elle,手摇柄,target_content_with_gloss,0.678728,1
8027,mesquin,mesquin,ADJ,C1,0.0614,3.361,0.84813,mɛskɛ̃,mesquin,0-1-0,/mesquin,小气,target_content_with_gloss,0.678728,1
8150,missile,missile,NOM,C1,0.0614,16.415,1.98714,misil,{miss},0-1-1,/{miss}.ile,导弹；飞弹,target_content_with_gloss,0.678728,1
8200,modéré,modéré,NOM,C1,0.0614,0.348,0.31843,modeʁe,modérer,0-1-1,/modér(er).é,中常；温和,target_content_with_gloss,0.678728,1
8270,monticule,monticule,NOM,C1,0.0614,0.674,0.19902,mɔ̃tikyl,mont,0-1-1,/mont.icule,丘；堽,target_content_with_gloss,0.678728,1
8364,muer,muer,VER,C1,0.0614,0.987,0.20974,mɥe,muer,0-1-1,/mu(er).er,脱发,target_content_with_gloss,0.678728,1
8521,méridional,méridional,ADJ,C1,0.0614,0.307,0.07808,meʁidjonal,{méri},0-2-2,/{méri}/{di}.on.al,南方人,target_content_with_gloss,0.678728,1
8549,météorologie,météorologie,NOM,C1,0.0614,0.269,0.11482,meteoʁoloʒi,météore,0-1-1,/météor(e).ologie,天道,target_content_with_gloss,0.678728,1
8841,obstiner,obstiner,VER,C1,0.0614,2.658,0.56644,ɔpstine,obstiner,0-1-1,/obstin(er).er,一意孤行,target_content_with_gloss,0.678728,1
8871,ocre,ocre,NOM,C1,0.0614,0.104,0.06736,ɔkʁ,ocre,0-1-1,/ocr(e).e,赭,target_content_with_gloss,0.678728,1
8920,ombrage,ombrage,NOM,C1,0.0614,0.345,0.11635,ɔ̃bʁaʒ,ombre,0-1-1,/ombr(e).age,芾,target_content_with_gloss,0.678728,1
9033,oscillation,oscillation,NOM,C1,0.0614,0.453,0.11941,osijasjɔ̃,osciller,0-1-1,/oscill(er).ation,振荡；颤动,target_content_with_gloss,0.678728,1
9320,passionnément,passionnément,ADV,C1,0.0614,1.171,0.51286,pasjonemɑ̃,passion,0-1-1,/passion[n]é.ment,眼巴巴,target_content_with_gloss,0.678728,1
9475,persuasion,persuasion,NOM,C1,0.0614,1.415,0.60318,pɛʁsɥazjɔ̃,persuader,0-1-1,/persua(der)/s.ion,信服；疏导,target_content_with_gloss,0.678728,1
9504,petitesse,petitesse,NOM,C1,0.0614,0.187,0.07961,pətitɛs,petit,0-1-1,/petit.esse,卑劣,target_content_with_gloss,0.678728,1
9601,pincer,pincer,VER,C1,0.0614,9.943,2.83374,pɛ̃se,pincer,0-1-1,/pinc(er),刺痛；夹紧,target_content_with_gloss,0.678728,1
9701,platitude,platitude,NOM,C1,0.0614,0.415,0.12554,platityd,plat,0-2-0,/plat/itude,卑躬屈节；庸俗,target_content_with_gloss,0.678728,1
9861,porcelet,porcelet,NOM,C1,0.0614,0.551,0.10563,pɔʁsəlɛ,porc,0-1-1,/porc.elet,仔猪；小猪,target_content_with_gloss,0.678728,1
9864,porosité,porosité,NOM,C1,0.0614,0.06,0.02603,poʁozite,pore,0-1-2,/por(e).os.ié,孔洞,target_content_with_gloss,0.678728,1
9969,poussette,poussette,NOM,C1,0.0614,1.934,0.56032,pusɛt,pousser,0-1-1,/pouss(er).ette,宝宝推车；宝宝车,target_content_with_gloss,0.678728,1
10114,profiteur,profiteur,NOM,C1,0.0614,1.158,0.24648,pʁofitœʁ,profit,0-1-1,/profit.eur,奸商；市侩,target_content_with_gloss,0.678728,1
10257,préambule,préambule,NOM,C1,0.0614,0.339,0.14544,pʁeɑ̃byl,ambulant,1-1-1,_pré/ambul(ant).e,序章；开场白,target_content_with_gloss,0.678728,1
10924,remaniement,remaniement,NOM,C1,0.0614,0.329,0.11329,ʁəmanimɑ̃,main,1-1-1,_re/mani(er).ement,大修；改组,target_content_with_gloss,0.678728,1
10950,remplissage,remplissage,NOM,C1,0.0614,0.535,0.22505,ʁɑ̃plisaʒ,emplir,1-1-2,_r/empl(ir).iss.age,填料,target_content_with_gloss,0.678728,1
11062,resplendir,resplendir,VER,C1,0.0614,0.816,0.1883,ʁɛsplɑ̃diʁ,splendeur,1-1-1,_re/splend(eur).ir,焕发,target_content_with_gloss,0.678728,1
11070,ressentiment,ressentiment,NOM,C1,0.0614,2.079,0.77006,ʁəsɑ̃timɑ̃,sentir,1-1-1,_re[s]/sent(ir).iment,怨忿；怨恨,target_content_with_gloss,0.678728,1
11451,régulateur,régulateur,NOM,C1,0.0614,1.339,0.35671,ʁegylatœʁ,règle,0-1-1,/règ[u]l(e).ateur,调节器,target_content_with_gloss,0.678728,1
11553,rétablissement,rétablissement,NOM,C1,0.0614,3.111,1.36405,ʁetablisəmɑ̃,établir,1-1-2,_r/établ(ir).iss.ement,康复,target_content_with_gloss,0.678728,1
11679,salé,salé,ADJ,C1,0.0614,4.617,1.12982,sale,sel,0-1-1,/s(e/a)l.é,卤；咸,target_content_with_gloss,0.678728,1
11705,saper,saper,VER,C1,0.0614,3.234,0.49602,sape,saper,0-1-1,/sap(er).er,挖墙脚,target_content_with_gloss,0.678728,1
12273,stationner,stationner,VER,C1,0.0614,2.25,0.3414,stasjone,station,0-1-1,/station[n].er,停放；停车,target_content_with_gloss,0.678728,1
12325,stupéfiant,stupéfiant,ADJ,C1,0.0614,3.706,1.35946,stypefjɑ̃,stupeur,0-1-2,/stup(eur).éfi.ant,了不起；惊爆,target_content_with_gloss,0.678728,1
12609,séquelle,séquelle,NOM,C1,0.0614,1.304,0.46846,sekɛl,{sequ},0-1-1,/{sequ}.elle,续作,target_content_with_gloss,0.678728,1
12793,terroriste,terroriste,ADJ,C1,0.0614,10.215,3.96816,tɛʁoʁist,terreur,0-1-1,/terr(eu/o)r.iste,恐怖分子,target_content_with_gloss,0.678728,1
12983,trachée,trachée,NOM,C1,0.0614,1.633,0.64299,tʁaʃe,trachée,0-1-1,/traché(e).e,嗓门；气管,target_content_with_gloss,0.678728,1
13022,tranchée,tranchée,NOM,C1,0.0614,3.025,1.0793,tʁɑ̃ʃe,trancher,0-1-1,/tranch(er).ée,濠,target_content_with_gloss,0.678728,1
13175,trouée,trouée,NOM,C1,0.0614,0.142,0.18524,tʁue,trou,0-1-1,/trou.ée,突破口,target_content_with_gloss,0.678728,1
13273,tôle,tôle,NOM,C1,0.0614,1.829,0.64911,tol,tôle,0-1-1,/tôl(e).e,薄板；铁板,target_content_with_gloss,0.678728,1
13278,ultime,ultime,ADJ,C1,0.0614,9.538,3.68034,yltim,ultime,0-1-1,/ultim(e).e,极致；终极,target_content_with_gloss,0.678728,1
13359,vacuité,vacuité,NOM,C1,0.0614,0.152,0.07042,vakɥite,vacuité,0-1-1,/vacu(ité).ité,空性,target_content_with_gloss,0.678728,1
13389,vandale,vandale,NOM,C1,0.0614,0.848,0.29853,vɑ̃dal,Vandale,0-1-0,/Vandale,古惑仔；小混混,target_content_with_gloss,0.678728,1
13450,verdoyant,verdoyant,ADJ,C1,0.0614,0.44,0.0643,vɛʁdwajɑ̃,vert,0-1-2,/ver(t/d).oy.ant,葱郁；青绿,target_content_with_gloss,0.678728,1
13866,écrasement,écrasement,NOM,C1,0.0614,0.728,0.26026,ekʁazəmɑ̃,écraser,0-1-1,/écras(er).ement,压碎,target_content_with_gloss,0.678728,1
14084,éprouvette,éprouvette,NOM,C1,0.0614,0.684,0.16228,epʁuvɛt,preuve,1-1-1,_é/pr(e)/ouv(er).ette,试管,target_content_with_gloss,0.678728,1
808,arrière-grand-père,arrière-grand-père,NOM,C1,0.0613,1.541,0.43938,aʁjɛʁgʁɑ̃pɛʁ,arrière,0-2-0,/arrière/grand-père,外祖父；太公,target_content_with_gloss,0.678724,1
146,acrobatie,acrobatie,NOM,C1,0.0592,0.741,0.20208,akʁobasi,acrobate,0-1-1,/acrobat(e).ie,把戏；杂技,target_content_with_gloss,0.678633,1
174,adhérent,adhérent,ADJ,C1,0.0592,0.111,0.09032,adeʁɑ̃,{hér},1-1-1,_ad/{hér}.ent,会员,target_content_with_gloss,0.678633,1
249,affinité,affinité,NOM,C1,0.0592,1.155,0.27404,afinite,fin,1-1-1,_a(d)/f/fin.ité,亲和力；相似性,target_content_with_gloss,0.678633,1
323,agrémenter,agrémenter,VER,C1,0.0592,0.367,0.06583,agʁemɑ̃te,agrès,0-1-1,/agrément.er,修饰,target_content_with_gloss,0.678633,1
350,aimant,aimant,NOM,C1,0.0592,3.57,2.12033,ɛmɑ̃,aimer,0-1-1,/aim(er).ant,磁钉；磁铁,target_content_with_gloss,0.678633,1
391,alignement,alignement,NOM,C1,0.0592,1.155,0.39498,aliɲəmɑ̃,ligne,1-1-1,_a(d)/lign(e).ement,盯住,target_content_with_gloss,0.678633,1
492,amollir,amollir,VER,C1,0.0592,0.082,0.01072,amoliʁ,mou,1-1-1,_a(d)/mol[l].ir,软化,target_content_with_gloss,0.678633,1
941,athéisme,athéisme,NOM,C1,0.0592,0.206,0.07042,ateizm,{thée},1-1-1,_a/{thée}.isme,无神,target_content_with_gloss,0.678633,1
1387,bide,bide,NOM,C1,0.0592,2.864,1.12064,bid,bidon,0-1-1,/bid(on).e,不成功；肚子,target_content_with_gloss,0.678633,1
1491,bobine,bobine,NOM,C1,0.0592,3.142,0.60931,bobin,bobine,0-1-1,/bobin(e).e,卷轴；线圈,target_content_with_gloss,0.678633,1
1769,buste,buste,NOM,C1,0.0592,1.81,0.59706,byst,buste,0-1-1,/bust(e).e,上身；半身,target_content_with_gloss,0.678633,1
1846,cafard,cafard,NOM,C1,0.0592,7.18,1.51408,kafaʁ,cafard,0-1-0,/cafard,曱甴；蟑蜋,target_content_with_gloss,0.678633,1
1983,carapace,carapace,NOM,C1,0.0592,1.636,0.53889,kaʁapas,carapace,0-1-0,/carapace,介壳；外壳,target_content_with_gloss,0.678633,1
2175,chameau,chameau,NOM,C1,0.0592,5.085,0.97214,ʃamo,chameau,0-1-0,/chameau,骆驼,target_content_with_gloss,0.678633,1
2465,clairon,clairon,NOM,C1,0.0592,1.513,0.37355,klɛʁɔ̃,clair,0-1-1,/clair.on,号角,target_content_with_gloss,0.678633,1
2840,concubin,concubin,NOM,C1,0.0592,1.589,0.31996,kɔ̃kybɛ̃,concubin,0-1-0,/concubin,簉,target_content_with_gloss,0.678633,1
2963,consigner,consigner,VER,C1,0.0592,2.497,0.96601,kɔ̃siɲe,signer,1-1-1,_con/sign(er).er,记载,target_content_with_gloss,0.678633,1
2986,consternation,consternation,NOM,C1,0.0592,0.228,0.1041,kɔ̃stɛʁnasjɔ̃,consterner,0-1-1,/constern(er).ation,惊愕,target_content_with_gloss,0.678633,1
3113,convenance,convenance,NOM,C1,0.0592,1.497,0.40723,kɔ̃vənɑ̃s,venir,1-1-1,_con/ven(ir).ance,相配；礼节,target_content_with_gloss,0.678633,1
3162,cordialement,cordialement,ADV,C1,0.0592,0.978,0.43784,kɔʁdjaləmɑ̃,coeur,0-1-2,/cordi(al).ale.ment,恳切；敬祝,target_content_with_gloss,0.678633,1
3204,costaud,costaud,ADJ,C1,0.0592,5.56,2.69902,kɔsto,costaud,0-1-0,/costaud,强壮；粗壮,target_content_with_gloss,0.678633,1
3741,diplomate,diplomate,NOM,C1,0.0592,3.152,1.04103,diplomat,diplôme,0-1-1,/diplôm(e).ate,圆滑；外交官,target_content_with_gloss,0.678633,1
3985,duperie,duperie,NOM,C1,0.0592,0.525,0.19137,dypəʁi,dupe,0-1-1,/dup(e).erie,虚谎；骗术,target_content_with_gloss,0.678633,1
4070,décideur,décideur,NOM,C1,0.0592,0.389,0.07961,desidœʁ,{cid(er)},1-1-1,_dé/{cid(er)}.eur,决策者,target_content_with_gloss,0.678633,1
4409,désirable,désirable,ADJ,C1,0.0592,1.253,0.47918,deziʁabl,désir,0-1-1,/désir.able,可取,target_content_with_gloss,0.678633,1
4697,enracinement,enracinement,NOM,C1,0.0592,0.028,0.01378,ɑ̃ʁasinəmɑ̃,racine,1-1-1,_en/racin(e).ement,根深蒂固,target_content_with_gloss,0.678633,1
4740,entraider,entraider,VER,C1,0.0592,3.639,1.07165,ɑ̃tʁɛde,aide,1-1-1,_entr(e)/aid(e).er,互助；援引,target_content_with_gloss,0.678633,1
4986,exposant,exposant,NOM,C1,0.0592,0.222,0.26485,ɛkspozɑ̃,poser,1-1-1,_ex/pos(er).ant,幂,target_content_with_gloss,0.678633,1
5302,flambeau,flambeau,NOM,C1,0.0592,1.636,0.51439,flɑ̃bo,flamme,0-1-1,/flamb(er).eau,爝,target_content_with_gloss,0.678633,1
5768,gestionnaire,gestionnaire,ADJ,C1,0.0592,0.307,0.5098,ʒɛstjonɛʁ,gérer,0-1-1,/gestion[n].aire,处理者；店长,target_content_with_gloss,0.678633,1
5881,gratte-ciel,gratte-ciel,NOM,C1,0.0592,1.434,0.47765,gʁatsjɛl,gratter,0-2-0,/gratt(er)/ciel,高层建筑；高楼,target_content_with_gloss,0.678633,1
5891,graveur,graveur,NOM,C1,0.0592,0.259,0.07961,gʁavœʁ,graver,0-1-1,/grav(er).eur,驱动器,target_content_with_gloss,0.678633,1
6468,implant,implant,NOM,C1,0.0592,5.915,0.99816,ɛ̃plɑ̃,planter,1-1-0,_i(n)/m/plant(er),植入,target_content_with_gloss,0.678633,1
6596,incompétent,incompétent,ADJ,C1,0.0592,3.56,0.84201,ɛ̃kɔ̃petɑ̃,compétent,1-1-1,_in/compét(ent).ent,不行；低效,target_content_with_gloss,0.678633,1
6639,indigence,indigence,NOM,C1,0.0592,0.104,0.04899,ɛ̃diʒɑ̃s,indigence,0-1-0,/indigence,穷苦,target_content_with_gloss,0.678633,1
6698,indéterminé,indéterminé,ADJ,C1,0.0592,1.196,0.3169,ɛ̃detɛʁmine,terme,2-1-0,_in_dé/termin(er),不明；未定,target_content_with_gloss,0.678633,1
6807,inlassablement,inlassablement,ADV,C1,0.0592,0.421,0.18371,ɛ̃lasabləmɑ̃,las,1-2-1,_in/las[s]/able.ment,坚持不懈,target_content_with_gloss,0.678633,1
7276,kilogramme,kilogramme,NOM,C1,0.0592,0.231,0.07502,kilogʁam,gramme,1-1-0,_kilo/gramme,公斤；千克,target_content_with_gloss,0.678633,1
7602,luzerne,luzerne,NOM,C1,0.0592,0.225,0.08114,lyzɛʁn,luzerne,0-1-0,/luzerne,苜,target_content_with_gloss,0.678633,1
8060,micro-onde,micro-onde,NOM,C1,0.0592,0.858,0.32456,mikʁoɔ̃d,onde,1-1-0,_micro/onde,微波,target_content_with_gloss,0.678633,1
8062,micro-organisme,micro-organisme,NOM,C1,0.0592,0.294,0.06889,mikʁoɔʁganizm,organisme,1-1-0,_micro/organisme,微生物,target_content_with_gloss,0.678633,1
8458,mécontent,mécontent,NOM,C1,0.0592,0.503,0.95377,mekɔ̃tɑ̃,content,1-1-0,_mé/content,不满,target_content_with_gloss,0.678633,1
9321,passivité,passivité,NOM,C1,0.0592,0.196,0.08573,pasivite,passion,0-1-2,/passion[n].iv(e).ité,消极性,target_content_with_gloss,0.678633,1
9425,perdant,perdant,ADJ,C1,0.0592,2.386,3.32823,pɛʁdɑ̃,perdre,0-1-1,/perd(re).ant,吊丝；失败者,target_content_with_gloss,0.678633,1
9454,perroquet,perroquet,NOM,C1,0.0592,4.396,1.01194,pɛʁokɛ,pierre,0-1-1,/P(i)err(oquet).oquet,鹦鹉,target_content_with_gloss,0.678633,1
9472,perspicace,perspicace,ADJ,C1,0.0592,2.655,1.11298,pɛʁspikas,perspicace,0-1-1,/perspicac(e).e,明察秋毫,target_content_with_gloss,0.678633,1
10050,privation,privation,NOM,C1,0.0592,1.146,0.33374,pʁivasjɔ̃,priver,0-1-1,/priv(er).ation,苦处,target_content_with_gloss,0.678633,1
10099,profane,profane,NOM,C1,0.0592,0.5,0.40876,pʁofan,profane,0-1-1,/profan(e).e,世俗；外行,target_content_with_gloss,0.678633,1
10169,propagande,propagande,NOM,C1,0.0592,3.459,1.1681,pʁopagɑ̃d,{pag},1-1-2,_pro/{pag}.and(e).e,宣传；文宣,target_content_with_gloss,0.678633,1
10256,préalablement,préalablement,ADV,C1,0.0592,0.13,0.05818,pʁealabləmɑ̃,aller,1-1-2,_pré/al(ler).able.ment,预先,target_content_with_gloss,0.678633,1
10351,prétentieux,prétentieux,NOM,C1,0.0592,1.294,1.99326,pʁetɑ̃sjø,prétendre,0-1-1,/prétend(re)/t.ieux,大剌剌；头脑发胀,target_content_with_gloss,0.678633,1
10486,pénétrant,pénétrant,ADJ,C1,0.0592,0.364,0.31078,penetʁɑ̃,pénétrer,0-1-1,/pénétr(er).ant,凛冽；尖锐,target_content_with_gloss,0.678633,1
10621,radin,radin,ADJ,C1,0.0592,2.763,1.24005,ʁadɛ̃,radin,0-1-0,/radin,悭吝；手紧,target_content_with_gloss,0.678633,1
10643,rageur,rageur,ADJ,C1,0.0592,0.237,0.03368,ʁaʒœʁ,rage,0-1-1,/rag(e).eur,怫,target_content_with_gloss,0.678633,1
10823,rectangle,rectangle,NOM,C1,0.0592,0.399,0.16228,ʁɛktɑ̃gl,angle,1-1-0,_rect/angle,方块；矩形,target_content_with_gloss,0.678633,1
10981,renommée,renommée,NOM,C1,0.0592,1.972,1.02878,ʁənome,nom,1-1-1,_re/nom[m].ée,名望；名气,target_content_with_gloss,0.678633,1
11450,régularité,régularité,NOM,C1,0.0592,0.326,0.14238,ʁegylaʁite,règle,0-1-2,/règ[u]l(e).ar.ité,匀称；规律,target_content_with_gloss,0.678633,1
11693,sanitaire,sanitaire,NOM,C1,0.0592,0.491,0.71035,sanitɛʁ,sain,0-1-1,/sa(i)n.itaire,保健；卫浴,target_content_with_gloss,0.678633,1
12216,spiritualité,spiritualité,NOM,C1,0.0592,0.972,0.37508,spiʁitɥalite,spirituel,0-1-2,/spiritu(el).al.ité,灵性,target_content_with_gloss,0.678633,1
12262,stagner,stagner,VER,C1,0.0592,0.823,0.16075,stagne,stagner,0-1-1,/stagn(er).er,停滞,target_content_with_gloss,0.678633,1
12546,syncope,syncope,NOM,C1,0.0592,0.712,0.2725,sɛ̃kɔp,syncope,0-1-1,/§syncop(e)§.e,切分音；昏厥,target_content_with_gloss,0.678633,1
13048,transnational,transnational,ADJ,C1,0.0592,0.082,0.00919,tʁɑ̃snasjɔnal,nation,1-1-1,_trans/nation.al,跨国,target_content_with_gloss,0.678633,1
13062,trapu,trapu,ADJ,C1,0.0592,0.497,0.14238,tʁapy,trapu,0-1-0,/trapu,厚重,target_content_with_gloss,0.678633,1
13281,ultrason,ultrason,NOM,C1,0.0592,1.278,0.30925,yltʁasɔ̃,son,1-1-0,_ultra/son,超声；超声波,target_content_with_gloss,0.678633,1
13310,urbanisation,urbanisation,NOM,C1,0.0592,0.07,0.03215,yʁbanizasjɔ̃,urbain,0-1-2,/urb(ain).anis.ation,城市化；城镇化,target_content_with_gloss,0.678633,1
13312,urbaniste,urbaniste,NOM,C1,0.0592,0.085,0.0398,yʁbanist,urbain,0-1-2,/urb(ain).an.iste,城市规划师,target_content_with_gloss,0.678633,1
13728,vénérer,vénérer,VER,C1,0.0592,5.924,0.84813,veneʁe,vénérer,0-1-1,/vénér(er).er,尊崇；崇奉,target_content_with_gloss,0.678633,1
13823,éclabousser,éclabousser,VER,C1,0.0592,1.902,0.25413,eklabuse,éclabousser,0-1-1,/éclabouss(er).er,横飞；飞溅,target_content_with_gloss,0.678633,1
13865,écrasant,écrasant,ADJ,C1,0.0592,1.551,0.47152,ekʁazɑ̃,écraser,0-1-1,/écras(er).ant,繁重,target_content_with_gloss,0.678633,1
14032,épargne,épargne,NOM,C1,0.0592,2.222,3.06644,epaʁɲ,épargner,0-1-1,/épargn(er).e,储蓄；老本,target_content_with_gloss,0.678633,1
8500,mélodieux,mélodieux,ADJ,C1,0.0568,0.557,0.16381,melodjø,mélodie,1-0-1,_mél(o).odieux,悠扬；悦耳,target_content_with_gloss,0.678529,1
14076,épouvante,épouvante,NOM,C1,0.0568,0.585,0.26332,epuvɑ̃t,épouvante,0-1-1,/épouvant(e).e,惊骇,target_content_with_gloss,0.678529,1
232,affamé,affamé,ADJ,C1,0.0558,5.772,2.94244,afame,faim,1-1-1,_a(d)/f/fa(i)m.é,惄,target_content_with_gloss,0.678486,1
1100,auxiliaire,auxiliaire,NOM,C1,0.0558,1.085,0.82211,oksiljɛʁ,auxiliaire,0-1-0,/auxiliaire,辅助,target_content_with_gloss,0.678486,1
1496,bohème,bohème,NOM,C1,0.0558,0.589,0.27863,boɛm,Bohême,0-1-0,/Bohême,波希米亚主义,target_content_with_gloss,0.678486,1
2271,chef-d'oeuvre,chef-d'oeuvre,NOM,C1,0.0558,3.69,1.28904,ʃɛdœvʁ,chef,0-2-0,/chef/oeuvre,名作；名着,target_content_with_gloss,0.678486,1
3112,convalescence,convalescence,NOM,C1,0.0558,1.804,0.76852,kɔ̃valesɑ̃s,convalescence,0-1-1,/convalesc(ence).ence,康复；疗养,target_content_with_gloss,0.678486,1
3191,corsage,corsage,NOM,C1,0.0558,0.911,0.32303,kɔʁsaʒ,corps,0-1-1,/cor(p)s.age,胸花,target_content_with_gloss,0.678486,1
3658,deuil,deuil,NOM,C1,0.0558,12.734,4.56216,dœj,deuil,0-1-0,/deuil,丧；孝,target_content_with_gloss,0.678486,1
4046,décamper,décamper,VER,C1,0.0558,2.446,0.38273,dekɑ̃pe,camp,1-1-1,_dé/camp.er,溜之大吉（口语）,target_content_with_gloss,0.678486,1
4719,ensorceler,ensorceler,VER,C1,0.0558,2.582,0.56338,ɑ̃sɔʁsəle,sorcier,1-1-2,_en/sorc(ier).el.er,媚惑,target_content_with_gloss,0.678486,1
6115,harpon,harpon,NOM,C1,0.0558,1.494,0.34599,aʁpɔ̃,harpon,0-1-0,/harp(on),銛；鏦,target_content_with_gloss,0.678486,1
7241,jupon,jupon,NOM,C1,0.0558,2.604,0.7624,ʒypɔ̃,jupe,0-1-1,/jup(e).on,裳,target_content_with_gloss,0.678486,1
7355,las,las,ADJ,C1,0.0558,4.392,1.4207,la,las,0-1-0,/las,倦怠；疲倦,target_content_with_gloss,0.678486,1
8232,mondialement,mondialement,ADV,C1,0.0558,0.921,0.41947,mɔ̃djaləmɑ̃,monde,0-1-2,/mond(e).iale.ment,世界上；举世,target_content_with_gloss,0.678486,1
8493,mélancolique,mélancolique,ADJ,C1,0.0558,2.161,0.64605,melɑ̃kolik,mélancolie,0-1-1,/mélancoli(e).ique,伤感；落落寡欢,target_content_with_gloss,0.678486,1
8593,natter,natter,VER,C1,0.0558,0.089,0.12707,nate,natte,0-1-1,/natt(e).er,编织,target_content_with_gloss,0.678486,1
8921,ombrager,ombrager,VER,C1,0.0558,0.146,0.11635,ɔ̃bʁaʒe,ombre,0-1-1,/ombr(e).er,遮住,target_content_with_gloss,0.678486,1
9776,pointilleux,pointilleux,ADJ,C1,0.0558,1.155,0.38885,pwɛ̃tijø,point,0-1-2,/point.ill.eux,迂,target_content_with_gloss,0.678486,1
11474,rémission,rémission,NOM,C1,0.0558,1.494,0.56644,ʁemisjɔ̃,mettre,1-1-3,_re/m(ettre).iss.ion,宽恕；缓和,target_content_with_gloss,0.678486,1
12536,symphonie,symphonie,NOM,C1,0.0558,2.111,0.63227,sɛ̃foni,symphonie,1-0-2,_sym.phon(e).ie,交响乐；交响曲,target_content_with_gloss,0.678486,1
13110,tricher,tricher,VER,C1,0.0558,16.472,2.00398,tʁiʃe,tricher,0-1-1,/trich(er).er,坑蒙；坑蒙拐骗,target_content_with_gloss,0.678486,1
13172,trousse,trousse,NOM,C1,0.0558,7.196,1.81415,tʁus,trousser,0-1-1,/trouss(er).e,工具包,target_content_with_gloss,0.678486,1
13231,tzigane,tzigane,ADJ,C1,0.0558,0.313,0.1087,tsigan,tzigan e,0-1-0,/tzigane,茨冈,target_content_with_gloss,0.678486,1
2546,cocher,cocher,VER,C1,0.0553,2.358,2.62094,koʃe,cocher,0-1-1,/coch(er).er,打钩；车夫,target_content_with_gloss,0.678464,1
5268,finaliste,finaliste,NOM,C1,0.0553,1.127,0.34752,finalist,fin,0-1-1,/final.iste,入围,target_content_with_gloss,0.678464,1
9538,phonétique,phonétique,ADJ,B2,3.1222,0.146,0.09951,fonetik,,1-0-1,_phon.étique,自然发音；自然拼读,target_content_with_gloss,0.678443,1
471,ambivalent,ambivalent,ADJ,C1,0.0544,0.225,0.0444,ɑ̃bivalɑ̃,valoir,1-1-1,_amb(i)/val(oir).ent,多义,target_content_with_gloss,0.678425,1
493,amont,amont,NOM,C1,0.0544,1.177,0.46999,amɔ̃,mont,0-2-0,/à/mont,上游,target_content_with_gloss,0.678425,1
717,appât,appât,NOM,C1,0.0544,9.437,3.00214,apa,pâte,0-1-0,/appât,诱饵；饵子,target_content_with_gloss,0.678425,1
783,armement,armement,NOM,C1,0.0544,4.763,1.39927,aʁməmɑ̃,arme,0-1-0,/arme,军备；武装,target_content_with_gloss,0.678425,1
903,assortiment,assortiment,NOM,C1,0.0544,0.953,0.40263,asɔʁtimɑ̃,sort(e),1-1-1,_a(d)/s/sorti(r).ment,相配,target_content_with_gloss,0.678425,1
1041,aurore,aurore,NOM,C1,0.0544,2.427,0.69198,oʁɔʁ,aurore,0-1-0,/aurore,平旦；晨曦,target_content_with_gloss,0.678425,1
1234,baluchon,baluchon,NOM,C1,0.0544,0.263,0.09645,balyʃɔ̃,balle,0-1-1,/ball(e).uchon,包袱,target_content_with_gloss,0.678425,1
1396,bienfaiteur,bienfaiteur,NOM,C1,0.0544,2.389,0.61543,bjɛ̃fɛtœʁ,bien,0-2-1,/bien/fait.eur,恩人；施主,target_content_with_gloss,0.678425,1
1571,bouddhiste,bouddhiste,ADJ,C1,0.0544,1.696,0.59706,budist,Bouddha,0-1-1,/bouddh(a).iste,佛家,target_content_with_gloss,0.678425,1
1916,cancérogène,cancérogène,NOM,C1,0.0544,0.013,0.00919,kɑ̃seʁɔʒɛn,cancer,0-1-1,/cancer[o].gène,致癌；致癌物,target_content_with_gloss,0.678425,1
1974,carabine,carabine,NOM,C1,0.0544,1.911,0.52511,kaʁabin,carabin,0-1-1,/carabin.e,马枪；骑枪,target_content_with_gloss,0.678425,1
2034,cartonner,cartonner,VER,C1,0.0544,2.472,0.33374,kaʁtone,carte,0-1-1,/cart(e).er,裱,target_content_with_gloss,0.678425,1
2393,ci-dessous,ci-dessous,ADV,C1,0.0544,0.335,0.13931,sidəsu,ci,0-2-0,/ci/dessous,底下,target_content_with_gloss,0.678425,1
2659,commanderie,commanderie,NOM,C1,0.0544,0.025,0.00919,komɑ̃dəʁi,mander,1-1-1,_com/mand(er).erie,郡,target_content_with_gloss,0.678425,1
2707,commémoration,commémoration,NOM,C1,0.0544,0.956,0.31843,komemoʁasjɔ̃,mémoire,1-1-1,_com/mémo(i)r(e).ation,纪念活动,target_content_with_gloss,0.678425,1
3133,convoyer,convoyer,VER,C1,0.0544,0.459,0.0643,kɔ̃vwaje,voyage,1-1-1,_con/voy(er).er,护航；护送,target_content_with_gloss,0.678425,1
3338,crevé,crevé,ADJ,C1,0.0544,2.601,3.58236,kʁəve,crever,0-1-1,/crèv(er).é,累,target_content_with_gloss,0.678425,1
3524,céramique,céramique,ADJ,C1,0.0544,0.108,0.42713,seʁamik,céramique,0-1-1,/céram(ique).ique,陶瓷,target_content_with_gloss,0.678425,1
3691,dicter,dicter,VER,C1,0.0544,5.892,0.77465,dikte,dict(er),0-1-1,/dict(er).er,使然；口述,target_content_with_gloss,0.678425,1
4427,déséquilibrer,déséquilibrer,VER,C1,0.0544,0.848,0.52205,dezekilibʁe,équilibre,1-1-1,_dés/équilibr(e).er,失衡,target_content_with_gloss,0.678425,1
4567,empiler,empiler,VER,C1,0.0544,2.756,0.30772,ɑ̃pile,pile,1-1-1,_em/pil(e).er,丛集；堆满,target_content_with_gloss,0.678425,1
4639,endiguer,endiguer,VER,C1,0.0544,0.5,0.16381,ɑ̃dige,digue,1-1-1,_en/digu(e).er,忍住,target_content_with_gloss,0.678425,1
4910,excessivement,excessivement,ADV,C1,0.0544,1.203,0.54348,ɛksesivəmɑ̃,excès,0-1-2,/excès[s].ive.ment,太过；极为,target_content_with_gloss,0.678425,1
4995,expressément,expressément,ADV,C1,0.0544,0.611,0.28016,ɛkspʁɛsemɑ̃,presse,1-1-1,_ex/pressé.ment,存心,target_content_with_gloss,0.678425,1
5273,financier,financier,NOM,C1,0.0544,1.642,2.8169,finɑ̃sje,finance,0-1-1,/financ(e).ier,财政,target_content_with_gloss,0.678425,1
5810,gobelet,gobelet,NOM,C1,0.0544,2.823,0.68279,gɔbəlɛ,gober,0-1-1,/gob(er).elet,墫；壿,target_content_with_gloss,0.678425,1
6389,illumination,illumination,NOM,C1,0.0544,1.468,0.46999,ilyminasjɔ̃,lumière,1-1-1,_i(n)/l/lumi(ère)[n].ation,光照；光线,target_content_with_gloss,0.678425,1
6806,inlassable,inlassable,ADJ,C1,0.0544,0.149,0.05205,ɛ̃lasabl,las,1-2-0,_in/las[s]/able,不懈,target_content_with_gloss,0.678425,1
7091,irritant,irritant,ADJ,C1,0.0544,1.193,0.41029,iʁitɑ̃,irriter,0-1-1,/irrit(er).ant,刺激性；可恼,target_content_with_gloss,0.678425,1
7163,jeté,jeté,ADJ,C1,0.0544,1.766,14.7229,ʒəte,jeter,0-1-1,/jet(er).é,抛下；花边,target_content_with_gloss,0.678425,1
7208,jouxter,jouxter,VER,C1,0.0544,0.152,0.04899,ʒukste,jouxte,0-1-0,/jouxte,挨,target_content_with_gloss,0.678425,1
7591,lunette,lunette,NOM,C1,0.0544,30.832,8.84568,lynɛt,lune,0-1-1,/lun(e).ette,瞄准具；瞄准装置,target_content_with_gloss,0.678425,1
7717,maisonnette,maisonnette,NOM,C1,0.0544,0.256,0.09339,mɛzonɛt,maison,0-1-1,/maison[n].ette,寮,target_content_with_gloss,0.678425,1
7722,majeur,majeur,NOM,C1,0.0544,1.247,2.42958,maʒœʁ,§maj§,0-1-1,/§maj§.eur,中指；成人,target_content_with_gloss,0.678425,1
7991,mendier,mendier,VER,C1,0.0544,3.114,0.76087,mɑ̃dje,mendier,0-1-1,/mendi(er).er,乞求；乞讨,target_content_with_gloss,0.678425,1
8212,mollet,mollet,ADJ,C1,0.0544,0.155,0.39345,molɛ,mou,0-1-1,/mo(u/l)[l].et,胻；腓,target_content_with_gloss,0.678425,1
8219,momie,momie,NOM,C1,0.0544,0.896,0.56797,momi,momie,0-1-0,/momi(e),木乃伊,target_content_with_gloss,0.678425,1
8420,mutuellement,mutuellement,ADV,C1,0.0544,3.902,1.80802,mytɥɛləmɑ̃,mutuel,0-1-2,/mutu(el).elle.ment,互相；彼此,target_content_with_gloss,0.678425,1
8645,neuvième,neuvième,NOM,C1,0.0544,0.905,0.88641,nœvjɛm,neuf,0-1-1,/neu(f)/v.iène,第九,target_content_with_gloss,0.678425,1
8654,nicotine,nicotine,NOM,C1,0.0544,1.392,0.47612,nikotin,Nicot,0-1-1,/Nicot.ine,烟碱,target_content_with_gloss,0.678425,1
8737,nourrisson,nourrisson,NOM,C1,0.0544,1.063,0.31843,nuʁisɔ̃,nourrir,0-1-2,/nourr(ir).iss.on,婴儿；孩提,target_content_with_gloss,0.678425,1
9028,orphelinat,orphelinat,NOM,C1,0.0544,6.028,1.53858,ɔʁfəlina,orphelin,0-1-1,/orphelin.at,保育院；孤儿院,target_content_with_gloss,0.678425,1
9061,outrager,outrager,VER,C1,0.0544,0.82,1.19412,utʁaʒe,outre,0-1-2,/outr(e).ag(e).er,玷辱,target_content_with_gloss,0.678425,1
9595,piment,piment,NOM,C1,0.0544,3.734,0.9752,pimɑ̃,piment,0-1-0,/piment,海椒；辣椒,target_content_with_gloss,0.678425,1
9714,plie,plie,NOM,C1,0.0544,0.149,1.08236,pli,ployer,0-1-0,/§plie§,鲽鱼,target_content_with_gloss,0.678425,1
10433,pur-sang,pur-sang,NOM,C1,0.0544,0.896,0.33068,pyʁsɑ̃,pur,0-2-0,/pur/sang,骥,target_content_with_gloss,0.678425,1
10595,rabat-joie,rabat-joie,ADJ,C1,0.0544,0.972,1.26148,ʁabaʒwa,bas,1-2-0,_r(e)/abat(tre)/joie,杀风景,target_content_with_gloss,0.678425,1
10650,raideur,raideur,NOM,C1,0.0544,0.323,0.12094,ʁɛdœʁ,raide,0-1-1,/raid(e).eur,弹性系数,target_content_with_gloss,0.678425,1
10745,ravageur,ravageur,ADJ,C1,0.0544,0.269,0.10716,ʁavaʒœʁ,ravir,0-1-1,/ravag(e).eur,厉害,target_content_with_gloss,0.678425,1
10769,rebord,rebord,NOM,C1,0.0544,1.877,0.6583,ʁəbɔʁ,bord,1-1-0,_re/bord,边框,target_content_with_gloss,0.678425,1
11265,roter,roter,VER,C1,0.0544,1.392,0.18524,ʁote,roter,0-1-1,/rot(er).er,嗳气,target_content_with_gloss,0.678425,1
11368,récalcitrant,récalcitrant,ADJ,C1,0.0544,0.389,0.11635,ʁekalsitʁɑ̃,récalcitrant,0-1-1,/récalcitr(ant).ant,婼；遻,target_content_with_gloss,0.678425,1
12340,subjectif,subjectif,ADJ,C1,0.0544,1.044,0.25873,sybʒɛktif,{ject},1-1-1,_sub/{ject}.if,主观,target_content_with_gloss,0.678425,1
12508,sus,sus,ADV,C1,0.0544,0.706,0.54654,sys,sur,0-1-0,/sus,母猪,target_content_with_gloss,0.678425,1
12513,suspecter,suspecter,VER,C1,0.0544,11.892,2.76332,syspɛkte,{pect},1-1-1,_su(r)/s/{pect}.er,猜疑；疑惑,target_content_with_gloss,0.678425,1
12642,taciturne,taciturne,ADJ,C1,0.0544,0.453,0.16687,tasityʁn,taciturne,0-1-0,/§taciturne§,无声无息；沉默,target_content_with_gloss,0.678425,1
12705,taverne,taverne,NOM,C1,0.0544,3.959,1.02878,tavɛʁn,taverne,0-1-1,/tavern(e).e,酒家；酒铺,target_content_with_gloss,0.678425,1
13194,tubercule,tubercule,NOM,C1,0.0544,0.149,0.03674,tybɛʁkyl,tubercule,0-1-1,/tubercul(e).e,苓,target_content_with_gloss,0.678425,1
13439,ventilateur,ventilateur,NOM,C1,0.0544,2.873,0.8466,vɑ̃tilatœʁ,vent,0-1-2,/vent.il.ateur,电风扇；风扇,target_content_with_gloss,0.678425,1
13491,vertébré,vertébré,NOM,C1,0.0544,0.133,0.04133,vɛʁtebʁe,vertèbre,0-1-1,/vertèbr(e).é,脊椎动物,target_content_with_gloss,0.678425,1
13537,vierge,vierge,ADJ,C1,0.0544,14.342,6.09614,vjɛʁʒ,vierge,0-1-0,/vierge,圣女；处女,target_content_with_gloss,0.678425,1
13741,vêtu,vêtu,ADJ,C1,0.0544,1.079,0.85885,vety,veste,0-1-1,/vêt(ir).u,身着,target_content_with_gloss,0.678425,1
13754,yack,yack,NOM,C1,0.0544,0.209,0.05664,jak,§yack§,0-1-0,/§yack§,牦牛,target_content_with_gloss,0.678425,1
2250,chaud,chaud,NOM,C1,0.0515,11.759,25.69351,ʃo,chaleur,0-1-0,/chaud,火辣；热乎,target_content_with_gloss,0.678299,1
7154,jaunir,jaunir,VER,C1,0.0515,0.313,0.23117,ʒoniʁ,jaune,0-1-1,/jaun(e).ir,发黄,target_content_with_gloss,0.678299,1
8339,mourant,mourant,NOM,C1,0.0515,2.297,3.62676,muʁɑ̃,mourir,0-1-1,/mour(ir).ant,不行了；临死,target_content_with_gloss,0.678299,1
8718,notable,notable,NOM,C1,0.0515,0.627,0.29547,notabl,noter,0-1-1,/not(er).able,数得上；数得着,target_content_with_gloss,0.678299,1
11003,renvoi,renvoi,NOM,C1,0.0515,3.405,1.15891,ʁɑ̃vwa,envoi,0-1-0,/envoi,回馈；附注,target_content_with_gloss,0.678299,1
12751,tendu,tendu,ADJ,C1,0.0515,8.652,4.87293,tɑ̃dy,tendre,0-1-1,/tend(re).u,吃紧；紧张,target_content_with_gloss,0.678299,1
13142,troisièmement,troisièmement,ADV,C1,0.0515,1.256,0.55726,tʁwazjɛməmɑ̃,trois,0-1-2,/trois.ième.ment,其三；第三,target_content_with_gloss,0.678299,1
13169,trouer,trouer,VER,C1,0.0515,3.073,0.40263,tʁue,trou,0-1-1,/trou.er,穿透,target_content_with_gloss,0.678299,1
645,anxiété,anxiété,NOM,C1,0.0514,4.38,1.66871,ɑ̃ksjete,anxieux,0-1-1,/anxi(eux).été,心病；担懮,target_content_with_gloss,0.678295,1
810,arrière-plan,arrière-plan,NOM,C1,0.0514,1.468,0.58788,aʁjɛʁplɑ̃,arrière,0-2-0,/arrière/plan,背景,target_content_with_gloss,0.678295,1
1069,autographe,autographe,NOM,C1,0.0514,7.396,2.14483,otogʁaf,autographe,1-0-1,_aut(o).graphe,亲笔；签名,target_content_with_gloss,0.678295,1
1787,bâtisseur,bâtisseur,NOM,C1,0.0514,0.582,0.13319,batisœʁ,bâtir,0-1-2,/bât(ir).iss(e).eur,创造者,target_content_with_gloss,0.678295,1
2253,chaudron,chaudron,NOM,C1,0.0514,1.44,0.38426,ʃodʁɔ̃,chaleur,0-1-1,/chaud.ron,釜；錡,target_content_with_gloss,0.678295,1
2556,cocorico,cocorico,NOM,C1,0.0514,0.551,0.15769,kokoʁiko,cocorico,0-1-0,/cocorico,噢噢噢,target_content_with_gloss,0.678295,1
2640,combattant,combattant,ADJ,C1,0.0514,1.392,2.17238,kɔ̃batɑ̃,combat,0-1-1,/combat[t].ant,战士,target_content_with_gloss,0.678295,1
2695,communicatif,communicatif,ADJ,C1,0.0514,0.332,0.09798,komynikatif,unique,1-1-1,_com[m]/uni(que)/c.atif,感染力,target_content_with_gloss,0.678295,1
2823,concision,concision,NOM,C1,0.0514,0.085,0.04133,kɔ̃sizjɔ̃,{cis},1-1-1,_con/{cis}.ion,简明,target_content_with_gloss,0.678295,1
2853,conditionnel,conditionnel,NOM,C1,0.0514,0.244,0.1485,kɔ̃disjonɛl,condition,0-1-1,/condition[n].el,有条件,target_content_with_gloss,0.678295,1
3107,contrôlable,contrôlable,ADJ,C1,0.0514,0.241,0.09186,kɔ̃tʁolabl,contrôle,0-1-1,/contrôl(e).able,可控,target_content_with_gloss,0.678295,1
3712,différend,différend,NOM,C1,0.0514,3.269,0.86803,difeʁɑ̃,{fér},1-1-1,_di(s)/f/{fér}.end,不和；争端,target_content_with_gloss,0.678295,1
4247,démesuré,démesuré,ADJ,C1,0.0514,0.854,0.27863,deməzyʁe,mesure,1-1-1,_dé/mesur(e).é,过激,target_content_with_gloss,0.678295,1
4804,escalator,escalator,NOM,C1,0.0514,0.82,0.24648,ɛskalatɔʁ,escalier,0-1-1,/escal(ier).ator,电梯,target_content_with_gloss,0.678295,1
4820,espacer,espacer,VER,C1,0.0514,0.902,14.46418,ɛspase,espace,0-1-1,/espac(e).er,拉开,target_content_with_gloss,0.678295,1
5101,fanatique,fanatique,ADJ,C1,0.0514,0.93,0.87722,fanatik,fanatique,0-1-1,/fan(atique).atique,狂热,target_content_with_gloss,0.678295,1
5261,filtrer,filtrer,VER,C1,0.0514,3.161,1.49571,filtʁe,filtrer,0-1-1,/filtr(er).er,过滤,target_content_with_gloss,0.678295,1
5376,fondant,fondant,NOM,C1,0.0514,0.361,0.34446,fɔ̃dɑ̃,fond,0-1-1,/fond.ant,翻糖,target_content_with_gloss,0.678295,1
5509,frayeur,frayeur,NOM,C1,0.0514,1.56,0.51898,fʁɛjœʁ,frayeur,0-1-0,/frayeur,惊惧,target_content_with_gloss,0.678295,1
5527,fringant,fringant,ADJ,C1,0.0514,0.927,0.28934,fʁɛ̃gɑ̃,fringant,0-1-0,/fringant,帅气,target_content_with_gloss,0.678295,1
5938,gronder,gronder,VER,C1,0.0514,5.016,0.64758,gʁɔ̃de,gronder,0-1-1,/grond(er).er,呵斥；咆哮,target_content_with_gloss,0.678295,1
6052,habillement,habillement,NOM,C1,0.0514,0.358,0.14391,abijəmɑ̃,bille,0-1-1,/habill(er).ement,服装；穿衣,target_content_with_gloss,0.678295,1
6476,impoli,impoli,ADJ,C1,0.0514,6.528,2.23668,ɛ̃poli,polir,1-1-1,_i(n)/m/pol(ir).i,不客气；没家教,target_content_with_gloss,0.678295,1
6574,incident,incident,ADJ,C1,0.0514,1.234,8.01439,ɛ̃sidɑ̃,{cident},1-1-1,_in/{cid(ent}.ent,事变；事端,target_content_with_gloss,0.678295,1
6654,indiscipliné,indiscipliné,ADJ,C1,0.0514,0.854,0.16381,ɛ̃disipline,discipline,1-1-1,_in/disciplin(e).é,散漫；纵放,target_content_with_gloss,0.678295,1
7099,irrégulier,irrégulier,ADJ,C1,0.0514,2.854,0.56032,iʁegylje,règle,1-1-1,_ir/régul(ier).ier,不定期；不规范,target_content_with_gloss,0.678295,1
8086,milice,milice,NOM,C1,0.0514,3.854,0.87263,milis,milice,0-1-1,/milic(e).e,民兵,target_content_with_gloss,0.678295,1
8259,mont-de-piété,mont-de-piété,NOM,C1,0.0514,0.5,0.18218,mɔ̃dəpjete,mont,0-2-0,/mont/piété,当铺,target_content_with_gloss,0.678295,1
8366,mugir,mugir,VER,C1,0.0514,0.396,0.02756,myʒiʁ,mugir,0-1-1,/mug(ir).ir,咆哮,target_content_with_gloss,0.678295,1
8467,médiateur,médiateur,NOM,C1,0.0514,1.547,0.39804,medjatœʁ,{médi},0-1-1,/{médi}.ateur,和事佬,target_content_with_gloss,0.678295,1
8484,méditer,méditer,VER,C1,0.0514,4.31,0.8711,medite,méditer,0-1-1,/médit(er).er,思忖；沉思,target_content_with_gloss,0.678295,1
8590,nationalisme,nationalisme,NOM,C1,0.0514,0.301,0.09186,nasjonalizm,nation,0-1-1,/national.isme,民族主义,target_content_with_gloss,0.678295,1
8842,obstinément,obstinément,ADV,C1,0.0514,0.241,0.11329,ɔpstinemɑ̃,obstiner,0-1-2,/obstin(er).é.ment,硬是,target_content_with_gloss,0.678295,1
9648,piété,piété,NOM,C1,0.0514,0.81,0.35211,pjete,pitié,0-1-0,/pi[é]té,孝敬；敬虔,target_content_with_gloss,0.678295,1
10374,psalmodier,psalmodier,VER,C1,0.0514,0.313,0.04287,psalmodje,psaume,0-1-2,/psa(u/l)m(e).odi(e).er,吟唱,target_content_with_gloss,0.678295,1
10980,renommé,renommé,ADJ,C1,0.0514,1.095,1.02878,ʁənome,nom,1-1-1,_re/nom[m].é,大名鼎鼎；有名,target_content_with_gloss,0.678295,1
11176,rigole,rigole,NOM,C1,0.0514,1.459,6.25383,ʁigɔl,rigole,0-1-0,/rigole,沟,target_content_with_gloss,0.678295,1
11692,sanguinaire,sanguinaire,ADJ,C1,0.0514,2.0,0.55879,sɑ̃ginɛʁ,sang,0-1-2,/sang[u].in.aire,血腥,target_content_with_gloss,0.678295,1
12109,sosie,sosie,NOM,C1,0.0514,2.627,0.78843,sozi,Sosie,0-1-0,/Sosie,撞脸；面貌极相似的人,target_content_with_gloss,0.678295,1
12299,stoïcisme,stoïcisme,NOM,C1,0.0514,0.076,0.03062,stoisizm,stoïque,0-1-1,/stoï(que)/c.isme,斯多葛主义,target_content_with_gloss,0.678295,1
12357,substrat,substrat,NOM,C1,0.0514,0.133,0.03827,sypstʁa,strate,1-1-0,_sub/strat(e),下层；基材,target_content_with_gloss,0.678295,1
12432,supplique,supplique,NOM,C1,0.0514,0.218,0.05511,syplik,plier,1-1-1,_su(b)/p/pli(er).que,申请书,target_content_with_gloss,0.678295,1
12633,tablette,tablette,NOM,C1,0.0514,4.927,0.89865,tablɛt,table,0-1-1,/tabl(e).ette,搁板,target_content_with_gloss,0.678295,1
12683,tapoter,tapoter,VER,C1,0.0514,1.453,0.20667,tapote,taper,0-1-2,/tap(er).ot.er,拍打；点触,target_content_with_gloss,0.678295,1
13101,tresse,tresse,NOM,C1,0.0514,1.81,0.48224,tʁɛs,tresse,0-1-1,/tress(e).e,辫,target_content_with_gloss,0.678295,1
13153,tronçon,tronçon,NOM,C1,0.0514,0.335,0.10563,tʁɔ̃sɔ̃,tronquer,0-1-1,/tron(quer)/ç.on,段,target_content_with_gloss,0.678295,1
13329,usurier,usurier,NOM,C1,0.0514,1.851,0.38885,yzyʁje,user,0-1-2,/us(er).ur(e).ier,大耳窿,target_content_with_gloss,0.678295,1
13550,vigoureux,vigoureux,ADJ,C1,0.0514,1.604,0.4899,viguʁø,vigueur,0-1-1,/vig(ueu/ou)r.eux,健康；勃勃,target_content_with_gloss,0.678295,1
13669,volontariat,volontariat,NOM,C1,0.0514,0.598,0.24342,volɔ̃taʁja,volonté,0-1-2,/volont(é).a(i)r(e).iat,志愿服务,target_content_with_gloss,0.678295,1
13711,vulnérabilité,vulnérabilité,NOM,C1,0.0514,1.506,0.58175,vylneʁabilite,vulnérable,0-1-2,/vulnér(able).ab[i]l(e).ité,弱点；无助,target_content_with_gloss,0.678295,1
13911,égorger,égorger,VER,C1,0.0514,4.278,0.62615,egɔʁʒe,gorge,1-1-1,_é/gorg(e).er,刎,target_content_with_gloss,0.678295,1
14068,éponge,éponge,NOM,C1,0.0514,6.054,2.17238,epɔ̃ʒ,éponge,0-1-0,/éponge,海绵,target_content_with_gloss,0.678295,1
14089,épurer,épurer,VER,C1,0.0514,0.38,0.05052,epyʁe,pur,1-1-1,_é/pur.er,清洁,target_content_with_gloss,0.678295,1
14132,étanche,étanche,ADJ,C1,0.0514,1.418,0.48836,etɑ̃ʃ,étanche,0-1-1,/étanch(e).e,密闭；防水,target_content_with_gloss,0.678295,1
823,arrêté,arrêté,ADJ,C1,0.051,5.636,30.6537,aʁete,arrêt,0-1-1,/arrêt.é,附则,target_content_with_gloss,0.678277,1
4009,déambuler,déambuler,VER,C1,0.051,1.332,0.21739,deɑ̃byle,ambulant,1-1-1,_dé/ambul(ant).er,踱步，随意走（文学）,target_content_with_gloss,0.678277,1
6719,infatigable,infatigable,ADJ,C1,0.051,0.554,0.20821,ɛ̃fatigabl,fatigue,1-1-1,_in/fatig(ue).able,不懈,target_content_with_gloss,0.678277,1
4413,désobéir,désobéir,VER,C1,0.0503,6.487,1.03184,dezobeiʁ,obéir,1-1-1,_dés/obé(ir).ir,偝；拗,target_content_with_gloss,0.678247,1
7540,look,look,NOM,B2,3.0986,11.924,3.87783,luk,,0-1-0,/§look§,外观设计；妆容,target_content_with_gloss,0.67818,1
11016,repenser,repenser,VER,B1,4.4831,12.791,1.38855,ʁəpɑ̃se,penser,1-1-1,_re/pens(er).er,,target_content_high_frequency_missing_gloss,0.677903,0
13947,électronique,électronique,NOM,B2,3.0668,2.108,2.90416,elɛktʁonik,,1-0-1,_électron.ique,电子,target_content_with_gloss,0.677823,1
9080,oxyde,oxyde,NOM,B2,3.06,1.006,0.36283,ɔksid,,0-0-1,.e,氧化物,target_content_with_gloss,0.677747,1
11495,réplique,réplique,NOM,B2,3.0515,9.655,2.70974,ʁeplik,,1-1-1,_re/§répliqu(er)§.e,辩驳,target_content_with_gloss,0.677651,1
10034,principal,principal,NOM,B2,3.0458,7.133,10.28934,pʁɛ̃sipal,,0-1-1,/§princip(e)§.al,主导；主干,target_content_with_gloss,0.677586,1
13914,égoïste,égoïste,ADJ,B2,3.0155,14.434,6.1834,egoist,,1-0-1,_ego.ïste,自私,target_content_with_gloss,0.677242,1
5362,foncer,foncer,VER,B1,4.3893,25.108,4.49173,fɔ̃se,fond,0-1-1,/fon(d)/c.er,,target_content_high_frequency_missing_gloss,0.677113,0
12293,stock,stock,NOM,B2,2.9636,8.953,2.94703,stɔk,,0-1-0,/§stock§,存货；库存,target_content_with_gloss,0.676646,1
7052,invite,invite,NOM,B1,4.3207,1.551,8.13074,ɛ̃vit,inviter,0-1-1,/invit(er).e,,target_content_high_frequency_missing_gloss,0.676527,0
3951,dramaturge,dramaturge,NOM,B1,4.3201,0.703,0.20821,dʁamatyʁʒ,drame,0-1-1,/dram(e).aturge,,target_content_high_frequency_missing_gloss,0.676521,0
3708,différemment,différemment,ADV,B1,4.2883,11.674,5.01531,difeʁamɑ̃,{fér},1-1-2,_di(s)/f/{fér}.en(t)/m.ment,,target_content_high_frequency_missing_gloss,0.676247,0
10397,pub,pub,NOM,B2,2.9002,29.016,7.31476,pœb,,0-1-0,/pub(licité),酒馆,target_content_with_gloss,0.675908,1
7966,maximum,maximum,NOM,B2,2.8897,13.516,7.7327,maksimɔm,,0-1-0,/§maximum§,最大,target_content_with_gloss,0.675785,1
10443,puzzle,puzzle,NOM,B2,2.888,8.541,2.16779,pœzœl,,0-1-0,/§puzzle§,拼图；益智,target_content_with_gloss,0.675765,1
7117,issu,issu,ADJ,B2,33.3812,5.044,5.43784,isy,issu,0-1-1,/iss(u).u,,target_content_high_frequency_missing_gloss,0.675548,0
5997,gymnastique,gymnastique,NOM,B2,2.8508,2.171,0.67208,ʒimnastik,,1-0-1,_gymn.aste,体操；健美操,target_content_with_gloss,0.675325,1
12489,sursauter,sursauter,VER,B1,4.1159,1.652,0.36895,syʁsote,saut,1-1-1,_sur/saut.er,,target_content_high_frequency_missing_gloss,0.67473,0
9339,patiemment,patiemment,ADV,B1,4.0953,1.193,0.55113,pasjamɑ̃,patient,0-1-1,/patie(nt)/m.ment,,target_content_high_frequency_missing_gloss,0.674545,0
8222,monarchie,monarchie,NOM,B1,3.9791,1.38,0.37048,monaʁʃi,monarque,0-1-1,/monar(qu/ch).ie,,target_content_high_frequency_missing_gloss,0.673489,0
4054,décentraliser,décentraliser,VER,B2,2.6786,0.12,0.03062,desɑ̃tʁalize,,,,下放；放权,target_content_with_gloss,0.67323,1
11921,show,show,NOM,B2,2.5978,24.146,6.08543,ʃo,,0-1-0,/§show§,演出,target_content_with_gloss,0.672213,1
5204,feuillage,feuillage,NOM,B1,3.8227,0.661,0.21586,fœjaʒ,feuille,0-1-1,/feuill(e).age,,target_content_high_frequency_missing_gloss,0.672028,0
4923,excursion,excursion,NOM,B1,3.8217,3.38,1.01653,ɛkskyʁsjɔ̃,course,1-1-1,_ex/c(o)urs(e).ion,,target_content_high_frequency_missing_gloss,0.672018,0
13912,égout,égout,NOM,B2,2.577,7.962,1.49265,egu,,1-1-0,_é/gout(ter),下水道；排污管,target_content_with_gloss,0.671948,1
13207,tunnel,tunnel,NOM,B2,2.5722,22.329,4.22994,tynɛl,,0-1-0,/§tunnel§,地道；坑道,target_content_with_gloss,0.671887,1
10603,race,race,NOM,B2,2.5454,19.579,5.90631,ʁas,,0-1-0,/§race§,种族,target_content_with_gloss,0.671542,1
9181,paradoxe,paradoxe,NOM,B2,2.5449,2.028,0.54348,paʁadɔks,,1-0-2,_para.dox(e).e,悖,target_content_with_gloss,0.671535,1
11304,rude,rude,ADJ,B2,2.5279,7.797,3.06797,ʁyd,,0-1-0,/rude,不客气；严峻,target_content_with_gloss,0.671315,1
10377,pseudonyme,pseudonyme,NOM,B2,2.5189,1.75,0.57257,psødonim,,1-0-1,_pseudo.nyme,化名；用户名,target_content_with_gloss,0.671198,1
12960,tournée,tournée,NOM,B1,3.7168,24.193,7.9011,tuʁne,tourner,0-1-0,/tourn(er),,target_content_high_frequency_missing_gloss,0.671011,0
13229,tyrannie,tyrannie,NOM,B2,2.5008,2.092,0.79761,tiʁani,,0-1-1,/tyran[n].ie,专制；僭主政治,target_content_with_gloss,0.670962,1
10385,psychologie,psychologie,NOM,B2,2.485,5.722,2.18922,psikoloʒi,,1-0-1,_psycho.logie,心理学,target_content_with_gloss,0.670755,1
12221,splendide,splendide,ADJ,B2,2.4738,11.402,4.15646,splɑ̃did,,0-1-1,/splend(eur).ide,光大；光辉,target_content_with_gloss,0.670608,1
5657,fût,fût,NOM,B1,3.6709,2.13,2.20606,fy,fût,0-1-0,/fût,,target_content_high_frequency_missing_gloss,0.670563,0
7481,littéralement,littéralement,ADV,B1,3.6555,13.769,5.66442,liteʁaləmɑ̃,lettre,0-1-2,/littér(al).ale.ment,,target_content_high_frequency_missing_gloss,0.670412,0
8174,mobylette,mobylette,NOM,B1,3.6391,0.703,0.20667,mobilɛt,Mobylette,0-1-0,/Mobylette,,target_content_high_frequency_missing_gloss,0.670251,0
9336,pathologie,pathologie,NOM,B2,2.4442,1.582,0.58022,patoloʒi,,1-0-1,_patho.logie,病理,target_content_with_gloss,0.670216,1
5846,goûter,goûter,NOM,B1,3.6333,2.769,5.74097,gute,goût,0-1-1,/goût.er,,target_content_high_frequency_missing_gloss,0.670193,0
7564,lourdement,lourdement,ADV,B1,3.631,2.481,1.03797,luʁdəmɑ̃,lourd,0-1-1,/lourde.ment,,target_content_high_frequency_missing_gloss,0.670171,0
13913,égoïsme,égoïsme,NOM,B2,2.4393,2.013,0.88028,egoizm,,1-0-1,_ego.ïste,私心,target_content_with_gloss,0.670151,1
5397,forcément,forcément,ADV,B2,29.5565,25.377,10.11329,fɔʁsemɑ̃,forcer,0-1-1,/forc(er).ment,,target_content_high_frequency_missing_gloss,0.670149,0
4037,débrouiller,débrouiller,VER,B1,3.6256,42.019,5.91243,debʁuje,bouiller,1-1-1,_dé/brouill(er).er,,target_content_high_frequency_missing_gloss,0.670117,0
8026,mesdemoiselles,mesdemoiselles,NOM,B1,3.6037,5.225,1.93968,mɛdəmwazɛl,demoiselle,0-2-0,/ma/demoiselle,,target_content_high_frequency_missing_gloss,0.6699,0
597,anonymat,anonymat,NOM,B2,2.4101,1.962,0.85273,anonima,,1-0-2,_an.{onym(e)}.at,匿名,target_content_with_gloss,0.669761,1
2698,communion,communion,NOM,B1,3.5845,2.519,0.84201,komynjɔ̃,un,1-1-1,_com[m]/un.ion,,target_content_high_frequency_missing_gloss,0.669709,0
3135,cool,cool,ADJ,B2,2.3891,107.155,29.64023,kul,,0-1-0,/§cool§,酷毙；酷炫,target_content_with_gloss,0.669478,1
7822,manuel,manuel,NOM,B2,2.3869,8.263,3.99724,manɥɛl,,1-0-1,_manu.el,手册；手动,target_content_with_gloss,0.669448,1
1524,bonhomme,bonhomme,NOM,B1,3.5401,8.332,4.46724,bonɔm,bon,0-2-0,/bon/homme,,target_content_high_frequency_missing_gloss,0.669263,0
11919,shopping,shopping,NOM,B2,2.3667,8.772,3.24097,ʃɔpiŋ,,0-1-0,/§shopping§,瞎拼；血拼,target_content_with_gloss,0.669174,1
10184,propreté,propreté,NOM,B1,3.5103,1.484,0.64299,pʁɔpʁəte,propre,0-1-1,/propr(e).eté,,target_content_high_frequency_missing_gloss,0.668962,0
9617,pique-niquer,pique-niquer,VER,B1,3.5075,1.437,2.16167,piknike,piquer,0-2-1,/pique/niqu(e).er,,target_content_high_frequency_missing_gloss,0.668933,0
12893,tombée,tombée,NOM,B1,3.5073,2.69,13.53337,tɔ̃be,tomber,0-1-1,/tomb(er).ée,,target_content_high_frequency_missing_gloss,0.668931,0
10210,protestant,protestant,NOM,B1,3.4908,1.386,0.40876,pʁotɛstɑ̃,tester,1-1-1,_pro/test(er).ant,,target_content_high_frequency_missing_gloss,0.668763,0
2073,catalogue,catalogue,NOM,B2,2.3182,4.101,1.35487,katalɔg,,2-0-1,_1_cata.logue,书目；目录,target_content_with_gloss,0.66851,1
12749,tendrement,tendrement,ADV,B1,3.4266,1.763,0.72566,tɑ̃dʁəmɑ̃,tendre,0-1-1,/tendre.ment,,target_content_high_frequency_missing_gloss,0.668104,0
5512,fraîcheur,fraîcheur,NOM,B1,3.4052,1.513,0.6338,fʁɛʃœʁ,frais,0-1-1,/fraîch(e).eur,,target_content_high_frequency_missing_gloss,0.667882,0
8547,météo,météo,NOM,B2,2.2543,10.538,3.29608,meteo,,0-1-0,/météo(rologie),天儿；天气,target_content_with_gloss,0.66762,1
12379,sucrer,sucrer,VER,B1,3.3677,1.927,8.22566,sykʁe,sucre,0-1-1,/§sucr(e)§.er,,target_content_high_frequency_missing_gloss,0.667491,0
8511,ménestrel,ménestrel,NOM,B1,3.3655,0.38,0.06736,menɛstʁɛl,ménestrel,0-1-0,/ménestrel,,target_content_high_frequency_missing_gloss,0.667468,0
7812,mannequin,mannequin,NOM,B2,2.2138,15.453,3.24709,manəkɛ̃,,0-1-0,/§mannequin§,模特,target_content_with_gloss,0.667046,1
8147,miser,miser,VER,B2,2.2128,11.87,22.43876,mize,,0-1-0,/§miser§,赌博；赌钱,target_content_with_gloss,0.667032,1
10224,provenance,provenance,NOM,B2,2.1594,3.782,1.63197,pʁovənɑ̃s,,1-1-1,_pro/ven(ir).ance,原产地；来源,target_content_with_gloss,0.666265,1
1451,bizarrement,bizarrement,ADV,B1,3.2518,10.68,4.65248,bizaʁəmɑ̃,bizarre,0-1-1,/bizarre.ment,,target_content_high_frequency_missing_gloss,0.66626,0
12635,tabou,tabou,NOM,B2,2.1245,0.924,0.51745,tabu,,0-1-0,/§tabou§,忌讳；禁忌,target_content_with_gloss,0.665756,1
5642,féminisme,féminisme,NOM,B1,3.179,0.747,0.25873,feminizm,femme,0-1-1,/féminin.isme,,target_content_high_frequency_missing_gloss,0.665469,0
8527,métallique,métallique,ADJ,B1,3.1474,3.848,1.1038,metalik,métal,0-1-1,/métal[l].ique,,target_content_high_frequency_missing_gloss,0.665122,0
12806,thermique,thermique,ADJ,B2,2.07,3.269,0.84048,tɛʁmik,,1-0-1,_therm(o).ique,热敏,target_content_with_gloss,0.664951,1
7813,manquant,manquant,ADJ,B2,2.0648,7.595,1.53705,mɑ̃kɑ̃,,0-1-1,/manqu(er).ant,走失,target_content_with_gloss,0.664873,1
1498,bohémien,bohémien,NOM,B1,3.1241,1.035,0.1485,boemjɛ̃,Bohême,0-1-1,/Bohême.ien,,target_content_high_frequency_missing_gloss,0.664864,0
11634,sacré,sacré,NOM,B2,2.0523,3.715,16.33803,sakʁe,,0-1-1,/sacr(e).é,神圣；神圣不可侵犯,target_content_with_gloss,0.664686,1
11379,réciprocité,réciprocité,NOM,B2,2.0375,0.291,0.11635,ʁesipʁosite,,0-1-1,/§récipro(que)/c§.ité,互惠；对等,target_content_with_gloss,0.664463,1
8376,multimédia,multimédia,ADJ,B2,2.0175,0.256,0.09492,myltimedja,,1-1-0,_multi/§média§,多媒体,target_content_with_gloss,0.664161,1
5724,gastronomie,gastronomie,NOM,B2,1.9956,0.475,0.19749,gastʁonomi,,1-0-2,_gastro.nom(e).ie,美食,target_content_with_gloss,0.663828,1
8343,mousse,mousse,NOM,B2,1.9956,6.079,2.34997,mus,,0-1-0,/§mousse§,幕斯；慕丝,target_content_with_gloss,0.663828,1
7906,maréchal,maréchal,NOM,B2,1.9876,2.12,0.55573,maʁeʃal,,0-1-0,/§maréchal§,元帅,target_content_with_gloss,0.663705,1
2352,chronique,chronique,ADJ,B2,1.9799,2.775,1.3962,kʁonik,,1-0-1,_chron(o).ique,专栏；慢性,target_content_with_gloss,0.663587,1
11630,sacrifier,sacrifier,VER,B2,1.9731,23.854,3.89008,sakʁifje,,0-1-1,/sacr(e).er,牲礼；牺牲,target_content_with_gloss,0.663482,1
9588,pile,pile,ADV,B2,1.9449,0.104,7.67453,pil,,0-0-0,,一堆,target_content_with_gloss,0.663046,1
11787,scier,scier,VER,B2,1.9427,2.668,1.63197,sje,,0-1-1,/sci(er).er,锯开,target_content_with_gloss,0.663012,1
1747,brûlant,brûlant,ADJ,B1,2.959,6.854,2.12645,bʁylɑ̃,brûler,0-1-1,/brûl(er).ant,,target_content_high_frequency_missing_gloss,0.662993,0
445,alterner,alterner,VER,B2,1.9382,1.057,0.14544,altɛʁne,,1-0-1,_alter[n].er,交替；候补,target_content_with_gloss,0.662942,1
6198,homogène,homogène,ADJ,B2,1.9366,0.269,0.10104,omoʒɛn,,1-0-1,_homo.gène,一色；同质,target_content_with_gloss,0.662917,1
4059,décharge,décharge,NOM,B1,2.9521,9.307,3.46448,deʃaʁʒ,charge,1-1-0,_dé/charg(e),,target_content_high_frequency_missing_gloss,0.662913,0
9182,paragraphe,paragraphe,NOM,B2,1.9336,2.946,0.96601,paʁagʁaf,,1-0-1,_para.graphe,段落；自然段,target_content_with_gloss,0.66287,1
5644,féministe,féministe,ADJ,B1,2.9451,1.554,0.60778,feminist,femme,0-1-1,/féminin.iste,,target_content_high_frequency_missing_gloss,0.662832,0
10017,prestige,prestige,NOM,B2,1.9114,2.225,0.82976,pʁɛstiʒ,,0-1-0,/§prestige§,信誉；声望,target_content_with_gloss,0.662522,1
12059,solitaire,solitaire,NOM,B2,1.9058,3.902,5.25107,solitɛʁ,,1-0-1,_sol(i).itaire,冷清；孤单,target_content_with_gloss,0.662434,1
9343,patienter,patienter,VER,B1,2.9037,9.816,5.47765,pasjɑ̃te,patient,0-1-2,/pati(ence).ent.er,,target_content_high_frequency_missing_gloss,0.662349,0
4984,exportation,exportation,NOM,B2,1.8998,0.807,0.23117,ɛkspɔʁtasjɔ̃,,0-1-1,/§export§.ation,出口；出口商品,target_content_with_gloss,0.66234,1
7781,manager,manager,NOM,B2,1.8836,13.358,3.71862,manadʒœʁ,,0-1-1,/§manag(er)§.er,店长；经理,target_content_with_gloss,0.662083,1
8004,mention,mention,NOM,B2,1.8627,3.927,1.61053,mɑ̃sjɔ̃,,0-1-1,/§men(s)/t§.ion,记载；评语,target_content_with_gloss,0.66175,1
10339,présidence,présidence,NOM,B1,2.851,4.813,1.43907,pʁezidɑ̃s,{sid},1-1-1,_pré/{sid}.ence,,target_content_high_frequency_missing_gloss,0.661727,0
5979,guillotine,guillotine,NOM,B1,2.8494,1.339,0.40723,gijotin,Guillotin,0-1-1,/Guillotin.e,,target_content_high_frequency_missing_gloss,0.661708,0
11486,réparation,réparation,NOM,B1,2.8071,9.203,2.04838,ʁepaʁasjɔ̃,parer,1-1-1,_ré/par(er).ation,,target_content_high_frequency_missing_gloss,0.661202,0
12027,socle,socle,NOM,B2,1.8059,0.491,0.1929,sɔkl,,0-1-0,/§socle§,支座,target_content_with_gloss,0.660833,1
5072,faiblement,faiblement,ADV,B1,2.7435,0.557,0.24954,fɛbləmɑ̃,faible,0-1-1,/faible.ment,,target_content_high_frequency_missing_gloss,0.660431,0
7530,longer,longer,VER,B2,1.7724,1.769,0.28781,lɔ̃ʒe,,0-1-1,/long.er,沿,target_content_with_gloss,0.660283,1
4340,déprimer,déprimer,VER,B1,2.7099,10.19,2.50765,depʁime,prime,1-1-1,_dé/prim(e).er,,target_content_high_frequency_missing_gloss,0.660018,0
10844,redonner,redonner,VER,B1,2.6958,8.769,1.42682,ʁədone,don,1-1-1,_re/don[n].er,,target_content_high_frequency_missing_gloss,0.659844,0
4545,embrasse,embrasse,NOM,B1,2.6676,1.475,9.52541,ɑ̃bʁas,bras,1-1-1,_em/bras[s].e,,target_content_high_frequency_missing_gloss,0.659493,0
9326,pastille,pastille,NOM,B2,1.7219,1.943,0.39192,pastij,,0-1-0,/§pastille§,含片；芯片,target_content_with_gloss,0.659441,1
1992,carburer,carburer,VER,B1,2.601,0.883,2.08512,kaʁbyʁe,carbone,0-1-1,/carbur(e).er,,target_content_high_frequency_missing_gloss,0.658654,0
10926,remarier,remarier,VER,B1,2.5794,5.453,0.75934,ʁəmaʁje,mari,1-1-1,_re/mari.er,,target_content_high_frequency_missing_gloss,0.658379,0
12022,sociologie,sociologie,NOM,B2,1.6322,0.816,0.30465,sosjoloʒi,,1-0-1,_socio.logie,社会学,target_content_with_gloss,0.657907,1
6623,indemne,indemne,ADJ,B1,2.5149,3.054,1.06246,ɛ̃dɛmn,indemne,0-1-1,/indemn(e).e,,target_content_high_frequency_missing_gloss,0.657546,0
3498,cyclone,cyclone,NOM,B2,1.6103,1.459,0.39192,siklon,,0-1-0,/§cyclone§,卷风；龙卷风,target_content_with_gloss,0.657525,1
7435,lifting,lifting,NOM,B2,1.6052,1.161,0.38885,liftiŋ,,0-2-0,/§lift§/§ing§,整容,target_content_with_gloss,0.657435,1
13946,électron,électron,NOM,B2,1.6026,1.434,0.28169,elɛktʁɔ̃,,1-0-0,_électron,电子,target_content_with_gloss,0.657389,1
10665,rallumer,rallumer,VER,B1,2.4888,3.513,0.54348,ʁalyme,allumer,1-1-1,_r/allum(er).er,,target_content_high_frequency_missing_gloss,0.657205,0
10161,prompt,prompt,ADJ,B2,1.5897,1.354,0.37355,pʁɔ̃,,0-1-0,/§prompt§,敏捷；灵活,target_content_with_gloss,0.657162,1
12048,solder,solder,VER,B2,1.5891,1.206,1.77893,sɔlde,,0-1-1,/§sold(e)§.er,卖掉；处理,target_content_with_gloss,0.657151,1
2113,celtique,celtique,ADJ,B1,2.4774,0.351,0.11023,sɛltik,celte,0-1-1,/celt(e).ique,,target_content_high_frequency_missing_gloss,0.657055,0
9482,pertinent,pertinent,ADJ,B2,1.581,6.218,1.46663,pɛʁtinɑ̃,,0-1-1,/§pertin(ent)§.ent,中肯；值得知道,target_content_with_gloss,0.657008,1
5286,firme,firme,NOM,B2,1.575,4.022,1.02878,fiʁm,,0-1-0,/§firme§,公司；厂商,target_content_with_gloss,0.656901,1
10383,psychique,psychique,ADJ,B2,1.575,3.791,0.87569,psiʃik,,1-0-1,_psych.ique,心理；通灵,target_content_with_gloss,0.656901,1
6154,hexagone,hexagone,NOM,B2,1.5698,0.155,0.04287,ɛgzagon,,1-0-1,_hexa.gone,六角,target_content_with_gloss,0.656809,1
2544,coca,coca,NOM,B2,1.5677,7.778,2.39284,koka,,0-1-0,/§coca§,可加,target_content_with_gloss,0.656771,1
9533,phobie,phobie,NOM,B2,1.567,1.934,0.55266,fobi,,0-1-1,/§phob(ie)§.ie,恐惧；最怕,target_content_with_gloss,0.656759,1
12465,surgeler,surgeler,VER,B1,2.453,0.193,0.37048,syʁʒəle,gel,1-1-0,_sur/gel,,target_content_high_frequency_missing_gloss,0.656733,0
12338,subit,subit,ADJ,B2,1.5649,2.547,1.54011,sybi,,1-0-1,_sub.it,猝；骤,target_content_with_gloss,0.656721,1
1980,carafe,carafe,NOM,B1,2.4493,1.016,0.34752,kaʁaf,carafe,0-1-1,/caraf(e).e,,target_content_high_frequency_missing_gloss,0.656684,0
12245,spéculation,spéculation,NOM,B2,1.561,3.142,0.72872,spekylasjɔ̃,,0-1-1,/§spécul(um)§.ation,投机,target_content_with_gloss,0.656652,1
12198,soviétique,soviétique,ADJ,B2,1.558,5.725,1.19871,sovjetik,,0-1-1,/§soviet§.ique,苏,target_content_with_gloss,0.656598,1
13291,unification,unification,NOM,B2,1.558,0.563,0.18065,ynifikasjɔ̃,,1-0-2,_uni.fic.ation,合一,target_content_with_gloss,0.656598,1
7217,judiciaire,judiciaire,ADJ,B2,21.7213,12.693,4.13809,ʒydisjɛʁ,judiciaire,0-1-1,/judici(aire).aire,,target_content_high_frequency_missing_gloss,0.656586,0
13892,éditorial,éditorial,ADJ,B2,1.5522,0.418,0.30312,editoʁjal,,0-1-0,/§editorial§,社论,target_content_with_gloss,0.656494,1
1080,automobiliste,automobiliste,NOM,B1,2.4288,0.668,0.15462,otomobilist,mobile,1-1-1,_aut(o)/mobil(e).iste,,target_content_high_frequency_missing_gloss,0.656411,0
11561,rétorquer,rétorquer,VER,B2,1.5462,0.38,0.05664,ʁetɔʁke,,1-1-1,_re/§rétorqu(er)§.er,还口；还嘴,target_content_with_gloss,0.656386,1
2164,chagrin,chagrin,NOM,B2,1.5459,12.285,4.35854,ʃagʁɛ̃,,0-1-0,/§chagrin§,心疼；心痛,target_content_with_gloss,0.656381,1
5360,folklore,folklore,NOM,B2,1.5417,0.994,0.38732,fɔlklɔʁ,,0-2-1,/§folk§/§lor(e)§.e,传说；民俗,target_content_with_gloss,0.656305,1
9529,philosophe,philosophe,ADJ,B2,1.5399,0.892,1.06552,filozɔf,,1-0-2,_phil(o).soph(e).e,哲学家,target_content_with_gloss,0.656273,1
3920,doter,doter,VER,B2,21.5596,3.547,0.7624,dote,dot,0-1-1,/dot.er,,target_content_high_frequency_missing_gloss,0.656259,0
465,ambigu,ambigu,ADJ,B2,1.5376,1.348,0.29853,ɑ̃bigy,,1-0-1,_amb(i).{igu},含糊；含糊不清,target_content_with_gloss,0.656231,1
8479,médiocre,médiocre,ADJ,B2,1.5376,3.218,1.26761,medjɔkʁ,,0-1-1,/{médi}.ocre,中路；低级,target_content_with_gloss,0.656231,1
3638,dessein,dessein,NOM,B2,1.5371,3.161,0.77771,desɛ̃,,0-1-0,/déssein,意图；标的,target_content_with_gloss,0.656222,1
9350,patrie,patrie,NOM,B2,1.5369,8.006,2.37446,patʁi,,0-1-1,/§pat(e)r§.ie,国度；故乡,target_content_with_gloss,0.656219,1
9828,polyvalent,polyvalent,ADJ,B2,1.5354,0.576,0.15309,polivalɑ̃,,1-0-2,_poly.val(ence).ent,全能；多方位,target_content_with_gloss,0.656192,1
9057,ouragan,ouragan,NOM,B2,1.5332,6.927,1.40386,uʁagɑ̃,,0-1-0,/§ouragan§,暴风；狂风,target_content_with_gloss,0.656152,1
8251,monseigneur,monseigneur,NOM,B2,1.5325,9.525,1.11758,mɔ̃sɛɲœʁ,,0-2-0,/mon/seigneur,老爷,target_content_with_gloss,0.656139,1
11985,sinistre,sinistre,NOM,B2,1.5295,0.823,2.14329,sinistʁ,,0-1-1,/§sinistr(e)§.e,不祥；毒辣,target_content_with_gloss,0.656085,1
8097,millier,millier,NOM,B1,45.74,38.076,11.74372,milje,,1-0-1,_milli.er,,target_content_high_frequency_missing_gloss,0.656007,0
8528,métallurgie,métallurgie,NOM,B2,1.5227,0.231,0.09645,metalyʁʒi,,1-0-1,_métall.urgie,冶金,target_content_with_gloss,0.655962,1
12523,syllabe,syllabe,NOM,B2,1.5202,1.487,0.31843,silab,,0-1-1,/§syllab(e)§.e,音节,target_content_with_gloss,0.655916,1
5790,glamour,glamour,NOM,B2,1.519,2.633,1.07471,glamuʁ,,0-1-0,/§glamour§,美艳,target_content_with_gloss,0.655895,1
10025,prime,prime,NOM,B2,1.5164,13.342,3.72933,pʁim,,0-1-0,/§prime§,奖金；赏金,target_content_with_gloss,0.655847,1
8348,moustiquaire,moustiquaire,NOM,B2,1.5106,0.44,0.13625,mustikɛʁ,,0-1-1,/§moustiqu(e)§.aire,床帐,target_content_with_gloss,0.655742,1
803,arrivé,arrivé,NOM,B1,2.3693,4.016,63.1583,aʁive,rive,1-1-1,_a(d)/p/riv(e).é,,target_content_high_frequency_missing_gloss,0.65561,0
10174,propice,propice,ADJ,B2,1.5009,2.057,0.75168,pʁopis,,0-1-0,/§propice§,吉利；吉祥,target_content_with_gloss,0.655565,1
2444,citadin,citadin,ADJ,B2,1.4997,0.408,0.30159,sitadɛ̃,,0-1-0,/§citadin§,城市居民；市民,target_content_with_gloss,0.655543,1
1403,bienvenu,bienvenu,NOM,B1,2.3594,12.75,5.16381,bjɛ̃vəny,bien,0-2-1,/bien/ven(ir).u,,target_content_high_frequency_missing_gloss,0.655475,0
5517,fresque,fresque,NOM,B2,1.4943,1.595,0.3169,fʁɛsk,,0-1-0,/§fresque§,壁画,target_content_with_gloss,0.655444,1
12664,tambourin,tambourin,NOM,B1,2.3466,0.611,0.17606,tɑ̃buʁɛ̃,tambour,0-1-1,/tambour.in,,target_content_high_frequency_missing_gloss,0.6553,0
12773,terminus,terminus,NOM,B2,1.4839,1.908,0.71341,tɛʁminys,,0-1-0,/§terminus§,总站；终点,target_content_with_gloss,0.655252,1
13253,téléviseur,téléviseur,NOM,B2,1.4704,1.339,0.36436,televizœʁ,,1-0-1,_télé.siseur,电视机,target_content_with_gloss,0.655003,1
5659,gadget,gadget,NOM,B2,1.466,3.576,0.73025,gadʒɛt,,0-1-0,/§gadget§,玩意,target_content_with_gloss,0.654921,1
6637,indifférence,indifférence,NOM,B1,2.3085,1.785,0.75475,ɛ̃difeʁɑ̃s,différent,1-1-1,_in/différ(ent).ence,,target_content_high_frequency_missing_gloss,0.654776,0
8532,méthane,méthane,NOM,B2,1.4564,1.532,0.34293,metan,,1-0-2,_méth(y).an.e,沼气；甲烷,target_content_with_gloss,0.654743,1
12826,thérapie,thérapie,NOM,B2,1.456,19.737,5.36589,teʁapi,,0-1-0,/§thérapie§,疗愈；疗法,target_content_with_gloss,0.654735,1
6976,interviewer,interviewer,VER,B2,1.4541,4.763,1.28138,ɛ̃tɛʁvjuve,,0-1-1,/§interview§.er,访谈；访问,target_content_with_gloss,0.6547,1
9918,postérité,postérité,NOM,B2,1.4483,1.123,0.47152,pɔsteʁite,,1-0-1,_post.érité,后人；后代,target_content_with_gloss,0.654591,1
6357,icône,icône,NOM,B2,1.4393,1.924,0.57563,ikon,,0-1-0,/icône,图标；图示,target_content_with_gloss,0.654423,1
6358,idem,idem,ADV,B2,1.4393,2.114,0.94458,idɛm,,0-1-0,/§idem§,一模一样；同上,target_content_with_gloss,0.654423,1
13852,économiste,économiste,NOM,B2,1.4335,0.674,0.13778,ekonomist,,1-0-1,_éco.iste,经济学家；经济师,target_content_with_gloss,0.654314,1
13189,tsunami,tsunami,NOM,B2,1.4309,1.608,0.39957,tsynami,,0-1-0,/§tsunami§,海啸,target_content_with_gloss,0.654265,1
8951,optimal,optimal,ADJ,B2,1.4296,1.006,0.2128,ɔptimal,,0-1-1,/§optim(us)§.al,最优；最佳,target_content_with_gloss,0.65424,1
10167,pronostic,pronostic,NOM,B2,1.4293,1.911,0.62462,pʁonɔstik,,0-1-0,/§pronostic§,波音,target_content_with_gloss,0.654235,1
9878,porte-parole,porte-parole,NOM,B2,1.4252,3.358,1.25995,pɔʁtøpaʁɔl,,,,代言人；发言人,target_content_with_gloss,0.654157,1
6047,gîte,gîte,NOM,B1,2.2481,0.858,0.34905,ʒit,gésir,0-0-1,.te,,target_content_high_frequency_missing_gloss,0.653932,0
11175,rigide,rigide,ADJ,B2,1.4109,2.152,0.74556,ʁiʒid,,0-1-1,/§rigid(e)§.e,僵硬；刻板,target_content_with_gloss,0.653887,1
5679,gallo-romain,gallo-romain,ADJ,B1,2.2412,0.044,0.00612,galoʁomɛ̃,Rome,1-1-1,_gallo/Rom(e).ain,,target_content_high_frequency_missing_gloss,0.653835,0
3637,designer,designer,NOM,B2,1.4008,2.095,0.59859,deziɲe,,0-1-0,/§designer§,设计人员；设计师,target_content_with_gloss,0.653694,1
10666,rallye,rallye,NOM,B2,1.3969,1.396,0.25107,ʁali,,0-1-0,/§rallye§,拉力赛,target_content_with_gloss,0.65362,1
12008,snobisme,snobisme,NOM,B2,1.3782,0.304,0.09032,snobizm,,0-1-1,/§snob§.isme,嫌贫爱富,target_content_with_gloss,0.653261,1
9653,placer,placer,NOM,B2,1.3762,0.785,5.13319,plasɛʁ,,0-1-0,/§placer§,安置；安装,target_content_with_gloss,0.653223,1
13633,vogue,vogue,NOM,B2,1.3733,2.184,0.92315,vɔg,,0-1-0,/§voguer§,红,target_content_with_gloss,0.653167,1
11043,reptile,reptile,NOM,B2,1.3672,2.297,0.39651,ʁɛptil,,0-1-1,/§rept(ile)§.ile,爬虫；爬虫动物,target_content_with_gloss,0.653049,1
8369,mulet,mulet,NOM,B2,1.358,6.877,0.28016,mylɛ,,0-1-0,/mulet,鲻鱼头,target_content_with_gloss,0.652871,1
11507,républicain,républicain,ADJ,B1,2.1402,4.035,1.08849,ʁepyblikɛ̃,république,0-1-0,/républi(que)/c,,target_content_high_frequency_missing_gloss,0.652386,0
13145,trompe,trompe,NOM,B2,1.3249,2.032,10.00612,tʁɔ̃p,,0-1-0,/§trompe§,鼻子,target_content_with_gloss,0.652224,1
11170,ridicule,ridicule,NOM,B2,1.3204,5.772,21.46663,ʁidikyl,,0-1-0,/§ridicule§,可笑；可笑的,target_content_with_gloss,0.652135,1
9392,pelote,pelote,NOM,B1,2.0902,1.13,0.5297,pəlɔt,pelote,0-1-1,/pelot(e).e,,target_content_high_frequency_missing_gloss,0.651651,0
4985,exporter,exporter,VER,B2,1.2684,0.981,0.10716,ɛkspɔʁte,,0-1-1,/§export§.er,出口；导出,target_content_with_gloss,0.651097,1
1890,camionnette,camionnette,NOM,B1,2.0244,8.696,2.29792,kamjonɛt,camion,0-1-1,/camion[n].ette,,target_content_high_frequency_missing_gloss,0.650666,0
4747,entraîneur,entraîneur,NOM,B1,2.0137,12.696,2.34538,ɑ̃tʁɛnœʁ,trainer,1-1-1,_en/train(er).eur,,target_content_high_frequency_missing_gloss,0.650503,0
8396,muscler,muscler,VER,B1,1.9978,1.769,4.00796,myskle,muscle,0-1-1,/muscl(e).er,,target_content_high_frequency_missing_gloss,0.650261,0
1497,bohémien,bohémien,ADJ,B1,1.9976,0.364,0.1485,boemjɛ̃,Bohême,0-1-1,/Bohême.ien,,target_content_high_frequency_missing_gloss,0.650258,0
11115,retraiter,retraiter,VER,B1,1.992,1.266,11.51715,ʁətʁɛte,traire,1-1-1,_re/trai(re).té,,target_content_high_frequency_missing_gloss,0.650173,0
9157,papi,papi,NOM,B1,1.9829,7.642,1.60288,papi,papa,0-1-0,/pap(a)/i,,target_content_high_frequency_missing_gloss,0.650033,0
9916,posture,posture,NOM,B2,1.2133,2.759,1.11758,pɔstyʁ,,0-1-0,/§posture§,体位；境遇,target_content_with_gloss,0.649972,1
1844,cadrer,cadrer,VER,B1,1.9704,1.522,4.50092,kadʁe,cadre,0-1-1,/cadr(e).er,,target_content_high_frequency_missing_gloss,0.649841,0
8470,médiatique,médiatique,ADJ,B2,18.5352,2.18,0.82364,medjatik,{médi},0-1-1,/{médi}.atique,,target_content_high_frequency_missing_gloss,0.649669,0
449,altération,altération,NOM,B2,1.1943,0.731,0.25873,alteʁasjɔ̃,,1-0-1,_alter.ation,蚀变；风化,target_content_with_gloss,0.649577,1
2634,colza,colza,NOM,B2,1.1807,0.117,0.0444,kɔlza,,0-1-0,/§colza§,油菜,target_content_with_gloss,0.649292,1
4484,dôme,dôme,NOM,B2,1.1786,4.351,0.67667,dom,,0-1-0,/dôme,大教堂,target_content_with_gloss,0.649248,1
5761,gentleman,gentleman,NOM,B2,1.178,16.722,4.53154,dʒɛntløman,,0-2-0,/§gentle§/§manM,君子；绅士,target_content_with_gloss,0.649236,1
7634,légion,légion,NOM,B1,1.9215,4.804,0.85273,leʒjɔ̃,légion,0-1-0,/légion,,target_content_high_frequency_missing_gloss,0.649081,0
2622,colonel,colonel,NOM,B1,1.8929,64.092,5.55573,kolonɛl,colonel,0-1-0,/colonel,,target_content_high_frequency_missing_gloss,0.648631,0
2112,celte,celte,ADJ,B1,1.8697,0.313,0.1087,sɛlt,celte,0-1-1,/celt(e).e,,target_content_high_frequency_missing_gloss,0.648262,0
5363,foncier,foncier,ADJ,B1,1.8675,0.728,0.10563,fɔ̃sje,fond,0-1-1,/fon(d)/c.ier,,target_content_high_frequency_missing_gloss,0.648227,0
13225,typiquement,typiquement,ADV,B1,1.8277,1.652,0.76546,tipikəmɑ̃,type,0-1-2,/typ(e).ique.ment,,target_content_high_frequency_missing_gloss,0.647587,0
9183,parallèle,parallèle,NOM,B2,1.0946,1.256,1.37171,paʁalɛl,,0-1-0,/§parallèle§,平行,target_content_with_gloss,0.647448,1
8260,montage,montage,NOM,B2,1.0587,6.823,2.40508,mɔ̃taʒ,,0-1-1,/mont.age,剪辑,target_content_with_gloss,0.646657,1
1367,best-seller,best-seller,NOM,B2,1.0475,1.481,0.47918,bɛstselœʁ,,0-2-0,/§best§/§seller§,热卖；畅销书,target_content_with_gloss,0.646407,1
5325,flirter,flirter,VER,B2,1.0388,10.642,1.8019,flœʁte,,0-1-1,/§flirt§.er,招蜂引蝶；搭讪,target_content_with_gloss,0.646212,1
2509,clip,clip,NOM,B2,1.0376,4.544,1.00122,klip,,0-1-0,/§clip§,卡,target_content_with_gloss,0.646185,1
7667,machisme,machisme,NOM,B2,1.035,0.212,0.09339,matʃizm,,0-1-1,/§mach(o)§.isme,大男人主义；直男癌,target_content_with_gloss,0.646127,1
1282,baromètre,baromètre,NOM,B2,1.0338,0.484,0.17912,baʁomɛtʁ,,1-0-1,_bar(y)/o.mètre,领头羊,target_content_with_gloss,0.6461,1
12296,stop,stop,NOM,B2,1.0338,54.579,15.37201,stɔp,,0-1-0,/§stop§,站住,target_content_with_gloss,0.6461,1
9679,planning,planning,NOM,B2,1.0255,7.434,2.75107,planiŋ,,0-1-0,/§planning§,时间表；明细表,target_content_with_gloss,0.645912,1
11971,simulacre,simulacre,NOM,B2,1.0255,0.509,0.19749,simylakʁ,,0-1-0,/§simulacre§,假货；幻影,target_content_with_gloss,0.645912,1
12007,snob,snob,ADJ,B2,1.0211,1.949,1.07471,snɔb,,0-1-0,/§snob§,嫌贫爱富,target_content_with_gloss,0.645813,1
13119,trinquer,trinquer,VER,B2,1.0191,6.921,0.91702,tʁɛ̃ke,,0-1-0,/§trinquer§,喝酒；敬酒,target_content_with_gloss,0.645768,1
8814,oasis,oasis,NOM,B2,1.0176,1.759,0.57563,oazis,,0-1-0,/§oasis§,绿洲,target_content_with_gloss,0.645734,1
13966,élu,élu,NOM,B2,16.9117,5.225,3.81813,ely,lire,1-1-1,_é/l(ire).u,,target_content_high_frequency_missing_gloss,0.645697,0
14044,éphémère,éphémère,ADJ,B2,1.0088,1.585,0.51745,efemɛʁ,,1-0-2,_éph.hémère.e,忽忽；浮云,target_content_with_gloss,0.645533,1
7895,marron,marron,NOM,B2,1.0073,4.133,2.58879,maʁɔ̃,,0-1-0,/§(ci)marron§,板栗；栗子,target_content_with_gloss,0.645499,1
2481,clause,clause,NOM,B2,1.0034,3.918,1.11145,kloz,,0-1-0,/clause,条文；条款,target_content_with_gloss,0.64541,1
10163,promulguer,promulguer,VER,B2,0.998,0.411,0.05971,pʁomylge,,0-1-1,/§promulgu(er)§.er,公布；发布,target_content_with_gloss,0.645287,1
1186,baby-sitter,baby-sitter,NOM,B2,0.9977,7.706,2.31476,babisitœʁ,,0-2-0,/§baby§/§sitter§,临时保姆；保姆,target_content_with_gloss,0.64528,1
9985,pragmatique,pragmatique,ADJ,B2,0.9932,1.453,0.53276,pʁagmatik,,0-1-0,/§pragmatique§,实干；待机,target_content_with_gloss,0.645177,1
9330,patate,patate,NOM,B2,0.9782,11.604,2.33313,patat,,0-1-0,/§patate§,薯；藷,target_content_with_gloss,0.644831,1
12281,steak,steak,NOM,B2,0.9764,13.256,3.36957,stɛk,,0-1-0,/§steak§,牛排,target_content_with_gloss,0.644789,1
2190,change,change,NOM,B1,1.6531,11.693,27.02848,ʃɑ̃ʒ,change,0-1-1,/chang(e).e,,target_content_high_frequency_missing_gloss,0.644669,0
5122,fascination,fascination,NOM,B1,1.6527,1.222,0.52051,fasinasjɔ̃,fasciner,0-1-1,/fascin(er).ation,,target_content_high_frequency_missing_gloss,0.644662,0
3253,courageusement,courageusement,ADV,B1,1.6513,0.791,0.35058,kuʁaʒøzəmɑ̃,coeur,0-1-2,/courag(e).euse.ment,,target_content_high_frequency_missing_gloss,0.644638,0
11305,rudement,rudement,ADV,B2,0.9679,1.383,0.58634,ʁydəmɑ̃,,0-1-1,/rude.ment,着实,target_content_with_gloss,0.644592,1
3893,dominical,dominical,ADJ,B1,1.6439,0.259,0.07195,dominikal,dimanche,0-1-1,/dominic(al).al,,target_content_high_frequency_missing_gloss,0.64451,0
10173,prophète,prophète,NOM,B2,0.9607,8.174,1.29976,pʁofɛt,,0-1-1,/§prophèt(e).e,先知,target_content_with_gloss,0.644424,1
3185,corridor,corridor,NOM,B2,0.9531,1.598,0.49296,koʁidɔʁ,,0-1-0,/§corridor§,楼道；甬道,target_content_with_gloss,0.644246,1
3527,cérébral,cérébral,ADJ,B2,16.3307,14.5,2.68065,seʁebʁal,cérébral,0-1-0,/cérébral,,target_content_high_frequency_missing_gloss,0.644187,0
11479,rénover,rénover,VER,B2,0.9458,2.88,0.55726,ʁenove,,0-1-1,/§rénov(er)§.er,再造；改建,target_content_with_gloss,0.644075,1
10196,prospection,prospection,NOM,B2,0.8858,0.247,0.09645,pʁɔspɛksjɔ̃,,0-1-1,/§prospect§.ion,勘察；勘查,target_content_with_gloss,0.642641,1
1977,caractériser,caractériser,VER,B2,15.7465,1.158,0.22811,kaʁakteʁize,caractère,0-1-2,/caractèr(e).is.er,,target_content_high_frequency_missing_gloss,0.642617,0
7382,leader,leader,NOM,B2,0.8841,17.582,4.29884,lidœʁ,,0-1-0,/§leader§,头儿；头领,target_content_with_gloss,0.6426,1
12798,testostérone,testostérone,NOM,B2,0.8742,1.699,0.58481,tɛstosteʁɔn,,0-2-0,/test(icule)[o]/stér(ol)(horm)one,睾丸甾酮,target_content_with_gloss,0.642358,1
9822,polymère,polymère,NOM,B2,0.8585,0.661,0.23576,polimɛʁ,,1-1-1,_poly/mèr(e).e,聚合物,target_content_with_gloss,0.641973,1
10618,radical,radical,NOM,B2,0.8585,0.275,1.24617,ʁadikal,,0-1-1,/§radic(al)§.al,根本；激进,target_content_with_gloss,0.641973,1
7108,islam,islam,NOM,B2,0.8337,1.222,0.63074,islam,,0-1-0,/§islam§,伊斯兰；伊斯兰教,target_content_with_gloss,0.641358,1
12001,sketch,sketch,NOM,B2,0.812,3.649,0.63993,skɛtʃ,,0-1-0,/§sketch§,相声,target_content_with_gloss,0.640813,1
11629,sacrifice,sacrifice,NOM,B2,0.8049,21.152,4.77342,sakʁifis,,0-1-1,/sacr(e).ifice,牲礼；牺牲,target_content_with_gloss,0.640633,1
4867,ethnie,ethnie,NOM,B2,0.7913,0.579,0.124,ɛtni,,1-0-1,_ethn(o).ie,族,target_content_with_gloss,0.640287,1
9493,pessimiste,pessimiste,ADJ,B2,0.7913,1.449,0.74862,pesimist,,0-1-1,/§pessim(us)§.iste,悲观,target_content_with_gloss,0.640287,1
13095,tremplin,tremplin,NOM,B2,0.7913,0.984,0.40263,tʁɑ̃plɛ̃,,0-1-0,/§tremplin§,跳板,target_content_with_gloss,0.640287,1
11707,saphir,saphir,NOM,B2,0.7754,0.886,0.24189,safiʁ,,0-1-0,/§saphir§,蓝宝石,target_content_with_gloss,0.639879,1
11898,session,session,NOM,B2,0.775,6.462,1.95805,sesjɔ̃,,0-1-0,/§session§,届,target_content_with_gloss,0.639869,1
10574,quille,quille,NOM,B2,0.7749,1.816,0.32609,kij,,0-1-0,/§quill(e)§,龙骨,target_content_with_gloss,0.639866,1
6943,interlocuteur,interlocuteur,NOM,B2,14.4956,1.13,0.40416,ɛ̃tɛʁlokytœʁ,locution,1-1-1,_inter/locut(ion).eur,,target_content_high_frequency_missing_gloss,0.639063,0
10498,périphérie,périphérie,NOM,B2,0.7407,0.953,0.39957,peʁifeʁi,,1-0-2,_péri.phér(ie).ie,周边；外围,target_content_with_gloss,0.638975,1
4161,déficit,déficit,NOM,B2,0.7262,2.019,0.68432,defisit,,0-1-0,/§deficit§,亏损；损失,target_content_with_gloss,0.638592,1
4068,décibel,décibel,NOM,B2,0.725,0.364,0.13931,desibɛl,,1-1-0,_déci/§Bel(l)§,分贝,target_content_with_gloss,0.638561,1
8242,monopole,monopole,NOM,B2,0.7219,1.484,0.53735,monopɔl,,1-0-1,_mono.pole,垄断；独占,target_content_with_gloss,0.638478,1
11788,scinder,scinder,VER,B2,0.7219,0.459,0.05205,sɛ̃de,,0-1-0,/scinder,分裂,target_content_with_gloss,0.638478,1
11865,senteur,senteur,NOM,B2,0.7219,0.842,0.24954,sɑ̃tœʁ,,0-1-1,/§sentenc(e)§.eur,气味；气息,target_content_with_gloss,0.638478,1
8957,optique,optique,ADJ,B2,0.7202,2.642,1.21402,ɔptik,,1-0-1,_opt.ique,光学,target_content_with_gloss,0.638433,1
4877,euphémisme,euphémisme,NOM,B2,0.7167,2.443,1.02113,øfemizm,,1-0-2,_eu.phém(ie).isme,曲笔,target_content_with_gloss,0.63834,1
6169,hippocampe,hippocampe,NOM,B2,0.7155,0.823,0.22352,ipokɑ̃p,,1-0-1,_hipp(o).campe,海马；海龙,target_content_with_gloss,0.638308,1
7283,kit,kit,NOM,B2,0.7155,12.032,2.84599,kit,,0-1-0,/§kit§,套件；套装,target_content_with_gloss,0.638308,1
7693,magnésium,magnésium,NOM,B2,0.7154,1.076,0.34446,maɲezjɔm,,0-1-0,/§magnesium§,镁,target_content_with_gloss,0.638305,1
7559,loufoque,loufoque,ADJ,B2,0.7118,0.899,0.28169,lufɔk,,0-1-1,/§louf§.oque,搞怪,target_content_with_gloss,0.638209,1
13612,viticulteur,viticulteur,NOM,B2,0.7118,0.111,0.02296,vitikyltœʁ,,1-0-1,_viti.culteur,葡萄农,target_content_with_gloss,0.638209,1
4835,esquisser,esquisser,VER,B2,0.7115,0.399,0.22505,ɛskise,,0-1-1,/esquiss(er).er,勾勒,target_content_with_gloss,0.638201,1
8262,montagnard,montagnard,ADJ,B2,0.7115,0.13,0.11023,mɔ̃taɲaʁ,,0-1-2,/mont.agn(e).ard,攀山家,target_content_with_gloss,0.638201,1
9867,portail,portail,NOM,B2,0.7094,10.386,2.29792,pɔʁtaj,,0-1-1,/port(e).ail,大门；大门口,target_content_with_gloss,0.638145,1
14105,équité,équité,NOM,B2,0.7094,0.965,0.40263,ekite,,1-0-1,_équi.té,公道,target_content_with_gloss,0.638145,1
9830,polémique,polémique,ADJ,B2,0.7085,0.218,0.30618,polemik,,0-1-1,/§polémiqu(e)§.e,争议,target_content_with_gloss,0.638121,1
10485,pénurie,pénurie,NOM,B2,0.7085,1.703,0.61696,penyʁi,,0-1-0,/§pénurie§,贫乏,target_content_with_gloss,0.638121,1
11624,sacoche,sacoche,NOM,B2,0.7026,2.424,0.70576,sakɔʃ,,0-1-1,/sac[h].oche,夹子；货包,target_content_with_gloss,0.637962,1
6347,hétérogène,hétérogène,ADJ,B2,0.7013,0.063,0.02143,eteʁoʒɛn,,1-0-1,_hétéro.gène,不均匀；异类,target_content_with_gloss,0.637927,1
10024,prime,prime,ADJ,B2,0.7004,1.804,3.72933,pʁim,,0-1-0,/§prime§,奖金；赏金,target_content_with_gloss,0.637903,1
6934,interdisciplinaire,interdisciplinaire,ADJ,B2,0.6985,0.013,0.00459,ɛ̃tɛʁdisiplinɛʁ,,,,跨领域,target_content_with_gloss,0.637852,1
9568,piano,piano,ADV,B2,0.6982,0.782,4.46724,pjano,,0-1-0,/§piano§,钢琴,target_content_with_gloss,0.637844,1
1183,baby,baby,NOM,B2,0.6976,16.642,3.61758,bejbi,,0-1-0,/§baby§,巴比；贝贝,target_content_with_gloss,0.637828,1
7180,jogging,jogging,NOM,B2,0.6976,4.066,1.48653,dʒɔgiŋ,,0-1-0,/§jogging§,慢跑,target_content_with_gloss,0.637828,1
9483,perturbation,perturbation,NOM,B2,0.6976,5.962,0.6338,pɛʁtyʁbasjɔ̃,,1-0-2,_per.turb.ation,风波,target_content_with_gloss,0.637828,1
11911,sexualité,sexualité,NOM,B2,0.6976,4.206,1.45591,seksɥalite,,0-1-2,/sex(e).ité,性,target_content_with_gloss,0.637828,1
11915,sexy,sexy,ADJ,B2,0.6976,54.955,15.22198,seksi,,0-1-0,/§sexy§,性感；火辣,target_content_with_gloss,0.637828,1
13228,tyran,tyran,NOM,B2,0.6976,4.965,1.39314,tiʁɑ̃,,0-1-0,/tyran,暴君；霸王,target_content_with_gloss,0.637828,1
13587,visa,visa,NOM,B2,0.6976,6.335,1.66105,viza,,0-1-0,/§visa§,威士；签证,target_content_with_gloss,0.637828,1
11660,salarial,salarial,ADJ,B2,0.6971,0.335,0.08726,salaʁjal,,,,工资,target_content_with_gloss,0.637814,1
13609,vite,vite,ADJ,B2,0.6952,0.196,0.09032,vit,,,,一溜烟；立时,target_content_with_gloss,0.637763,1
6306,hypocrite,hypocrite,ADJ,B2,0.6943,3.225,2.47704,ipokʁit,,1-0-2,_hypo.te,乡愿；虚伪,target_content_with_gloss,0.637739,1
6307,hypocrite,hypocrite,NOM,B2,0.6898,4.547,2.47704,ipokʁit,,1-0-2,_hypo.te,乡愿；虚伪,target_content_with_gloss,0.637617,1
11683,sanctionner,sanctionner,VER,B2,0.6891,1.478,0.2572,sɑ̃ksjone,,0-1-1,/§sanction§[n].er,制裁；处分,target_content_with_gloss,0.637598,1
13292,unifier,unifier,VER,B2,0.6891,1.75,0.2128,ynifje,,1-0-2,_uni.fi.er,一统；统一,target_content_with_gloss,0.637598,1
8786,nébuleuse,nébuleuse,NOM,B2,0.688,0.234,0.05818,nebyløz,,,,星云,target_content_with_gloss,0.637568,1
12246,spéculer,spéculer,VER,B2,0.688,1.978,0.5098,spekyle,,0-1-1,/§spécul(um)§.er,倒买倒卖；倒卖,target_content_with_gloss,0.637568,1
1272,barbecue,barbecue,NOM,B2,0.6853,10.025,2.86436,baʁbəkju,,0-1-0,/§barbecue§,巴比Q；烤肉,target_content_with_gloss,0.637495,1
744,arborer,arborer,VER,B2,0.684,0.848,0.10104,aʁboʁe,,1-0-1,_arbor.er,举起,target_content_with_gloss,0.637459,1
8956,optique,optique,NOM,B2,0.684,1.146,1.21402,ɔptik,,1-0-1,_opt.ique,光学,target_content_with_gloss,0.637459,1
11328,ruée,ruée,NOM,B2,0.6825,1.111,0.4654,ʁɥe,,0-1-1,/ru(er).ée,奔,target_content_with_gloss,0.637419,1
8085,milady,milady,NOM,B2,0.6817,2.054,0.40416,miledi,,0-1-0,/§milady§,宫主,target_content_with_gloss,0.637397,1
451,altérité,altérité,NOM,B2,0.6811,0.028,0.01225,alteʁite,,1-0-1,_alter.ité,他性；他者性,target_content_with_gloss,0.63738,1
6310,hypothéquer,hypothéquer,VER,B2,0.6796,1.386,1.01194,ipoteke,,1-0-3,_hypo.thè(que)/c.qu(e).er,典当,target_content_with_gloss,0.63734,1
12028,soda,soda,NOM,B2,0.6777,13.377,4.01868,soda,,0-1-0,/§soda§,汽水,target_content_with_gloss,0.637288,1
3016,container,container,NOM,B2,0.6771,3.073,0.53429,kɔ̃tɛnɛʁ,,0-1-0,/§container§,盦,target_content_with_gloss,0.637271,1
7917,masser,masser,VER,B2,0.6753,6.123,5.5297,mase,,0-1-1,/mass(er).er,堆积；摩挲,target_content_with_gloss,0.637222,1
7780,management,management,NOM,B2,0.675,1.791,0.66748,manaʒəmɑ̃,,0-1-1,/§manag(er)§.ement,管理；管理学,target_content_with_gloss,0.637214,1
6090,handicapé,handicapé,ADJ,B2,0.6742,1.168,1.31813,ɑ̃dikape,,0-1-1,/§handicap§.é,伤残；残疾人,target_content_with_gloss,0.637192,1
6305,hypocrisie,hypocrisie,NOM,B2,0.6721,2.161,0.88487,ipokʁizi,,1-0-2,_hypo.cri(sie).sie,假意；虚伪,target_content_with_gloss,0.637135,1
4550,embuscade,embuscade,NOM,B2,0.6695,6.649,2.32701,ɑ̃byskad,,0-1-1,/§embus(quer)/c§.ade,伏击；圈套,target_content_with_gloss,0.637063,1
7356,laser,laser,NOM,B2,0.6695,10.513,2.59186,lazɛʁ,,0-1-0,/§LASER§,激光；镭射,target_content_with_gloss,0.637063,1
10652,rail,rail,NOM,B2,0.6695,6.494,1.68555,ʁaj,,0-1-0,/§rail§,路轨,target_content_with_gloss,0.637063,1
450,altérer,altérer,VER,B2,0.6693,4.022,0.54042,alteʁe,,1-0-1,_alter.er,变质；异动,target_content_with_gloss,0.637058,1
13747,whisky,whisky,NOM,B2,0.6689,22.892,6.54776,wiski,,0-1-0,/§whisky§,威士忌,target_content_with_gloss,0.637047,1
5773,gifle,gifle,NOM,B2,0.6674,2.642,1.13748,ʒifl,,0-1-1,/gifl(er).e,嘴巴；巴掌,target_content_with_gloss,0.637006,1
11984,sinistre,sinistre,ADJ,B2,0.6674,5.161,2.14329,sinistʁ,,0-1-1,/§sinistr(e)§.e,不祥；毒辣,target_content_with_gloss,0.637006,1
9817,polo,polo,NOM,B2,0.6658,2.168,0.93539,polo,,0-1-0,/§polo§,波罗,target_content_with_gloss,0.636962,1
9003,organisateur,organisateur,ADJ,B2,0.6652,0.535,0.27097,ɔʁganizatʁis,,,,召集人；组织者,target_content_with_gloss,0.636945,1
12220,splendeur,splendeur,NOM,B2,0.6644,2.472,0.93386,splɑ̃dœʁ,,0-1-1,/splend(eur).eur,光华；光辉,target_content_with_gloss,0.636923,1
7789,mandrin,mandrin,NOM,B2,0.6632,0.136,0.06277,mɑ̃dʁɛ̃,,0-1-0,/§mandrin§,夹盘,target_content_with_gloss,0.63689,1
12821,théoriquement,théoriquement,ADV,B2,0.6597,1.997,0.81292,teoʁikəmɑ̃,,0-0-2,.ique.ment,理论上,target_content_with_gloss,0.636794,1
10411,pudique,pudique,ADJ,B2,0.6595,0.601,0.24189,pydik,,0-1-1,/§pud(eur).ique,腼,target_content_with_gloss,0.636788,1
10620,radicalement,radicalement,ADV,B2,0.6593,1.117,0.50214,ʁadikaləmɑ̃,,0-1-2,/§radic(al)§.ale.ment,澈底,target_content_with_gloss,0.636783,1
11427,référentiel,référentiel,ADJ,B2,0.6575,0.009,0.02143,ʁefeʁɑ̃sjɛl,,,,参考系,target_content_with_gloss,0.636733,1
5814,golfe,golfe,NOM,B2,0.6561,1.111,1.10686,gɔlf,,0-1-0,/§golfe§,湾,target_content_with_gloss,0.636695,1
6091,handicapé,handicapé,NOM,B2,0.6507,3.513,1.31813,ɑ̃dikape,,0-1-1,/§handicap§.é,伤残；残疾人,target_content_with_gloss,0.636545,1
11172,ridiculiser,ridiculiser,VER,B2,0.6502,7.342,1.31506,ʁidikylize,,0-1-2,/§ridicul(e)§.is.er,嘲讽；摆了一道,target_content_with_gloss,0.636531,1
13508,vibrer,vibrer,VER,B2,0.6485,4.972,0.85732,vibʁe,,0-1-1,/vibr(er).er,振动；震动,target_content_with_gloss,0.636484,1
2530,clown,clown,NOM,B2,0.6477,19.424,3.77526,klun,,0-1-0,/§clown§,小丑,target_content_with_gloss,0.636462,1
12447,suprématie,suprématie,NOM,B2,0.6471,0.794,0.3368,sypʁemasi,,0-1-0,/§suprématie§,用优先购买权所购物品；至高,target_content_with_gloss,0.636445,1
9446,perplexe,perplexe,ADJ,B2,0.6463,2.639,0.98285,pɛʁplɛks,,1-0-1,_per.plexe,一脸茫然；云里雾里,target_content_with_gloss,0.636423,1
14093,équation,équation,NOM,B2,0.6463,4.839,1.26761,ekwasjɔ̃,,1-0-1,_équ(i).ation,方程；方程式,target_content_with_gloss,0.636423,1
13915,égoïste,égoïste,NOM,B2,0.6432,3.434,6.1834,egoist,,1-0-1,_ego.ïste,自私,target_content_with_gloss,0.636337,1
3894,domino,domino,NOM,B2,0.6402,1.437,0.37048,domino,,0-1-0,/§domino§,牌,target_content_with_gloss,0.636253,1
10608,racisme,racisme,NOM,B2,13.5547,2.579,0.87722,ʁasizm,race,0-1-1,/rac(e).isme,,target_content_high_frequency_missing_gloss,0.636196,0
8243,monopoliser,monopoliser,VER,B2,0.636,1.43,0.19902,monopolize,,1-0-3,_mono.pol(e).is.er,包办,target_content_with_gloss,0.636136,1
11307,rudimentaire,rudimentaire,ADJ,B2,0.636,1.089,0.37355,ʁydimɑ̃tɛʁ,,0-1-1,/§rudiment§.aire,乡气；低级,target_content_with_gloss,0.636136,1
3556,dandy,dandy,NOM,B2,0.6353,1.788,0.34752,dɑ̃di,,0-1-0,/§dandy§,花花公子,target_content_with_gloss,0.636116,1
9555,physiologie,physiologie,NOM,B2,0.6261,1.016,0.4256,fizjoloʒi,,1-0-1,_physio.logie,生理；生理学,target_content_with_gloss,0.635858,1
13941,électrode,électrode,NOM,B2,0.6261,1.161,0.31996,elɛktʁɔd,,1-1-0,_électr(o)/§ode§,电极,target_content_with_gloss,0.635858,1
6381,igname,igname,NOM,B2,0.623,0.563,0.07808,iɲam,,0-1-0,/§igname§,地瓜,target_content_with_gloss,0.63577,1
10087,prodigieux,prodigieux,ADJ,B2,0.6202,1.703,0.48836,pʁodiʒjø,,0-1-1,/§prodig(e).ieux,出类拔萃；神奇,target_content_with_gloss,0.635691,1
11805,scélérat,scélérat,NOM,B2,0.6191,1.614,0.47152,seleʁa,,0-1-0,/§scélérat§,坏人；坏蛋,target_content_with_gloss,0.63566,1
9149,panoramique,panoramique,ADJ,B2,0.6179,0.665,0.31537,panoʁamik,,0-1-1,/§panoram(a)§.ique,广角,target_content_with_gloss,0.635626,1
8312,mosaïque,mosaïque,NOM,B2,0.617,0.706,0.19443,mozaik,,0-1-0,/§mosaïque§,马赛克,target_content_with_gloss,0.635601,1
10410,pudeur,pudeur,NOM,B2,0.5978,1.791,0.71647,pydœʁ,,0-1-0,/§pudeur§,羞耻,target_content_with_gloss,0.635054,1
6527,impur,impur,ADJ,B2,0.5955,2.184,0.31843,ɛ̃pyʁ,,1-1-0,_i(n)/m/pur,浑浊；混浊,target_content_with_gloss,0.634988,1
11623,sachet,sachet,NOM,B2,0.5913,4.351,1.01041,saʃɛ,,0-1-1,/sac[h].et,袋子,target_content_with_gloss,0.634867,1
11932,sieste,sieste,NOM,B2,0.5884,11.962,4.51776,sjɛst,,0-1-0,/§sieste§,午休；午睡,target_content_with_gloss,0.634784,1
10387,psychologiquement,psychologiquement,ADV,B2,0.5848,1.589,0.71647,psikoloʒikəmɑ̃,,1-0-2,_psycho.logique.ment,心理上,target_content_with_gloss,0.63468,1
11772,scarabée,scarabée,NOM,B2,0.5678,1.956,0.33374,skaʁabe,,0-1-0,/§scarabée§,金龟；金龟子,target_content_with_gloss,0.634186,1
8070,microscope,microscope,NOM,B2,0.5554,2.576,0.98438,mikʁoskɔp,,1-0-1,_micro.scope,显微镜,target_content_with_gloss,0.633823,1
3155,coquillage,coquillage,NOM,B2,0.5541,2.335,0.52205,kokijaʒ,,0-1-1,/coquill(e).age,贝壳,target_content_with_gloss,0.633784,1
13737,vétérinaire,vétérinaire,NOM,B2,0.551,3.209,1.54011,veteʁinɛʁ,,0-1-0,/§vétérinaire§,兽医,target_content_with_gloss,0.633693,1
13240,télécopie,télécopie,NOM,B2,0.5432,0.054,0.01684,telekopi,,,,传真,target_content_with_gloss,0.633462,1
7695,magnétoscope,magnétoscope,NOM,B2,0.5397,1.589,0.51286,maɲetoskɔp,,1-0-1,_magnéto.scope,录像机,target_content_with_gloss,0.633358,1
10086,prodige,prodige,NOM,B2,0.5299,3.528,1.14972,pʁodiʒ,,0-1-0,/§prodige§,大虾,target_content_with_gloss,0.633066,1
13729,véranda,véranda,NOM,B2,0.5282,1.519,0.5741,veʁɑ̃da,,0-1-0,/§véranda§,天井；阳光房,target_content_with_gloss,0.633015,1
10444,pyjama,pyjama,NOM,B2,0.5268,10.608,3.05879,piʒama,,0-1-0,/§pyjama§,睡衣,target_content_with_gloss,0.632973,1
8653,nickel,nickel,NOM,B2,0.5197,1.807,1.5248,nikɛl,,0-1-0,/§nickel§,镍,target_content_with_gloss,0.63276,1
7344,lapis-lazuli,lapis-lazuli,NOM,B2,0.5039,0.016,0.00612,lapizlazyli,,0-2-0,/§lapis§/§lazuli§,天青石,target_content_with_gloss,0.632281,1
1507,boite,boite,NOM,B2,0.4996,0.231,5.9507,bwat,,,,盒子,target_content_with_gloss,0.63215,1
4876,euphorie,euphorie,NOM,B2,0.4907,0.994,0.41029,øfoʁi,,1-0-1,_eu.phor(ie),祺,target_content_with_gloss,0.631878,1
3900,donjon,donjon,NOM,B2,0.4816,3.244,0.89865,dɔ̃ʒɔ̃,,0-1-0,/donjon,地牢,target_content_with_gloss,0.631597,1
2044,casino,casino,NOM,B2,0.4743,16.639,2.51837,kazino,,0-1-0,/§casino§,赌场,target_content_with_gloss,0.631371,1
10776,recenser,recenser,VER,B2,12.0813,0.997,0.12554,ʁəsɑ̃se,cens,1-1-1,_re/cens.er,,target_content_high_frequency_missing_gloss,0.631309,0
11869,sentinelle,sentinelle,NOM,B2,0.4599,2.728,0.46081,sɑ̃tinɛl,,0-1-0,/§sentinelle§,哨兵,target_content_with_gloss,0.630922,1
1304,baser,baser,VER,B2,11.9044,22.358,18.62523,baze,base,0-1-1,/bas(e).er,,target_content_high_frequency_missing_gloss,0.630686,0
10481,péninsule,péninsule,NOM,B2,0.4478,0.978,0.3613,penɛ̃syl,,1-1-1,_pén/§insul(e)§.e,半岛,target_content_with_gloss,0.630541,1
11680,samba,samba,NOM,B2,0.4455,1.009,0.24495,sɑ̃ba,,0-1-0,/§samba§,森巴舞,target_content_with_gloss,0.630468,1
4919,exclusion,exclusion,NOM,B2,11.7881,1.231,0.47306,ɛksklyzjɔ̃,{clu(re)},1-1-1,_ex/{clu(re)}/s.ion,,target_content_high_frequency_missing_gloss,0.630272,0
2313,chimique,chimique,ADJ,B2,11.4733,14.478,2.65769,ʃimik,chimie,0-1-1,/chimi(e).ique,,target_content_high_frequency_missing_gloss,0.629131,0
12477,surnommer,surnommer,VER,B2,11.3759,5.225,1.06399,syʁnome,nom,1-1-1,_sur/nom[m].er,,target_content_high_frequency_missing_gloss,0.628772,0
11546,résulter,résulter,VER,B2,11.33,2.728,0.4256,ʁezylte,résulter,0-1-1,/résult(er).er,,target_content_high_frequency_missing_gloss,0.628602,0
8516,mépris,mépris,NOM,B2,11.185,4.797,2.13105,mepʁi,prendre,1-1-1,_mé/pr(endre).is,,target_content_high_frequency_missing_gloss,0.62806,0
12235,spécialiser,spécialiser,VER,B2,11.067,5.462,1.5891,spesjalize,spécial,0-1-2,/spécial.is.er,,target_content_high_frequency_missing_gloss,0.627615,0
10260,précarité,précarité,NOM,B2,10.5184,0.155,0.0643,pʁekaʁite,précaire,0-1-1,/préc(aire).arité,,target_content_high_frequency_missing_gloss,0.625484,0
8185,modernité,modernité,NOM,B2,10.4325,0.487,0.20514,modɛʁnite,moderne,0-1-1,/modern(e).ité,,target_content_high_frequency_missing_gloss,0.625142,0
10281,précéder,précéder,VER,B2,10.1274,5.468,0.72872,pʁesede,{ced},1-1-1,_pré/{ced/(ss)}.er,,target_content_high_frequency_missing_gloss,0.623903,0
8485,méditerranéen,méditerranéen,ADJ,B2,10.1152,0.415,0.09186,meditɛʁaneɛ̃,{médi},0-2-1,/{médi}/{terra}.néen,,target_content_high_frequency_missing_gloss,0.623853,0
4314,dépit,dépit,NOM,B2,10.0962,5.687,2.45101,depi,dépit,0-1-0,/dépit,,target_content_high_frequency_missing_gloss,0.623775,0
5049,fabrication,fabrication,NOM,B2,10.0369,4.165,1.68249,fabʁikasjɔ̃,fabriquer,0-1-1,/fabri(quer)/c.ation,,target_content_high_frequency_missing_gloss,0.62353,0
2241,charte,charte,NOM,B2,9.9532,1.652,0.44091,ʃaʁt,carte,0-1-0,/charte,,target_content_high_frequency_missing_gloss,0.623181,0
3207,costumer,costumer,VER,B2,9.8936,0.684,12.29179,kɔstyme,costume,0-1-1,/costum(e).er,,target_content_high_frequency_missing_gloss,0.622931,0
1620,bourgeois,bourgeois,NOM,B2,9.8174,2.801,1.01041,buʁʒwa,bourg,0-1-1,/bourg[e].ois,,target_content_high_frequency_missing_gloss,0.62261,0
1998,cardinal,cardinal,NOM,B2,9.7774,3.18,0.71035,kaʁdinal,cardinal,0-1-0,/cardinal,,target_content_high_frequency_missing_gloss,0.62244,0
2924,conjugal,conjugal,ADJ,B2,9.7101,5.415,0.81292,kɔ̃ʒygal,joug,1-1-1,_con/j(o)ug.al,,target_content_high_frequency_missing_gloss,0.622154,0
4319,déplaire,déplaire,VER,B2,9.6176,6.725,1.28598,deplɛʁ,plaire,1-1-1,_dé/plai(re).re,,target_content_high_frequency_missing_gloss,0.621756,0
4169,définitif,définitif,ADJ,B2,9.5543,6.449,1.37936,definitif,fin,1-1-1,_dé/fin.itif,,target_content_high_frequency_missing_gloss,0.621483,0
3248,coupole,coupole,NOM,B2,9.5295,0.345,0.11023,kupɔl,coupole,0-1-0,/coupole,,target_content_high_frequency_missing_gloss,0.621375,0
566,anglo-saxon,anglo-saxon,ADJ,B2,9.5252,0.259,0.07042,ɑ̃glosaksɔ̃,Angles,0-2-0,/angl(e)/o/saxon,,target_content_high_frequency_missing_gloss,0.621356,0
5691,gamme,gamme,NOM,B2,9.4768,5.927,2.28108,gam,gamma,0-1-1,/gamm(a).e,,target_content_high_frequency_missing_gloss,0.621145,0
3,abandon,abandon,NOM,B2,9.4206,4.788,1.91825,abɑ̃dɔ̃,"ban, don",0-1-0,/abandon,,target_content_high_frequency_missing_gloss,0.620899,0
4530,embauche,embauche,NOM,B2,9.4202,3.503,2.1586,ɑ̃boʃ,bau,1-1-1,_em/bau[ch].e,,target_content_high_frequency_missing_gloss,0.620897,0
2623,colonial,colonial,ADJ,B2,8.9846,1.851,0.35364,kolonjal,colonie,0-1-1,/coloni(e).al,,target_content_high_frequency_missing_gloss,0.618942,0
10318,préoccupation,préoccupation,NOM,B2,8.9647,4.253,1.08389,pʁeokypasjɔ̃,occuper,1-1-1,_pré/occup(er).ation,,target_content_high_frequency_missing_gloss,0.618851,0
852,asiatique,asiatique,ADJ,B2,8.7065,4.991,1.85701,azjatik,Asie,0-1-1,/Asi(e).at(e),,target_content_high_frequency_missing_gloss,0.617649,0
2569,cognitif,cognitif,ADJ,B2,8.7056,1.484,0.22505,kognitif,cognitif,0-1-1,/cognit(if).if,,target_content_high_frequency_missing_gloss,0.617645,0
6863,instance,instance,NOM,B2,8.6717,1.598,0.50674,ɛ̃stɑ̃s,{sta},1-1-1,_in/{st(a)}.ance,,target_content_high_frequency_missing_gloss,0.617485,0
1086,autoritaire,autoritaire,ADJ,B2,8.6556,2.43,1.00122,otoʁitɛʁ,autoriser,0-1-1,/autori(ser/[t].aire,,target_content_high_frequency_missing_gloss,0.617408,0
4044,décalage,décalage,NOM,B2,8.5188,2.63,1.06705,dekalaʒ,cale,1-1-1,_dé/cal(er).age,,target_content_high_frequency_missing_gloss,0.616755,0
2125,centime,centime,NOM,B2,8.3971,8.854,2.2474,sɑ̃tim,cent,0-1-1,/cent.ime,,target_content_high_frequency_missing_gloss,0.616166,0
4258,démographique,démographique,ADJ,B2,8.2496,0.462,0.13931,demogʁafik,dème,0-1-2,/dèm(e)/o.graph(e).ique,,target_content_high_frequency_missing_gloss,0.615442,0
3395,croître,croître,VER,B2,8.2202,3.57,0.92927,kʁwatʁ,croître,0-1-0,/croître,,target_content_high_frequency_missing_gloss,0.615296,0
8276,montée,montée,NOM,B2,8.1983,3.373,4.35854,mɔ̃te,mont,0-2-0,/mont/ée,,target_content_high_frequency_missing_gloss,0.615187,0
5629,fédéral,fédéral,ADJ,B2,8.1378,24.886,4.11359,fedeʁal,fédéral,0-1-1,/fédér(al).al,,target_content_high_frequency_missing_gloss,0.614885,0
8171,mobilisation,mobilisation,NOM,B2,8.0846,0.693,0.26791,mobilizasjɔ̃,mobile,0-1-2,/mobil(e).is.ation,,target_content_high_frequency_missing_gloss,0.614618,0
3745,diplômer,diplômer,VER,B2,8.0824,7.206,5.60165,diplome,diplôme,0-1-1,/diplôm(e).er,,target_content_high_frequency_missing_gloss,0.614607,0
12558,synthèse,synthèse,NOM,B2,8.0394,1.307,0.49143,sɛ̃tɛz,thèse,0-1-0,/thèse,,target_content_high_frequency_missing_gloss,0.614389,0
1421,biodiversité,biodiversité,NOM,B2,7.9633,0.142,0.05205,bjodivɛʁsite,divers,1-1-1,_bio/divers.ité,,target_content_high_frequency_missing_gloss,0.614002,0
13593,visiblement,visiblement,ADV,B2,7.926,8.804,3.68034,vizibləmɑ̃,viser,0-1-2,/vis(er).ible.ment,,target_content_high_frequency_missing_gloss,0.613812,0
12761,tentative,tentative,NOM,B2,7.9183,21.459,6.94274,tɑ̃tativ,tenter,0-1-1,/tent(er).ative,,target_content_high_frequency_missing_gloss,0.613772,0
236,affectif,affectif,ADJ,B2,7.9082,1.883,0.41182,afɛktif,{fect},1-1-1,_a(d)/f/{fect}.if,,target_content_high_frequency_missing_gloss,0.61372,0
9263,partage,partage,NOM,B2,7.8195,4.576,8.20116,paʁtaʒ,part,0-1-2,/part.ag(e).e,,target_content_high_frequency_missing_gloss,0.613262,0
3348,criminalité,criminalité,NOM,B2,7.7804,2.753,1.02113,kʁiminalite,crime,0-1-1,/crimin(e)/al.ité,,target_content_high_frequency_missing_gloss,0.613059,0
9983,poétique,poétique,ADJ,B2,7.6462,2.772,1.18647,poetik,{poè},0-1-1,/{poè}.tique,,target_content_high_frequency_missing_gloss,0.612354,0
2213,chapelle,chapelle,NOM,B2,7.631,6.199,1.70086,ʃapɛl,cape,0-1-1,/chape(au)/l.le,,target_content_high_frequency_missing_gloss,0.612273,0
9227,parfaire,parfaire,VER,B2,7.6133,75.633,44.70147,paʁfɛʁ,faire,1-1-1,_par/fai(re).re,,target_content_high_frequency_missing_gloss,0.612179,0
10609,raciste,raciste,ADJ,B2,7.5461,7.225,2.40661,ʁasist,race,0-1-1,/rac(e).iste,,target_content_high_frequency_missing_gloss,0.61182,0
11127,revendication,revendication,NOM,B2,7.4417,2.272,0.46387,ʁəvɑ̃dikasjɔ̃,revendiquer,0-1-1,/revendi(quer)/c.ation,,target_content_high_frequency_missing_gloss,0.611258,0
7537,longuement,longuement,ADV,B1,16.2205,2.544,1.17116,lɔ̃gəmɑ̃,,0-1-1,/long[ue].ment,,target_content_high_frequency_missing_gloss,0.610295,0
5682,galop,galop,NOM,B2,7.2636,2.0,0.72107,galo,galop,0-1-0,/galop(er),,target_content_high_frequency_missing_gloss,0.610282,0
12519,suédois,suédois,ADJ,B2,7.1164,3.291,1.04409,sɥedwa,Suède,0-1-1,/Suèd(e).ois,,target_content_high_frequency_missing_gloss,0.609459,0
14212,éventuel,éventuel,ADJ,B2,7.1143,3.475,0.51439,evɑ̃tɥɛl,venir,1-1-1,_é/ven(ir).tuel,,target_content_high_frequency_missing_gloss,0.609447,0
4901,excellence,excellence,NOM,B2,7.067,12.297,2.19994,ɛksɛlɑ̃s,excellent,0-1-1,/excell(ent)/m.ence,,target_content_high_frequency_missing_gloss,0.609179,0
5292,fixement,fixement,ADV,B2,7.0634,1.399,0.57257,fiksəmɑ̃,fixe,0-1-1,/fixe.ment,,target_content_high_frequency_missing_gloss,0.609159,0
11439,régir,régir,VER,B2,7.0038,1.886,0.28781,ʁeʒiʁ,régir,0-1-1,/rég(ir).ir,,target_content_high_frequency_missing_gloss,0.608819,0
11182,rigueur,rigueur,NOM,B2,6.9951,3.278,1.38089,ʁigœʁ,rigueur,0-1-1,/rigu(eu/ou)r.eur,,target_content_high_frequency_missing_gloss,0.608769,0
4216,délinquance,délinquance,NOM,B2,6.9884,0.747,0.31537,delɛ̃kɑ̃s,délinquant,0-1-1,/délinqu(ant).ance,,target_content_high_frequency_missing_gloss,0.608731,0
9219,parental,parental,ADJ,B2,6.8584,3.288,0.51745,paʁɑ̃tal,parent,0-1-1,/parent.al,,target_content_high_frequency_missing_gloss,0.60798,0
5398,forestier,forestier,ADJ,B2,6.8415,1.915,0.35977,foʁɛstje,forêt,0-1-1,/forê(s)t.ier,,target_content_high_frequency_missing_gloss,0.607881,0
12053,solidaire,solidaire,ADJ,B2,6.8303,1.984,0.43631,solidɛʁ,solidaire,0-1-0,/solidaire,,target_content_high_frequency_missing_gloss,0.607816,0
12564,systématiquement,systématiquement,ADV,B2,6.7911,1.228,0.52205,sistematikəmɑ̃,système,0-0-2,.atique.ment,,target_content_high_frequency_missing_gloss,0.607586,0
4601,encadrer,encadrer,VER,B2,6.7364,2.861,0.594,ɑ̃kadʁe,cadre,1-1-1,_en/cadr(e).er,,target_content_high_frequency_missing_gloss,0.607264,0
668,apparenter,apparenter,VER,B2,6.5796,1.266,0.8068,apaʁɑ̃te,parent,1-1-0,_a(d)/p/parent,,target_content_high_frequency_missing_gloss,0.606326,0
12041,soixantaine,soixantaine,NOM,B2,6.5699,0.617,0.27404,swasɑ̃tɛn,soixante,0-1-1,/soixant(e).aine,,target_content_high_frequency_missing_gloss,0.606267,0
8091,militer,militer,VER,B2,6.5451,0.81,0.41182,milite,militer,0-1-1,/milit(er).er,,target_content_high_frequency_missing_gloss,0.606117,0
4342,députer,députer,VER,B2,6.4324,0.142,1.59829,depyte,{put},1-1-1,_dé/{put}.er,,target_content_high_frequency_missing_gloss,0.605428,0
870,assaut,assaut,NOM,B2,6.395,10.544,3.48285,aso,saut,1-1-0,_a(d)/s/saut,,target_content_high_frequency_missing_gloss,0.605197,0
8637,neurone,neurone,NOM,B2,6.3239,2.111,0.7869,nøʁon,neurone,0-1-1,/neuron(e).e,,target_content_high_frequency_missing_gloss,0.604755,0
8173,mobilité,mobilité,NOM,B2,6.2335,0.902,0.39039,mobilite,mobile,0-1-1,/mobil(e).ité,,target_content_high_frequency_missing_gloss,0.604186,0
10342,présidentiel,présidentiel,ADJ,B2,6.2267,3.861,0.87416,pʁezidɑ̃sjɛl,{sid},1-1-2,_pré/{sid}.ent.iel,,target_content_high_frequency_missing_gloss,0.604143,0
4868,ethnique,ethnique,ADJ,B1,14.0544,1.709,0.51439,ɛtnik,,1-0-1,_ethn(o).ique,,target_content_high_frequency_missing_gloss,0.604141,0
4152,défavoriser,défavoriser,VER,B2,6.2077,0.142,0.33987,defavɔʁize,faveur,1-1-1,_dé/fav(eu)/or.é,,target_content_high_frequency_missing_gloss,0.604023,0
1996,cardiaque,cardiaque,ADJ,B2,6.1855,31.987,8.36957,kaʁdjak,coeur,0-1-1,/{cardi}(a).que,,target_content_high_frequency_missing_gloss,0.603882,0
1260,banquier,banquier,NOM,B2,6.1609,7.728,1.59369,bɑ̃kje,banc,0-1-1,/ban(c)/qu.ier,,target_content_high_frequency_missing_gloss,0.603725,0
760,archéologique,archéologique,ADJ,B2,6.1112,0.905,0.22352,aʁkeoloʒik,archéologue,1-0-1,_archéolog(ie).ique,,target_content_high_frequency_missing_gloss,0.603406,0
12791,terroriser,terroriser,VER,B2,6.0496,5.627,0.72107,tɛʁoʁize,terreur,0-1-2,/terr(eu/o)r.is.er,,target_content_high_frequency_missing_gloss,0.603008,0
6609,incontournable,incontournable,ADJ,B2,6.0392,0.718,0.26791,ɛ̃kɔ̃tuʁnabl,contourner,1-1-1,_in/contourn(er).able,,target_content_high_frequency_missing_gloss,0.60294,0
13933,électoral,électoral,ADJ,B2,5.9887,3.114,0.67055,elɛktoʁal,lecteur,1-1-2,_é/lect(eur).or.al,,target_content_high_frequency_missing_gloss,0.60261,0
1142,aviaire,aviaire,ADJ,B2,5.7007,0.747,0.23882,avjɛʁ,avion,0-1-1,/avi(on).aire,,target_content_high_frequency_missing_gloss,0.600684,0
12311,strictement,strictement,ADV,B2,5.688,4.421,2.01164,stʁiktəmɑ̃,strict,0-1-1,/stricte.ment,,target_content_high_frequency_missing_gloss,0.600597,0
40,absent,absent,ADJ,B2,5.6672,14.627,4.31108,apsɑ̃,{sent},1-1-1,_ab/{sent}.t,,target_content_high_frequency_missing_gloss,0.600454,0
11512,réputer,réputer,VER,B2,5.657,2.114,0.89253,ʁepyte,{put},1-1-1,_ré/{put}.é,,target_content_high_frequency_missing_gloss,0.600384,0
7094,irruption,irruption,NOM,B2,5.6466,2.905,1.27832,iʁypsjɔ̃,{rupt},1-1-1,_i(n)r/{rupt}.ion,,target_content_high_frequency_missing_gloss,0.600313,0
10082,procéder,procéder,VER,B2,5.5943,13.573,2.85671,pʁosede,{ces/d},1-1-1,_pro/{ce(d)/ss}.er,,target_content_high_frequency_missing_gloss,0.599951,0
9234,parfumeur,parfumeur,NOM,B2,5.5263,0.111,0.03521,paʁfymœʁ,parfum,0-1-1,/parfum.eur,,target_content_high_frequency_missing_gloss,0.599476,0
8895,officiellement,officiellement,ADV,B2,5.4779,18.108,7.6286,ofisjɛləmɑ̃,office,0-1-2,/offici(er).elle.ment,,target_content_high_frequency_missing_gloss,0.599136,0
4962,expatrier,expatrier,VER,B2,5.4492,0.174,0.07655,ɛkspatʁije,patrie,1-1-1,_ex/patri(e).er,,target_content_high_frequency_missing_gloss,0.598932,0
10035,principalement,principalement,ADV,B1,12.3958,5.589,2.4556,pʁɛ̃sipaləmɑ̃,,0-1-2,/§princip(e)§.ale.ment,,target_content_high_frequency_missing_gloss,0.598797,0
7576,ludique,ludique,ADJ,B2,5.3684,0.241,0.09032,lydik,ludique,0-1-1,/lud(ique).ique,,target_content_high_frequency_missing_gloss,0.598355,0
5889,gravement,gravement,ADV,B2,5.3581,5.854,2.57042,gʁavəmɑ̃,grave,0-1-1,/grave.ment,,target_content_high_frequency_missing_gloss,0.598281,0
12787,terrifier,terrifier,VER,B2,5.3088,11.528,2.7526,tɛʁifje,terreur,0-1-2,/terr(eur).ifi.er,,target_content_high_frequency_missing_gloss,0.597925,0
5369,fonctionnel,fonctionnel,ADJ,B2,5.2799,2.288,0.53276,fɔ̃ksjonɛl,fonction,0-1-1,/fonction[n].el,,target_content_high_frequency_missing_gloss,0.597715,0
3845,diversifier,diversifier,VER,B2,5.1747,1.313,0.24342,divɛʁsifje,vers,1-1-2,_di/vers.ifi.er,,target_content_high_frequency_missing_gloss,0.596941,0
9620,piqûre,piqûre,NOM,B2,5.1646,9.196,2.09737,pikyʁ,piquer,0-1-1,/piqu(er).ure,,target_content_high_frequency_missing_gloss,0.596866,0
4072,décidément,décidément,ADV,B2,5.1225,2.687,1.1436,desidemɑ̃,{cid(er)},1-1-1,_dé/{cid(er)}.ément,,target_content_high_frequency_missing_gloss,0.596552,0
2954,conservatoire,conservatoire,NOM,B2,5.0524,1.573,0.45162,kɔ̃sɛʁvatwaʁ,sauver,1-1-1,_con/{serv(er)}.atoire,,target_content_high_frequency_missing_gloss,0.596025,0
11793,scolarité,scolarité,NOM,B2,5.0312,2.44,0.94611,skolaʁite,école,0-1-1,/§scola(i)r(e)§.ité,,target_content_high_frequency_missing_gloss,0.595865,0
9436,performant,performant,ADJ,B2,5.0101,1.241,0.31843,pɛʁfɔʁmɑ̃,forme,1-1-1,_per/form(e).ant,,target_content_high_frequency_missing_gloss,0.595704,0
13099,trentenaire,trentenaire,ADJ,B2,4.9802,0.37,0.11023,tʁɑ̃tənɛʁ,trente,0-1-1,/trent(e).enaire,,target_content_high_frequency_missing_gloss,0.595476,0
10915,relire,relire,VER,B2,4.9644,5.161,0.84201,ʁəliʁ,lire,1-1-1,_re/li(re).re,,target_content_high_frequency_missing_gloss,0.595355,0
8170,mobilier,mobilier,NOM,B2,4.9005,1.744,0.71494,mobilje,mobile,0-1-1,/mobil(e).ier,,target_content_high_frequency_missing_gloss,0.594862,0
2134,centrer,centrer,VER,B2,4.8996,1.696,20.98132,sɑ̃tʁe,centre,0-1-1,/centr(e).er,,target_content_high_frequency_missing_gloss,0.594855,0
8869,occurrence,occurrence,NOM,B2,4.8006,1.259,0.54654,okyʁɑ̃s,{curr},1-1-1,_o(b)/c/{curr}.ence,,target_content_high_frequency_missing_gloss,0.59408,0
13451,verdure,verdure,NOM,B2,4.796,0.851,0.34752,vɛʁdyʁ,vert,0-1-1,/ver(t/d).ure,,target_content_high_frequency_missing_gloss,0.594044,0
1167,axer,axer,VER,B2,4.763,0.544,0.96754,akse,axe,0-1-1,/ax(e).er,,target_content_high_frequency_missing_gloss,0.593782,0
9116,palier,palier,NOM,B2,4.7543,1.978,0.71188,palje,palier,0-1-0,/palier,,target_content_high_frequency_missing_gloss,0.593713,0
8081,migrateur,migrateur,ADJ,B2,4.6638,0.288,0.07655,migʁatœʁ,migrer,0-1-2,/migr(er).at.eur,,target_content_high_frequency_missing_gloss,0.592987,0
10801,reconnaissant,reconnaissant,ADJ,B2,4.6636,25.123,5.92009,ʁəkonɛsɑ̃,naître,1-1-1,_re/conna(î/is)(tre)[s].ant,,target_content_high_frequency_missing_gloss,0.592986,0
8182,moderniser,moderniser,VER,B2,4.6383,0.899,0.20821,modɛʁnize,moderne,0-1-2,/modern(e).is.er,,target_content_high_frequency_missing_gloss,0.592781,0
10864,refrain,refrain,NOM,B2,4.5848,2.759,1.03031,ʁəfʁɛ̃,refrain,0-1-0,/refrain,,target_content_high_frequency_missing_gloss,0.592344,0
12430,supplice,supplice,NOM,B2,4.5478,1.93,0.72719,syplis,plier,1-1-1,_su(b)/p/pli(er)[c].e,,target_content_high_frequency_missing_gloss,0.59204,0
11858,sensiblement,sensiblement,ADV,B2,4.52,0.256,0.11176,sɑ̃sibləmɑ̃,sens,0-1-2,/sens.ible.ment,,target_content_high_frequency_missing_gloss,0.59181,0
4600,encadrement,encadrement,NOM,B2,4.5008,0.585,0.22045,ɑ̃kadʁəmɑ̃,cadre,1-1-1,_en/cadr(e).ement,,target_content_high_frequency_missing_gloss,0.59165,0
12017,socialiste,socialiste,ADJ,B2,4.4369,1.835,0.55879,sosjalist,social,0-1-1,/social.iste,,target_content_high_frequency_missing_gloss,0.591116,0
2688,communautaire,communautaire,ADJ,B2,4.421,2.823,0.82976,komynotɛʁ,un,1-1-2,_com[m]/un.aut(é).aire,,target_content_high_frequency_missing_gloss,0.590981,0
10380,psychanalyste,psychanalyste,NOM,B2,4.4081,0.826,0.22505,psikanalist,analyse,1-1-1,_psych/analys(e).te,,target_content_high_frequency_missing_gloss,0.590872,0
13942,électromagnétique,électromagnétique,ADJ,B2,4.3882,2.88,0.65677,elɛktʁomaɲetik,magnétique,1-1-0,_électro/magnétique,,target_content_high_frequency_missing_gloss,0.590704,0
10956,remédier,remédier,VER,B2,4.3711,3.728,1.5248,ʁəmedje,remède,0-1-2,/remèd(e).i.er,,target_content_high_frequency_missing_gloss,0.590558,0
8398,musculaire,musculaire,ADJ,B2,4.3661,3.016,0.87875,myskylɛʁ,muscle,0-1-2,/muscl(e).ul.aire,,target_content_high_frequency_missing_gloss,0.590515,0
10212,protestation,protestation,NOM,B2,4.3514,2.93,0.77159,pʁotɛstasjɔ̃,tester,1-1-2,_pro/test(er).ant.isme,,target_content_high_frequency_missing_gloss,0.59039,0
128,acharner,acharner,VER,B2,4.2708,3.772,0.72566,aʃaʁne,chair,1-1-1,_a(d)/cha(i)r[n].er,,target_content_high_frequency_missing_gloss,0.589695,0
3604,demi-siècle,demi-siècle,NOM,B2,4.2688,0.434,0.18983,dəmisjɛkl,siècle,1-1-0,_demi/siècle,,target_content_high_frequency_missing_gloss,0.589678,0
78,accessible,accessible,ADJ,B2,4.2547,2.937,1.00122,aksesibl,{cès/d},1-1-1,_a(d)/c/ced/(ss).ible,,target_content_high_frequency_missing_gloss,0.589555,0
10015,prestation,prestation,NOM,B2,4.2288,2.655,0.83895,pʁɛstasjɔ̃,stable,1-1-1,_pré/st(able)[t].ation,,target_content_high_frequency_missing_gloss,0.589329,0
10177,proportionnel,proportionnel,ADJ,B2,4.2136,0.582,0.12707,pʁopɔʁsjonɛl,portion,1-1-1,_pro/portion[n].el,,target_content_high_frequency_missing_gloss,0.589196,0
4062,déchaîner,déchaîner,VER,B2,4.2001,4.661,0.53735,deʃɛne,chaîne,1-1-1,_dé/chaîn(e).er,,target_content_high_frequency_missing_gloss,0.589077,0
5720,gaspard,gaspard,NOM,B2,4.1986,0.016,0.07042,gaspaʁ,Gaspard,0-1-0,/Gaspard,,target_content_high_frequency_missing_gloss,0.589064,0
10255,préalable,préalable,ADJ,B2,4.1638,0.911,0.5297,pʁealabl,aller,1-1-1,_pré/al(ler).able,,target_content_high_frequency_missing_gloss,0.588756,0
8043,meubler,meubler,VER,B2,4.1545,0.813,0.96601,mœble,meuble/mobile,0-1-1,/meubl(er).er,,target_content_high_frequency_missing_gloss,0.588674,0
13206,tunisien,tunisien,ADJ,B2,4.1477,0.358,0.07195,tynizjɛ̃,Tunisie,0-1-1,/Tunis(ie).ien,,target_content_high_frequency_missing_gloss,0.588613,0
13917,égyptien,égyptien,ADJ,B2,4.0738,2.854,0.53735,eʒipsjɛ̃,Egypte,0-1-1,/Egypt(e).ien,,target_content_high_frequency_missing_gloss,0.587951,0
2323,chirurgien,chirurgien,NOM,B2,4.0733,19.661,4.2575,ʃiʁyʁʒjɛ̃,urgence,1-1-1,_chir/urg(ence).ien,,target_content_high_frequency_missing_gloss,0.587947,0
6620,incrédule,incrédule,ADJ,B2,4.0549,0.32,0.13013,ɛ̃kʁedyl,croire,1-1-1,_in/créd(ible).ule,,target_content_high_frequency_missing_gloss,0.58778,0
12010,sociabilité,sociabilité,NOM,B2,4.0527,0.196,0.09186,sosjabilite,social,0-1-2,/soci(al).ité,,target_content_high_frequency_missing_gloss,0.58776,0
306,agricole,agricole,ADJ,B1,9.4744,3.038,0.70729,agʁikɔl,,1-0-1,_agri.{cole},,target_content_high_frequency_missing_gloss,0.587535,0
7384,lectorat,lectorat,NOM,B2,3.9993,0.082,0.03827,lɛktoʁa,lire,0-1-2,/lect(ure).or.at,,target_content_high_frequency_missing_gloss,0.587274,0
6839,insertion,insertion,NOM,B2,3.9898,0.57,0.20821,ɛ̃sɛʁsjɔ̃,insérer,0-2-0,/insér(er)/tion,,target_content_high_frequency_missing_gloss,0.587187,0
75,acceptation,acceptation,NOM,B2,3.9671,1.759,0.71647,aksɛptasjɔ̃,{cept},1-1-1,_a(d)/c/{cept}.ation,,target_content_high_frequency_missing_gloss,0.586978,0
10312,prélèvement,prélèvement,NOM,B2,3.9603,4.212,0.94611,pʁelɛvəmɑ̃,lever,1-1-1,_pré/lev(er).ement,,target_content_high_frequency_missing_gloss,0.586916,0
10822,recréer,recréer,VER,B2,3.9593,4.082,1.0992,ʁəkʁee,créer,1-1-1,_re/cré(er).er,,target_content_high_frequency_missing_gloss,0.586906,0
13548,vignoble,vignoble,NOM,B2,3.9519,1.918,0.40876,viɲɔbl,vigne,0-1-1,/vign(e).oble,,target_content_high_frequency_missing_gloss,0.586838,0
13513,vicomte,vicomte,NOM,B2,3.9307,1.054,0.16534,vikɔ̃t,vice,0-2-0,/vi(ce)/comte,,target_content_high_frequency_missing_gloss,0.586642,0
193,admirateur,admirateur,NOM,B2,3.9191,4.519,0.97061,admiʁatœʁ,mir(er),1-1-1,_ad/mir(er).ateur,,target_content_high_frequency_missing_gloss,0.586534,0
11768,scandinave,scandinave,ADJ,B2,3.8943,0.478,0.17453,skɑ̃dinav,Scandinavie,0-1-1,/Scandinav(ie).e,,target_content_high_frequency_missing_gloss,0.586302,0
9232,parfumer,parfumer,VER,B2,3.8732,1.712,0.45622,paʁfyme,parfum,0-1-1,/parfum.er,,target_content_high_frequency_missing_gloss,0.586105,0
8584,natalité,natalité,NOM,B2,3.8431,0.165,0.07042,natalite,naître,0-1-2,/na(î)t(re).al.ité,,target_content_high_frequency_missing_gloss,0.585821,0
12013,socialement,socialement,ADV,B2,3.8038,1.532,0.67514,sosjaləmɑ̃,social,0-1-1,/sociale.ment,,target_content_high_frequency_missing_gloss,0.585448,0
10356,prévaloir,prévaloir,VER,B2,3.7186,0.994,0.15615,pʁevalwaʁ,valoir,1-1-1,_pré/val(oir).oir,,target_content_high_frequency_missing_gloss,0.584629,0
1989,carbonique,carbonique,ADJ,B2,3.7111,0.487,0.16075,kaʁbonik,carbone,0-1-1,/carbon(e).ique,,target_content_high_frequency_missing_gloss,0.584556,0
10829,recul,recul,NOM,B2,3.6866,5.405,2.25811,ʁəkyl,cul,1-1-0,_re/cul,,target_content_high_frequency_missing_gloss,0.584317,0
7680,maghrébin,maghrébin,ADJ,B1,8.7068,0.041,0.00919,magʁebɛ̃,,0-1-1,/§Maghreb§.in,,target_content_high_frequency_missing_gloss,0.584051,0
4125,décrocher,décrocher,VER,B1,8.677,25.392,3.32058,dekʁoʃe,,1-1-1,_dé/croch(et).er,,target_content_high_frequency_missing_gloss,0.58391,0
2926,conjuguer,conjuguer,VER,B2,3.6352,0.43,0.07042,kɔ̃ʒyge,joug,1-1-0,_con/j(o)ug,,target_content_high_frequency_missing_gloss,0.583812,0
4272,démunir,démunir,VER,B2,3.6303,0.418,0.37814,demyniʁ,munir,1-1-1,_dé/mun(ir).ir,,target_content_high_frequency_missing_gloss,0.583764,0
5929,grisaille,grisaille,NOM,B2,3.599,0.133,0.06583,gʁizaj,gris,0-1-1,/gris.aille,,target_content_high_frequency_missing_gloss,0.583453,0
2983,constatation,constatation,NOM,B2,3.5951,0.418,0.1041,kɔ̃statasjɔ̃,{stant},1-1-1,_con/{sta(n)t}.ation,,target_content_high_frequency_missing_gloss,0.583414,0
11056,respectif,respectif,ADJ,B2,3.5884,1.386,0.31537,ʁɛspɛktif,aspect,1-1-1,_re/(a)spect.if,,target_content_high_frequency_missing_gloss,0.583348,0
4166,défiler,défiler,VER,B2,3.5837,8.937,2.30557,defile,fil,1-1-1,_dé/fil.er,,target_content_high_frequency_missing_gloss,0.583301,0
7433,lieue,lieue,NOM,B2,3.5466,1.842,0.53582,ljø,lieue,0-1-0,/lieue,,target_content_high_frequency_missing_gloss,0.582929,0
10962,renchérir,renchérir,VER,B2,3.5424,0.335,0.04746,ʁɑ̃ʃeʁiʁ,cher,2-1-1,_r_en/cher.ir,,target_content_high_frequency_missing_gloss,0.582886,0
6722,infectieux,infectieux,ADJ,B2,3.541,1.18,0.18065,ɛ̃fɛksjø,{fect},1-1-1,_in/{fect}.ieux,,target_content_high_frequency_missing_gloss,0.582872,0
15,abolition,abolition,NOM,B2,3.5282,0.484,0.16381,abolisjɔ̃,abolir,0-1-1,/aboli(r).tion,,target_content_high_frequency_missing_gloss,0.582743,0
6882,institutionnel,institutionnel,ADJ,B2,3.5281,0.383,0.07348,ɛ̃stitysjonɛl,{stitu},1-1-2,_in/{stitu}.tion[n].el,,target_content_high_frequency_missing_gloss,0.582742,0
13159,tropical,tropical,ADJ,B2,3.4786,3.807,0.66901,tʁopikal,tropique,0-1-1,/tropi(que)/c.al,,target_content_high_frequency_missing_gloss,0.582239,0
750,arcade,arcade,NOM,B2,3.4776,1.459,0.46081,aʁkad,arc,0-1-1,/arc.ade,,target_content_high_frequency_missing_gloss,0.582229,0
3891,domination,domination,NOM,B2,3.4739,2.456,0.95683,dominasjɔ̃,dominer,0-1-1,/domin(er).ation,,target_content_high_frequency_missing_gloss,0.582191,0
5958,gré,gré,NOM,B2,3.4735,8.522,3.47979,gʁe,gré,0-1-0,/gré,,target_content_high_frequency_missing_gloss,0.582187,0
9686,planétaire,planétaire,ADJ,B2,3.4716,1.851,0.55419,planetɛʁ,planète,0-1-1,/planèt(e).aire,,target_content_high_frequency_missing_gloss,0.582167,0
13603,visuel,visuel,ADJ,B2,3.4451,12.234,3.03429,vizɥɛl,vision,0-1-1,/vis(ion)[u].el,,target_content_high_frequency_missing_gloss,0.581895,0
1163,avènement,avènement,NOM,B2,3.4314,0.785,0.34446,avɛnəmɑ̃,venir,1-1-1,_à/ven(ir).ement,,target_content_high_frequency_missing_gloss,0.581754,0
571,angoisser,angoisser,VER,B2,3.4096,3.168,2.88579,ɑ̃gwase,angoisse,0-1-1,/angoiss(e).er,,target_content_high_frequency_missing_gloss,0.581528,0
8782,nègre,nègre,NOM,B2,3.3256,11.146,1.44519,nɛgʁ,nègre,0-1-0,/§nègre§,,target_content_high_frequency_missing_gloss,0.580648,0
3263,coureur,coureur,NOM,B2,3.324,5.934,1.40998,kuʁœʁ,courir,0-1-1,/cour(ir).eur,,target_content_high_frequency_missing_gloss,0.580631,0
1808,béret,béret,NOM,B2,3.3216,1.674,0.41182,beʁɛ,béret,0-1-0,/béret,,target_content_high_frequency_missing_gloss,0.580605,0
11203,riverain,riverain,NOM,B2,3.311,0.209,0.08879,ʁivəʁɛ̃,rive,0-1-1,/riv(e).erain,,target_content_high_frequency_missing_gloss,0.580493,0
854,asile,asile,NOM,B2,3.3108,12.057,3.54409,azil,asile,0-1-0,/asile,,target_content_high_frequency_missing_gloss,0.580491,0
8241,monoparental,monoparental,ADJ,B2,3.3066,0.161,0.04133,monopaʁɑ̃tal,parent,1-1-1,_mono/parent.al,,target_content_high_frequency_missing_gloss,0.580446,0
5633,fédérer,fédérer,VER,B2,3.2929,0.291,0.03215,fedeʁe,fédéral,0-1-1,/fédér(al).er,,target_content_high_frequency_missing_gloss,0.5803,0
6667,individualisme,individualisme,NOM,B2,3.2508,0.285,0.11023,ɛ̃dividɥalizm,individu,0-1-2,/individu.al.isme,,target_content_high_frequency_missing_gloss,0.579849,0
5010,expérimentation,expérimentation,NOM,B2,3.2387,1.772,0.43631,ɛkspeʁimɑ̃tasjɔ̃,expérimenter,0-1-1,/expériment(er).ation,,target_content_high_frequency_missing_gloss,0.579718,0
948,atomique,atomique,ADJ,B2,3.222,6.098,1.45132,atomik,{tome},0-1-0,/atom(e),,target_content_high_frequency_missing_gloss,0.579538,0
12576,sécuriser,sécuriser,VER,B2,3.2211,20.364,3.09247,sekyʁize,sécurité,0-1-2,/sécur(ité).is.er,,target_content_high_frequency_missing_gloss,0.579528,0
6859,instabilité,instabilité,NOM,B2,3.2168,1.199,0.49755,ɛ̃stabilite,stable,1-1-2,_in/st(able).ab[i]l(e).ité,,target_content_high_frequency_missing_gloss,0.579481,0
4174,déforestation,déforestation,NOM,B2,3.2161,0.196,0.06736,defoʁɛstasjɔ̃,forêt,1-1-1,_dé/forêt/s.ation,,target_content_high_frequency_missing_gloss,0.579474,0
5567,frustration,frustration,NOM,B2,3.1945,3.75,1.36712,fʁystʁasjɔ̃,frustrer,0-1-1,/frustr(er).ation,,target_content_high_frequency_missing_gloss,0.579239,0
8191,modique,modique,ADJ,B2,3.1891,0.307,0.13931,modik,mode,0-1-1,/mod(e).ique,,target_content_high_frequency_missing_gloss,0.57918,0
2120,censé,censé,ADJ,B2,3.1849,97.554,21.50337,sɑ̃se,cens,0-1-1,/cens.é,,target_content_high_frequency_missing_gloss,0.579134,0
10659,rajouter,rajouter,VER,B2,3.1703,12.0,1.99326,ʁaʒute,joute,2-1-1,_r_a(d)/jout(er).er,,target_content_high_frequency_missing_gloss,0.578974,0
955,attachant,attachant,ADJ,B2,3.1611,0.801,0.31537,ataʃɑ̃,attacher,0-1-1,/attach(er).ant,,target_content_high_frequency_missing_gloss,0.578873,0
5522,fric,fric,NOM,B2,3.1064,58.703,11.91366,fʁik,fricot,0-1-0,/fric(ot),,target_content_high_frequency_missing_gloss,0.578267,0
5970,gueule,gueule,NOM,B2,3.1055,78.937,19.00031,gœl,gueuler,0-1-1,/gueul(er).e,,target_content_high_frequency_missing_gloss,0.578257,0
10852,redécouvrir,redécouvrir,VER,B2,3.1052,0.785,0.15309,ʁədekuvʁiʁ,couvrir,2-1-1,_re_dé/couv(rir).ir,,target_content_high_frequency_missing_gloss,0.578253,0
544,ancrer,ancrer,VER,B2,3.1047,1.854,1.22168,ɑ̃kʁe,ancre,0-1-1,/ancr(e).er,,target_content_high_frequency_missing_gloss,0.578248,0
10866,refroidissement,refroidissement,NOM,B2,3.0982,1.81,0.60472,ʁəfʁwadisəmɑ̃,froid,1-1-2,_re/froid.iss.ement,,target_content_high_frequency_missing_gloss,0.578175,0
6709,inexorablement,inexorablement,ADV,B2,3.0864,0.358,0.16534,inɛgzoʁabləmɑ̃,exorable,1-1-2,_in/exor(able).able.ment,,target_content_high_frequency_missing_gloss,0.578043,0
4175,déformation,déformation,NOM,B2,3.0737,1.149,0.41641,defɔʁmasjɔ̃,forme,1-1-0,_dé/form(e),,target_content_high_frequency_missing_gloss,0.577901,0
6286,huître,huître,NOM,B2,3.067,3.975,0.86038,ɥitʁ,huître,0-1-0,/huître,,target_content_high_frequency_missing_gloss,0.577825,0
8285,moqueur,moqueur,ADJ,B2,3.0646,1.212,0.32303,mokœʁ,moquer,0-1-1,/moqu(er).eur,,target_content_high_frequency_missing_gloss,0.577798,0
7575,lucratif,lucratif,ADJ,B2,3.0466,2.677,0.77924,lykʁatif,lucre,0-1-1,/lucr(e).atif,,target_content_high_frequency_missing_gloss,0.577595,0
12828,théâtral,théâtral,ADJ,B2,3.0456,1.994,0.43478,teatʁal,théâtre,0-1-1,/théâtr(e).al,,target_content_high_frequency_missing_gloss,0.577584,0
12464,surfer,surfer,VER,B2,3.0448,5.557,0.86803,sœʁfe,surf,0-1-1,/§surf§.er,,target_content_high_frequency_missing_gloss,0.577575,0
5550,froncer,froncer,VER,B2,3.0243,1.051,0.13319,fʁɔ̃se,fronce,0-1-1,/fronc(er).er,,target_content_high_frequency_missing_gloss,0.577342,0
4473,dévolu,dévolu,ADJ,B2,3.0101,0.247,0.22045,devoly,dévolu,0-1-0,/dévolu,,target_content_high_frequency_missing_gloss,0.57718,0
1206,bailleur,bailleur,NOM,B2,3.0093,0.297,0.06889,bajœʁ,bail,0-1-1,/bail[l].eur,,target_content_high_frequency_missing_gloss,0.577171,0
3008,consécutif,consécutif,ADJ,B2,3.0085,1.541,0.25413,kɔ̃sekytif,séquence,1-1-1,_con/sé(quence)/cu.tif,,target_content_high_frequency_missing_gloss,0.577162,0
8456,méconnaître,méconnaître,VER,B2,2.9846,0.19,0.15156,mekonɛtʁ,connaître,1-1-1,_mé/connaît(re).re,,target_content_high_frequency_missing_gloss,0.576888,0
10971,renforcement,renforcement,NOM,B2,2.9486,0.718,0.29853,ʁɑ̃fɔʁsəmɑ̃,force,2-1-1,_r_en/forc(e).ement,,target_content_high_frequency_missing_gloss,0.576473,0
13776,oeuvrer,oeuvrer,VER,B2,2.9421,2.358,10.39804,œvʁe,oeuvre,0-1-1,/oeuvr(e).er,,target_content_high_frequency_missing_gloss,0.576397,0
12117,soucier,soucier,VER,B2,2.9343,37.905,5.8022,susje,souci,0-1-1,/souci.er,,target_content_high_frequency_missing_gloss,0.576307,0
2456,civique,civique,ADJ,B2,2.9283,2.877,0.5297,sivik,civil,0-1-1,/civil.ique,,target_content_high_frequency_missing_gloss,0.576237,0
7177,job,job,NOM,B1,7.1591,43.899,12.74801,dʒɔb,,0-1-0,/§job§,,target_content_high_frequency_missing_gloss,0.576099,0
679,appelant,appelant,NOM,B2,2.9146,0.775,1.53858,apəlɑ̃,appel,0-1-1,/appel.ant,,target_content_high_frequency_missing_gloss,0.576077,0
4745,entraînement,entraînement,NOM,B2,2.8791,25.396,7.54133,ɑ̃tʁɛnəmɑ̃,trainer,1-1-1,_en/train(er).ement,,target_content_high_frequency_missing_gloss,0.57566,0
8768,nullement,nullement,ADV,B2,2.8728,1.168,0.51745,nyləmɑ̃,nul,0-1-1,/nulle.ment,,target_content_high_frequency_missing_gloss,0.575585,0
10548,quasiment,quasiment,ADV,B1,7.0606,10.902,4.62339,kazimɑ̃,,1-0-1,_quasi.ment,,target_content_high_frequency_missing_gloss,0.575543,0
12225,spontanément,spontanément,ADV,B2,2.869,1.253,0.55113,spɔ̃tanemɑ̃,spontané,0-1-1,/spontané.ment,,target_content_high_frequency_missing_gloss,0.575541,0
13247,téléphonie,téléphonie,NOM,B2,2.8381,0.326,0.1485,telefoni,téléphone,1-0-2,_télé.phon(e).ie,,target_content_high_frequency_missing_gloss,0.575173,0
5350,flûte,flûte,NOM,B2,2.8174,6.142,1.73913,flyt,flûte,0-1-1,/flût(e).e,,target_content_high_frequency_missing_gloss,0.574926,0
8710,normand,normand,ADJ,B2,2.8123,0.424,0.11788,nɔʁmɑ̃,Normandie,0-1-0,/Normand(ie),,target_content_high_frequency_missing_gloss,0.574865,0
6980,intimement,intimement,ADV,B2,2.812,1.196,0.54807,ɛ̃timəmɑ̃,intime,0-1-1,/intime.ment,,target_content_high_frequency_missing_gloss,0.574861,0
7933,mathématique,mathématique,ADJ,B2,2.8094,2.358,1.07318,matematik,mathématique,0-1-1,/mathémati(que)/c.que,,target_content_high_frequency_missing_gloss,0.57483,0
4292,dénuer,dénuer,VER,B2,2.805,1.706,0.37508,denɥe,nu,1-1-1,_dé/nu.é,,target_content_high_frequency_missing_gloss,0.574777,0
14077,épouvanter,épouvanter,VER,B2,2.7811,0.402,0.26332,epuvɑ̃te,épouvante,0-1-1,/épouvant(e).er,,target_content_high_frequency_missing_gloss,0.574488,0
3991,durablement,durablement,ADV,B2,2.773,0.111,0.05205,dyʁabləmɑ̃,durer,0-1-2,/dur(er).able.ment,,target_content_high_frequency_missing_gloss,0.57439,0
11060,respiratoire,respiratoire,ADJ,B2,2.773,5.301,1.16656,ʁɛspiʁatwaʁ,{spir},1-1-1,_re/{spir}.atoire,,target_content_high_frequency_missing_gloss,0.57439,0
73,accentuer,accentuer,VER,B2,2.7725,1.345,0.21433,aksɑ̃tɥe,accent,0-1-1,/accent[u].er,,target_content_high_frequency_missing_gloss,0.574384,0
5787,glacé,glacé,ADJ,B2,2.7122,10.646,2.50765,glase,glacer,0-1-1,/glac(er).é,,target_content_high_frequency_missing_gloss,0.573647,0
5643,féministe,féministe,NOM,B2,2.6893,1.117,0.60778,feminist,femme,0-1-1,/féminin.iste,,target_content_high_frequency_missing_gloss,0.573363,0
2618,collégien,collégien,NOM,B2,2.6753,1.323,0.20208,koleʒjɛ̃,collège,0-1-1,/collèg(e).ien,,target_content_high_frequency_missing_gloss,0.573189,0
4477,dévouement,dévouement,NOM,B2,2.6538,3.427,1.49418,devumɑ̃,voeu,1-1-1,_dé/vo(e)u.ement,,target_content_high_frequency_missing_gloss,0.572921,0
5800,globalisation,globalisation,NOM,B2,2.6173,0.12,0.03827,globalizasjɔ̃,globe,0-1-2,/glob(e).al.isation,,target_content_high_frequency_missing_gloss,0.572461,0
10142,prolongement,prolongement,NOM,B2,2.6172,0.459,0.18524,pʁolɔ̃ʒəmɑ̃,long,1-1-1,_pro/long.ement,,target_content_high_frequency_missing_gloss,0.57246,0
4455,détriment,détriment,NOM,B2,2.6148,0.93,0.4256,detʁimɑ̃,détriment,0-1-0,/détriment,,target_content_high_frequency_missing_gloss,0.572429,0
8387,muqueuse,muqueuse,NOM,C1,0.4293,0.316,0.12554,mykøz,,,,粘膜,target_content_with_gloss,0.572352,1
9586,pigment,pigment,NOM,C1,0.4293,0.535,0.11329,pigmɑ̃,,0-1-0,/§pigment§,色素；颜料,target_content_with_gloss,0.572352,1
10424,pulpe,pulpe,NOM,C1,0.4293,0.487,0.17299,pylp,,0-1-0,/§pulpe§,瓤；肉,target_content_with_gloss,0.572352,1
11534,résine,résine,NOM,C1,0.4293,1.022,0.32762,ʁezin,,0-1-0,/§résine§,树脂,target_content_with_gloss,0.572352,1
9913,postier,postier,NOM,B2,2.6061,0.759,0.27557,pɔstje,poste,0-1-1,/post(e).ier,,target_content_high_frequency_missing_gloss,0.572319,0
1057,auto,auto,NOM,B1,6.4987,15.304,4.26209,oto,,1-0-0,_lequel???,,target_content_high_frequency_missing_gloss,0.572235,0
4619,enclin,enclin,ADJ,B2,2.5843,2.494,0.7624,ɑ̃klɛ̃,{clin},1-1-0,_en/{clin},,target_content_high_frequency_missing_gloss,0.572041,0
3126,convier,convier,VER,B2,2.5805,1.804,6.87998,kɔ̃vje,convier,0-1-1,/convi(er).er,,target_content_high_frequency_missing_gloss,0.571993,0
4739,entraide,entraide,NOM,B2,2.579,0.582,0.46693,ɑ̃tʁɛd,aide,1-1-1,_entr(e)/aid(e).e,,target_content_high_frequency_missing_gloss,0.571974,0
14050,épicier,épicier,NOM,B2,2.5761,1.68,0.58634,episje,épice,0-1-1,/épic(e).ier,,target_content_high_frequency_missing_gloss,0.571937,0
13126,tripler,tripler,VER,B2,2.5734,2.193,2.86283,tʁiple,triple,1-0-1,_tri.pl(e).er,,target_content_high_frequency_missing_gloss,0.571902,0
4904,excepter,excepter,VER,B2,2.5732,0.956,3.65738,ɛksɛpte,{cept},1-1-1,_ex/{cept}.er,,target_content_high_frequency_missing_gloss,0.571899,0
415,allongement,allongement,NOM,B2,2.5556,0.12,0.04593,alɔ̃ʒəmɑ̃,long,1-1-1,_a(d)l/long.ement,,target_content_high_frequency_missing_gloss,0.571673,0
5614,futuriste,futuriste,ADJ,B2,2.5483,0.519,0.1929,fytyʁist,futur,0-1-1,/futur.iste,,target_content_high_frequency_missing_gloss,0.571579,0
6374,idéaliser,idéaliser,VER,B2,2.5435,0.769,0.07042,idealize,idée,0-1-1,/idéal.is,,target_content_high_frequency_missing_gloss,0.571517,0
1216,balader,balader,VER,B2,2.5423,17.329,4.56522,balade,balade,0-1-1,/balad(er).er,,target_content_high_frequency_missing_gloss,0.571502,0
5983,guise,guise,NOM,B2,2.5393,6.054,2.7771,giz,guise,0-1-0,/guise,,target_content_high_frequency_missing_gloss,0.571463,0
13666,volley-ball,volley-ball,NOM,C1,0.3998,0.373,0.14238,volɛbɔl,,0-2-0,/§volley§/§ball§,排球,target_content_with_gloss,0.571397,1
9106,paisiblement,paisiblement,ADV,B2,2.5267,1.88,0.79761,pezibləmɑ̃,paix,0-1-2,/pai(x)/s.ible.ment,,target_content_high_frequency_missing_gloss,0.5713,0
10352,prétention,prétention,NOM,B2,2.5259,1.503,0.47306,pʁetɑ̃sjɔ̃,prétendre,0-1-1,/prétend(re)/t.ion,,target_content_high_frequency_missing_gloss,0.571289,0
11718,satirique,satirique,ADJ,B2,2.5216,0.222,0.07502,satiʁik,satire,0-1-1,/satir(e).ique,,target_content_high_frequency_missing_gloss,0.571233,0
10157,promoteur,promoteur,NOM,B2,2.5209,2.68,0.6782,pʁomotœʁ,{mot},1-1-0,_pro/moteur,,target_content_high_frequency_missing_gloss,0.571224,0
1743,bruyère,bruyère,NOM,B2,2.5193,0.427,0.12554,bʁɥijɛʁ,bruyère,0-1-0,/bruyère,,target_content_high_frequency_missing_gloss,0.571204,0
7650,légèreté,légèreté,NOM,B2,2.5176,0.975,0.4256,leʒɛʁəte,léger,0-1-1,/léger.eté,,target_content_high_frequency_missing_gloss,0.571181,0
13499,vestimentaire,vestimentaire,ADJ,B2,2.5161,1.386,0.46693,vɛstimɑ̃tɛʁ,veste,0-1-2,/vest(e).iment.aire,,target_content_high_frequency_missing_gloss,0.571162,0
10480,pénicilline,pénicilline,NOM,C1,0.3902,1.614,0.53276,penisilin,,0-1-0,/§pénicilline§,霉素；青霉素,target_content_with_gloss,0.571082,1
11149,rhinocéros,rhinocéros,NOM,C1,0.39,1.712,0.45162,ʁinoseʁɔs,,1-0-1,_rhino.céros,犀牛,target_content_with_gloss,0.571076,1
11570,réussi,réussi,ADJ,C1,0.3899,5.544,31.22627,ʁeysi,,0-1-1,/§réuss(ir)§.i,绩,target_content_with_gloss,0.571072,1
3419,crédibilité,crédibilité,NOM,B2,2.4974,3.557,1.4804,kʁedibilite,croire,0-1-2,/créd(ence).ib(i)l(e).ité,,target_content_high_frequency_missing_gloss,0.570918,0
6467,implacable,implacable,ADJ,B2,2.4938,1.661,0.64605,ɛ̃plakabl,implacable,0-1-1,/implac(able).able,,target_content_high_frequency_missing_gloss,0.570871,0
5668,gaieté,gaieté,NOM,B2,2.4882,1.215,0.49755,gete,gai,0-1-1,/gaie.té,,target_content_high_frequency_missing_gloss,0.570797,0
2359,chrysanthème,chrysanthème,NOM,C1,0.3808,0.633,0.14391,kʁizɑ̃tɛm,,1-0-1,_chrys(o).anthème,菊花,target_content_with_gloss,0.570772,1
9420,percher,percher,VER,B2,2.482,1.832,0.76699,pɛʁʃe,perche,0-1-1,/perch(e).er,,target_content_high_frequency_missing_gloss,0.570716,0
1178,aîné,aîné,ADJ,B2,2.4786,5.959,2.76179,ene,ains,0-2-0,/ai(ns)/né,,target_content_high_frequency_missing_gloss,0.570671,0
12814,théière,théière,NOM,C1,0.3777,1.123,0.35211,tejɛʁ,,0-1-1,/§thé§.ière,茶壶,target_content_with_gloss,0.570669,1
9898,positivement,positivement,ADV,B2,2.4744,1.114,0.49602,pozitivəmɑ̃,positif,0-1-2,/posit(if).ive.ment,,target_content_high_frequency_missing_gloss,0.570616,0
10447,pyrénéen,pyrénéen,ADJ,B2,2.4674,0.006,0.00153,piʁeneɛ̃,Pyrénées,0-1-1,/Pyréné(es).en,,target_content_high_frequency_missing_gloss,0.570523,0
9511,peupler,peupler,VER,B2,2.4663,2.228,12.41733,pøple,peuple,0-1-1,/peupl(e).er,,target_content_high_frequency_missing_gloss,0.570509,0
12843,timidement,timidement,ADV,B2,2.4652,0.199,0.09339,timidəmɑ̃,timide,0-1-1,/timide.ment,,target_content_high_frequency_missing_gloss,0.570494,0
8845,obséder,obséder,VER,B2,2.4649,14.75,4.2131,opsede,obséder,0-1-1,/obséd(er).er,,target_content_high_frequency_missing_gloss,0.57049,0
6243,hospitaliser,hospitaliser,VER,B2,2.4624,3.801,0.6537,ɔspitalize,hôpital,0-1-2,/h(ô/os)pital.is.er,,target_content_high_frequency_missing_gloss,0.570457,0
5523,friche,friche,NOM,B2,2.4602,0.351,0.11941,fʁiʃ,friche,0-1-0,/friche,,target_content_high_frequency_missing_gloss,0.570428,0
1427,biologiste,biologiste,NOM,B2,2.4563,1.329,0.3812,bjoloʒist,biologie,1-0-2,_bio.{log}.iste,,target_content_high_frequency_missing_gloss,0.570377,0
13249,téléphérique,téléphérique,NOM,C1,0.3684,0.351,0.0842,telefeʁik,,1-0-1,_télé.phérique,索道；缆车,target_content_with_gloss,0.570359,1
12096,sophistiqué,sophistiqué,ADJ,B2,2.4497,4.921,1.4605,sofistike,sophisme,0-1-3,/soph(isme).iqu(e).é,,target_content_high_frequency_missing_gloss,0.570289,0
5409,formellement,formellement,ADV,B2,2.445,1.589,0.7226,fɔʁmɛləmɑ̃,former,0-1-2,/form(er).elle.ment,,target_content_high_frequency_missing_gloss,0.570227,0
6733,infiniment,infiniment,ADV,B2,2.4419,7.544,2.99449,ɛ̃finimɑ̃,finir,1-1-1,_in/fini.ment,,target_content_high_frequency_missing_gloss,0.570185,0
5869,grandissant,grandissant,ADJ,B2,2.4404,0.978,1.42223,gʁɑ̃disɑ̃,grand,0-1-2,/grand.iss.ant,,target_content_high_frequency_missing_gloss,0.570166,0
3073,contraster,contraster,VER,B2,2.4399,0.203,0.53735,kɔ̃tʁaste,contraste,0-1-1,/contrast(e).er,,target_content_high_frequency_missing_gloss,0.570159,0
11691,sanguin,sanguin,ADJ,B2,2.4378,14.275,2.48622,sɑ̃gɛ̃,sang,0-1-1,/sang[u].in,,target_content_high_frequency_missing_gloss,0.570131,0
7994,menotte,menotte,NOM,B2,2.4375,11.911,4.17024,mənɔt,main,0-1-1,/m(ai/e)n.otte,,target_content_high_frequency_missing_gloss,0.570127,0
3127,convive,convive,NOM,B2,2.436,0.528,0.17299,kɔ̃viv,convive,0-1-0,/conviv(e),,target_content_high_frequency_missing_gloss,0.570107,0
13393,vaniteux,vaniteux,ADJ,B2,2.4352,1.386,0.55573,vanitø,vain,0-1-2,/va(i)n.it.eux,,target_content_high_frequency_missing_gloss,0.570096,0
3640,desservir,desservir,VER,B2,2.4224,0.972,5.02756,desɛʁviʁ,servir,1-1-1,_dés/serv(ir).ir,,target_content_high_frequency_missing_gloss,0.569925,0
8450,méchanceté,méchanceté,NOM,B2,2.4222,2.797,0.97979,meʃɑ̃səte,méchant,0-1-1,/méchan(t)/c.eté,,target_content_high_frequency_missing_gloss,0.569923,0
10570,quiche,quiche,NOM,B2,2.4028,1.209,0.30925,kiʃ,quiche,0-1-0,/quiche,,target_content_high_frequency_missing_gloss,0.569662,0
5899,grec,grec,ADJ,B2,2.4009,7.614,2.03919,gʁɛk,Grèce,0-1-0,/Grèc(e),,target_content_high_frequency_missing_gloss,0.569637,0
5277,finement,finement,ADV,B2,2.3886,0.693,0.31996,finəmɑ̃,fin,0-1-1,/fine.ment,,target_content_high_frequency_missing_gloss,0.569471,0
713,apprêter,apprêter,VER,B2,2.3833,9.642,2.11421,apʁete,prêt,1-1-1,_a(d)/p/prêt.er,,target_content_high_frequency_missing_gloss,0.569399,0
12744,tenant,tenant,NOM,B2,2.3813,0.592,2.35915,tənɑ̃,tenir,0-1-1,/ten(ir).ant,,target_content_high_frequency_missing_gloss,0.569372,0
6920,intenter,intenter,VER,B2,2.3799,1.75,4.64176,ɛ̃tɑ̃te,intenter,0-1-1,/intent(er).er,,target_content_high_frequency_missing_gloss,0.569353,0
62,abîmer,abîmer,VER,B2,2.3762,11.652,1.47734,abime,abîme,0-1-1,/abîm(er).er,,target_content_high_frequency_missing_gloss,0.569303,0
8636,neuronal,neuronal,ADJ,B2,2.3738,1.228,0.17912,nøʁonal,neurone,0-1-1,/neuron(e).al,,target_content_high_frequency_missing_gloss,0.569271,0
13392,vanillé,vanillé,ADJ,B2,2.3695,0.051,0.01225,vanije,vanille,0-1-1,/§vanill(e)§.é,,target_content_high_frequency_missing_gloss,0.569212,0
5199,festin,festin,NOM,C1,0.3344,4.108,1.46203,fɛstɛ̃,,0-1-0,/§festin§,宴席；飨宴,target_content_with_gloss,0.569207,1
10148,promeneur,promeneur,NOM,B2,2.3611,0.649,0.13625,pʁomnœʁ,mener,1-1-1,_pro/men(er).eur,,target_content_high_frequency_missing_gloss,0.569098,0
12919,torero,torero,NOM,B2,2.3572,0.576,0.10716,toʁeʁo,toréer,0-1-0,/§torero§,,target_content_high_frequency_missing_gloss,0.569045,0
1266,baraque,baraque,NOM,B2,2.3477,7.823,2.71739,baʁak,baraque,0-1-0,/baraque,,target_content_high_frequency_missing_gloss,0.568915,0
6232,horriblement,horriblement,ADV,B2,2.3442,3.025,1.36558,oʁibləmɑ̃,horreur,0-1-2,/horr(eur).ible.ment,,target_content_high_frequency_missing_gloss,0.568867,0
10321,préparatif,préparatif,NOM,B2,2.337,3.066,1.29516,pʁepaʁatif,parer,1-1-1,_pré/par(er).atif,,target_content_high_frequency_missing_gloss,0.568769,0
1885,cambriolage,cambriolage,NOM,B2,2.3366,11.63,2.91947,kɑ̃bʁijolaʒ,cambriole,0-1-1,/cambriol(er).age,,target_content_high_frequency_missing_gloss,0.568763,0
8308,mortalité,mortalité,NOM,B2,2.3262,1.87,0.7425,mɔʁtalite,mort,0-1-2,/mort.al.ité,,target_content_high_frequency_missing_gloss,0.56862,0
7507,locuteur,locuteur,NOM,B2,2.323,0.032,0.00919,lokytœʁ,locution,0-1-1,/locut(ion).eur,,target_content_high_frequency_missing_gloss,0.568576,0
2573,cohabiter,cohabiter,VER,B2,2.3197,0.997,0.24801,koabite,habiter,2-1-1,_1_co/habit(er).er,,target_content_high_frequency_missing_gloss,0.568531,0
2892,conformiste,conformiste,ADJ,B2,2.3022,0.278,0.13166,kɔ̃fɔʁmist,forme,1-1-1,_con/form(er).iste,,target_content_high_frequency_missing_gloss,0.568289,0
5275,financièrement,financièrement,ADV,B2,2.2976,2.649,1.19259,finɑ̃sjɛʁəmɑ̃,finance,0-1-2,/financ(e).ière.ment,,target_content_high_frequency_missing_gloss,0.568225,0
7056,involontaire,involontaire,ADJ,B2,2.2913,4.19,1.43141,ɛ̃volɔ̃tɛʁ,volonté,1-1-1,_in/volont(é).aire,,target_content_high_frequency_missing_gloss,0.568137,0
1755,buisson,buisson,NOM,B2,2.2796,5.959,1.48653,bɥisɔ̃,bois,0-1-0,/buisson,,target_content_high_frequency_missing_gloss,0.567974,0
11409,réduit,réduit,ADJ,B2,2.2743,3.342,5.12554,ʁedɥi,{duire},1-1-1,_ré/{dui(re)}.it,,target_content_high_frequency_missing_gloss,0.5679,0
814,arrondir,arrondir,VER,B2,2.2716,1.835,0.41488,aʁɔ̃diʁ,rond,1-1-1,_a(d)/p/rond.ir,,target_content_high_frequency_missing_gloss,0.567862,0
559,angine,angine,NOM,C1,0.2926,1.025,0.35977,ɑ̃ʒin,,1-0-1,_angi(o).ine,扁桃体炎,target_content_with_gloss,0.56775,1
5770,ghetto,ghetto,NOM,C1,0.2926,4.497,0.99357,gɛto,,0-1-0,/§ghetto§,居民区,target_content_with_gloss,0.56775,1
4805,escale,escale,NOM,B2,2.2596,2.161,0.80833,ɛskal,escalier,0-1-1,/escal(ier).e,,target_content_high_frequency_missing_gloss,0.567694,0
8855,obésité,obésité,NOM,B2,2.259,0.981,0.32609,obezite,obèse,0-1-1,/obès(e).ité,,target_content_high_frequency_missing_gloss,0.567686,0
6382,ignorance,ignorance,NOM,B2,2.2576,4.864,2.0346,iɲoʁɑ̃s,ignorer,0-1-1,/ignor(er).ance,,target_content_high_frequency_missing_gloss,0.567666,0
3150,copyright,copyright,NOM,C1,0.2862,0.57,0.18218,kopiʁajt,,0-1-0,/§copyright§,版权,target_content_with_gloss,0.567523,1
6304,hypnotique,hypnotique,ADJ,C1,0.2862,0.842,0.27097,ipnotik,,1-0-1,_hypno.tique,安眠药,target_content_with_gloss,0.567523,1
8533,méthanol,méthanol,NOM,C1,0.2862,0.288,0.06277,metanɔl,,1-0-2,_méth(y).an.ol,甲醇,target_content_with_gloss,0.567523,1
9437,perfusion,perfusion,NOM,C1,0.2862,2.513,0.86957,pɛʁfyzjɔ̃,,1-1-1,_per/fus(ion).ion,灌注；点滴,target_content_with_gloss,0.567523,1
10505,pétale,pétale,NOM,C1,0.2862,2.449,0.72872,petal,,0-1-0,/§pétale§,花瓣,target_content_with_gloss,0.567523,1
11770,scanner,scanner,NOM,C1,0.2862,11.364,3.35579,skanɛʁ,,0-1-1,/§scann(er)§.er,扫描；扫描仪,target_content_with_gloss,0.567523,1
11963,similitude,similitude,NOM,C1,0.2862,1.402,0.41488,similityd,,0-1-1,/§simili§.tude,相似；相似性,target_content_with_gloss,0.567523,1
13738,vétérinaire,vétérinaire,ADJ,C1,0.2862,2.079,1.54011,veteʁinɛʁ,,0-1-0,/§vétérinaire§,兽医,target_content_with_gloss,0.567523,1
9651,placement,placement,NOM,B2,2.2301,3.405,0.98592,plasəmɑ̃,place,0-1-1,/plac(e).ement,,target_content_high_frequency_missing_gloss,0.567278,0
11018,replacer,replacer,VER,B2,2.229,1.665,0.297,ʁəplase,place,1-1-1,_re/plac(e).er,,target_content_high_frequency_missing_gloss,0.567262,0
6490,imposition,imposition,NOM,B2,2.2285,0.443,0.17299,ɛ̃pozisjɔ̃,poser,1-1-1,_i(n)/m/pos(er).ition,,target_content_high_frequency_missing_gloss,0.567255,0
8825,obligé,obligé,ADJ,B2,2.2285,11.177,16.30282,obliʒe,lige,1-1-1,_ob/lig(e).é,,target_content_high_frequency_missing_gloss,0.567255,0
7943,matrimonial,matrimonial,ADJ,B2,2.2177,1.278,0.22045,matʁimonjal,§mater§/mère,0-1-1,/mat(e)r[i].monial,,target_content_high_frequency_missing_gloss,0.567102,0
11767,scander,scander,VER,B2,2.2142,0.687,0.06277,skɑ̃de,scander,0-1-0,/scand(er),,target_content_high_frequency_missing_gloss,0.567052,0
10227,provençal,provençal,ADJ,B2,2.2139,0.095,0.02296,pʁovɑ̃sal,Provence,0-1-1,/Provenc(e).al,,target_content_high_frequency_missing_gloss,0.567048,0
5276,fine,fine,NOM,C1,0.2714,1.009,3.34354,fin,,0-1-0,/§fine§§???,聪,target_content_with_gloss,0.566993,1
79,accession,accession,NOM,B2,2.2078,0.19,0.08879,aksɛsjɔ̃,{cès/d},1-1-1,_a(d)/c/ced/(ss).ion,,target_content_high_frequency_missing_gloss,0.566961,0
11095,retardataire,retardataire,NOM,B2,2.1986,0.627,0.20208,ʁətaʁdatɛʁ,tard,1-1-1,_re/tard.ataire,,target_content_high_frequency_missing_gloss,0.566829,0
10069,procession,procession,NOM,B2,2.1941,1.177,0.35671,pʁosesjɔ̃,{ces/d},1-1-1,_pro/{ce(d)/ss}.ion,,target_content_high_frequency_missing_gloss,0.566765,0
2504,clin,clin,NOM,B2,2.1894,5.304,1.98561,klɛ̃,cligner/§clin§,0-1-0,/clin,,target_content_high_frequency_missing_gloss,0.566697,0
5762,germanique,germanique,ADJ,B2,2.1859,0.377,0.1286,ʒɛʁmanik,Germanie,0-1-1,/German(ie).ique,,target_content_high_frequency_missing_gloss,0.566647,0
8972,orang-outan,orang-outan,NOM,C1,0.2614,0.491,0.11941,oʁɑ̃utɑ̃,,0-2-0,/§orang§/§outan§,猩猩,target_content_with_gloss,0.566631,1
8838,obsolète,obsolète,ADJ,B2,2.1702,1.715,0.50521,ɔpsolɛt,obsolète,0-1-1,/obsol(ète).ète,,target_content_high_frequency_missing_gloss,0.566421,0
2748,complément,complément,NOM,B2,2.1618,1.244,0.37661,kɔ̃plemɑ̃,complet,0-1-1,/comple(t).ment,,target_content_high_frequency_missing_gloss,0.5663,0
13352,vaccination,vaccination,NOM,B2,2.155,0.718,0.19902,vaksinasjɔ̃,vaccin,0-1-1,/vaccin.ation,,target_content_high_frequency_missing_gloss,0.566201,0
10183,proprement,proprement,ADV,B2,2.1546,3.348,1.51255,pʁɔpʁəmɑ̃,propre,0-1-1,/propre.ment,,target_content_high_frequency_missing_gloss,0.566195,0
788,armé,armé,ADJ,B2,2.1471,23.62,19.71984,aʁme,arme,0-1-0,/arme,,target_content_high_frequency_missing_gloss,0.566086,0
5056,facette,facette,NOM,B2,2.1447,2.003,0.49449,fasɛt,face,0-1-1,/fac(e).ette,,target_content_high_frequency_missing_gloss,0.566051,0
7254,justesse,justesse,NOM,B2,2.1307,1.861,0.83742,ʒystɛs,juste,0-1-1,/just(e).esse,,target_content_high_frequency_missing_gloss,0.565847,0
1745,brève,brève,NOM,B2,2.1297,0.237,1.3763,bʁɛv,bref,0-1-0,/bre(f)/v,,target_content_high_frequency_missing_gloss,0.565832,0
8783,nègre,nègre,ADJ,B2,2.1245,1.848,1.44519,nɛgʁ,nègre,0-1-0,/§nègre§,,target_content_high_frequency_missing_gloss,0.565756,0
2753,comporte,comporte,NOM,B2,2.1221,0.095,3.25781,kɔ̃pɔʁt,porter,1-1-1,_com/port(er).e,,target_content_high_frequency_missing_gloss,0.565721,0
12724,tee-shirt,tee-shirt,NOM,B1,5.4932,3.617,1.0793,tiʃœʁt,,0-2-0,/§tee§/§shirt§,,target_content_high_frequency_missing_gloss,0.565644,0
10719,rasoir,rasoir,NOM,B2,2.1003,6.813,2.71127,ʁazwaʁ,ras,0-1-1,/ras.oir,,target_content_high_frequency_missing_gloss,0.5654,0
2545,cocarde,cocarde,NOM,B2,2.0852,0.063,0.02449,kokaʁd,coq,0-1-1,/co(q)/c.arde,,target_content_high_frequency_missing_gloss,0.565177,0
2398,cibler,cibler,VER,B2,2.0754,7.32,12.47091,sible,cible,0-1-1,/cibl(e).er,,target_content_high_frequency_missing_gloss,0.565031,0
13239,télécommunication,télécommunication,NOM,B2,2.061,0.478,0.15769,telekomynikasjɔ̃,communication,1-1-0,_télé/communication,,target_content_high_frequency_missing_gloss,0.564816,0
13751,xénophobe,xénophobe,ADJ,B2,2.061,0.146,0.04746,gzenofɔb,xénophobie,1-0-2,_xéno.phobe,,target_content_high_frequency_missing_gloss,0.564816,0
9286,partiellement,partiellement,ADV,B2,2.0605,1.658,0.73484,paʁsjɛləmɑ̃,part,0-1-2,/part.ielle.ment,,target_content_high_frequency_missing_gloss,0.564809,0
2238,charrette,charrette,NOM,B2,2.0536,2.782,0.73637,ʃaʁɛt,char,0-1-1,/charett(e).ette,,target_content_high_frequency_missing_gloss,0.564705,0
3345,cric,cric,NOM,C1,0.206,1.187,0.34293,kʁik,,0-1-0,/§cric§,插孔；起重,target_content_with_gloss,0.564575,1
7305,laguiole,laguiole,NOM,B2,2.0346,0.003,0.00153,lagjɔl,Laguiole,0-1-0,/Laguiole,,target_content_high_frequency_missing_gloss,0.56442,0
834,artificiellement,artificiellement,ADV,B2,2.0336,0.585,0.26179,aʁtifisjɛləmɑ̃,art,0-1-1,/artificielle.ment,,target_content_high_frequency_missing_gloss,0.564405,0
2047,casquette,casquette,NOM,B2,2.0228,8.582,2.45867,kaskɛt,casque,0-1-1,/casqu(e).ette,,target_content_high_frequency_missing_gloss,0.564241,0
13040,transistor,transistor,NOM,C1,0.1972,0.56,0.14697,tʁɑ̃zistɔʁ,,0-1-0,/§transistor§,晶体管,target_content_with_gloss,0.56424,1
4735,entonner,entonner,VER,B2,2.0222,0.557,0.05358,ɑ̃tone,tonne,1-1-1,_en/tonn(e).er,,target_content_high_frequency_missing_gloss,0.564232,0
6900,insécurité,insécurité,NOM,B1,5.2958,1.364,0.50827,ɛ̃sekyʁite,,1-1-0,_in/sécurité,,target_content_high_frequency_missing_gloss,0.56423,0
9335,paternité,paternité,NOM,B1,5.2956,2.592,0.90171,patɛʁnite,,0-1-1,/§pater§[n].ité,,target_content_high_frequency_missing_gloss,0.564229,0
1623,bourgmestre,bourgmestre,NOM,C1,0.1955,0.358,0.04899,buʁgmɛstʁ,,0-1-0,/§bourgmestre§,市长,target_content_with_gloss,0.564175,1
4990,express,express,NOM,C1,0.1951,1.006,1.89375,ɛkspʁɛs,,0-1-0,/§express§,快车,target_content_with_gloss,0.564159,1
12869,toast,toast,NOM,B2,2.0103,17.503,5.10104,tost,toast,0-1-0,/§toast§,,target_content_high_frequency_missing_gloss,0.564052,0
13532,vieillissant,vieillissant,ADJ,B2,2.0004,0.38,0.62309,vjejisɑ̃,vieux,0-1-2,/vieil[l].iss.ant,,target_content_high_frequency_missing_gloss,0.563901,0
6668,individualiste,individualiste,ADJ,B2,1.9825,0.203,0.09951,ɛ̃dividɥalist,individu,0-1-2,/individu.al.iste,,target_content_high_frequency_missing_gloss,0.563627,0
3777,discrétion,discrétion,NOM,B2,1.9822,5.75,2.45407,diskʁesjɔ̃,discret,0-1-1,/discret.ion,,target_content_high_frequency_missing_gloss,0.563622,0
11178,rigolo,rigolo,ADJ,B2,1.9784,4.288,2.00398,ʁigolo,rigoler,0-1-1,/rigol(er).o,,target_content_high_frequency_missing_gloss,0.563564,0
11849,senior,senior,ADJ,C1,0.1777,2.332,0.94458,senjɔʁ,,0-1-1,/§sen(ior)§.ior,高职,target_content_with_gloss,0.563488,1
5511,fraîchement,fraîchement,ADV,B2,1.963,1.829,0.83588,fʁɛʃəmɑ̃,frais,0-1-1,/fraîche.ment,,target_content_high_frequency_missing_gloss,0.563327,0
8267,monte,monte,NOM,B1,5.1656,13.823,2.48316,mɔ̃t,,,,,target_content_high_frequency_missing_gloss,0.563274,0
13688,vouvoyer,vouvoyer,VER,B2,1.9568,0.358,0.05664,vuvwaje,vous,0-1-2,/vou(s/v).o(i/y).er,,target_content_high_frequency_missing_gloss,0.563231,0
4189,dégoûter,dégoûter,VER,B2,1.9497,9.535,6.06552,degute,goût,1-1-1,_dé/goût.er,,target_content_high_frequency_missing_gloss,0.563121,0
5252,filiation,filiation,NOM,B2,1.9463,0.158,0.05511,filjasjɔ̃,fils,0-1-1,/fil(s).iation,,target_content_high_frequency_missing_gloss,0.563068,0
10515,pétrolier,pétrolier,ADJ,B2,1.9293,3.06,0.46999,petʁolje,{pétr},0-1-2,/{pétr}.ol(e).ier,,target_content_high_frequency_missing_gloss,0.562803,0
4378,désarroi,désarroi,NOM,B2,1.9248,0.81,0.36436,dezaʁwa,arroi,1-1-0,_dés/arroi,,target_content_high_frequency_missing_gloss,0.562733,0
24,abord,abord,NOM,B2,1.9214,1.924,0.43938,abɔʁ,bord,1-1-0,_a(d)/bord,,target_content_high_frequency_missing_gloss,0.562679,0
7061,inédit,inédit,ADJ,B2,1.9133,1.551,0.37508,inedi,dire,2-1-1,_in_é/di(re).t,,target_content_high_frequency_missing_gloss,0.562552,0
12187,soustraction,soustraction,NOM,B2,1.9101,0.228,0.05818,sustʁaksjɔ̃,traction,1-1-0,_sous/traction,,target_content_high_frequency_missing_gloss,0.562502,0
8030,messagerie,messagerie,NOM,B2,1.9075,3.611,1.47275,mesaʒəʁi,message,0-1-1,/messag(e).erie,,target_content_high_frequency_missing_gloss,0.562461,0
8837,obsessionnel,obsessionnel,ADJ,B2,1.9039,1.56,0.37967,ɔpsesjonɛl,obséder,0-1-2,/obsé(der)/ss.ion[n].el,,target_content_high_frequency_missing_gloss,0.562404,0
606,antalgique,antalgique,ADJ,C1,0.1431,0.032,0.21892,ɑ̃talʒik,,1-0-2,_ant(i).alg(ie).ique,止痛,target_content_with_gloss,0.562123,1
1357,benzène,benzène,NOM,C1,0.1431,0.326,0.07808,bɛ̃zɛn,,1-0-1,_benz(o).ène,苯,target_content_with_gloss,0.562123,1
2300,chi,chi,NOM,C1,0.1431,1.528,0.89406,ki,,0-1-0,/§chi§,气,target_content_with_gloss,0.562123,1
3497,cycliste,cycliste,ADJ,C1,0.1431,0.415,0.3414,siklist,,1-0-1,_cycl.iste,单车族,target_content_with_gloss,0.562123,1
4741,entrailles,entrailles,NOM,C1,0.1431,3.911,1.59829,ɑ̃tʁaj,,1-0-1,_entr(e).ailles,脏；腑,target_content_with_gloss,0.562123,1
4785,environ,environ,NOM,C1,0.1431,7.877,3.44152,ɑ̃viʁɔ̃,,,,上下；内外,target_content_with_gloss,0.562123,1
5253,filigrane,filigrane,NOM,C1,0.1431,0.405,0.14085,filigʁan,,0-1-0,/§filigrane§,水印,target_content_with_gloss,0.562123,1
5284,fioul,fioul,NOM,C1,0.1431,0.168,0.05971,fjul,,0-1-0,/§fioul§,燃料油,target_content_with_gloss,0.562123,1
5738,gazole,gazole,NOM,C1,0.1431,0.199,0.05971,gazɔl,,1-0-1,_gazo.ole,柴油,target_content_with_gloss,0.562123,1
6158,hic,hic,NOM,C1,0.1431,2.241,0.94611,ik,,0-1-0,/§hic§,难处,target_content_with_gloss,0.562123,1
6196,homo,homo,NOM,C1,0.1431,5.839,2.74954,omo,,0-1-0,/§homo§,G友,target_content_with_gloss,0.562123,1
6218,hooligan,hooligan,NOM,C1,0.1431,0.56,0.13319,uligan,,0-1-0,/§hooligan§,古惑仔；小混混,target_content_with_gloss,0.562123,1
6294,hydrogène,hydrogène,NOM,C1,0.1431,2.601,0.69963,idʁoʒɛn,,1-0-1,_hydr(o).gène,氢,target_content_with_gloss,0.562123,1
6295,hydrogénation,hydrogénation,NOM,C1,0.1431,0.019,0.00612,idʁɔʒenasjɔ̃,,,,氢化,target_content_with_gloss,0.562123,1
7239,junior,junior,ADJ,C1,0.1431,4.041,3.57777,ʒynjɔʁ,,0-1-0,/§junior§,年少,target_content_with_gloss,0.562123,1
7603,lycra,lycra,NOM,C1,0.1431,0.275,0.11635,likʁa,,0-1-0,/§Lycra§,莱卡,target_content_with_gloss,0.562123,1
7748,malgache,malgache,NOM,C1,0.1431,0.025,0.02449,malgaʃ,,0-1-0,/§malgache§,马达加斯加语,target_content_with_gloss,0.562123,1
7998,mental,mental,NOM,C1,0.1431,1.348,2.83833,mɑ̃tal,,0-1-1,/§men(s)/t§.al,心理；心窍,target_content_with_gloss,0.562123,1
8071,microscopie,microscopie,NOM,C1,0.1431,0.035,0.01684,mikʁoskɔpi,,1-0-2,_micro.scop(e).ie,显微术,target_content_with_gloss,0.562123,1
8298,morne,morne,ADJ,C1,0.1431,1.016,0.38885,mɔʁn,,0-1-0,/§morne§,悲凉；惨淡,target_content_with_gloss,0.562123,1
8346,mousson,mousson,NOM,C1,0.1431,0.842,0.25566,musɔ̃,,0-1-0,/§mousson§,梅雨；霉雨,target_content_with_gloss,0.562123,1
8424,myriade,myriade,NOM,C1,0.1431,0.275,0.06124,miʁjad,,1-0-1,_myria.de,一万,target_content_with_gloss,0.562123,1
8617,nectar,nectar,NOM,C1,0.1431,1.547,0.49143,nɛktaʁ,,0-1-0,/§nectar§,琼浆玉液,target_content_with_gloss,0.562123,1
8809,néophyte,néophyte,NOM,C1,0.1431,0.218,0.07502,neofit,,1-0-1,_néo.phyte,外教,target_content_with_gloss,0.562123,1
8883,ode,ode,NOM,C1,0.1431,0.627,0.19902,ɔd,,0-1-0,/§ode§,颂,target_content_with_gloss,0.562123,1
9692,plasma,plasma,NOM,C1,0.1431,4.652,1.34721,plasma,,0-1-0,/§plasma§,电浆,target_content_with_gloss,0.562123,1
9820,polyester,polyester,NOM,C1,0.1431,0.959,0.3812,poliɛstɛʁ,,1-0-1,_poly.ester,涤纶；聚酯,target_content_with_gloss,0.562123,1
11697,sans-abri,sans-abri,NOM,C1,0.1431,4.335,1.27832,sɑ̃abʁi,,,,无家可归；无家可归者,target_content_with_gloss,0.562123,1
11773,scarifier,scarifier,VER,C1,0.1431,0.114,0.01378,skaʁifje,,,,划伤,target_content_with_gloss,0.562123,1
11795,scooter,scooter,NOM,C1,0.1431,3.595,0.86497,skutœʁ,,0-1-0,/§scooter§,塑胶车；踏板车,target_content_with_gloss,0.562123,1
11796,score,score,NOM,C1,0.1431,8.899,2.50919,skɔʁ,,0-1-0,/§score§,成绩；比分,target_content_with_gloss,0.562123,1
12222,sponsor,sponsor,NOM,C1,0.1431,4.101,0.83129,spɔ̃sɔʁ,,0-1-0,/§sponsor§,赞助商,target_content_with_gloss,0.562123,1
12226,sporadique,sporadique,ADJ,C1,0.1431,0.259,0.05971,spoʁadik,,0-1-0,/§sporadique§,零星,target_content_with_gloss,0.562123,1
12294,stockage,stockage,NOM,C1,0.1431,3.598,1.28904,stokaʒ,,0-1-1,/§stock§.age,存储,target_content_with_gloss,0.562123,1
12297,stopper,stopper,VER,C1,0.1431,14.674,3.34507,stope,,0-1-1,/§stop§[p].er,停机,target_content_with_gloss,0.562123,1
12518,suturer,suturer,VER,C1,0.1431,1.234,1.76822,sytyʁe,,0-1-1,/§sutur(e)§.er,缝合,target_content_with_gloss,0.562123,1
13012,tram,tram,NOM,C1,0.1431,1.62,0.35824,tʁam,,0-1-0,/§tram(way)§,电车,target_content_with_gloss,0.562123,1
13503,viabilité,viabilité,NOM,C1,0.1431,0.304,0.13472,vjabilite,,0-1-1,/§via§.bilité,持续性,target_content_with_gloss,0.562123,1
13507,vibration,vibration,NOM,C1,0.1431,5.025,1.23393,vibʁasjɔ̃,,0-1-1,/vibr(er).ation,振动；振荡,target_content_with_gloss,0.562123,1
13759,zen,zen,ADJ,C1,0.1431,2.089,0.92927,zɛn,,0-1-0,/§zen§,禅宗,target_content_with_gloss,0.562123,1
13773,oestrogène,oestrogène,NOM,C1,0.1431,0.785,0.17912,østʁoʒɛn,,0-1-1,/oestr(e)[o].gène,雌激素,target_content_with_gloss,0.562123,1
14079,époxy,époxy,ADJ,C1,0.1431,0.139,0.04746,epɔksi,,0-1-0,/§époxy§,环氧树脂,target_content_with_gloss,0.562123,1
2740,compliment,compliment,NOM,B2,1.8802,16.212,4.18249,kɔ̃plimɑ̃,compliment,0-1-0,/compliment,,target_content_high_frequency_missing_gloss,0.562029,0
8038,metteur,metteur,NOM,B2,1.8795,2.744,0.71953,mɛtœʁ,mettre,0-1-1,/mett(re).eur,,target_content_high_frequency_missing_gloss,0.562018,0
3065,contraignant,contraignant,ADJ,B2,1.8757,0.465,0.16381,kɔ̃tʁɛɲɑ̃,contraindre,0-1-1,/{contraign}.ant,,target_content_high_frequency_missing_gloss,0.561958,0
10606,racial,racial,ADJ,B2,1.8604,2.908,0.52511,ʁasjal,race,0-1-1,/rac(e).ial,,target_content_high_frequency_missing_gloss,0.561713,0
10472,péjoratif,péjoratif,ADJ,C1,0.1315,0.427,0.14697,peʒoʁatif,,0-1-1,/§péjor§.atif,贬义,target_content_with_gloss,0.561656,1
11185,ringard,ringard,ADJ,C1,0.1315,3.911,1.52633,ʁɛ̃gaʁ,,0-1-0,/§ringard§,老土,target_content_with_gloss,0.561656,1
12373,succursale,succursale,NOM,C1,0.1304,1.212,0.29853,sykyʁsal,,0-1-0,/§succursale§,分店；分支,target_content_with_gloss,0.561611,1
10347,prétendant,prétendant,NOM,B2,1.8535,2.813,1.96571,pʁetɑ̃dɑ̃,tendre,1-1-1,_pré/tend(re).ant,,target_content_high_frequency_missing_gloss,0.561603,0
4284,dénomination,dénomination,NOM,B2,1.8464,0.171,0.05664,denominasjɔ̃,nom,1-1-2,_dé/nom.in.ation,,target_content_high_frequency_missing_gloss,0.561489,0
10209,protestant,protestant,ADJ,B2,1.8432,1.459,0.40876,pʁotɛstɑ̃,tester,1-1-1,_pro/test(er).ant,,target_content_high_frequency_missing_gloss,0.561437,0
8848,obus,obus,NOM,C1,0.1228,3.184,0.96448,oby,,0-1-0,/§obus§,炮弹,target_content_with_gloss,0.561303,1
10287,prédisposer,prédisposer,VER,C1,0.1228,0.506,0.07655,pʁedispɔze,,,,预设,target_content_with_gloss,0.561303,1
12552,syndrome,syndrome,NOM,C1,0.1228,8.152,2.60716,sɛ̃dʁom,,1-0-1,_syn.drome,综合征；综合症,target_content_with_gloss,0.561303,1
7819,mante,mante,NOM,C1,0.1226,1.092,0.20974,mɑ̃t,,0-1-1,/mant(e).e,螂；螳,target_content_with_gloss,0.561294,1
9329,pat,pat,NOM,C1,0.1226,0.266,1.48347,pat,,0-1-0,/§pat§,帕特；胶着,target_content_with_gloss,0.561294,1
11987,sinistré,sinistré,ADJ,C1,0.1223,0.278,0.09492,sinistʁe,,0-1-1,/§sinistr(e)§.é,灾民,target_content_with_gloss,0.561282,1
6265,humaniste,humaniste,ADJ,B2,1.8328,0.218,0.18524,ymanist,homme,0-1-1,/huma(i)n.iste,,target_content_high_frequency_missing_gloss,0.561269,0
6499,impressionner,impressionner,VER,B2,1.8315,31.778,8.75842,ɛ̃pʁesjone,pression,1-1-1,_i(n)/m/pression[n].er,,target_content_high_frequency_missing_gloss,0.561248,0
11797,scorpion,scorpion,NOM,C1,0.1137,3.313,0.86191,skɔʁpjɔ̃,,0-1-0,/§scorpion§,天蝎；天蝎座,target_content_with_gloss,0.56093,1
13061,trappe,trappe,NOM,C1,0.1137,4.259,1.31966,tʁap,,0-1-0,/§trappe§,陷阱,target_content_with_gloss,0.56093,1
531,analytique,analytique,ADJ,B2,1.8118,0.446,0.17299,analitik,analyse,1-0-2,_ana.ly(se).tique,,target_content_high_frequency_missing_gloss,0.560929,0
7044,investigation,investigation,NOM,B2,1.8118,4.535,1.32272,ɛ̃vɛstigasjɔ̃,investiguer,0-1-1,/investig(uer).ation,,target_content_high_frequency_missing_gloss,0.560929,0
13860,écoutant,écoutant,NOM,B2,1.801,0.218,1.42376,ekutɑ̃,écouter,0-1-1,/écout(er).ant,,target_content_high_frequency_missing_gloss,0.560753,0
618,antichambre,antichambre,NOM,B2,1.8003,0.487,0.1929,ɑ̃tiʃɑ̃bʁ,chambre,1-1-0,_anti/chambre,,target_content_high_frequency_missing_gloss,0.560741,0
8792,nécropole,nécropole,NOM,C1,0.1088,0.092,0.02603,nekʁopɔl,,1-0-1,_nécro.pole,大墓地,target_content_with_gloss,0.560728,1
10231,provincial,provincial,NOM,B1,4.8237,0.285,0.22658,pʁovɛ̃sjal,,0-1-1,/§provinc(e)§.ial,,target_content_high_frequency_missing_gloss,0.560662,0
6300,hymne,hymne,NOM,B2,1.7863,3.677,1.13748,imn,hymne,0-1-0,/hymne,,target_content_high_frequency_missing_gloss,0.560512,0
12545,synchroniser,synchroniser,VER,B2,1.786,2.946,0.39345,sɛ̃kʁonize,synchronie,1-0-3,_syn.chron(e).is.er,,target_content_high_frequency_missing_gloss,0.560507,0
11780,scie,scie,NOM,C1,0.1028,5.066,1.63197,si,,0-1-1,/sci(er).e,锯,target_content_with_gloss,0.56048,1
12661,talus,talus,NOM,C1,0.1005,0.509,0.15309,taly,,0-1-0,/§talus§,坂；垄,target_content_with_gloss,0.560384,1
1420,bioclimatique,bioclimatique,ADJ,C1,0.0975,0.003,0.00153,bjɔklimatik,,,,生物气候,target_content_with_gloss,0.560259,1
1758,bulldozer,bulldozer,NOM,C1,0.0975,1.642,0.40416,byldozɛʁ,,0-1-0,/§bulldozer§,推土机,target_content_with_gloss,0.560259,1
3831,distributeur,distributeur,ADJ,C1,0.0975,0.041,0.04133,distʁibytʁis,,,,中盘商；分销商,target_content_with_gloss,0.560259,1
8008,mentor,mentor,NOM,C1,0.0975,5.339,1.83405,mɑ̃tɔʁ,,0-1-0,/§mentor§,技术指导；指导员,target_content_with_gloss,0.560259,1
8531,métaphore,métaphore,NOM,C1,0.0975,6.174,1.93662,metafɔʁ,,1-0-1,_méta.phore,喻,target_content_with_gloss,0.560259,1
10168,pronostiquer,pronostiquer,VER,C1,0.0975,0.101,0.05511,pʁonɔstike,,0-1-1,/§pronosti(c)/qu.er,捉摸,target_content_with_gloss,0.560259,1
11989,sinécure,sinécure,NOM,C1,0.0975,0.244,0.1041,sinekyʁ,,0-2-0,/§sine§/§cure§,尸位素餐；闲职,target_content_with_gloss,0.560259,1
12242,spécimen,spécimen,NOM,C1,0.0975,4.174,1.0992,spesimɛn,,0-1-0,/§specimen§,标本；样本,target_content_with_gloss,0.560259,1
12285,stigmatiser,stigmatiser,VER,C1,0.0975,0.244,0.03521,stigmatize,,0-1-2,/§stigmat(e)§.is.er,戴帽子；污名化,target_content_with_gloss,0.560259,1
12636,tabou,tabou,ADJ,C1,0.0975,0.997,0.51745,tabu,,0-1-0,/§tabou§,忌讳；禁忌,target_content_with_gloss,0.560259,1
13345,utérus,utérus,NOM,C1,0.0975,4.946,1.6534,yteʁys,,0-1-1,/§utér(us)§.us,子宫；胞宫,target_content_with_gloss,0.560259,1
13891,éditorial,éditorial,NOM,C1,0.0975,0.816,0.30312,editoʁjal,,0-1-0,/§editorial§,社论,target_content_with_gloss,0.560259,1
10473,pélican,pélican,NOM,C1,0.0964,0.864,0.16993,pelikɑ̃,,0-1-0,/§pélican§,鹈鹕,target_content_with_gloss,0.560213,1
7331,lande,lande,NOM,C1,0.0944,0.206,0.19596,lɑ̃d,,0-1-0,/§lande§,石楠荒原；荒野,target_content_with_gloss,0.56013,1
9643,piéger,piéger,VER,B2,1.7608,38.924,12.44795,pjeʒe,pied,0-1-1,/piè(d)/g.er,,target_content_high_frequency_missing_gloss,0.560091,0
1537,boots,boots,NOM,C1,0.0912,0.94,0.20055,buts,,0-1-0,/§boots§,靴子,target_content_with_gloss,0.559996,1
3732,dinar,dinar,NOM,C1,0.0912,0.832,0.13319,dinaʁ,,0-1-0,/§dinar§,第纳尔,target_content_with_gloss,0.559996,1
5019,extra,extra,ADJ,C1,0.0912,5.547,3.60839,ɛkstʁa,,1-0-0,_extra,外加；杂费,target_content_with_gloss,0.559996,1
10197,prospectus,prospectus,NOM,C1,0.0912,2.209,0.79149,pʁɔspɛktys,,0-1-0,/§prospectus§,单张；宣传册,target_content_with_gloss,0.559996,1
5735,gazette,gazette,NOM,C1,0.0871,0.358,0.44244,gazɛt,,0-1-0,/§gazette§,报纸,target_content_with_gloss,0.559823,1
12339,subitement,subitement,ADV,C1,0.0815,3.418,1.50949,sybitəmɑ̃,,1-0-2,_sub.ite.ment,一下；刹那间,target_content_with_gloss,0.559587,1
7978,maïa,maïa,NOM,C1,0.077,0.076,0.01225,maja,,0-1-0,/§maïa§,光神星,target_content_with_gloss,0.559396,1
13288,unanimité,unanimité,NOM,B2,1.7132,1.247,0.53276,ynanimite,un,0-1-1,/un.ité,,target_content_high_frequency_missing_gloss,0.559295,0
10162,prompteur,prompteur,NOM,C1,0.0726,0.478,0.14697,pʁɔ̃ptœʁ,,0-1-0,/§prompteur§,提字器；提词器,target_content_with_gloss,0.559209,1
7207,jouteur,jouteur,NOM,B2,1.7068,0.032,0.00765,ʒutœʁ,jouter,0-1-1,/jout(er).eur,,target_content_high_frequency_missing_gloss,0.559186,0
12581,sédentarité,sédentarité,NOM,B2,1.7033,0.006,0.00306,sedɑ̃taʁite,sédentaire,0-1-2,/sédent(aire).ar.ité,,target_content_high_frequency_missing_gloss,0.559127,0
7922,massue,massue,NOM,C1,0.07,0.772,0.27404,masy,,0-1-1,/mass(e).ue,棍棒；棒子,target_content_with_gloss,0.559097,1
10631,radium,radium,NOM,C1,0.07,0.313,0.09339,ʁadjɔm,,0-1-0,/§radium§,镭,target_content_with_gloss,0.559097,1
4083,déclic,déclic,NOM,C1,0.0676,1.573,0.51898,deklik,,1-1-0,_dé/clic,扳机,target_content_with_gloss,0.558995,1
1254,bang,bang,NOM,C1,0.0657,3.753,1.91825,bɑ̃g,,0-1-0,/bang,𠳐；吧,target_content_with_gloss,0.558913,1
1418,binaire,binaire,NOM,C1,0.0657,0.142,0.32762,binɛʁ,,1-0-1,_bi[n].aire,二元；双星,target_content_with_gloss,0.558913,1
1536,booster,booster,NOM,C1,0.0657,1.18,0.53123,buste,,0-1-1,/boost(er).er,增压,target_content_with_gloss,0.558913,1
1899,camping-car,camping-car,NOM,C1,0.0657,2.193,0.45928,kɑ̃piŋkaʁ,,0-2-0,/§camping§/§car§,房车,target_content_with_gloss,0.558913,1
2358,chrysalide,chrysalide,NOM,C1,0.0657,0.361,0.09798,kʁizalid,,0-1-0,/chrysalide,蛹,target_content_with_gloss,0.558913,1
2554,coco,coco,NOM,C1,0.0657,9.082,2.49235,koko,,0-1-0,/??? Haricot/ communiste/ coke/ noix???,鸡蛋,target_content_with_gloss,0.558913,1
4560,empathie,empathie,NOM,C1,0.0657,2.149,0.83435,ɑ̃pati,,1-0-1,_em.pathie,共情,target_content_with_gloss,0.558913,1
5457,fourmilière,fourmilière,NOM,C1,0.0657,0.022,0.01531,fuʁmiljɛʁ,,,,成群,target_content_with_gloss,0.558913,1
6203,homonyme,homonyme,NOM,C1,0.0657,0.38,0.15769,omonim,,1-0-1,_homo.nyme,同名,target_content_with_gloss,0.558913,1
6380,idéologiquement,idéologiquement,ADV,C1,0.0657,0.047,0.02143,ideoloʒikəmɑ̃,,1-0-2,_idéo.logique.ment,思想上,target_content_with_gloss,0.558913,1
7539,longévité,longévité,NOM,C1,0.0657,0.718,0.28475,lɔ̃ʒevite,,0-1-1,/long.évité,长寿,target_content_with_gloss,0.558913,1
7964,maxime,maxime,NOM,C1,0.0657,0.345,0.31537,maksim,,0-1-1,/§maxim(a)§.e,格言,target_content_with_gloss,0.558913,1
8436,mât,mât,NOM,C1,0.0657,1.892,0.56797,ma,,0-1-0,/§mât§,撑杆,target_content_with_gloss,0.558913,1
9894,positif,positif,NOM,C1,0.0657,2.554,5.41488,pozitif,,0-1-0,/§positif§,正面；积极,target_content_with_gloss,0.558913,1
9926,potassium,potassium,NOM,C1,0.0657,2.288,0.71035,potasjɔm,,0-1-1,/§potass(e)§.§ium§,钾,target_content_with_gloss,0.558913,1
10120,progestérone,progestérone,NOM,C1,0.0657,0.158,0.0643,pʁoʒɛsteʁɔn,,0-1-0,/§progestérone§,孕酮,target_content_with_gloss,0.558913,1
10132,prohibition,prohibition,NOM,C1,0.0657,1.247,0.39039,pʁoibisjɔ̃,,1-1-1,_pro/{hib}.ition,禁令,target_content_with_gloss,0.558913,1
10396,psychotrope,psychotrope,NOM,C1,0.0657,0.367,0.16534,psikotʁɔp,,1-0-1,_psycho.trope,精神药品,target_content_with_gloss,0.558913,1
10667,ram,ram,NOM,C1,0.0657,0.715,0.32609,ʁam,,0-1-0,/RAM,内存,target_content_with_gloss,0.558913,1
11613,sablage,sablage,NOM,C1,0.0657,0.025,0.00919,sablaʒ,,,,喷砂,target_content_with_gloss,0.558913,1
11997,six,six,NOM,C1,0.0657,13.5,32.99755,sis,,0-1-0,/six,六；陆,target_content_with_gloss,0.558913,1
12265,standard,standard,ADJ,C1,0.0657,5.892,3.56705,stɑ̃daʁ,,0-1-0,/§standard§,交换机；制式,target_content_with_gloss,0.558913,1
12342,subjonctif,subjonctif,ADJ,C1,0.0657,0.003,0.00153,sybʒɔ̃ktiv,,,,假设语气；虚拟,target_content_with_gloss,0.558913,1
12554,synonyme,synonyme,NOM,C1,0.0657,0.576,0.65064,sinonim,,1-0-1,_syn.onyme,代名词,target_content_with_gloss,0.558913,1
12823,théorème,théorème,NOM,C1,0.0657,0.592,0.17606,teoʁɛm,,0-1-1,/§théor(ie)§.ème,定理,target_content_with_gloss,0.558913,1
13096,trempé,trempé,ADJ,C1,0.0657,2.003,2.21066,tʁɑ̃pe,,0-1-1,/tremp(er).é,淋湿；湿答答,target_content_with_gloss,0.558913,1
13564,vinification,vinification,NOM,C1,0.0657,0.016,0.00765,vinifikasjɔ̃,,,,酿酒,target_content_with_gloss,0.558913,1
3199,cosmonaute,cosmonaute,NOM,C1,0.0652,1.0,0.17146,kɔsmonot,,1-0-1,_cosmo.naute,航天员,target_content_with_gloss,0.558892,1
3215,cottage,cottage,NOM,C1,0.0652,1.804,0.49755,kotaʒ,,0-1-0,/§cottage§,小屋,target_content_with_gloss,0.558892,1
4276,démêlé,démêlé,NOM,C1,0.0652,0.427,0.18371,demele,,,,纠纷,target_content_with_gloss,0.558892,1
5518,fret,fret,NOM,C1,0.0652,0.839,0.31384,fʁɛ,,0-1-0,/§fret§,船货；货物运输,target_content_with_gloss,0.558892,1
5734,gazelle,gazelle,NOM,C1,0.0652,1.573,0.38426,gazɛl,,0-1-0,/§gazelle§,羚羊,target_content_with_gloss,0.558892,1
7688,magnanimité,magnanimité,NOM,C1,0.0652,0.142,0.06583,maɲanimite,,1-0-2,_magn.anim(e).ité,海量；豪气,target_content_with_gloss,0.558892,1
7817,mansarde,mansarde,NOM,C1,0.0652,0.076,0.07655,mɑ̃saʁd,,0-1-1,/Mansard.e,阁楼,target_content_with_gloss,0.558892,1
8149,misogynie,misogynie,NOM,C1,0.0652,0.161,0.07348,mizoʒini,,1-0-2,_miso.gyn(e).ie,厌女症,target_content_with_gloss,0.558892,1
8381,multiplicité,multiplicité,NOM,C1,0.0652,0.057,0.02603,myltiplisite,,1-0-2,_multi.ité,繁多,target_content_with_gloss,0.558892,1
9187,paralysie,paralysie,NOM,C1,0.0652,3.0,1.06246,paʁalizi,,0-1-1,/§paralys(ie)§.ie,停顿；瘫痪,target_content_with_gloss,0.558892,1
9535,phonographe,phonographe,NOM,C1,0.0652,0.434,0.16687,fonogʁaf,,1-0-1,_phono.graphe,电唱机,target_content_with_gloss,0.558892,1
9537,phonétique,phonétique,NOM,C1,0.0652,0.108,0.09951,fonetik,,1-0-1,_phon.étique,自然发音；自然拼读,target_content_with_gloss,0.558892,1
10088,prodiguer,prodiguer,VER,C1,0.0652,0.75,0.59859,pʁodige,,0-1-1,/§prodigu(e)§.er,出手；挥霍,target_content_with_gloss,0.558892,1
11403,rédemption,rédemption,NOM,C1,0.0652,3.269,1.2079,ʁedɑ̃psjɔ̃,,0-1-1,/§rédemp(teur)§.tion,感化；赎回,target_content_with_gloss,0.558892,1
12212,sphinx,sphinx,NOM,C1,0.0652,0.301,0.23576,sfɛ̃ks,,0-1-0,/§sphinx§,狮身人面像,target_content_with_gloss,0.558892,1
12422,superstar,superstar,NOM,C1,0.0652,2.668,0.81904,sypɛʁstaʁ,,1-1-0,_super/§star§,巨星,target_content_with_gloss,0.558892,1
12595,sémantique,sémantique,NOM,C1,0.0652,0.472,0.25873,semɑ̃tik,,0-1-0,/§sémantique§,语意,target_content_with_gloss,0.558892,1
12600,sénile,sénile,ADJ,C1,0.0652,2.038,0.72719,senil,,0-1-1,/§sen(ior)§.ile,年迈,target_content_with_gloss,0.558892,1
13180,trust,trust,NOM,C1,0.0652,2.348,0.52051,tʁœst,,0-1-0,/§trust§,信托,target_content_with_gloss,0.558892,1
13263,ténébreux,ténébreux,ADJ,C1,0.0652,2.066,0.40263,tenebʁø,,0-1-1,/§ténèbr(e)§.eux,幽暗；阴森,target_content_with_gloss,0.558892,1
7450,linguiste,linguiste,NOM,B2,1.6828,0.367,0.12707,lɛ̃gɥist,{lingu},0-1-1,/{lingu}.iste,,target_content_high_frequency_missing_gloss,0.558779,0
2900,confrérie,confrérie,NOM,B2,1.681,3.475,0.73637,kɔ̃fʁeʁi,frère,1-1-1,_con/frér(e).ie,,target_content_high_frequency_missing_gloss,0.558748,0
1434,biotope,biotope,NOM,C1,0.0614,0.028,0.00765,bjotɔp,,1-0-2,_bio.top(o).e,生物小区,target_content_with_gloss,0.558728,1
2933,connoter,connoter,VER,C1,0.0614,0.063,0.01837,konɔte,,,,含有,target_content_with_gloss,0.558728,1
6104,hardware,hardware,NOM,C1,0.0614,0.294,0.11788,aʁdwɛʁ,,,,硬件,target_content_with_gloss,0.558728,1
6330,hépatite,hépatite,NOM,C1,0.0614,2.171,0.62156,epatit,,1-0-1,_hep(ato).tite,肝炎,target_content_with_gloss,0.558728,1
6892,insulaire,insulaire,ADJ,C1,0.0614,0.177,0.07961,ɛ̃sylɛʁ,,0-1-1,/§insul(a).aire,岛民,target_content_with_gloss,0.558728,1
7287,klaxon,klaxon,NOM,C1,0.0614,4.93,1.24923,klaksɔ̃,,0-1-0,/§Klaxon§,喇叭,target_content_with_gloss,0.558728,1
7962,maxi,maxi,ADJ,C1,0.0614,1.522,0.77465,maksi,,0-1-0,/§maxi(mum)§,至多,target_content_with_gloss,0.558728,1
8014,mercantile,mercantile,ADJ,C1,0.0614,0.127,0.04746,mɛʁkɑ̃til,,0-2-0,/§mercant(i)§/ile,市侩,target_content_with_gloss,0.558728,1
8239,monochrome,monochrome,ADJ,C1,0.0614,0.108,0.02909,monokʁom,,1-0-1,_mono.chrome,单色,target_content_with_gloss,0.558728,1
8481,médiocrité,médiocrité,NOM,C1,0.0614,0.972,0.42713,medjokʁite,,0-1-2,/{médi}.ocr(e).ité,低劣,target_content_with_gloss,0.558728,1
8938,onéreux,onéreux,ADJ,C1,0.0614,0.842,0.26944,oneʁø,,0-1-0,/onéreux,太贵；高昂,target_content_with_gloss,0.558728,1
9725,plouc,plouc,NOM,C1,0.0614,3.222,0.91243,pluk,,0-0-0,,粗人；老帽儿,target_content_with_gloss,0.558728,1
10133,proie,proie,NOM,C1,0.0614,9.892,2.96846,pʁwa,,0-1-0,/proie,受害者,target_content_with_gloss,0.558728,1
11377,récidiver,récidiver,VER,C1,0.0614,0.655,0.31384,ʁesidive,,0-1-1,/§récidiv(e)§.er,复发,target_content_with_gloss,0.558728,1
11621,saccager,saccager,VER,C1,0.0614,3.813,0.77465,sakaʒe,,0-1-2,/§sac§[c].ag(e).er,打劫,target_content_with_gloss,0.558728,1
11962,similarité,similarité,NOM,C1,0.0614,0.671,0.20361,similaʁite,,0-1-2,/§simil(aire)§.a(i)r(e).ité,同类,target_content_with_gloss,0.558728,1
12371,succulence,succulence,NOM,C1,0.0614,0.013,0.00612,sykylɑ̃s,,0-1-1,/§succul(ent)§.ence,美味,target_content_with_gloss,0.558728,1
12394,suffixe,suffixe,NOM,C1,0.0614,0.047,0.01684,syfiks,,,,后缀；接尾词,target_content_with_gloss,0.558728,1
12606,sépia,sépia,NOM,C1,0.0614,0.108,0.04287,sepja,,0-1-0,/§sépia§,棕褐色,target_content_with_gloss,0.558728,1
13143,troll,troll,NOM,C1,0.0614,4.722,0.54195,tʁɔl,,0-1-0,/§troll§,喷子；酸民,target_content_with_gloss,0.558728,1
13665,volley,volley,NOM,C1,0.0614,1.139,0.38273,volɛ,,0-1-0,/§volley§,排枪,target_content_with_gloss,0.558728,1
6192,homard,homard,NOM,C1,0.0592,6.111,1.40233,omaʁ,,0-1-0,/§homar§,龙虾,target_content_with_gloss,0.558633,1
11734,saupoudrer,saupoudrer,VER,C1,0.0592,0.877,0.09798,sopudʁe,,0-2-1,/s(e/a)(l/u)/poudr(er).er,挥洒；散落,target_content_with_gloss,0.558633,1
12239,spécifier,spécifier,VER,C1,0.0592,1.085,0.29241,spesifje,,0-1-1,/§species§.er,规范；载明,target_content_with_gloss,0.558633,1
12369,succinct,succinct,ADJ,C1,0.0592,0.259,0.07042,syksɛ̃,,0-1-0,/§succinct§,简练,target_content_with_gloss,0.558633,1
1695,brio,brio,NOM,C1,0.0558,0.652,0.30159,bʁijo,,0-1-0,/§brio§,才华；才干,target_content_with_gloss,0.558486,1
8932,once,once,NOM,C1,0.0558,0.665,1.49265,ɔ̃s,,0-1-0,/§once§,盎司,target_content_with_gloss,0.558486,1
9635,pittoresque,pittoresque,NOM,C1,0.0558,0.171,0.57257,pitoʁɛsk,,0-1-0,/§pittoresque§,如画,target_content_with_gloss,0.558486,1
11618,sabre,sabre,NOM,C1,0.0558,9.864,1.48194,sabʁ,,0-1-0,/§sabr(e)§,佩剑；军刀,target_content_with_gloss,0.558486,1
3170,cornique,cornique,ADJ,C1,0.0557,0.003,0.00153,kɔʁnik,,,,康瓦尔语,target_content_with_gloss,0.558481,1
1307,basket-ball,basket-ball,NOM,C1,0.0553,1.275,0.43938,baskɛtbɔl,,0-2-0,/§basket§/ball,篮球,target_content_with_gloss,0.558464,1
1931,cantatrice,cantatrice,NOM,B2,1.6632,0.241,0.06889,kɑ̃tatʁis,chanter,0-1-1,/c(h)ant(er).atrice,,target_content_high_frequency_missing_gloss,0.558443,0
4863,estrade,estrade,NOM,C1,0.0544,1.383,0.54042,ɛstʁad,,0-1-0,/§estrade§,讲台；讲坛,target_content_with_gloss,0.558425,1
7526,long,long,ADV,C1,0.0544,0.573,33.19351,lɔ̃,,0-1-0,/long,冗长；悠久,target_content_with_gloss,0.558425,1
7763,malle-poste,malle-poste,NOM,C1,0.0544,0.028,0.01378,malpɔst,,,,邮车,target_content_with_gloss,0.558425,1
8162,mixer,mixer,VER,C1,0.0544,1.782,0.48071,mikse,,0-1-2,/§mix§.eur.er,掺杂；搀合,target_content_with_gloss,0.558425,1
8373,multilatéral,multilatéral,ADJ,C1,0.0544,0.013,0.00306,myltilateʁo,,,,多边,target_content_with_gloss,0.558425,1
8811,névrose,névrose,NOM,C1,0.0544,1.054,0.26791,nevʁoz,,1-0-1,_névr(o).ose,精神官能症,target_content_with_gloss,0.558425,1
9114,paletot,paletot,NOM,C1,0.0544,0.063,0.02296,paləto,,0-1-0,/§paletot§,大衣,target_content_with_gloss,0.558425,1
9525,philatéliste,philatéliste,NOM,C1,0.0544,0.117,0.02296,filatelist,,1-0-2,_phil(o).atél(ie).iste,邮迷,target_content_with_gloss,0.558425,1
9751,pneumatique,pneumatique,NOM,C1,0.0544,0.133,0.16993,pnømatik,,0-1-0,/§pneumatique§,气动；轮胎,target_content_with_gloss,0.558425,1
11381,réciproque,réciproque,NOM,C1,0.0544,0.098,1.63043,ʁesipʁɔk,,0-1-0,/§réciproque§,互相；相互,target_content_with_gloss,0.558425,1
11426,référendum,référendum,NOM,C1,0.0544,0.633,0.15922,ʁefeʁɛ̃dɔm,,0-1-0,/§référendum§,公投,target_content_with_gloss,0.558425,1
11961,similaire,similaire,ADJ,C1,0.0544,8.953,2.32394,similɛʁ,,0-1-1,/§simil(aire)§.aire,相仿；相似,target_content_with_gloss,0.558425,1
12006,snob,snob,NOM,C1,0.0544,1.753,1.07471,snɔb,,0-1-0,/§snob§,嫌贫爱富,target_content_with_gloss,0.558425,1
12077,somnolence,somnolence,NOM,C1,0.0544,0.215,0.07961,sɔmnolɑ̃s,,1-0-1,_somn(i).olence,懒洋洋；睡意,target_content_with_gloss,0.558425,1
2029,cartel,cartel,NOM,C1,0.0514,7.892,1.14513,kaʁtɛl,,0-1-0,/§cartel§,企业集团,target_content_with_gloss,0.558295,1
5834,gourou,gourou,NOM,C1,0.0514,2.427,0.60012,guʁu,,0-1-0,/§gourou§,古鲁；教主,target_content_with_gloss,0.558295,1
6033,géologie,géologie,NOM,C1,0.0514,0.782,0.28016,ʒeoloʒi,,1-0-1,_géo.logie,地质,target_content_with_gloss,0.558295,1
6292,hydraulique,hydraulique,NOM,C1,0.0514,0.291,0.49908,idʁolik,,1-0-1,_hydr(o).ique,液力,target_content_with_gloss,0.558295,1
6312,hystérie,hystérie,NOM,C1,0.0514,2.095,0.81904,isteʁi,,1-0-1,_hystér(o).ie,歇斯底里；脏躁,target_content_with_gloss,0.558295,1
7678,mage,mage,NOM,C1,0.0514,1.579,0.24648,maʒ,,0-1-0,/mage,魔术师,target_content_with_gloss,0.558295,1
8063,microbe,microbe,NOM,C1,0.0514,3.544,0.86344,mikʁɔb,,1-0-1,_micro.be,菌,target_content_with_gloss,0.558295,1
8100,millionnaire,millionnaire,NOM,C1,0.0514,2.851,1.63809,miljonɛʁ,,1-0-2,_milli.on[n].aire,万贯,target_content_with_gloss,0.558295,1
9155,paparazzi,paparazzi,NOM,C1,0.0514,2.199,0.52205,papaʁadzi,,0-1-0,/§paparazzi§,狗仔,target_content_with_gloss,0.558295,1
11153,rhumatisme,rhumatisme,NOM,C1,0.0514,0.896,0.26332,ʁymatizm,,0-1-2,/§rhum(e)§.at.isme,风湿；风湿病,target_content_with_gloss,0.558295,1
11723,satiété,satiété,NOM,C1,0.0514,0.152,0.06889,sasjete,,1-0-1,_sati(s).été,餍,target_content_with_gloss,0.558295,1
12805,thalassothérapie,thalassothérapie,NOM,C1,0.0514,0.006,0.00153,talasoteʁapi,,1-0-1,_thalass(o).thérapie,海水浴疗,target_content_with_gloss,0.558295,1
12891,tombola,tombola,NOM,C1,0.0514,1.326,0.38426,tɔ̃bola,,0-1-0,/§tombola§,摸彩,target_content_with_gloss,0.558295,1
13144,trombe,trombe,NOM,C1,0.0514,0.88,0.30618,tʁɔ̃b,,0-1-0,/§trombe§,飚,target_content_with_gloss,0.558295,1
14110,équivoque,équivoque,NOM,C1,0.0514,0.532,0.35058,ekivɔk,,1-0-1,_équi.voque,含糊；多义,target_content_with_gloss,0.558295,1
2020,carrer,carrer,VER,B2,1.6136,1.658,2.40049,kaʁe,carrer,0-1-1,/carr(er).er,,target_content_high_frequency_missing_gloss,0.557582,0
4613,enchaîner,enchaîner,VER,B2,1.6084,7.911,1.08696,ɑ̃ʃene,chaîne,1-1-1,_en/chaîn(e).er,,target_content_high_frequency_missing_gloss,0.557491,0
3614,dentaire,dentaire,ADJ,B2,1.6068,7.582,2.13411,dɑ̃tɛʁ,dent,0-1-1,/dent.aire,,target_content_high_frequency_missing_gloss,0.557463,0
2234,charnel,charnel,ADJ,B2,1.6052,1.364,0.20208,ʃaʁnɛl,chair,0-1-1,/cha(i)r(n].el,,target_content_high_frequency_missing_gloss,0.557435,0
5392,for,for,NOM,B2,1.6052,18.057,3.66197,fɔʁ,for,0-1-0,/for,,target_content_high_frequency_missing_gloss,0.557435,0
10923,reléguer,reléguer,VER,B2,1.6033,0.712,0.13625,ʁəlege,légat,1-1-1,_re/lég(at).er,,target_content_high_frequency_missing_gloss,0.557402,0
10617,radiation,radiation,NOM,B2,1.6026,10.285,1.66565,ʁadjasjɔ̃,radiant,0-1-1,/radi(ant).ation,,target_content_high_frequency_missing_gloss,0.557389,0
12457,surcoût,surcoût,NOM,B2,1.6026,0.054,0.01837,syʁku,coût,1-1-0,_sur/coût,,target_content_high_frequency_missing_gloss,0.557389,0
8847,obtention,obtention,NOM,B2,1.5897,0.943,0.4256,ɔptɑ̃sjɔ̃,tenir,1-1-1,_ob/ten(ir).tion,,target_content_high_frequency_missing_gloss,0.557162,0
10893,relancer,relancer,VER,B2,1.5897,5.835,1.04715,ʁəlɑ̃se,lancer,1-1-1,_re/lanc(er).er,,target_content_high_frequency_missing_gloss,0.557162,0
4100,déconnecter,déconnecter,VER,B2,1.5829,5.32,0.78996,dekonɛkte,connecter,1-1-1,_dé/connect(er).er,,target_content_high_frequency_missing_gloss,0.557041,0
843,artériel,artériel,ADJ,B2,1.5825,3.161,1.03337,aʁteʁjɛl,artère,0-1-1,/artèr(e)/i.el,,target_content_high_frequency_missing_gloss,0.557034,0
3678,diabète,diabète,NOM,B2,1.5825,3.601,1.07318,djabɛt,diabète,0-1-1,/diabèt(e).e,,target_content_high_frequency_missing_gloss,0.557034,0
925,astronome,astronome,NOM,B2,1.5822,1.377,0.28934,astʁonɔm,astronomie,1-0-1,_astro.nome,,target_content_high_frequency_missing_gloss,0.557029,0
10716,ras,ras,ADJ,B2,1.581,4.725,2.61176,ʁa,ras,0-1-0,/ras,,target_content_high_frequency_missing_gloss,0.557008,0
10988,renouvellement,renouvellement,NOM,B2,1.581,0.858,0.32609,ʁənuvɛləmɑ̃,nouveau,1-1-1,_re/nouve(au)/l[l].ement,,target_content_high_frequency_missing_gloss,0.557008,0
11363,réapprendre,réapprendre,VER,B2,1.581,0.804,0.22964,ʁeapʁɑ̃dʁ,apprendre,1-1-0,_ré/apprendre,,target_content_high_frequency_missing_gloss,0.557008,0
5568,frustrer,frustrer,VER,B2,1.5787,3.595,1.49724,fʁystʁe,frustrer,0-1-1,/frustr(er).er,,target_content_high_frequency_missing_gloss,0.556967,0
1757,bulbe,bulbe,NOM,B2,1.5763,0.655,0.16993,bylb,bulbe,0-1-0,/bulb(e),,target_content_high_frequency_missing_gloss,0.556924,0
2124,centenaire,centenaire,ADJ,B2,1.575,0.475,0.29088,sɑ̃tənɛʁ,cent,0-1-1,/cent.enaire,,target_content_high_frequency_missing_gloss,0.556901,0
10237,provisoirement,provisoirement,ADV,B2,1.5732,1.041,0.45622,pʁovizwaʁəmɑ̃,vision,1-1-2,_pro/vis(ion).oire.ment,,target_content_high_frequency_missing_gloss,0.556869,0
12707,taxer,taxer,VER,B2,1.5732,1.646,1.52174,takse,taxer,0-1-1,/tax(er).er,,target_content_high_frequency_missing_gloss,0.556869,0
14178,étrenne,étrenne,NOM,B2,1.5719,0.199,0.0842,etʁɛn,étrenne,0-1-0,/étrenne,,target_content_high_frequency_missing_gloss,0.556846,0
3280,courtiser,courtiser,VER,B2,1.5717,2.87,0.41947,kuʁtize,cour,0-1-2,/cour[t].is.er,,target_content_high_frequency_missing_gloss,0.556843,0
5326,floraison,floraison,NOM,B2,1.5713,0.573,0.21892,floʁɛzɔ̃,fleur,0-1-1,/fl(eu)/or.aison,,target_content_high_frequency_missing_gloss,0.556835,0
728,apéro,apéro,NOM,B2,1.5698,1.136,0.44091,apeʁo,apéritif,0-1-0,/apér(itif)/o,,target_content_high_frequency_missing_gloss,0.556809,0
11485,réparateur,réparateur,ADJ,B2,1.5669,0.911,0.74556,ʁepaʁatœʁ,parer,1-1-1,_ré/par(er).ateur,,target_content_high_frequency_missing_gloss,0.556757,0
2991,constitutionnel,constitutionnel,ADJ,B2,1.5662,1.535,0.30925,kɔ̃stitysjonɛl,{stitu},1-1-2,_con/{stitu}.el,,target_content_high_frequency_missing_gloss,0.556745,0
13677,volupté,volupté,NOM,B2,1.5662,0.475,0.1485,volypte,volupté,0-1-0,/volupt(é),,target_content_high_frequency_missing_gloss,0.556745,0
7558,loueur,loueur,NOM,B2,1.5647,0.415,0.13013,lwœʁ,louer,0-1-1,/lou(er).eur,,target_content_high_frequency_missing_gloss,0.556718,0
10861,refouler,refouler,VER,B2,1.5645,2.614,0.47152,ʁəfule,fouler,1-1-1,_re/foul(er).er,,target_content_high_frequency_missing_gloss,0.556714,0
12315,structurer,structurer,VER,B2,1.5619,0.494,3.65432,stʁyktyʁe,structure,0-1-1,/structur(e).er,,target_content_high_frequency_missing_gloss,0.556668,0
836,artisanal,artisanal,ADJ,B2,1.5612,1.908,0.37814,aʁtizanal,art,0-1-1,/artisan.al,,target_content_high_frequency_missing_gloss,0.556655,0
14024,éolien,éolien,ADJ,B2,1.5608,0.288,0.10257,eoljɛ̃,Eolie,0-1-1,/Eolie.ien,,target_content_high_frequency_missing_gloss,0.556648,0
6689,indéfiniment,indéfiniment,ADV,B2,1.559,3.07,1.38549,ɛ̃definimɑ̃,finir,2-1-1,_in_dé/fini.ment,,target_content_high_frequency_missing_gloss,0.556616,0
6351,hôtelier,hôtelier,NOM,B2,1.5575,0.199,0.15156,otəlje,hôtel,0-1-1,/hôtel.ier,,target_content_high_frequency_missing_gloss,0.556589,0
11466,réintroduire,réintroduire,VER,B2,1.5563,0.313,0.06277,ʁeɛ̃tʁodɥiʁ,{duire},2-1-1,_ré_intro/{dui(re)}.re,,target_content_high_frequency_missing_gloss,0.556568,0
12789,territorial,territorial,ADJ,B2,1.555,1.082,0.14391,tɛʁitoʁjal,terre,0-1-2,/terr(e).ito(i)r(e).ial,,target_content_high_frequency_missing_gloss,0.556544,0
10244,prudemment,prudemment,ADV,B2,1.5548,3.272,1.48806,pʁydamɑ̃,prude,0-1-2,/prud(e).e(nt)/m.ment,,target_content_high_frequency_missing_gloss,0.556541,0
3716,digestion,digestion,NOM,B2,1.5545,1.101,0.48683,diʒɛstjɔ̃,digeste,0-1-1,/digest(e).ion,,target_content_high_frequency_missing_gloss,0.556535,0
4309,dépensier,dépensier,ADJ,B2,1.5526,0.377,0.15003,depɑ̃sje,pendre,1-1-1,_dé/pen(dre)/s.ier,,target_content_high_frequency_missing_gloss,0.556501,0
4586,emprise,emprise,NOM,B2,1.5523,3.896,1.67024,ɑ̃pʁiz,prise,1-1-0,_em/pris(e),,target_content_high_frequency_missing_gloss,0.556496,0
11862,sensuel,sensuel,ADJ,B2,1.5523,2.386,0.45009,sɑ̃sɥɛl,sens,0-1-1,/sens.uel,,target_content_high_frequency_missing_gloss,0.556496,0
3042,contingence,contingence,NOM,B2,1.5522,0.171,0.04287,kɔ̃tɛ̃ʒɑ̃s,contingent,0-1-1,/conting(ent).ence,,target_content_high_frequency_missing_gloss,0.556494,0
6573,incidence,incidence,NOM,B2,1.5522,0.646,0.2572,ɛ̃sidɑ̃s,{cident},1-1-1,_in/{cid(ent}.ence,,target_content_high_frequency_missing_gloss,0.556494,0
9734,pluriel,pluriel,ADJ,B2,1.5522,0.155,0.51286,plyʁjɛl,pluriel,0-1-0,/pluriel,,target_content_high_frequency_missing_gloss,0.556494,0
10007,pressentiment,pressentiment,NOM,B2,1.551,7.899,3.12921,pʁesɑ̃timɑ̃,sentir,1-1-1,_pré[s]/sent(ir).iment,,target_content_high_frequency_missing_gloss,0.556473,0
9801,poliment,poliment,ADV,B2,1.5485,2.503,1.13748,polimɑ̃,polir,0-1-1,/poli.ment,,target_content_high_frequency_missing_gloss,0.556428,0
11006,reparaître,reparaître,VER,B2,1.5471,0.421,0.05664,ʁəpaʁɛtʁ,paraître,1-1-0,_ré/paraître,,target_content_high_frequency_missing_gloss,0.556403,0
5816,gommer,gommer,VER,B2,1.5454,0.43,1.0395,gome,gomme,0-1-1,/gomm(e).er,,target_content_high_frequency_missing_gloss,0.556372,0
3674,deçà,deçà,ADV,B2,1.5432,0.187,0.08726,dəsa,de,0-2-0,/de/ça,,target_content_high_frequency_missing_gloss,0.556332,0
13995,émigration,émigration,NOM,B2,1.5432,0.199,0.05971,emigʁasjɔ̃,migrer,1-1-0,_é/migr(er),,target_content_high_frequency_missing_gloss,0.556332,0
8550,météorologique,météorologique,ADJ,B2,1.5426,1.028,0.22045,meteoʁoloʒik,météore,0-1-2,/météor(e).olog(ie).ique,,target_content_high_frequency_missing_gloss,0.556322,0
2863,confection,confection,NOM,B2,1.542,0.456,0.17453,kɔ̃fɛksjɔ̃,{fect},1-1-1,_con/{fect}.ion,,target_content_high_frequency_missing_gloss,0.556311,0
7628,légaliser,légaliser,VER,B2,1.5392,0.892,0.14697,legalize,légal,0-1-1,/légal.er,,target_content_high_frequency_missing_gloss,0.55626,0
7859,marginaliser,marginaliser,VER,B2,1.5392,0.342,0.04593,maʁʒinalize,marge,0-1-3,/marg(e).inal(e).is.er,,target_content_high_frequency_missing_gloss,0.55626,0
3549,dam,dam,NOM,B2,1.5381,0.946,0.297,dɑ̃,dam,0-1-0,/dam,,target_content_high_frequency_missing_gloss,0.55624,0
8328,moucher,moucher,VER,B2,1.5376,1.88,3.31445,muʃe,moucher,0-1-1,/mouch(er).er,,target_content_high_frequency_missing_gloss,0.556231,0
8578,narrateur,narrateur,NOM,B2,1.5376,1.646,0.24801,naʁatœʁ,narrer,0-1-1,/narr(er).ateur,,target_content_high_frequency_missing_gloss,0.556231,0
11104,retombée,retombée,NOM,B2,1.5376,1.513,0.63993,ʁətɔ̃be,tomber,1-1-1,_re/tomb(er).ée,,target_content_high_frequency_missing_gloss,0.556231,0
12058,solidité,solidité,NOM,B2,1.5376,0.465,0.20514,solidite,solide,0-1-1,/solid(e).ité,,target_content_high_frequency_missing_gloss,0.556231,0
9520,pharmaceutique,pharmaceutique,ADJ,B2,1.5368,3.902,0.86497,faʁmasøtik,pharmacie,0-1-2,/pharmac(ie).eut.ique,,target_content_high_frequency_missing_gloss,0.556217,0
6793,initiatique,initiatique,ADJ,B2,1.5353,0.222,0.08267,inisjatik,initial,0-1-1,/initi(al).atique,,target_content_high_frequency_missing_gloss,0.55619,0
6728,infiltration,infiltration,NOM,B2,1.5332,2.861,1.05175,ɛ̃filtʁasjɔ̃,filtre,1-1-1,_in/filtr(e).ation,,target_content_high_frequency_missing_gloss,0.556152,0
3596,demi-douzaine,demi-douzaine,NOM,B2,1.5328,2.209,0.9951,dəmiduzɛn,douze,1-1-0,_demi/douzaine,,target_content_high_frequency_missing_gloss,0.556145,0
10994,rentraire,rentraire,VER,B1,4.2754,0.614,2.11115,ʁɑ̃tʁɛ,,,,,target_content_high_frequency_missing_gloss,0.556135,0
9071,ouvre-boîte,ouvre-boîte,NOM,B2,1.5302,0.465,0.17299,uvʁəbwat,ouvrir,0-2-0,/ouvre/boîte,,target_content_high_frequency_missing_gloss,0.556098,0
6506,imprimeur,imprimeur,NOM,B2,1.5286,1.082,0.33068,ɛ̃pʁimœʁ,primer,1-1-1,_i(n)/m/prim(er).eur,,target_content_high_frequency_missing_gloss,0.556069,0
607,antan,antan,NOM,B2,1.5263,1.076,0.45009,ɑ̃tɑ̃,an,1-1-0,_ant(e)/an (née),,target_content_high_frequency_missing_gloss,0.556027,0
10872,regardant,regardant,ADJ,B2,1.5258,0.699,6.52021,ʁəgaʁdɑ̃,regard,0-1-1,/regard.ant,,target_content_high_frequency_missing_gloss,0.556018,0
7029,invariablement,invariablement,ADV,B2,1.5257,0.32,0.14391,ɛ̃vaʁjabləmɑ̃,varier,1-1-2,_in/vari(er).able.ment,,target_content_high_frequency_missing_gloss,0.556016,0
117,accusation,accusation,NOM,B2,1.5249,30.867,5.48224,akyzasjɔ̃,cause,1-1-1,_a(d)c/c(a)us(e).ation,,target_content_high_frequency_missing_gloss,0.556002,0
12051,solennellement,solennellement,ADV,B2,1.5233,1.525,0.60778,solanɛləmɑ̃,solennel,0-1-1,/solennelle.ment,,target_content_high_frequency_missing_gloss,0.555973,0
954,attabler,attabler,VER,B2,1.5229,0.161,0.03062,atable,table,1-1-1,_a(d)/tabl(e).er,,target_content_high_frequency_missing_gloss,0.555965,0
3352,criminologue,criminologue,NOM,B2,1.5225,0.234,0.06889,kʁiminolɔg,crime,0-1-1,/crimin(el)/o.logue,,target_content_high_frequency_missing_gloss,0.555958,0
106,accroire,accroire,VER,B2,1.5216,0.203,0.0842,akʁwaʁ,croire,1-1-0,_a(d)c/croire,,target_content_high_frequency_missing_gloss,0.555942,0
4494,effervescent,effervescent,ADJ,B2,1.5205,0.139,0.02296,efɛʁvesɑ̃,effervescence,0-1-1,/effervesc(ence).ent,,target_content_high_frequency_missing_gloss,0.555922,0
6532,impérativement,impérativement,ADV,B2,1.5204,0.329,0.15309,ɛ̃peʁativəmɑ̃,impératif,0-1-1,/impétati(f)/ve.ment,,target_content_high_frequency_missing_gloss,0.55592,0
10743,ravage,ravage,NOM,B2,1.5204,2.006,0.81139,ʁavaʒ,ravir,0-1-1,/rav(ir).age,,target_content_high_frequency_missing_gloss,0.55592,0
3835,dit,dit,ADJ,B2,1.5189,23.212,97.61482,di,dire,0-1-1,/di(re).t,,target_content_high_frequency_missing_gloss,0.555893,0
2008,caritatif,caritatif,ADJ,B2,1.5176,2.684,0.50214,kaʁitatif,charité,0-1-0,/caritatif,,target_content_high_frequency_missing_gloss,0.555869,0
3003,consultatif,consultatif,ADJ,B2,1.5175,0.307,0.09951,kɔ̃syltatif,consulter,0-1-1,/consult(er).atif,,target_content_high_frequency_missing_gloss,0.555867,0
1276,barbu,barbu,ADJ,B2,1.5164,1.38,0.77312,baʁby,barbe,0-1-1,/barb(e).u,,target_content_high_frequency_missing_gloss,0.555847,0
3094,contrepartie,contrepartie,NOM,B2,1.5157,1.506,0.62002,kɔ̃tʁəpaʁti,partie,1-1-0,_contre/partie,,target_content_high_frequency_missing_gloss,0.555835,0
2789,compère,compère,NOM,B2,1.5155,0.753,0.15922,kɔ̃pɛʁ,père,1-1-0,_com/père,,target_content_high_frequency_missing_gloss,0.555831,0
7074,iris,iris,NOM,B2,1.5155,2.266,0.9109,iʁis,Iris,0-1-0,/Iris,,target_content_high_frequency_missing_gloss,0.555831,0
781,aristocratique,aristocratique,ADJ,B2,1.5151,0.278,0.10563,aʁistokʁatik,aristocrate,0-1-1,/aristocrat(e).ique,,target_content_high_frequency_missing_gloss,0.555824,0
6717,infantile,infantile,ADJ,B2,1.5151,1.927,0.64299,ɛ̃fɑ̃til,enfant,0-1-1,/infant.ile,,target_content_high_frequency_missing_gloss,0.555824,0
10437,puriste,puriste,NOM,B2,1.5142,0.228,0.07195,pyʁist,pur,0-1-1,/pur.iste,,target_content_high_frequency_missing_gloss,0.555807,0
9769,poindre,poindre,VER,B2,1.5128,6.047,59.16105,pwɛ̃dʁ,point,0-1-0,/poindre,,target_content_high_frequency_missing_gloss,0.555782,0
751,archaïque,archaïque,ADJ,B2,1.5127,0.839,0.28322,aʁkaik,{archéo},0-1-1,/{arch(éo)}.aïque,,target_content_high_frequency_missing_gloss,0.55578,0
13165,troublant,troublant,ADJ,B2,1.5106,3.842,1.18494,tʁublɑ̃,troubler,0-1-1,/troubl(er).ant,,target_content_high_frequency_missing_gloss,0.555742,0
5796,glissement,glissement,NOM,B2,1.5099,0.823,0.24954,glisəmɑ̃,glisser,0-1-1,/gliss(er).ement,,target_content_high_frequency_missing_gloss,0.555729,0
2542,coauteur,coauteur,NOM,B2,1.5094,0.079,0.02296,kootœʁ,auteur,2-1-0,_1_co/auteur,,target_content_high_frequency_missing_gloss,0.55572,0
12345,sublimer,sublimer,VER,B2,1.5094,0.424,2.26118,syblime,sublime,0-1-1,/sublim(e).er,,target_content_high_frequency_missing_gloss,0.55572,0
17,abondamment,abondamment,ADV,B2,1.5093,0.516,0.24036,abɔ̃damɑ̃,abondant,0-1-1,/abondan(t).ment,,target_content_high_frequency_missing_gloss,0.555718,0
4938,exhiber,exhiber,VER,B2,1.5089,3.032,0.58328,ɛgzibe,{hib},1-1-0,_ex/{hib},,target_content_high_frequency_missing_gloss,0.555711,0
9989,pratiquant,pratiquant,NOM,B2,1.5087,0.487,0.43172,pʁatikɑ̃,pratique,0-1-1,/pratiqu(e).ant,,target_content_high_frequency_missing_gloss,0.555707,0
9174,parade,parade,NOM,B2,1.5078,6.114,1.84476,paʁad,parer,0-1-1,/par(er).ad(e),,target_content_high_frequency_missing_gloss,0.555691,0
1236,bambin,bambin,NOM,B2,1.5074,0.892,0.21892,bɑ̃bɛ̃,bambino,0-1-0,/bambin(o),,target_content_high_frequency_missing_gloss,0.555683,0
9171,parachute,parachute,NOM,B2,1.5066,5.484,1.32578,paʁaʃyt,chute,1-1-1,_par(a)/chut(e).e,,target_content_high_frequency_missing_gloss,0.555669,0
4939,exhibition,exhibition,NOM,B2,1.5053,0.658,0.23117,ɛgzibisjɔ̃,{hib},1-1-1,_ex/{hib}.ition,,target_content_high_frequency_missing_gloss,0.555645,0
7783,manchette,manchette,NOM,B2,1.5052,2.111,0.45468,mɑ̃ʃɛt,manche,0-1-1,/manch(e).ette,,target_content_high_frequency_missing_gloss,0.555643,0
11283,roumain,roumain,ADJ,B2,1.5045,1.063,0.27863,ʁumɛ̃,Roumanie,0-1-1,/Roum(anie).ain,,target_content_high_frequency_missing_gloss,0.55563,0
13903,égalitaire,égalitaire,ADJ,B2,1.5045,0.187,0.06124,egalitɛʁ,égal,0-1-2,/égal.it.aire,,target_content_high_frequency_missing_gloss,0.55563,0
5543,froidement,froidement,ADV,B2,1.5026,0.728,0.33068,fʁwadəmɑ̃,froid,0-1-1,/froide.ment,,target_content_high_frequency_missing_gloss,0.555596,0
8362,moyenner,moyenner,VER,B2,1.5019,0.187,5.21127,mwajɛne,moyen,0-1-1,/moyen[n].er,,target_content_high_frequency_missing_gloss,0.555583,0
10878,regrettable,regrettable,ADJ,B2,1.5008,3.449,1.40539,ʁəgʁɛtabl,regretter,0-1-1,/regrett(er).able,,target_content_high_frequency_missing_gloss,0.555563,0
10880,regroupement,regroupement,NOM,B2,1.5005,0.582,0.20514,ʁəgʁupəmɑ̃,groupe,1-1-1,_re/group(e).ement,,target_content_high_frequency_missing_gloss,0.555557,0
5361,follement,follement,ADV,B2,1.5003,2.712,1.13442,fɔləmɑ̃,fou,0-1-1,/folle.ment,,target_content_high_frequency_missing_gloss,0.555554,0
3743,diplomatique,diplomatique,ADJ,B2,1.4995,5.316,1.34262,diplomatik,diplôme,0-1-1,/diplôm(e).atique,,target_content_high_frequency_missing_gloss,0.555539,0
101,accourir,accourir,VER,B2,1.4987,2.639,0.31231,akuʁiʁ,courir,1-1-1,_a(d)c/cour(ir).ir,,target_content_high_frequency_missing_gloss,0.555524,0
357,aisance,aisance,NOM,B2,1.4986,0.854,0.35364,ɛzɑ̃s,aise,0-1-1,/ais(e).ance,,target_content_high_frequency_missing_gloss,0.555522,0
13161,trotter,trotter,VER,B2,1.498,1.845,0.44244,tʁote,trotter,0-1-1,/trott(er).er,,target_content_high_frequency_missing_gloss,0.555511,0
779,aristocrate,aristocrate,NOM,B2,1.4979,1.38,0.38579,aʁistokʁat,aristocrate,0-1-1,/aristo.crate,,target_content_high_frequency_missing_gloss,0.55551,0
266,affreusement,affreusement,ADV,B2,1.4975,2.272,1.02725,afʁøzəmɑ̃,affres,0-1-2,/affr(es).euse.ment,,target_content_high_frequency_missing_gloss,0.555502,0
5445,fouille,fouille,NOM,B2,1.4948,6.532,4.07226,fuj,fouir,0-1-2,/fou(ir).ill(er).e,,target_content_high_frequency_missing_gloss,0.555453,0
13989,émerveillement,émerveillement,NOM,B2,1.4937,0.658,0.26791,emɛʁvɛjəmɑ̃,merveille,1-1-1,_é/merveill(e).ement,,target_content_high_frequency_missing_gloss,0.555433,0
3400,crudité,crudité,NOM,B2,1.4936,0.421,0.15615,kʁydite,cru,0-1-1,/cru[d].ité,,target_content_high_frequency_missing_gloss,0.555431,0
1107,avancée,avancée,NOM,B2,1.493,3.367,2.5199,avɑ̃se,avant,0-1-1,/avan(t)/c.ée,,target_content_high_frequency_missing_gloss,0.55542,0
7245,juriste,juriste,NOM,B2,1.4912,1.848,0.4899,ʒyʁist,jurer,0-1-1,/jur(er).iste,,target_content_high_frequency_missing_gloss,0.555387,0
8667,nocif,nocif,ADJ,B2,1.4911,1.187,0.26026,nosif,nocif,0-1-0,/nocif,,target_content_high_frequency_missing_gloss,0.555385,0
8121,minier,minier,ADJ,B2,1.4881,2.108,0.43019,minje,miner,0-1-1,/min(er).ier,,target_content_high_frequency_missing_gloss,0.55533,0
12738,temporel,temporel,ADJ,B2,1.4859,8.82,0.85732,tɑ̃poʁɛl,temps,0-1-1,/temp(s)[or].el,,target_content_high_frequency_missing_gloss,0.555289,0
9429,perdurer,perdurer,VER,B2,1.4852,1.513,0.26179,pɛʁdyʁe,durer,0-1-1,/dur(er).er,,target_content_high_frequency_missing_gloss,0.555276,0
1375,biais,biais,NOM,B2,1.4839,1.984,0.90171,bjɛ,biais,0-1-0,/biais,,target_content_high_frequency_missing_gloss,0.555252,0
3130,convocation,convocation,NOM,B2,1.4817,1.32,0.50214,kɔ̃vokasjɔ̃,convoquer,1-1-1,_con/voca(tion).tion,,target_content_high_frequency_missing_gloss,0.555212,0
8468,médiathèque,médiathèque,NOM,B1,4.1631,0.054,0.01837,medjatɛk,,,,,target_content_high_frequency_missing_gloss,0.55515,0
9142,paniquer,paniquer,VER,B2,1.4781,24.354,8.35119,panike,Pan,0-1-2,/Pan.iqu(e).er,,target_content_high_frequency_missing_gloss,0.555145,0
7391,lentille,lentille,NOM,B2,1.4777,4.943,1.11758,lɑ̃tij,lentille,0-1-0,/lentille,,target_content_high_frequency_missing_gloss,0.555138,0
3818,distinctement,distinctement,ADV,B2,1.4762,0.658,0.30159,distɛ̃ktəmɑ̃,distinct,0-1-1,/distincte.ment,,target_content_high_frequency_missing_gloss,0.55511,0
12021,socioculturel,socioculturel,ADJ,B2,1.4745,0.032,0.00612,sosjokyltyʁɛl,culture,1-1-1,_socio/cultur(e).el,,target_content_high_frequency_missing_gloss,0.555079,0
8747,novateur,novateur,NOM,B2,1.4737,0.044,0.14697,novatœʁ,neuf,0-1-1,/n(eu/o)(f/v).ateur,,target_content_high_frequency_missing_gloss,0.555064,0
4768,entrouvrir,entrouvrir,VER,B2,1.473,0.589,0.19749,ɑ̃tʁuvʁiʁ,ouvrir,1-1-1,_entr(e)/ouvr(ir).ir,,target_content_high_frequency_missing_gloss,0.555051,0
12703,tauromachie,tauromachie,NOM,B2,1.473,0.108,0.02909,toʁomaʃi,taureau,0-1-1,/taur(eau)/o.machie,,target_content_high_frequency_missing_gloss,0.555051,0
2170,chaleureusement,chaleureusement,ADV,B2,1.4717,1.196,0.53735,ʃaløʁøzəmɑ̃,chaleur,0-1-1,/chaleureuse.ment,,target_content_high_frequency_missing_gloss,0.555027,0
4542,emboîter,emboîter,VER,B2,1.4715,0.665,0.09032,ɑ̃bwate,boîte,1-1-1,_em/boît(e).er,,target_content_high_frequency_missing_gloss,0.555023,0
494,amorcer,amorcer,VER,B2,1.4708,2.127,0.40876,amɔʁse,morceau,1-1-1,_a(d)/morc(eau).er,,target_content_high_frequency_missing_gloss,0.55501,0
1035,aune,aune,NOM,B2,1.4708,0.139,0.10257,on,aune,0-1-0,/aune,,target_content_high_frequency_missing_gloss,0.55501,0
4298,départemental,départemental,ADJ,B2,1.4708,0.288,0.12554,depaʁtəmɑ̃tal,part,1-1-2,_dé/part.ement.al,,target_content_high_frequency_missing_gloss,0.55501,0
6799,injonction,injonction,NOM,B2,1.4702,3.339,0.94611,ɛ̃ʒɔ̃ksjɔ̃,joindre,1-1-0,_in/jonction,,target_content_high_frequency_missing_gloss,0.554999,0
11399,récurrent,récurrent,ADJ,B2,1.4674,1.44,0.39345,ʁekyʁɑ̃,courir,1-1-1,_ré/c(o)ur(ir)[r].ent,,target_content_high_frequency_missing_gloss,0.554947,0
7574,lucidité,lucidité,NOM,B2,1.4651,0.997,0.43172,lysidite,lucide,0-1-1,/lucid(e).ité,,target_content_high_frequency_missing_gloss,0.554904,0
9173,parachutisme,parachutisme,NOM,B2,1.4649,0.465,0.16075,paʁaʃytizm,chute,1-1-1,_par(a)/chut(e).isme,,target_content_high_frequency_missing_gloss,0.554901,0
801,arrivant,arrivant,NOM,B2,1.4614,1.108,3.67575,aʁivɑ̃,rive,1-1-1,_a(d)/p/riv(e).ant,,target_content_high_frequency_missing_gloss,0.554836,0
9318,passionnel,passionnel,ADJ,B2,1.4613,1.63,0.5741,pasjonɛl,passion,0-1-1,/passion[n].el,,target_content_high_frequency_missing_gloss,0.554834,0
7106,irréversible,irréversible,ADJ,B2,1.4566,1.589,0.4853,iʁevɛʁsibl,vers,2-1-1,_ir_ré/vers.ible,,target_content_high_frequency_missing_gloss,0.554746,0
4961,expatriation,expatriation,NOM,B2,1.4562,0.025,0.01072,ɛkspatʁijasjɔ̃,patrie,1-1-1,_ex/patri(e).ation,,target_content_high_frequency_missing_gloss,0.554739,0
6893,insultant,insultant,ADJ,B2,1.4561,2.94,1.22168,ɛ̃syltɑ̃,insulte,0-1-1,/insult(e).ant,,target_content_high_frequency_missing_gloss,0.554737,0
7836,maquiller,maquiller,VER,B2,1.4561,7.481,1.09002,makije,maquiller,0-1-1,/maquill(er).er,,target_content_high_frequency_missing_gloss,0.554737,0
2489,clic,clic,NOM,B2,1.4544,2.712,0.77618,klik,clic,0-1-0,/clic,,target_content_high_frequency_missing_gloss,0.554705,0
3007,consécration,consécration,NOM,B2,1.4541,0.392,0.15462,kɔ̃sekʁasjɔ̃,sacré,1-1-1,_con/s(a)/écr(er).ation,,target_content_high_frequency_missing_gloss,0.5547,0
8603,nautique,nautique,ADJ,B2,1.4514,1.636,0.41029,notik,nautique,0-1-1,/naut(ique).ique,,target_content_high_frequency_missing_gloss,0.554649,0
4146,défaillir,défaillir,VER,B2,1.4462,0.829,0.27404,defajiʁ,faillir,1-1-1,_dé/faill(ir).ir,,target_content_high_frequency_missing_gloss,0.554552,0
7756,malice,malice,NOM,B2,1.4452,1.345,0.48836,malis,malice,0-1-1,/malic(e).e,,target_content_high_frequency_missing_gloss,0.554533,0
4849,essuie-glace,essuie-glace,NOM,B2,1.4445,0.699,0.16075,ɛsɥiglas,essuyer,0-2-1,/essu(yer)/i/glace.e,,target_content_high_frequency_missing_gloss,0.55452,0
3080,contre-culture,contre-culture,NOM,B2,1.4426,0.101,0.04746,kɔ̃tʁəkyltyʁ,culture,1-1-0,_contre/culture,,target_content_high_frequency_missing_gloss,0.554485,0
3669,devis,devis,NOM,B2,1.4426,1.136,0.41488,dəvi,deviser,0-1-0,/devis(er),,target_content_high_frequency_missing_gloss,0.554485,0
202,adonner,adonner,VER,B2,1.4403,1.418,0.19443,adone,don,1-1-1,_a(d)/donn(er).er,,target_content_high_frequency_missing_gloss,0.554442,0
13083,traîneau,traîneau,NOM,B2,1.4403,1.915,0.50214,tʁɛno,traîner,0-1-1,/traîn(er).eau,,target_content_high_frequency_missing_gloss,0.554442,0
11855,sensibiliser,sensibiliser,VER,B2,1.436,0.456,0.11329,sɑ̃sibilize,sens,0-1-2,/sens.ib[i]lis.er,,target_content_high_frequency_missing_gloss,0.554361,0
8417,mutiler,mutiler,VER,B2,1.4303,3.196,0.7226,mytile,mutiler,0-1-1,/mutil(er).er,,target_content_high_frequency_missing_gloss,0.554254,0
6669,individualisé,individualisé,ADJ,B2,1.4296,0.035,0.00919,ɛ̃dividɥalize,individu,0-1-3,/individu.al.is.é,,target_content_high_frequency_missing_gloss,0.55424,0
4391,désespérant,désespérant,ADJ,B2,1.425,0.753,0.26791,dezɛspeʁɑ̃,espérer,1-1-1,_dés/espér(er).ant,,target_content_high_frequency_missing_gloss,0.554154,0
7176,joaillier,joaillier,NOM,B2,1.4241,0.383,0.1087,ʒoaje,joyau,0-1-1,/joaill(erie).ier,,target_content_high_frequency_missing_gloss,0.554137,0
2123,centenaire,centenaire,NOM,B2,1.4213,0.538,0.29088,sɑ̃tənɛʁ,cent,0-1-1,/cent.enaire,,target_content_high_frequency_missing_gloss,0.554084,0
6296,hydroélectrique,hydroélectrique,ADJ,B2,1.4153,0.209,0.06889,idʁoelɛktʁik,électrique,1-1-0,_hydr(o)/électrique,,target_content_high_frequency_missing_gloss,0.55397,0
77,acception,acception,NOM,B2,1.4136,0.044,0.07195,aksɛpsjɔ̃,{cept},1-1-1,_a(d)/c/{cept}.ion,,target_content_high_frequency_missing_gloss,0.553938,0
7058,invraisemblable,invraisemblable,ADJ,B2,1.4127,1.089,0.40723,ɛ̃vʁɛsɑ̃blabl,vrai,1-1-1,_in/vraisembl(able).able,,target_content_high_frequency_missing_gloss,0.553921,0
477,ambulant,ambulant,ADJ,B2,1.4117,3.149,0.79608,ɑ̃bylɑ̃,ambulant,0-1-1,/ambul(ant).ant,,target_content_high_frequency_missing_gloss,0.553902,0
6130,heaume,heaume,NOM,B2,1.4093,0.237,0.05358,om,heaume,0-1-0,/heaume,,target_content_high_frequency_missing_gloss,0.553856,0
5,abasourdir,abasourdir,VER,B2,1.4088,0.785,0.30465,abazuʁdiʁ,abasourdir,0-1-1,/abasourd(ir).ir,,target_content_high_frequency_missing_gloss,0.553847,0
10245,prudence,prudence,NOM,B2,1.4033,3.839,2.3117,pʁydɑ̃s,prude,0-1-1,/prud(e).ence,,target_content_high_frequency_missing_gloss,0.553742,0
7368,lavandière,lavandière,NOM,B2,1.4014,0.117,0.03368,lavɑ̃djɛʁ,laver,0-1-2,/lav(er).and(e).ière,,target_content_high_frequency_missing_gloss,0.553706,0
10724,rassurant,rassurant,ADJ,B2,1.3955,3.633,1.5447,ʁasyʁɑ̃,sûr,1-1-1,_ra[s]/sûr.ant,,target_content_high_frequency_missing_gloss,0.553593,0
11259,roser,roser,VER,B2,1.39,0.547,10.96601,ʁoze,rose,0-1-1,/ros(e).er,,target_content_high_frequency_missing_gloss,0.553488,0
7247,juré,juré,NOM,B2,1.3877,9.823,8.55328,ʒyʁe,jurer,0-1-1,/jur(er).é,,target_content_high_frequency_missing_gloss,0.553444,0
6491,impossibilité,impossibilité,NOM,B2,1.3858,0.731,0.30465,ɛ̃posibilite,possible,1-1-2,_i(n)/m/poss(ible).ib[i]l(e).ité,,target_content_high_frequency_missing_gloss,0.553408,0
4507,effraie,effraie,NOM,B2,1.3815,0.165,2.63013,efʁɛ,effraie,0-1-0,/effraie,,target_content_high_frequency_missing_gloss,0.553325,0
4357,dérogation,dérogation,NOM,B2,1.379,0.551,0.17299,deʁogasjɔ̃,{rog(er},1-1-1,_dé/{rog(er}.ation,,target_content_high_frequency_missing_gloss,0.553277,0
9276,participe,participe,NOM,B2,1.3762,0.408,2.18463,paʁtisip,part,0-1-2,/part(ir).icip.e,,target_content_high_frequency_missing_gloss,0.553223,0
4907,exceptionnellement,exceptionnellement,ADV,B2,1.3722,1.209,0.55573,ɛksɛpsjonɛləmɑ̃,{cept},1-1-2,_ex/{cept}.ionnelle.ment,,target_content_high_frequency_missing_gloss,0.553146,0
7552,loto,loto,NOM,B1,3.9206,3.892,1.13288,loto,,0-1-0,/§loto§,,target_content_high_frequency_missing_gloss,0.552948,0
2856,conditionné,conditionné,ADJ,B2,1.3586,2.225,1.0395,kɔ̃disjone,condition,0-1-1,/condition[n].é,,target_content_high_frequency_missing_gloss,0.552883,0
5833,gourmet,gourmet,NOM,B2,1.3554,1.044,0.29547,guʁmɛ,gourmet,0-1-0,/gourmet,,target_content_high_frequency_missing_gloss,0.55282,0
2890,conformer,conformer,VER,B2,1.3523,1.608,0.87875,kɔ̃fɔʁme,forme,1-1-1,_con/form(er).er,,target_content_high_frequency_missing_gloss,0.55276,0
9873,porte-bonheur,porte-bonheur,NOM,B2,1.3501,4.642,1.62125,pɔʁtəbɔnœʁ,porter,0-2-0,/porte/bonheur,,target_content_high_frequency_missing_gloss,0.552717,0
127,acharnement,acharnement,NOM,B2,1.3436,0.832,0.39039,aʃaʁnəmɑ̃,chair,1-1-1,_a(d)/cha(i)r[n].ement,,target_content_high_frequency_missing_gloss,0.552591,0
13222,typer,typer,VER,B2,1.3416,0.873,47.63472,tipe,type,0-1-1,/typ(e).er,,target_content_high_frequency_missing_gloss,0.552551,0
12535,sympathiser,sympathiser,VER,B2,1.3384,1.851,0.28475,sɛ̃patize,sympathie,1-0-3,_sym.path(ie).is.er,,target_content_high_frequency_missing_gloss,0.552489,0
13201,tuilerie,tuilerie,NOM,B2,1.3357,0.028,0.0444,tɥiləʁi,tuile,0-1-1,/tuile.(e)rie,,target_content_high_frequency_missing_gloss,0.552436,0
9147,panoplie,panoplie,NOM,B2,1.3333,0.864,0.36895,panopli,panoplie,0-1-0,/panoplie,,target_content_high_frequency_missing_gloss,0.552389,0
909,assouvir,assouvir,VER,B2,1.3286,1.465,0.4011,asuviʁ,assouvir,0-1-0,/assouv(ir),,target_content_high_frequency_missing_gloss,0.552297,0
3058,contraction,contraction,NOM,B2,1.3243,4.013,0.85732,kɔ̃tʁaksjɔ̃,tracter,1-1-0,_con/tract(er),,target_content_high_frequency_missing_gloss,0.552212,0
12795,tertiaire,tertiaire,ADJ,B2,1.3225,0.209,0.07655,tɛʁsjɛʁ,ter,0-1-1,/ter[t].iaire,,target_content_high_frequency_missing_gloss,0.552176,0
310,agro-alimentaire,agro-alimentaire,ADJ,B2,1.3195,0.082,0.03062,agʁoalimɑ̃tɛʁ,aliment,1-1-1,_agr(i)/o/aliment.aire,,target_content_high_frequency_missing_gloss,0.552117,0
4536,emblématique,emblématique,ADJ,B2,1.315,0.421,0.15309,ɑ̃blematik,{blèm(e)},1-1-1,_em/{blèm(e)}.atique,,target_content_high_frequency_missing_gloss,0.552028,0
7,abattoir,abattoir,NOM,B2,1.3093,3.079,0.9507,abatwaʁ,battre,1-1-1,_a(d)/batt(re).oir,,target_content_high_frequency_missing_gloss,0.551916,0
408,allergique,allergique,ADJ,B2,1.3071,9.766,3.36191,alɛʁʒik,{ergo},1-1-1,_all(o)/erg(o).ique,,target_content_high_frequency_missing_gloss,0.551872,0
5143,faussement,faussement,ADV,B2,1.2996,0.759,0.33374,fosəmɑ̃,faux,0-1-1,/fausse.ment,,target_content_high_frequency_missing_gloss,0.551723,0
3850,divin,divin,ADJ,B2,1.2966,17.465,3.85946,divɛ̃,dieu,0-1-0,/divin,,target_content_high_frequency_missing_gloss,0.551663,0
7666,machiniste,machiniste,NOM,B2,1.2925,0.706,0.16381,maʃinist,machine,0-1-1,/machin(e).iste,,target_content_high_frequency_missing_gloss,0.551581,0
7893,marrer,marrer,VER,B2,1.2882,11.693,16.37783,maʁe,marre,0-1-1,/marr(e).er,,target_content_high_frequency_missing_gloss,0.551495,0
12411,sultan,sultan,NOM,B2,1.286,1.728,0.39345,syltɑ̃,sultan,0-1-0,/§sultan§,,target_content_high_frequency_missing_gloss,0.551451,0
439,alpin,alpin,ADJ,B2,1.2853,0.718,0.0842,alpɛ̃,Alpes,0-1-1,/alp(e).in,,target_content_high_frequency_missing_gloss,0.551437,0
10821,recruteur,recruteur,NOM,B2,1.2788,2.171,0.41794,ʁəkʁytœʁ,croître,0-1-1,/recru(e)[t].eur,,target_content_high_frequency_missing_gloss,0.551307,0
390,alibi,alibi,NOM,B2,1.2754,19.484,4.88059,alibi,§alibi§,0-1-0,/§alibi§,,target_content_high_frequency_missing_gloss,0.551239,0
5996,gym,gym,NOM,B2,1.2702,11.392,3.94366,ʒim,gymnastique,0-1-0,/gym(nastique),,target_content_high_frequency_missing_gloss,0.551134,0
11210,robotique,robotique,NOM,B1,3.7106,1.323,0.37814,ʁobotik,,0-1-1,/§robot§.ique,,target_content_high_frequency_missing_gloss,0.550951,0
3041,continental,continental,ADJ,B2,1.2512,1.073,0.33833,kɔ̃tinɑ̃tal,continent,0-1-1,/continent.al,,target_content_high_frequency_missing_gloss,0.550749,0
9000,organigramme,organigramme,NOM,B2,1.2471,0.259,0.10104,ɔʁganigʁam,organe,0-1-1,/organ(e)/i.gramme,,target_content_high_frequency_missing_gloss,0.550666,0
8275,monté,monté,ADJ,B2,1.2443,7.237,10.32609,mɔ̃te,mont,0-1-1,/mont.é,,target_content_high_frequency_missing_gloss,0.550608,0
10059,pro,pro,NOM,B2,1.2443,19.199,5.4256,pʁo,profession,0-1-0,/pro(fessionnel),,target_content_high_frequency_missing_gloss,0.550608,0
13082,traîne,traîne,NOM,B2,1.2441,1.772,6.26148,tʁɛn,traîner,0-1-1,/traîn(er).e,,target_content_high_frequency_missing_gloss,0.550604,0
625,antillais,antillais,ADJ,B2,1.2432,0.158,0.06277,ɑ̃tijɛ,Antille,0-1-1,/Antill(e).ais,,target_content_high_frequency_missing_gloss,0.550586,0
9499,petit-déjeuner,petit-déjeuner,NOM,B2,1.236,16.513,6.16197,pətideʒœne,petit,0-2-0,/petit/déjeuner,,target_content_high_frequency_missing_gloss,0.550439,0
198,ado,ado,NOM,B2,1.2352,8.462,3.24403,ado,adolescent,0-1-0,/ado(lescent),,target_content_high_frequency_missing_gloss,0.550422,0
7075,irlandais,irlandais,ADJ,B2,1.2309,6.978,2.65156,iʁlɑ̃dɛ,Irlande,0-1-1,/Irland(e).ais,,target_content_high_frequency_missing_gloss,0.550334,0
7189,jongleur,jongleur,NOM,B2,1.2309,0.646,0.13013,ʒɔ̃glœʁ,jongler,0-1-1,/jongl(er).eur,,target_content_high_frequency_missing_gloss,0.550334,0
10068,processeur,processeur,NOM,B2,1.2308,1.734,0.421,pʁosesœʁ,{ces/d},1-1-1,_pro/{ce(d)/ss}.eur,,target_content_high_frequency_missing_gloss,0.550332,0
2495,clignotant,clignotant,NOM,B2,1.2252,1.022,0.45468,kliɲotɑ̃,cligner,0-1-2,/clign(er).ot.ant,,target_content_high_frequency_missing_gloss,0.550217,0
7792,mangeur,mangeur,NOM,B2,1.2152,3.82,0.70576,mɑ̃ʒœʁ,manger,0-1-1,/mang(er).eur,,target_content_high_frequency_missing_gloss,0.550011,0
10709,rapporteur,rapporteur,NOM,B2,1.2133,0.427,0.11635,ʁapɔʁtœʁ,port,1-1-1,_r/apport.eur,,target_content_high_frequency_missing_gloss,0.549972,0
11983,singulièrement,singulièrement,ADV,B2,1.2133,0.253,0.11941,sɛ̃gyljɛʁəmɑ̃,singulier,0-1-2,/singul(ier).ière.ment,,target_content_high_frequency_missing_gloss,0.549972,0
13987,émergent,émergent,ADJ,B2,1.2133,0.386,0.15615,emɛʁʒɑ̃,{merg(er)},1-1-1,_é/{merg(er)}.ent,,target_content_high_frequency_missing_gloss,0.549972,0
14019,énoncer,énoncer,VER,B2,1.2133,1.415,0.20974,enɔ̃se,nonce,1-1-1,_é/nonc(e).er,,target_content_high_frequency_missing_gloss,0.549972,0
10501,périple,périple,NOM,B1,3.5909,1.272,0.51286,peʁipl,,1-0-1,_péri.ple,,target_content_high_frequency_missing_gloss,0.549773,0
1027,auditoire,auditoire,NOM,B2,1.2004,0.709,0.29547,oditwaʁ,audio,0-1-1,/audit.oire,,target_content_high_frequency_missing_gloss,0.549704,0
12458,surcroît,surcroît,NOM,B2,1.2004,0.544,0.24801,syʁkʁwa,croître,1-1-0,_sur/croît(re),,target_content_high_frequency_missing_gloss,0.549704,0
13010,trajectoire,trajectoire,NOM,B2,1.2004,7.56,2.17391,tʁaʒɛktwaʁ,trajet,0-1-1,/traject(oire).oire,,target_content_high_frequency_missing_gloss,0.549704,0
6782,inhibition,inhibition,NOM,B2,1.1997,0.997,0.31231,inibisjɔ̃,{hib},1-1-1,_in/{hib}.ition,,target_content_high_frequency_missing_gloss,0.54969,0
12548,syndical,syndical,ADJ,B2,1.1997,1.927,0.37814,sɛ̃dikal,syndicat,0-1-1,/§syndic(at)§.al,,target_content_high_frequency_missing_gloss,0.54969,0
13604,visée,visée,NOM,B2,1.1997,1.019,0.71953,vize,viser,0-1-1,/vis(er).ée,,target_content_high_frequency_missing_gloss,0.54969,0
9998,preneur,preneur,NOM,B2,1.1834,1.968,0.53276,pʁənœʁ,prendre,0-1-1,/pren(dre).eur,,target_content_high_frequency_missing_gloss,0.549349,0
4351,dérisoire,dérisoire,ADJ,B2,1.1807,0.937,0.31843,deʁizwaʁ,rire,1-1-1,_dé/ri(re)/s.oire,,target_content_high_frequency_missing_gloss,0.549292,0
6906,intellectuellement,intellectuellement,ADV,B2,1.1807,0.725,0.33068,ɛ̃telɛktɥɛləmɑ̃,intellect,0-1-2,/intellect.elle.ment,,target_content_high_frequency_missing_gloss,0.549292,0
10254,préalable,préalable,NOM,B2,1.1807,0.421,0.5297,pʁealabl,aller,1-1-1,_pré/al(ler).able,,target_content_high_frequency_missing_gloss,0.549292,0
8079,migrant,migrant,ADJ,B2,1.173,0.082,0.07348,migʁɑ̃,migrer,0-1-1,/migr(er).ant,,target_content_high_frequency_missing_gloss,0.54913,0
1965,captivité,captivité,NOM,B2,1.1691,1.981,0.72872,kaptivite,{capt},0-1-2,/{capt}.i(f)/v.ité,,target_content_high_frequency_missing_gloss,0.549048,0
7595,lut,lut,NOM,B2,1.1658,0.222,0.16228,ly,lut,0-1-0,/lut,,target_content_high_frequency_missing_gloss,0.548979,0
12399,suicider,suicider,VER,B2,1.1602,28.924,9.40753,sɥiside,{cid},1-1-1,_sui/{cid}.er,,target_content_high_frequency_missing_gloss,0.54886,0
9166,par-ci,par-ci,ADV,B2,1.1531,1.905,0.83588,paʁsi,par,0-2-0,/par/ci,,target_content_high_frequency_missing_gloss,0.548709,0
1703,brocante,brocante,NOM,B2,1.1363,0.753,0.22658,bʁokɑ̃t,brocante,0-1-1,/brocant(e).e,,target_content_high_frequency_missing_gloss,0.548351,0
4199,déjection,déjection,NOM,B2,1.134,0.342,0.12554,deʒɛksjɔ̃,{ject},1-1-1,_dé/{ject}.ion,,target_content_high_frequency_missing_gloss,0.548301,0
9566,pianiste,pianiste,NOM,B2,1.1273,3.316,0.93693,pjanist,piano,0-1-1,/pian(o).iste,,target_content_high_frequency_missing_gloss,0.548157,0
3198,cosigner,cosigner,VER,B2,1.1151,0.253,0.04133,kosiɲe,signer,1-1-1,_co/sign(er).er,,target_content_high_frequency_missing_gloss,0.547894,0
5287,fiscal,fiscal,ADJ,B2,1.1145,4.585,0.81445,fiskal,fisc,0-1-1,/fisc.al,,target_content_high_frequency_missing_gloss,0.547881,0
6823,inopérant,inopérant,ADJ,B2,1.1145,0.383,0.05971,inopeʁɑ̃,opérer,1-1-1,_in/opér(er).ant,,target_content_high_frequency_missing_gloss,0.547881,0
4704,enrichissant,enrichissant,ADJ,B2,1.114,0.94,0.23117,ɑ̃ʁiʃisɑ̃,riche,1-1-1,_en/rich(e).ant,,target_content_high_frequency_missing_gloss,0.54787,0
5229,fidéliser,fidéliser,VER,B2,1.1126,0.133,0.03827,fidɛlize,(se) fier,0-1-2,/fidèl(e).is.er,,target_content_high_frequency_missing_gloss,0.54784,0
2855,conditionner,conditionner,VER,B2,1.1112,1.582,1.0395,kɔ̃disjone,condition,0-1-1,/condition[n].er,,target_content_high_frequency_missing_gloss,0.54781,0
7644,légitimer,légitimer,VER,B2,1.11,0.665,4.53154,leʒitime,{lég},0-1-2,/{lég}.itim(e).er,,target_content_high_frequency_missing_gloss,0.547784,0
8866,occupant,occupant,NOM,B2,1.1074,2.009,0.69045,okypɑ̃,occuper,0-1-1,/occup(er).ant,,target_content_high_frequency_missing_gloss,0.547727,0
1862,calcaire,calcaire,ADJ,B2,1.1061,0.209,0.18524,kalkɛʁ,chaux,0-1-0,/calcaire,,target_content_high_frequency_missing_gloss,0.547699,0
2072,catalan,catalan,ADJ,B2,1.1002,0.358,0.08267,katalɑ̃,Catalogne,0-1-1,/Catal(ogne).an,,target_content_high_frequency_missing_gloss,0.54757,0
4081,déclassement,déclassement,NOM,B2,1.0966,0.032,0.01072,deklasəmɑ̃,classe,1-1-1,_dé/class(e).ement,,target_content_high_frequency_missing_gloss,0.547492,0
9278,particularisme,particularisme,NOM,B2,1.0966,0.006,0.00153,paʁtikylaʁizm,part,0-1-2,/part.icul.arisme,,target_content_high_frequency_missing_gloss,0.547492,0
10744,ravager,ravager,VER,B2,1.0966,2.737,0.81139,ʁavaʒe,ravir,0-1-1,/ravag(e).er,,target_content_high_frequency_missing_gloss,0.547492,0
5715,garou,garou,NOM,B2,1.0894,0.937,0.20055,gaʁu,garou,0-1-0,/garou,,target_content_high_frequency_missing_gloss,0.547334,0
9457,persan,persan,NOM,B2,1.0798,0.301,0.23117,pɛʁsɑ̃,Perse,0-1-1,/Pers(e).an,,target_content_high_frequency_missing_gloss,0.547124,0
3462,culminer,culminer,VER,B2,1.0764,0.288,0.29241,kylmine,culminer,0-1-1,/culmin(er).er,,target_content_high_frequency_missing_gloss,0.547049,0
2567,cognac,cognac,NOM,B2,1.0464,5.392,1.67942,koɲak,Cognac,0-1-0,/Cognac,,target_content_high_frequency_missing_gloss,0.546382,0
10925,remariage,remariage,NOM,B2,1.0462,0.234,0.09492,ʁəmaʁjaʒ,mari,1-1-1,_re/mari.age,,target_content_high_frequency_missing_gloss,0.546378,0
12853,tire-bouchon,tire-bouchon,NOM,B2,1.0404,1.022,0.35671,tiʁbuʃɔ̃,tirer,0-2-0,/tire/bouchon,,target_content_high_frequency_missing_gloss,0.546248,0
920,astre,astre,NOM,B2,1.0386,1.358,0.24954,astʁ,astre,0-1-0,/astre,,target_content_high_frequency_missing_gloss,0.546208,0
6025,généticien,généticien,NOM,B2,1.0381,0.541,0.13013,ʒenetisjɛ̃,gène,0-1-1,/généti(que)/c.ien,,target_content_high_frequency_missing_gloss,0.546196,0
13660,volcanique,volcanique,ADJ,B2,1.0376,1.351,0.34599,vɔlkanik,volcan,0-1-1,/volcan.ique,,target_content_high_frequency_missing_gloss,0.546185,0
1075,automatisme,automatisme,NOM,B2,1.035,0.136,0.04133,otomatizm,automate,1-1-0,_aut(o)/{matisme},,target_content_high_frequency_missing_gloss,0.546127,0
5337,fluctuation,fluctuation,NOM,B2,1.035,1.405,0.36742,flyktɥasjɔ̃,flux,0-1-1,/fluctu(er).ation,,target_content_high_frequency_missing_gloss,0.546127,0
6759,infraction,infraction,NOM,B2,1.035,5.684,1.7177,ɛ̃fʁaksjɔ̃,fraction,1-1-0,_in/fraction,,target_content_high_frequency_missing_gloss,0.546127,0
12341,subjectivité,subjectivité,NOM,B2,1.035,0.136,0.05511,sybʒɛktivite,{ject},1-1-2,_sub/{ject}.iv(e).ité,,target_content_high_frequency_missing_gloss,0.546127,0
13046,transmissible,transmissible,ADJ,B2,1.035,0.462,0.124,tʁɑ̃smisibl,mettre,1-1-1,_trans/mis[s].ible,,target_content_high_frequency_missing_gloss,0.546127,0
14053,épidémiologique,épidémiologique,ADJ,B2,1.035,0.057,0.01837,epidemjoloʒik,dème,1-1-2,_épi/dèm(e).iolog(ie).ique,,target_content_high_frequency_missing_gloss,0.546127,0
7616,là-dessus,là-dessus,ADV,B2,1.0345,32.396,12.60716,ladəsy,là,0-2-0,/là/dessus,,target_content_high_frequency_missing_gloss,0.546115,0
5654,fêtard,fêtard,NOM,B2,1.0339,2.203,0.36895,fɛtaʁ,fête,0-1-1,/fêt(e).ard,,target_content_high_frequency_missing_gloss,0.546102,0
14213,éventuel,éventuel,NOM,B2,1.0311,0.234,0.45468,evɑ̃tɥɛl,venir,1-1-1,_é/ven(ir).tuel,,target_content_high_frequency_missing_gloss,0.546039,0
11972,simulation,simulation,NOM,B2,1.0296,4.93,1.09002,simylasjɔ̃,simuler,0-1-1,/simul(er).ation,,target_content_high_frequency_missing_gloss,0.546005,0
7636,législatif,législatif,ADJ,B2,1.0255,0.766,0.16687,leʒislatif,{lég},0-1-2,/{lég}.is.latif,,target_content_high_frequency_missing_gloss,0.545912,0
11442,réglementation,réglementation,NOM,B2,1.0255,0.921,0.28016,ʁegləmɑ̃tasjɔ̃,règle,0-1-2,/règl(e).ement.ation,,target_content_high_frequency_missing_gloss,0.545912,0
14208,éveil,éveil,NOM,B2,1.0255,1.237,0.47918,evɛj,veiller,1-1-0,_é/veil(ler),,target_content_high_frequency_missing_gloss,0.545912,0
9508,peul,peul,NOM,B2,1.0242,0.019,0.00919,pøl,peuhl,0-1-0,/§peul§,,target_content_high_frequency_missing_gloss,0.545883,0
3966,drogué,drogué,NOM,B2,1.019,8.813,3.61604,dʁoge,drogue,0-1-1,/drogu(e).é,,target_content_high_frequency_missing_gloss,0.545765,0
8169,mobilier,mobilier,ADJ,B2,1.0158,0.272,0.71494,mobilje,mobile,0-1-1,/mobil(e).ier,,target_content_high_frequency_missing_gloss,0.545693,0
2727,complainte,complainte,NOM,B2,1.0112,0.503,0.14085,kɔ̃plɛ̃t,plainte,1-1-1,_com/plaint(e).e,,target_content_high_frequency_missing_gloss,0.545588,0
5949,grotesque,grotesque,ADJ,B2,1.0111,3.434,1.42988,gʁotɛsk,grotesque,0-1-0,/grotesque,,target_content_high_frequency_missing_gloss,0.545586,0
13372,val,val,NOM,B2,1.0088,1.668,4.29731,val,val,0-1-0,/val,,target_content_high_frequency_missing_gloss,0.545533,0
13648,voiturer,voiturer,VER,B2,1.0076,1.408,53.38028,vwatyʁe,voiture,0-1-1,/voitur(e).er,,target_content_high_frequency_missing_gloss,0.545506,0
12954,tourne,tourne,NOM,B2,1.0042,2.12,21.52327,tuʁn,tourner,0-1-1,/tourn(er).e,,target_content_high_frequency_missing_gloss,0.545428,0
1869,calembour,calembour,NOM,B2,1.0034,0.316,0.0643,kalɑ̃buʁ,calembour,0-1-0,/calembour,,target_content_high_frequency_missing_gloss,0.54541,0
4244,démener,démener,VER,B2,1.0034,2.601,0.34752,demne,mener,1-1-0,_dé/men(er),,target_content_high_frequency_missing_gloss,0.54541,0
1437,biscotte,biscotte,NOM,B2,1.0012,0.747,0.124,biskɔt,cuit,1-1-0,_bis/{cotte},,target_content_high_frequency_missing_gloss,0.54536,0
5400,forfaitaire,forfaitaire,ADJ,B2,1.0005,0.136,0.05511,fɔʁfɛtɛʁ,faire,1-1-1,_fort/fai(re).taire,,target_content_high_frequency_missing_gloss,0.545344,0
13188,tsar,tsar,NOM,B2,0.9846,3.991,0.3613,tsaʁ,tsar,0-1-0,/§tsar§,,manual_audit_override:manual_audit_override:manual_audit_override:low_frequency_missing_gloss,0.544979,0
2053,casse-tête,casse-tête,NOM,B2,0.9362,1.247,0.50674,kastɛt,casser,0-2-0,/cass(er)/tête,,manual_audit_override:manual_audit_override:manual_audit_override:low_frequency_missing_gloss,0.543848,0
10457,pâture,pâture,NOM,B2,0.9238,1.019,0.4256,patyʁ,pâtre,0-1-1,/pât(re).ure,,manual_audit_override:manual_audit_override:manual_audit_override:low_frequency_missing_gloss,0.543554,0
12248,square,square,NOM,B1,2.8722,6.693,2.12799,skwaʁ,,0-1-0,/§square§,,target_content_high_frequency_missing_gloss,0.541978,0
1380,bibliographique,bibliographique,ADJ,B2,0.7913,0.006,0.00153,biblijɔgʁafik,bible,0-1-2,/bibl(e)/o.ique,,manual_audit_override:manual_audit_override:manual_audit_override:low_frequency_missing_gloss,0.540287,0
7767,malsain,malsain,ADJ,B2,0.7262,4.532,1.29363,malsɛ̃,mal,0-2-0,/mal/sain,,manual_audit_override:manual_audit_override:manual_audit_override:low_frequency_missing_gloss,0.538592,0
2512,clivage,clivage,NOM,B2,0.725,0.161,0.04899,klivaʒ,cliver,0-1-1,/cliv(er).age,,manual_audit_override:manual_audit_override:manual_audit_override:low_frequency_missing_gloss,0.538561,0
144,acquéreur,acquéreur,NOM,B2,0.7202,0.335,0.1041,akeʁœʁ,quérir,1-1-1,_a(d)c/quér(ir).eur,,manual_audit_override:manual_audit_override:manual_audit_override:low_frequency_missing_gloss,0.538433,0
5190,ferraille,ferraille,NOM,B2,0.6859,3.459,1.25689,fɛʁaj,fer,0-1-2,/fer[r].aill.e,,manual_audit_override:manual_audit_override:manual_audit_override:low_frequency_missing_gloss,0.537511,0
509,amusement,amusement,NOM,B2,0.665,4.06,1.48806,amyzəmɑ̃,Muse,1-1-1,_a(d)/mus(er).ement,,manual_audit_override:manual_audit_override:manual_audit_override:low_frequency_missing_gloss,0.53694,0
8090,militantisme,militantisme,NOM,B2,0.6561,0.092,0.0444,militɑ̃tizm,militer,0-1-2,/milit(er).ant.isme,,manual_audit_override:manual_audit_override:manual_audit_override:low_frequency_missing_gloss,0.536695,0
9839,pompier,pompier,ADJ,B2,0.6449,3.0,3.26087,pɔ̃pje,pompe,0-1-1,/pomp(e).ier,,manual_audit_override:manual_audit_override:manual_audit_override:low_frequency_missing_gloss,0.536384,0
11348,réadaptation,réadaptation,NOM,B2,0.6122,0.636,0.22198,ʁeadaptasjɔ̃,adapter,1-1-1,_ré/adapt(er).ation,,manual_audit_override:manual_audit_override:manual_audit_override:low_frequency_missing_gloss,0.535465,0
6548,inaltéré,inaltéré,ADJ,B2,0.6006,0.047,0.01072,inalteʁe,autre,1-1-1,_in/altér(er).é,,manual_audit_override:manual_audit_override:manual_audit_override:low_frequency_missing_gloss,0.535134,0
2885,conflictuel,conflictuel,ADJ,B2,0.5978,0.557,0.07961,kɔ̃fliktɥɛl,conflit,0-1-1,/confli(c)t.uel,,manual_audit_override:manual_audit_override:manual_audit_override:low_frequency_missing_gloss,0.535054,0
10313,prématurément,prématurément,ADV,B2,0.5978,1.184,0.54501,pʁematyʁemɑ̃,mature,1-1-1,_pré/matur(e/é).ment,,manual_audit_override:manual_audit_override:manual_audit_override:low_frequency_missing_gloss,0.535054,0
11360,réaménager,réaménager,VER,B2,0.5955,0.358,0.07348,ʁeamenaʒe,aménager,1-1-1,_ré/aménag(er).er,,manual_audit_override:manual_audit_override:manual_audit_override:low_frequency_missing_gloss,0.534988,0
12005,smoking,smoking,NOM,B1,2.2432,4.392,1.34874,smɔkiŋ,,0-1-0,/Smoking§,,target_content_high_frequency_missing_gloss,0.533863,0
5093,familiariser,familiariser,VER,B2,0.5513,1.31,0.33374,familjaʁize,famille,0-1-3,/famil(le).iar.is.er,,manual_audit_override:manual_audit_override:manual_audit_override:low_frequency_missing_gloss,0.533702,0
9623,pirogue,pirogue,NOM,B1,2.1893,0.405,0.08573,piʁɔg,,0-1-0,/§pirogue§,,target_content_high_frequency_missing_gloss,0.533096,0
3071,contrarier,contrarier,VER,B2,0.4478,15.133,3.10625,kɔ̃tʁaʁje,contraire,0-1-1,/contrari(er).er,,manual_audit_override:manual_audit_override:manual_audit_override:low_frequency_missing_gloss,0.530541,0
897,associatif,associatif,ADJ,B2,18.5542,0.171,0.03521,asɔsjatif,,,,,target_content_high_frequency_missing_gloss,0.529713,0
10874,reggae,reggae,NOM,B1,1.8456,1.155,0.22045,ʁege,,0-1-0,/§reggae§,,target_content_high_frequency_missing_gloss,0.527876,0
7876,marketing,marketing,NOM,B2,13.2787,4.459,1.48959,maʁketiŋ,,0-1-0,/§marketing§,,target_content_high_frequency_missing_gloss,0.515319,0
9180,paradoxalement,paradoxalement,ADV,B2,8.4959,0.212,0.10257,paʁadɔksaləmɑ̃,,1-0-2,_para.doxale.ment,,target_content_high_frequency_missing_gloss,0.496645,0
1724,bruir,bruir,VER,B2,8.3709,0.025,0.00612,bʁɥi,,,,,target_content_high_frequency_missing_gloss,0.496038,0
7296,label,label,NOM,B2,7.568,3.513,0.8068,labɛl,,0-1-0,/§label§,,target_content_high_frequency_missing_gloss,0.491938,0
10463,pédagogique,pédagogique,ADJ,B2,6.6042,0.861,0.30006,pedagoʒik,,1-0-2,_péd.agog(ue).ique,,target_content_high_frequency_missing_gloss,0.486474,0
9179,paradoxal,paradoxal,ADJ,B2,6.4553,0.696,0.23576,paʁadɔksal,,1-0-2,_para.dox(e).al,,target_content_high_frequency_missing_gloss,0.485569,0
6869,instar,instar,NOM,B2,6.4212,0.019,0.00919,ɛ̃staʁ,,,,,target_content_high_frequency_missing_gloss,0.485359,0
6031,géographique,géographique,ADJ,B2,5.746,1.225,0.43478,ʒeogʁafik,,1-0-2,_géo.graph(e).ique,,target_content_high_frequency_missing_gloss,0.480992,0
8530,métamorphoser,métamorphoser,VER,B2,5.6188,0.943,0.44856,metamɔʁfoze,,1-0-3,_méta.morph.os(e).er,,target_content_high_frequency_missing_gloss,0.480121,0
8760,nue,nue,NOM,B2,5.5005,3.396,5.1684,ny,,,,,target_content_high_frequency_missing_gloss,0.479295,0
9440,permanence,permanence,NOM,B2,5.4896,6.725,2.87201,pɛʁmanɑ̃s,,1-1-1,_per/man(oir).ence,,target_content_high_frequency_missing_gloss,0.479218,0
6088,handicap,handicap,NOM,B2,5.2995,3.516,1.27985,ɑ̃dikap,,0-1-0,/§handicap§,,target_content_high_frequency_missing_gloss,0.477857,0
9185,parallèlement,parallèlement,ADV,B2,5.2792,0.31,0.14238,paʁalɛləmɑ̃,,0-1-1,/§parallèle§.ment,,target_content_high_frequency_missing_gloss,0.477709,0
13255,télévisuel,télévisuel,ADJ,B2,5.0211,0.263,0.05205,televizɥɛl,,1-0-1,_télé.visuel,,target_content_high_frequency_missing_gloss,0.475788,0
8858,occasionnel,occasionnel,ADJ,B2,4.9465,1.864,0.38732,okazjonɛl,,0-1-2,/occas(ion).ion[n].el,,target_content_high_frequency_missing_gloss,0.475217,0
11142,revolver,revolver,NOM,B2,4.7418,13.807,3.21647,ʁevɔlvɛʁ,,0-1-0,/§revolver§,,target_content_high_frequency_missing_gloss,0.473613,0
11415,réflexe,réflexe,NOM,B2,4.6044,4.987,1.31966,ʁeflɛks,,0-1-0,/§réflexe§,,target_content_high_frequency_missing_gloss,0.472505,0
11682,sanction,sanction,NOM,B2,4.5739,2.946,0.62002,sɑ̃ksjɔ̃,,0-1-0,/§sanction§,,target_content_high_frequency_missing_gloss,0.472255,0
7021,intérim,intérim,NOM,B2,4.5598,1.778,0.65677,ɛ̃teʁim,,0-1-0,/§interim§,,target_content_high_frequency_missing_gloss,0.472139,0
10547,quasi,quasi,ADV,B2,4.4238,3.946,1.80955,kazi,,0-1-0,/quasi,,target_content_high_frequency_missing_gloss,0.471005,0
7679,maghrébin,maghrébin,NOM,B2,4.2196,0.044,0.00919,magʁebɛ̃,,0-1-1,/§Maghreb§.in,,target_content_high_frequency_missing_gloss,0.469248,0
12825,thérapeutique,thérapeutique,ADJ,B2,4.1056,1.886,0.68892,teʁapøtik,,0-1-2,/§thérap(ie)§.ique,,target_content_high_frequency_missing_gloss,0.468237,0
11884,serpentin,serpentin,NOM,C1,0.2862,0.339,0.11482,sɛʁpɑ̃tɛ̃,serpent,0-1-1,/serpent.in,,manual_audit_override:manual_audit_override:manual_audit_override:low_frequency_missing_gloss,0.467523,0
3838,diva,diva,NOM,B2,3.7066,2.421,0.62768,diva,,0-1-0,/§diva§,,target_content_high_frequency_missing_gloss,0.464512,0
12346,subliminal,subliminal,ADJ,C1,0.1951,0.585,0.08573,sybliminal,{limin},1-1-1,_sub/{limin}.al,,manual_audit_override:manual_audit_override:manual_audit_override:low_frequency_missing_gloss,0.464159,0
9923,potable,potable,ADJ,B2,3.6324,2.161,0.8068,potabl,,0-1-0,/§potable§,,target_content_high_frequency_missing_gloss,0.463785,0
4667,engin,engin,NOM,B2,3.6319,10.456,3.03276,ɑ̃ʒɛ̃,,0-1-0,/engin,,target_content_high_frequency_missing_gloss,0.46378,0
4954,exode,exode,NOM,B2,3.6196,0.547,0.32915,ɛgzɔd,,1-0-1,_ex.ode,,target_content_high_frequency_missing_gloss,0.463658,0
8367,muguet,muguet,NOM,B2,3.4765,0.335,0.0842,mygɛ,,0-1-0,/muguet,,target_content_high_frequency_missing_gloss,0.462217,0
2162,cession,cession,NOM,C1,0.1431,0.383,0.13931,sɛsjɔ̃,{ces/d},0-1-1,/{ce(d)/ss}.ion,,manual_audit_override:manual_audit_override:manual_audit_override:low_frequency_missing_gloss,0.462123,0
2493,clignement,clignement,NOM,C1,0.1431,0.354,0.11176,kliɲəmɑ̃,cligner,0-1-1,/clign(er).ement,,manual_audit_override:manual_audit_override:manual_audit_override:low_frequency_missing_gloss,0.462123,0
4594,empêtrer,empêtrer,VER,C1,0.1431,0.459,0.09186,ɑ̃petʁe,empêtrer,0-1-1,/empêtr(er).er,,manual_audit_override:manual_audit_override:manual_audit_override:low_frequency_missing_gloss,0.462123,0
5313,flemmarder,flemmarder,VER,C1,0.1431,0.171,0.08267,flemaʁde,flemme,0-1-2,/flemm(e).ard.er,,manual_audit_override:manual_audit_override:manual_audit_override:low_frequency_missing_gloss,0.462123,0
6536,in,in,ADJ,B2,3.4507,39.785,7.61329,in,,0-1-0,/§in§,,target_content_high_frequency_missing_gloss,0.461953,0
6077,halle,halle,NOM,B2,3.4297,0.364,0.24189,al,,0-1-0,/§halle§,,target_content_high_frequency_missing_gloss,0.461736,0
8605,naval,naval,ADJ,C1,0.1304,5.146,0.69045,naval,naval,0-1-1,/nav(al).al,,manual_audit_override:manual_audit_override:manual_audit_override:low_frequency_missing_gloss,0.461611,0
12309,stresser,stresser,VER,B2,3.3295,14.516,2.19688,stʁɛse,,0-1-1,/§stress§.er,,target_content_high_frequency_missing_gloss,0.460689,0
11554,rétamer,rétamer,VER,C1,0.1028,0.592,0.10716,ʁetame,étain,1-1-0,_r/étam(er),,manual_audit_override:manual_audit_override:manual_audit_override:low_frequency_missing_gloss,0.46048,0
136,achoppement,achoppement,NOM,C1,0.0975,0.028,0.01378,aʃɔpəmɑ̃,chopper,1-1-1,_a(d)/chopp(er).ement,,manual_audit_override:manual_audit_override:manual_audit_override:low_frequency_missing_gloss,0.460259,0
976,attentiste,attentiste,ADJ,C1,0.0975,0.009,0.00459,atɑ̃tist,tendre,1-1-1,_a(d)/ten(dre)/t.iste,,manual_audit_override:manual_audit_override:manual_audit_override:low_frequency_missing_gloss,0.460259,0
6040,gérable,gérable,ADJ,C1,0.0975,0.418,0.16687,ʒeʁabl,gérer,0-1-1,/gér(er).able,,manual_audit_override:manual_audit_override:manual_audit_override:low_frequency_missing_gloss,0.460259,0
11030,repoussoir,repoussoir,NOM,C1,0.0975,0.022,0.00919,ʁəpuswaʁ,pousser,1-1-1,_re/pouss(er).oir,,manual_audit_override:manual_audit_override:manual_audit_override:low_frequency_missing_gloss,0.460259,0
11593,révérence,révérence,NOM,C1,0.0975,1.671,0.61849,ʁeveʁɑ̃s,révérer,0-1-1,/révér(er).ence,,manual_audit_override:manual_audit_override:manual_audit_override:low_frequency_missing_gloss,0.460259,0
12159,sourciller,sourciller,VER,C1,0.0975,0.709,0.21433,suʁsije,cil,0-1-1,/cil[l].er,,manual_audit_override:manual_audit_override:manual_audit_override:low_frequency_missing_gloss,0.460259,0
59,abyme,abyme,NOM,C1,0.0912,0.028,0.00765,abim,abyme,0-1-0,/abyme,,manual_audit_override:manual_audit_override:manual_audit_override:low_frequency_missing_gloss,0.459996,0
3382,croque-monsieur,croque-monsieur,NOM,C1,0.0912,0.348,0.1286,kʁɔkmøsjø,croquer,0-2-1,/croqu(er)/monsieur.e,,manual_audit_override:manual_audit_override:manual_audit_override:low_frequency_missing_gloss,0.459996,0
12820,théorique,théorique,ADJ,B2,3.22,2.016,0.67667,teoʁik,,0-0-1,.ique,,target_content_high_frequency_missing_gloss,0.459516,0
2076,catastrophique,catastrophique,ADJ,B2,3.217,2.794,0.91549,katastʁofik,,2-0-2,_1_cata.stroph(e).ique,,target_content_high_frequency_missing_gloss,0.459483,0
9481,pertinence,pertinence,NOM,B2,3.2097,1.152,0.43784,pɛʁtinɑ̃s,,0-1-1,/§pertin(ent)§.ence,,target_content_high_frequency_missing_gloss,0.459404,0
7694,magnétique,magnétique,ADJ,B2,3.1835,6.291,1.47734,maɲetik,,1-0-1,_magnet(o).ique,,target_content_high_frequency_missing_gloss,0.459118,0
12879,toiture,toiture,NOM,C1,0.0698,0.522,0.19443,twatyʁ,toit,0-1-1,/toit.ure,,manual_audit_override:manual_audit_override:manual_audit_override:low_frequency_missing_gloss,0.459089,0
4182,dégaine,dégaine,NOM,C1,0.0657,0.722,0.53276,degɛn,gaine,1-1-1,_dé/gain(e).e,,manual_audit_override:manual_audit_override:manual_audit_override:low_frequency_missing_gloss,0.458913,0
5508,frauduleux,frauduleux,ADJ,C1,0.0657,0.987,0.21586,fʁodylø,fraude,0-1-1,/fraud(e).uleux,,manual_audit_override:manual_audit_override:manual_audit_override:low_frequency_missing_gloss,0.458913,0
5653,fêlé,fêlé,ADJ,C1,0.0657,0.981,0.61696,fele,fêler,0-1-1,/fêl(er).é,,manual_audit_override:manual_audit_override:manual_audit_override:low_frequency_missing_gloss,0.458913,0
7468,lisibilité,lisibilité,NOM,C1,0.0657,0.016,0.00612,lizibilite,lire,0-1-2,/li(re)[s].ib[i]l(e).ité,,manual_audit_override:manual_audit_override:manual_audit_override:low_frequency_missing_gloss,0.458913,0
10727,ratatouille,ratatouille,NOM,C1,0.0657,0.408,0.11635,ʁatatuj,touiller,0-1-0,/ratatouillle,,manual_audit_override:manual_audit_override:manual_audit_override:low_frequency_missing_gloss,0.458913,0
2449,citronnier,citronnier,NOM,C1,0.0652,0.288,0.05511,sitʁonje,citron,0-1-2,/citr(on).on[n].ier,,manual_audit_override:manual_audit_override:manual_audit_override:low_frequency_missing_gloss,0.458892,0
7023,intériorisation,intériorisation,NOM,C1,0.0652,0.016,0.00765,ɛ̃teʁjoʁizasjɔ̃,intérieur,0-1-2,/intéri(eu/o)r.is.ation,,manual_audit_override:manual_audit_override:manual_audit_override:low_frequency_missing_gloss,0.458892,0
13039,transir,transir,VER,C1,0.0652,0.241,0.65064,tʁɑ̃ziʁ,transir,1-1-1,_trans/trans(ir).ir,,manual_audit_override:manual_audit_override:manual_audit_override:low_frequency_missing_gloss,0.458892,0
13332,ut,ut,NOM,B2,3.1536,0.278,0.10716,yt,,0-1-0,/§ut§,,target_content_high_frequency_missing_gloss,0.45879,0
2048,cassation,cassation,NOM,C1,0.0614,0.196,0.05971,kasasjɔ̃,casser,0-1-1,/cass(er).ation,,manual_audit_override:manual_audit_override:manual_audit_override:low_frequency_missing_gloss,0.458728,0
5529,fripier,fripier,NOM,C1,0.0614,0.051,0.01837,fʁipje,friper,0-1-1,/frip(er).ier,,manual_audit_override:manual_audit_override:manual_audit_override:low_frequency_missing_gloss,0.458728,0
4656,enfilade,enfilade,NOM,C1,0.0592,0.076,0.03062,ɑ̃filad,file,1-1-1,_en/fil(e).ade,,manual_audit_override:manual_audit_override:manual_audit_override:low_frequency_missing_gloss,0.458633,0
6889,insuffisamment,insuffisamment,ADV,C1,0.0544,0.079,0.03521,ɛ̃syfizamɑ̃,suffisant,1-1-1,_in /suffisa(nt)/m.ment,,manual_audit_override:manual_audit_override:manual_audit_override:low_frequency_missing_gloss,0.458425,0
12011,sociable,sociable,ADJ,C1,0.0514,1.902,0.75934,sosjabl,social,0-1-1,/soci(al).able,,manual_audit_override:manual_audit_override:manual_audit_override:low_frequency_missing_gloss,0.458295,0
13618,vitré,vitré,ADJ,C1,0.0514,0.791,0.23882,vitʁe,vitre,0-1-1,/vitr(e).é,,manual_audit_override:manual_audit_override:manual_audit_override:low_frequency_missing_gloss,0.458295,0
8860,occasionner,occasionner,VER,B2,3.0674,0.797,0.07195,okazjone,,0-1-2,/occas(ion).ion[n].er,,target_content_high_frequency_missing_gloss,0.45783,0
1492,bobo,bobo,NOM,B2,3.0293,2.377,0.8267,bobo,,0-1-0,/bobo,,target_content_high_frequency_missing_gloss,0.457399,0
11493,répertorier,répertorier,VER,B2,3.0105,2.361,0.3812,ʁepɛʁtoʁje,,0-1-1,/§réperto(ire)/ri§.er,,target_content_high_frequency_missing_gloss,0.457185,0
9450,perpétuer,perpétuer,VER,B2,2.9795,2.035,0.43938,pɛʁpetɥe,,1-0-2,_per.pétu.er,,target_content_high_frequency_missing_gloss,0.45683,0
12323,stupéfaire,stupéfaire,VER,B2,2.9145,0.003,0.00153,stypefɛʁ,,,,,target_content_high_frequency_missing_gloss,0.456076,0
13177,truffe,truffe,NOM,B2,2.8719,2.5,0.4455,tʁyf,,0-1-0,/§truffe§,,target_content_high_frequency_missing_gloss,0.455575,0
12815,thématique,thématique,NOM,B2,2.6465,0.117,0.10563,tematik,,0-0-1,.atique,,target_content_high_frequency_missing_gloss,0.452829,0
4514,ego,ego,NOM,B2,2.6397,6.009,2.29026,ego,,0-1-0,/§ego§,,target_content_high_frequency_missing_gloss,0.452744,0
11589,révélateur,révélateur,ADJ,B2,2.579,1.744,0.62309,ʁevelatœʁ,,0-1-1,/§révél(er)§.ateur,,target_content_high_frequency_missing_gloss,0.451974,0
612,anthropologique,anthropologique,ADJ,B2,2.5415,0.266,0.10257,ɑ̃tʁopoloʒik,,1-1-2,_anthropo/log(ie).log(ie).ique,,target_content_high_frequency_missing_gloss,0.451491,0
12241,spécifiquement,spécifiquement,ADV,B2,2.4924,2.535,1.14513,spesifikəmɑ̃,,0-1-2,/§species§.ifique.ment,,target_content_high_frequency_missing_gloss,0.450852,0
13844,écologiste,écologiste,ADJ,B2,2.4735,0.434,0.18371,ekoloʒist,,1-0-2,_éco.log(ie).iste,,target_content_high_frequency_missing_gloss,0.450604,0
12816,thématique,thématique,ADJ,B2,2.4631,0.247,0.10563,tematik,,0-0-1,.atique,,target_content_high_frequency_missing_gloss,0.450467,0
12370,succomber,succomber,VER,B2,2.4492,3.953,0.6782,sykɔ̃be,,0-1-1,/§succomb(er)§.er,,target_content_high_frequency_missing_gloss,0.450282,0
10041,prioritaire,prioritaire,ADJ,B2,2.4342,3.604,1.11451,pʁijoʁitɛʁ,,0-1-1,/§prior(ité)§.itaire,,target_content_high_frequency_missing_gloss,0.450083,0
12023,sociologique,sociologique,ADJ,B2,2.3738,0.272,0.09951,sosjoloʒik,,1-0-2,_socio.log(ie).ique,,target_content_high_frequency_missing_gloss,0.449271,0
11735,saurer,saurer,VER,B2,2.3647,20.677,3.45377,soʁe,,,,,target_content_high_frequency_missing_gloss,0.449147,0
13017,tramway,tramway,NOM,B2,2.3215,1.551,0.46081,tʁamwɛ,,0-1-0,/§tramway§,,target_content_high_frequency_missing_gloss,0.448555,0
8880,océanique,océanique,ADJ,B2,2.3126,0.642,0.14238,oseanik,,0-1-1,/océan.ique,,target_content_high_frequency_missing_gloss,0.448433,0
8545,métropolitain,métropolitain,ADJ,B2,2.2405,0.636,0.15003,metʁopolitɛ̃,,1-0-2,_métro.pol(e).itain,,target_content_high_frequency_missing_gloss,0.447425,0
12735,tempo,tempo,NOM,B2,2.2206,1.557,0.47459,tɛmpo,,0-1-0,/§tempo§,,target_content_high_frequency_missing_gloss,0.447143,0
8472,médiatiser,médiatiser,VER,B2,2.1791,0.566,0.11023,medjatize,,,,,target_content_high_frequency_missing_gloss,0.446549,0
9808,politiquement,politiquement,ADV,B2,2.1412,2.449,1.05787,politikəmɑ̃,,1-0-2,_poli.tique.ment,,target_content_high_frequency_missing_gloss,0.446,0
10130,prohiber,prohiber,VER,B2,2.0813,0.282,0.07502,pʁɔibe,,1-1-1,_pro/{hib}.é,,target_content_high_frequency_missing_gloss,0.445119,0
13262,ténèbre,ténèbre,NOM,B2,2.0499,13.646,0.02143,tenɛbʁ,,0-1-1,/§ténèbr(e)§.e,,target_content_high_frequency_missing_gloss,0.44465,0
11784,scientifiquement,scientifiquement,ADV,B2,1.9551,1.434,0.63993,sjɑ̃tifikəmɑ̃,,0-1-2,/scien(ce)[t].ifique.ment,,target_content_high_frequency_missing_gloss,0.443204,0
10576,quinquagénaire,quinquagénaire,NOM,B2,1.9004,0.108,0.05052,kɛ̃kaʒenɛʁ,,1-0-1,_quinqua.génaire,,target_content_high_frequency_missing_gloss,0.442349,0
13617,vitro,vitro,NOM,B2,1.8876,0.013,0.01072,vitʁo,,,,,target_content_high_frequency_missing_gloss,0.442147,0
3200,cosmopolite,cosmopolite,ADJ,B2,1.8634,0.288,0.13013,kɔsmopolit,,1-0-2,_cosmo.ite,,target_content_high_frequency_missing_gloss,0.441761,0
11611,sabbatique,sabbatique,ADJ,B2,1.8328,1.332,0.5098,sabatik,,0-1-1,/§sabbat§.ique,,target_content_high_frequency_missing_gloss,0.441269,0
8342,mousquetaire,mousquetaire,NOM,B2,1.7243,2.025,0.32915,muskətɛʁ,,0-1-1,/§mousquet§.aire,,target_content_high_frequency_missing_gloss,0.439482,0
6089,handicaper,handicaper,VER,B2,1.7189,3.209,1.31813,ɑ̃dikape,,0-1-1,/§handicap§.er,,target_content_high_frequency_missing_gloss,0.439391,0
2102,caviar,caviar,NOM,B2,1.7081,3.509,1.19106,kavjaʁ,,0-1-0,/§caviar§,,target_content_high_frequency_missing_gloss,0.439208,0
11627,sacrement,sacrement,NOM,B2,1.6708,1.864,0.43019,sakʁəmɑ̃,,0-1-1,/sacr(e).ement,,target_content_high_frequency_missing_gloss,0.438574,0
7022,intérimaire,intérimaire,ADJ,B2,1.6084,0.842,0.55266,ɛ̃teʁimɛʁ,,1-0-1,_interim.aire,,target_content_high_frequency_missing_gloss,0.437491,0
8952,optimisme,optimisme,NOM,B2,1.6033,2.184,0.97673,ɔptimizm,,0-1-1,/§optim(us)§.isme,,target_content_high_frequency_missing_gloss,0.437402,0
3194,cortex,cortex,NOM,B2,1.581,8.073,0.78996,kɔʁtɛks,,0-1-0,/§cortex§,,target_content_high_frequency_missing_gloss,0.437008,0
13111,tricolore,tricolore,ADJ,B2,1.5611,0.313,0.09186,tʁikolɔʁ,,1-0-1,_tri.colore,,target_content_high_frequency_missing_gloss,0.436653,0
12238,spécificité,spécificité,NOM,B2,1.561,0.491,0.13625,spesifisite,,0-1-2,/§species§.ific.ité,,target_content_high_frequency_missing_gloss,0.436652,0
466,ambiguïté,ambiguïté,NOM,B2,1.559,0.513,0.20667,ɑ̃bigɥite,,1-0-2,_amb(i).{igu}.ité,,target_content_high_frequency_missing_gloss,0.436616,0
3491,cybernétique,cybernétique,NOM,B2,1.5563,0.139,0.18371,sibɛʁnetik,,1-0-1,_cyber.étique,,target_content_high_frequency_missing_gloss,0.436568,0
6960,interprofessionnel,interprofessionnel,ADJ,B2,1.5546,0.003,0.00153,ɛ̃tɛʁpʁɔfesjɔnɛl,,,,,target_content_high_frequency_missing_gloss,0.436537,0
9539,phoque,phoque,NOM,B2,1.5511,3.158,0.49755,fɔk,,0-1-0,/§phoque§,,target_content_high_frequency_missing_gloss,0.436474,0
5192,ferroviaire,ferroviaire,ADJ,B2,1.5448,1.082,0.33374,fɛʁovjɛʁ,,1-0-1,_ferro.viaire,,target_content_high_frequency_missing_gloss,0.436361,0
1008,au-devant,au-devant,ADV,B2,1.5363,0.326,0.14391,odəvɑ̃,,0-2-0,/au/devant,,target_content_high_frequency_missing_gloss,0.436208,0
10307,préjudice,préjudice,NOM,B2,1.535,2.098,0.77771,pʁeʒydis,,0-1-1,/§préjudic(e)§.e,,target_content_high_frequency_missing_gloss,0.436185,0
7509,loft,loft,NOM,B2,1.532,3.671,0.9951,lɔft,,0-1-0,/§loft§,,target_content_high_frequency_missing_gloss,0.43613,0
8258,mont,mont,NOM,B2,1.5224,10.259,2.07746,mɔ̃,,0-1-0,/mont,,target_content_high_frequency_missing_gloss,0.435956,0
5391,footing,footing,NOM,B2,1.5208,0.528,0.20361,futiŋ,,0-1-1,/§foot§.§ing§,,target_content_high_frequency_missing_gloss,0.435927,0
10538,quantifier,quantifier,VER,B2,1.5183,0.323,0.10716,kɑ̃tifje,,0-1-2,/quant.ifi.er,,target_content_high_frequency_missing_gloss,0.435882,0
6117,hasardeux,hasardeux,ADJ,B2,1.5009,0.794,0.19443,azaʁdø,,0-1-1,/hasard.eux,,target_content_high_frequency_missing_gloss,0.435565,0
5686,galère,galère,NOM,B2,1.4975,3.608,1.5248,galɛʁ,,,,,target_content_high_frequency_missing_gloss,0.435502,0
9274,participatif,participatif,ADJ,B2,1.4839,0.111,0.02143,paʁtisipatif,,,,,target_content_high_frequency_missing_gloss,0.435252,0
12101,sors,sors,NOM,B2,1.4812,0.085,37.96999,sɔʁ,,,,,target_content_high_frequency_missing_gloss,0.435202,0
9366,pavaner,pavaner,VER,B2,1.4794,2.177,0.42866,pavane,,0-1-1,/§pavan(e)§.er,,target_content_high_frequency_missing_gloss,0.435169,0
9556,physiologique,physiologique,ADJ,B2,1.4702,1.307,0.41488,fizjoloʒik,,1-0-2,_physio.log(ie).ique,,target_content_high_frequency_missing_gloss,0.434999,0
13605,vit,vit,NOM,B2,1.4585,0.155,25.77465,vi,,,,,target_content_high_frequency_missing_gloss,0.434782,0
10610,racket,racket,NOM,B2,1.4553,2.161,0.77465,ʁakɛt,,0-1-0,/§racket§,,target_content_high_frequency_missing_gloss,0.434722,0
5671,gala,gala,NOM,B2,1.4323,5.816,1.52021,gala,,0-1-0,/§gala§,,target_content_high_frequency_missing_gloss,0.434291,0
9334,paternel,paternel,ADJ,B2,1.4217,2.734,0.76546,patɛʁnɛl,,0-1-1,/§pater§[n].el,,target_content_high_frequency_missing_gloss,0.434091,0
3294,couturière,couturière,NOM,B2,1.3413,0.095,0.06889,kutyʁjɛʁ,,,,,target_content_high_frequency_missing_gloss,0.432546,0
10153,promis,promis,NOM,B2,1.3354,21.601,32.64544,pʁomi,,1-1-1,_pro/m(ettre).is,,target_content_high_frequency_missing_gloss,0.43243,0
11794,scoop,scoop,NOM,B2,1.3352,5.677,1.84936,skup,,0-1-0,/§scoop§,,target_content_high_frequency_missing_gloss,0.432426,0
7671,madeleine,madeleine,NOM,B2,1.3298,0.478,0.64452,madəlɛn,,0-1-0,/Madeleine,,target_content_high_frequency_missing_gloss,0.43232,0
1589,bouillabaisse,bouillabaisse,NOM,B2,1.3237,0.411,0.14085,bujabɛs,,0-1-0,/bouillabaisse,,target_content_high_frequency_missing_gloss,0.4322,0
6034,géologique,géologique,ADJ,B2,1.3039,0.861,0.21739,ʒeoloʒik,,1-0-2,_géo.log(ie).ique,,target_content_high_frequency_missing_gloss,0.431808,0
12298,store,store,NOM,B2,1.2443,2.728,0.62309,stɔʁ,,0-1-0,/§store§,,target_content_high_frequency_missing_gloss,0.430608,0
11674,salsa,salsa,NOM,B2,1.2425,2.085,0.55573,salsa,,0-1-0,/§salsa§,,target_content_high_frequency_missing_gloss,0.430572,0
6289,hydratation,hydratation,NOM,B2,1.2228,0.297,0.124,idʁatasjɔ̃,,1-0-2,_hydr(o).at.ation,,target_content_high_frequency_missing_gloss,0.430168,0
12903,tonka,tonka,NOM,B2,1.2004,0.101,0.02756,tɔ̃ka,,0-1-0,/§tonka§,,target_content_high_frequency_missing_gloss,0.429704,0
5300,flamand,flamand,ADJ,B2,1.1943,0.396,0.14085,flamɑ̃,,0-1-0,/§flamand§,,target_content_high_frequency_missing_gloss,0.429577,0
9186,paralyser,paralyser,VER,B2,1.1907,7.747,1.68402,paʁalize,,0-1-1,/§paralys(ie)§.er,,target_content_high_frequency_missing_gloss,0.429502,0
611,anthropologie,anthropologie,NOM,B2,1.1689,1.009,0.37201,ɑ̃tʁopoloʒi,,1-0-1,_anthropo.logie,,target_content_high_frequency_missing_gloss,0.429044,0
13178,truffer,truffer,VER,B2,1.1544,1.114,0.4011,tʁyfe,,0-1-1,/§truff(e)§.er,,target_content_high_frequency_missing_gloss,0.428737,0
6171,hispanique,hispanique,ADJ,B2,1.1151,1.006,0.4256,ispanik,,1-0-1,_hispan(o).ique,,target_content_high_frequency_missing_gloss,0.427894,0
7921,massivement,massivement,ADV,B2,1.0884,0.383,0.17606,masivəmɑ̃,,0-1-2,/mass(e).ive.ment,,target_content_high_frequency_missing_gloss,0.427313,0
5126,fast-food,fast-food,NOM,B2,1.0573,2.826,0.71953,fastfud,,0-2-0,/§fast§/§food§,,target_content_high_frequency_missing_gloss,0.426626,0
2079,cathodique,cathodique,ADJ,B2,1.035,0.171,0.05664,katodik,,0-0-2,.{hod(e)}.ique,,target_content_high_frequency_missing_gloss,0.426127,0
3006,consumériste,consumériste,ADJ,B2,1.035,0.038,0.01531,kɔ̃symeʁist,,0-1-0,/§consumériste§,,target_content_high_frequency_missing_gloss,0.426127,0
14094,équatorial,équatorial,ADJ,B2,1.035,0.263,0.06736,ekwatoʁjal,,1-0-2,_équ(i).ator.ial,,target_content_high_frequency_missing_gloss,0.426127,0
5725,gastronomique,gastronomique,ADJ,B2,1.0339,0.829,0.27863,gastʁonomik,,1-0-2,_gastro.nom(e).ique,,target_content_high_frequency_missing_gloss,0.426102,0
5309,flash-back,flash-back,NOM,B2,1.0334,0.639,0.24036,flaʃbak,,0-2-0,/§flash§/back,,target_content_high_frequency_missing_gloss,0.426091,0
9885,portraire,portraire,VER,B2,1.0056,0.165,0.00153,pɔʁtʁɛ,,,,,target_content_high_frequency_missing_gloss,0.42546,0
7821,mantille,mantille,NOM,B2,1.0042,0.114,0.01531,mɑ̃tij,,0-1-1,/mant(e).ille,,target_content_high_frequency_missing_gloss,0.425428,0
184,adjurer,adjurer,VER,B2,0.7262,0.136,0.04746,adʒyʁ,,,,,manual_audit_override:manual_audit_override:manual_audit_override:low_frequency_missing_gloss,0.418592,0
1535,boom,boom,NOM,B2,0.7262,8.858,2.36681,bum,,0-1-0,/§boom§,,manual_audit_override:manual_audit_override:manual_audit_override:low_frequency_missing_gloss,0.418592,0
7963,maximal,maximal,ADJ,B2,0.6496,4.405,1.45132,maksimal,,0-1-1,/§maxim(um)§.al,,manual_audit_override:manual_audit_override:manual_audit_override:low_frequency_missing_gloss,0.416515,0
8881,océanographe,océanographe,NOM,C1,0.1951,0.149,0.0444,oseanogʁaf,,0-1-1,/océan[o].graphe,,manual_audit_override:manual_audit_override:manual_audit_override:low_frequency_missing_gloss,0.344159,0
12301,strapontin,strapontin,NOM,C1,0.0652,0.206,0.04133,stʁapɔ̃tɛ̃,,0-1-0,/§strapontin§,,manual_audit_override:manual_audit_override:manual_audit_override:low_frequency_missing_gloss,0.338892,0
13071,travelling,travelling,NOM,C1,0.0614,0.462,0.12554,tʁavəliŋ,,0-1-0,/§travelling§,,manual_audit_override:manual_audit_override:manual_audit_override:low_frequency_missing_gloss,0.338728,0
8116,minet,minet,NOM,C1,0.0544,2.557,0.44856,minɛ,,0-1-1,/§min(e)§.et,,manual_audit_override:manual_audit_override:manual_audit_override:low_frequency_missing_gloss,0.338425,0
885,assidûment,assidûment,ADV,C2,0.1431,0.136,0.0643,asidymɑ̃,{seoir},0-1-1,/assidu.ment,刻意,manual_audit_override:manual_audit_override:manual_audit_override:advanced_tail,0.15,1
4918,exclusif,exclusif,ADJ,C2,0.1431,4.892,0.86957,ɛksklyzif,{clu(re)},1-1-1,_ex/{clu(re)}/s.if,专属；独享,manual_audit_override:manual_audit_override:manual_audit_override:advanced_tail,0.15,1
1397,bienheureux,bienheureux,ADJ,C2,0.0433,0.608,0.21433,bjɛ̃nøʁø,bien,0-2-0,/bien/heureux,畅快,manual_audit_override:manual_audit_override:manual_audit_override:advanced_tail,0.15,1
4837,essaimer,essaimer,VER,C2,0.0433,0.082,0.01072,ɛsɛme,,,,翃,manual_audit_override:manual_audit_override:manual_audit_override:advanced_tail,0.15,1
11135,revigorer,revigorer,VER,C2,0.0433,0.57,0.13319,ʁəvigoʁe,vigueur,1-1-1,_re/vig(ueu/o)r.er,提神,manual_audit_override:manual_audit_override:manual_audit_override:advanced_tail,0.15,1
9447,perplexité,perplexité,NOM,C2,0.0408,0.149,0.0643,pɛʁplɛksite,,1-0-1,_per.plex(e)ité,不知所措,manual_audit_override:manual_audit_override:manual_audit_override:advanced_tail,0.15,1
2746,comploter,comploter,VER,C2,0.0401,4.358,0.39192,kɔ̃plote,complot,0-1-1,/complot.er,图谋；暗算,manual_audit_override:manual_audit_override:manual_audit_override:advanced_tail,0.15,1
7001,intrus,intrus,NOM,C2,0.0401,6.962,2.43417,ɛ̃tʁy,{trus},1-1-1,_in/{trus}.if,不速之客,manual_audit_override:manual_audit_override:manual_audit_override:advanced_tail,0.15,1
762,archétype,archétype,NOM,C2,0.035,0.453,0.12094,aʁketip,type,1-1-0,_arch(i)/type,典型；原型,manual_audit_override:manual_audit_override:manual_audit_override:advanced_tail,0.15,1
5665,gagnant,gagnant,ADJ,C2,0.0342,6.775,5.77618,gaɲɑ̃,gagner,0-1-1,/gagn(er).ant,成功者；胜者,manual_audit_override:manual_audit_override:manual_audit_override:advanced_tail,0.15,1
10733,rationaliser,rationaliser,VER,C2,0.0342,0.608,0.16687,ʁasjonalize,ration,0-1-3,/ration.is.er,合理化；理化,manual_audit_override:manual_audit_override:manual_audit_override:advanced_tail,0.15,1
13160,troquer,troquer,VER,C2,0.0342,1.307,0.18524,tʁoke,troquer,0-1-1,/troqu(er).er,博；换,manual_audit_override:manual_audit_override:manual_audit_override:advanced_tail,0.15,1
6653,indiscipline,indiscipline,NOM,C2,0.0248,0.203,0.08879,ɛ̃disiplin,discipline,1-1-1,_in/disciplin(e).e,野性,manual_audit_override:manual_audit_override:manual_audit_override:advanced_tail,0.15,1
953,atrocité,atrocité,NOM,C2,0.0218,2.177,0.6537,atʁosite,atroce,0-1-1,/atroc(e).ité,暴行,manual_audit_override:manual_audit_override:manual_audit_override:advanced_tail,0.15,1
1138,aveuglant,aveuglant,ADJ,C2,0.0139,0.937,0.2128,avœglɑ̃,aveugle,0-1-1,/aveugl(e).ant,眩目；雪亮,manual_audit_override:manual_audit_override:manual_audit_override:advanced_tail,0.15,1
4403,désinfecter,désinfecter,VER,C2,0.0096,2.146,0.51133,dezɛ̃fɛkte,{fect},2-1-1,_dés_in/{fect}.er,消毒,manual_audit_override:manual_audit_override:manual_audit_override:advanced_tail,0.15,1
754,archipel,archipel,NOM,C2,0.0062,0.437,0.16075,aʁʃipɛl,archipel,0-1-0,/archipel,群岛,manual_audit_override:manual_audit_override:manual_audit_override:advanced_tail,0.15,1
10185,propriétaire,propriétaire,ADJ,B1,11.6627,,,,,,,业主；主人,manual_audit_override:manual_audit_override:manual_audit_override:missing_lexique_alignment,0.1,1
5269,finalisé,finalisé,ADJ,C1,0.0975,,,,,,,,manual_audit_override:manual_audit_override:manual_audit_override:missing_lexique_alignment,0.1,0
7342,lapidaire,lapidaire,ADJ,C2,0.0456,0.041,0.0199,lapidɛʁ,lapider,0-1-1,/lapid(er).aire,,manual_audit_override:manual_audit_override:manual_audit_override:outside_target_cefr,0.0,0
864,assagir,assagir,VER,C2,0.0363,0.38,0.08726,asaʒiʁ,sage,1-1-1,_a(d)/s/sag(e).ir,,manual_audit_override:manual_audit_override:manual_audit_override:outside_target_cefr,0.0,0
6702,inerte,inerte,ADJ,C2,0.0139,1.0,0.34293,inɛʁt,inerte,0-1-1,/inert(e).e,,manual_audit_override:manual_audit_override:manual_audit_override:outside_target_cefr,0.0,0
